<?xml version="1.0" encoding="UTF-8"?>
<gpx creator="Garmin Connect" version="1.1"
  xsi:schemaLocation="http://www.topografix.com/GPX/1/1 http://www.topografix.com/GPX/11.xsd"
  xmlns:ns3="http://www.garmin.com/xmlschemas/TrackPointExtension/v1"
  xmlns="http://www.topografix.com/GPX/1/1"
  xmlns:xsi="http://www.w3.org/2001/XMLSchema-instance" xmlns:ns2="http://www.garmin.com/xmlschemas/GpxExtensions/v3">
  <metadata>
    <link href="connect.garmin.com">
      <text>Garmin Connect</text>
    </link>
    <time>2025-05-21T09:53:43.000Z</time>
  </metadata>
  <trk>
    <name>福州市 步行</name>
    <type>walking</type>
    <trkseg>
      <trkpt lat="25.86519892327487468719482421875" lon="119.5676115341484546661376953125">
        <ele>14.80000019073486328125</ele>
        <time>2025-05-21T09:53:43.000Z</time>
        <extensions>
          <ns3:TrackPointExtension>
            <ns3:hr>90</ns3:hr>
          </ns3:TrackPointExtension>
        </extensions>
      </trkpt>
      <trkpt lat="25.8651924692094326019287109375" lon="119.5676222629845142364501953125">
        <ele>14.80000019073486328125</ele>
        <time>2025-05-21T09:53:45.000Z</time>
        <extensions>
          <ns3:TrackPointExtension>
            <ns3:hr>89</ns3:hr>
          </ns3:TrackPointExtension>
        </extensions>
      </trkpt>
      <trkpt lat="25.8651653118431568145751953125" lon="119.5676100254058837890625">
        <ele>14.3999996185302734375</ele>
        <time>2025-05-21T09:53:50.000Z</time>
        <extensions>
          <ns3:TrackPointExtension>
            <ns3:hr>89</ns3:hr>
          </ns3:TrackPointExtension>
        </extensions>
      </trkpt>
      <trkpt lat="25.86513672955334186553955078125" lon="119.5676081813871860504150390625">
        <ele>14.19999980926513671875</ele>
        <time>2025-05-21T09:53:52.000Z</time>
        <extensions>
          <ns3:TrackPointExtension>
            <ns3:hr>89</ns3:hr>
          </ns3:TrackPointExtension>
        </extensions>
      </trkpt>
      <trkpt lat="25.8651116676628589630126953125" lon="119.5675937645137310028076171875">
        <ele>14.19999980926513671875</ele>
        <time>2025-05-21T09:53:54.000Z</time>
        <extensions>
          <ns3:TrackPointExtension>
            <ns3:hr>91</ns3:hr>
          </ns3:TrackPointExtension>
        </extensions>
      </trkpt>
      <trkpt lat="25.865058191120624542236328125" lon="119.56756551750004291534423828125">
        <ele>14.6000003814697265625</ele>
        <time>2025-05-21T09:54:00.000Z</time>
        <extensions>
          <ns3:TrackPointExtension>
            <ns3:hr>94</ns3:hr>
          </ns3:TrackPointExtension>
        </extensions>
      </trkpt>
      <trkpt lat="25.865030698478221893310546875" lon="119.567548669874668121337890625">
        <ele>14.3999996185302734375</ele>
        <time>2025-05-21T09:54:04.000Z</time>
        <extensions>
          <ns3:TrackPointExtension>
            <ns3:hr>94</ns3:hr>
          </ns3:TrackPointExtension>
        </extensions>
      </trkpt>
      <trkpt lat="25.86500714533030986785888671875" lon="119.5675374381244182586669921875">
        <ele>14</ele>
        <time>2025-05-21T09:54:07.000Z</time>
        <extensions>
          <ns3:TrackPointExtension>
            <ns3:hr>94</ns3:hr>
          </ns3:TrackPointExtension>
        </extensions>
      </trkpt>
      <trkpt lat="25.8649614639580249786376953125" lon="119.567489661276340484619140625">
        <ele>14.19999980926513671875</ele>
        <time>2025-05-21T09:54:12.000Z</time>
        <extensions>
          <ns3:TrackPointExtension>
            <ns3:hr>93</ns3:hr>
          </ns3:TrackPointExtension>
        </extensions>
      </trkpt>
      <trkpt lat="25.86491041816771030426025390625" lon="119.56747381947934627532958984375">
        <ele>13.80000019073486328125</ele>
        <time>2025-05-21T09:54:18.000Z</time>
        <extensions>
          <ns3:TrackPointExtension>
            <ns3:hr>93</ns3:hr>
          </ns3:TrackPointExtension>
        </extensions>
      </trkpt>
      <trkpt lat="25.86487571708858013153076171875" lon="119.56747130490839481353759765625">
        <ele>13.6000003814697265625</ele>
        <time>2025-05-21T09:54:22.000Z</time>
        <extensions>
          <ns3:TrackPointExtension>
            <ns3:hr>93</ns3:hr>
          </ns3:TrackPointExtension>
        </extensions>
      </trkpt>
      <trkpt lat="25.864842943847179412841796875" lon="119.567444063723087310791015625">
        <ele>13.6000003814697265625</ele>
        <time>2025-05-21T09:54:25.000Z</time>
        <extensions>
          <ns3:TrackPointExtension>
            <ns3:hr>93</ns3:hr>
          </ns3:TrackPointExtension>
        </extensions>
      </trkpt>
      <trkpt lat="25.86477178148925304412841796875" lon="119.5674264617264270782470703125">
        <ele>13.3999996185302734375</ele>
        <time>2025-05-21T09:54:31.000Z</time>
        <extensions>
          <ns3:TrackPointExtension>
            <ns3:hr>92</ns3:hr>
          </ns3:TrackPointExtension>
        </extensions>
      </trkpt>
      <trkpt lat="25.864726267755031585693359375" lon="119.5674251206219196319580078125">
        <ele>13.19999980926513671875</ele>
        <time>2025-05-21T09:54:36.000Z</time>
        <extensions>
          <ns3:TrackPointExtension>
            <ns3:hr>91</ns3:hr>
          </ns3:TrackPointExtension>
        </extensions>
      </trkpt>
      <trkpt lat="25.864667259156703948974609375" lon="119.56737876869738101959228515625">
        <ele>13.19999980926513671875</ele>
        <time>2025-05-21T09:54:41.000Z</time>
        <extensions>
          <ns3:TrackPointExtension>
            <ns3:hr>91</ns3:hr>
          </ns3:TrackPointExtension>
        </extensions>
      </trkpt>
      <trkpt lat="25.86460431106388568878173828125" lon="119.567327387630939483642578125">
        <ele>13</ele>
        <time>2025-05-21T09:54:48.000Z</time>
        <extensions>
          <ns3:TrackPointExtension>
            <ns3:hr>91</ns3:hr>
          </ns3:TrackPointExtension>
        </extensions>
      </trkpt>
      <trkpt lat="25.8645926602184772491455078125" lon="119.56730232574045658111572265625">
        <ele>13</ele>
        <time>2025-05-21T09:54:50.000Z</time>
        <extensions>
          <ns3:TrackPointExtension>
            <ns3:hr>89</ns3:hr>
          </ns3:TrackPointExtension>
        </extensions>
      </trkpt>
      <trkpt lat="25.86457028053700923919677734375" lon="119.56725396215915679931640625">
        <ele>12.80000019073486328125</ele>
        <time>2025-05-21T09:54:54.000Z</time>
        <extensions>
          <ns3:TrackPointExtension>
            <ns3:hr>88</ns3:hr>
          </ns3:TrackPointExtension>
        </extensions>
      </trkpt>
      <trkpt lat="25.86456625722348690032958984375" lon="119.56723895855247974395751953125">
        <ele>12.80000019073486328125</ele>
        <time>2025-05-21T09:54:55.000Z</time>
        <extensions>
          <ns3:TrackPointExtension>
            <ns3:hr>88</ns3:hr>
          </ns3:TrackPointExtension>
        </extensions>
      </trkpt>
      <trkpt lat="25.86456726305186748504638671875" lon="119.5671795308589935302734375">
        <ele>12.6000003814697265625</ele>
        <time>2025-05-21T09:54:58.000Z</time>
        <extensions>
          <ns3:TrackPointExtension>
            <ns3:hr>87</ns3:hr>
          </ns3:TrackPointExtension>
        </extensions>
      </trkpt>
      <trkpt lat="25.86457530967891216278076171875" lon="119.56716301850974559783935546875">
        <ele>12.6000003814697265625</ele>
        <time>2025-05-21T09:54:59.000Z</time>
        <extensions>
          <ns3:TrackPointExtension>
            <ns3:hr>87</ns3:hr>
          </ns3:TrackPointExtension>
        </extensions>
      </trkpt>
      <trkpt lat="25.86460950784385204315185546875" lon="119.56708791665732860565185546875">
        <ele>12.3999996185302734375</ele>
        <time>2025-05-21T09:55:06.000Z</time>
        <extensions>
          <ns3:TrackPointExtension>
            <ns3:hr>87</ns3:hr>
          </ns3:TrackPointExtension>
        </extensions>
      </trkpt>
      <trkpt lat="25.86462124250829219818115234375" lon="119.56703460775315761566162109375">
        <ele>12.19999980926513671875</ele>
        <time>2025-05-21T09:55:11.000Z</time>
        <extensions>
          <ns3:TrackPointExtension>
            <ns3:hr>87</ns3:hr>
          </ns3:TrackPointExtension>
        </extensions>
      </trkpt>
      <trkpt lat="25.86465510539710521697998046875" lon="119.56697358749806880950927734375">
        <ele>12</ele>
        <time>2025-05-21T09:55:16.000Z</time>
        <extensions>
          <ns3:TrackPointExtension>
            <ns3:hr>87</ns3:hr>
          </ns3:TrackPointExtension>
        </extensions>
      </trkpt>
      <trkpt lat="25.86470137350261211395263671875" lon="119.56688582897186279296875">
        <ele>11.80000019073486328125</ele>
        <time>2025-05-21T09:55:23.000Z</time>
        <extensions>
          <ns3:TrackPointExtension>
            <ns3:hr>88</ns3:hr>
          </ns3:TrackPointExtension>
        </extensions>
      </trkpt>
      <trkpt lat="25.864717550575733184814453125" lon="119.5668541453778743743896484375">
        <ele>11.6000003814697265625</ele>
        <time>2025-05-21T09:55:26.000Z</time>
        <extensions>
          <ns3:TrackPointExtension>
            <ns3:hr>89</ns3:hr>
          </ns3:TrackPointExtension>
        </extensions>
      </trkpt>
      <trkpt lat="25.86475216783583164215087890625" lon="119.5668243058025836944580078125">
        <ele>11.3999996185302734375</ele>
        <time>2025-05-21T09:55:31.000Z</time>
        <extensions>
          <ns3:TrackPointExtension>
            <ns3:hr>90</ns3:hr>
          </ns3:TrackPointExtension>
        </extensions>
      </trkpt>
      <trkpt lat="25.8647965081036090850830078125" lon="119.566783905029296875">
        <ele>11.3999996185302734375</ele>
        <time>2025-05-21T09:55:38.000Z</time>
        <extensions>
          <ns3:TrackPointExtension>
            <ns3:hr>91</ns3:hr>
          </ns3:TrackPointExtension>
        </extensions>
      </trkpt>
      <trkpt lat="25.8648110926151275634765625" lon="119.56674174405634403228759765625">
        <ele>11.19999980926513671875</ele>
        <time>2025-05-21T09:55:42.000Z</time>
        <extensions>
          <ns3:TrackPointExtension>
            <ns3:hr>91</ns3:hr>
          </ns3:TrackPointExtension>
        </extensions>
      </trkpt>
      <trkpt lat="25.864821486175060272216796875" lon="119.5667220465838909149169921875">
        <ele>11.19999980926513671875</ele>
        <time>2025-05-21T09:55:44.000Z</time>
        <extensions>
          <ns3:TrackPointExtension>
            <ns3:hr>91</ns3:hr>
          </ns3:TrackPointExtension>
        </extensions>
      </trkpt>
      <trkpt lat="25.86482810787856578826904296875" lon="119.5666975714266300201416015625">
        <ele>11.19999980926513671875</ele>
        <time>2025-05-21T09:55:46.000Z</time>
        <extensions>
          <ns3:TrackPointExtension>
            <ns3:hr>92</ns3:hr>
          </ns3:TrackPointExtension>
        </extensions>
      </trkpt>
      <trkpt lat="25.86491427384316921234130859375" lon="119.56663303077220916748046875">
        <ele>11.19999980926513671875</ele>
        <time>2025-05-21T09:55:53.000Z</time>
        <extensions>
          <ns3:TrackPointExtension>
            <ns3:hr>92</ns3:hr>
          </ns3:TrackPointExtension>
        </extensions>
      </trkpt>
      <trkpt lat="25.8649933151900768280029296875" lon="119.56666043959558010101318359375">
        <ele>11.19999980926513671875</ele>
        <time>2025-05-21T09:55:59.000Z</time>
        <extensions>
          <ns3:TrackPointExtension>
            <ns3:hr>93</ns3:hr>
          </ns3:TrackPointExtension>
        </extensions>
      </trkpt>
      <trkpt lat="25.86502491496503353118896484375" lon="119.56668256781995296478271484375">
        <ele>11.3999996185302734375</ele>
        <time>2025-05-21T09:56:02.000Z</time>
        <extensions>
          <ns3:TrackPointExtension>
            <ns3:hr>96</ns3:hr>
          </ns3:TrackPointExtension>
        </extensions>
      </trkpt>
      <trkpt lat="25.86508157663047313690185546875" lon="119.5667176879942417144775390625">
        <ele>11.6000003814697265625</ele>
        <time>2025-05-21T09:56:07.000Z</time>
        <extensions>
          <ns3:TrackPointExtension>
            <ns3:hr>98</ns3:hr>
          </ns3:TrackPointExtension>
        </extensions>
      </trkpt>
      <trkpt lat="25.8651542477309703826904296875" lon="119.56675113178789615631103515625">
        <ele>11.80000019073486328125</ele>
        <time>2025-05-21T09:56:14.000Z</time>
        <extensions>
          <ns3:TrackPointExtension>
            <ns3:hr>98</ns3:hr>
          </ns3:TrackPointExtension>
        </extensions>
      </trkpt>
      <trkpt lat="25.865227840840816497802734375" lon="119.56678415648639202117919921875">
        <ele>11.80000019073486328125</ele>
        <time>2025-05-21T09:56:21.000Z</time>
        <extensions>
          <ns3:TrackPointExtension>
            <ns3:hr>98</ns3:hr>
          </ns3:TrackPointExtension>
        </extensions>
      </trkpt>
      <trkpt lat="25.86531777866184711456298828125" lon="119.56682992167770862579345703125">
        <ele>12</ele>
        <time>2025-05-21T09:56:29.000Z</time>
        <extensions>
          <ns3:TrackPointExtension>
            <ns3:hr>101</ns3:hr>
          </ns3:TrackPointExtension>
        </extensions>
      </trkpt>
      <trkpt lat="25.865414254367351531982421875" lon="119.56687317229807376861572265625">
        <ele>12.19999980926513671875</ele>
        <time>2025-05-21T09:56:37.000Z</time>
        <extensions>
          <ns3:TrackPointExtension>
            <ns3:hr>102</ns3:hr>
          </ns3:TrackPointExtension>
        </extensions>
      </trkpt>
      <trkpt lat="25.86547519080340862274169921875" lon="119.566894881427288055419921875">
        <ele>12.19999980926513671875</ele>
        <time>2025-05-21T09:56:43.000Z</time>
        <extensions>
          <ns3:TrackPointExtension>
            <ns3:hr>102</ns3:hr>
          </ns3:TrackPointExtension>
        </extensions>
      </trkpt>
      <trkpt lat="25.86550452746450901031494140625" lon="119.56691390834748744964599609375">
        <ele>12.3999996185302734375</ele>
        <time>2025-05-21T09:56:45.000Z</time>
        <extensions>
          <ns3:TrackPointExtension>
            <ns3:hr>102</ns3:hr>
          </ns3:TrackPointExtension>
        </extensions>
      </trkpt>
      <trkpt lat="25.86559002287685871124267578125" lon="119.5669553987681865692138671875">
        <ele>12.3999996185302734375</ele>
        <time>2025-05-21T09:56:54.000Z</time>
        <extensions>
          <ns3:TrackPointExtension>
            <ns3:hr>103</ns3:hr>
          </ns3:TrackPointExtension>
        </extensions>
      </trkpt>
      <trkpt lat="25.86562908254563808441162109375" lon="119.56697710789740085601806640625">
        <ele>12.6000003814697265625</ele>
        <time>2025-05-21T09:56:57.000Z</time>
        <extensions>
          <ns3:TrackPointExtension>
            <ns3:hr>104</ns3:hr>
          </ns3:TrackPointExtension>
        </extensions>
      </trkpt>
      <trkpt lat="25.865679122507572174072265625" lon="119.56700493581593036651611328125">
        <ele>12.6000003814697265625</ele>
        <time>2025-05-21T09:57:02.000Z</time>
        <extensions>
          <ns3:TrackPointExtension>
            <ns3:hr>104</ns3:hr>
          </ns3:TrackPointExtension>
        </extensions>
      </trkpt>
      <trkpt lat="25.86574919521808624267578125" lon="119.56703779287636280059814453125">
        <ele>13</ele>
        <time>2025-05-21T09:57:08.000Z</time>
        <extensions>
          <ns3:TrackPointExtension>
            <ns3:hr>104</ns3:hr>
          </ns3:TrackPointExtension>
        </extensions>
      </trkpt>
      <trkpt lat="25.86586511693894863128662109375" lon="119.56709378398954868316650390625">
        <ele>13</ele>
        <time>2025-05-21T09:57:17.000Z</time>
        <extensions>
          <ns3:TrackPointExtension>
            <ns3:hr>103</ns3:hr>
          </ns3:TrackPointExtension>
        </extensions>
      </trkpt>
      <trkpt lat="25.86591280996799468994140625" lon="119.56715195439755916595458984375">
        <ele>13</ele>
        <time>2025-05-21T09:57:23.000Z</time>
        <extensions>
          <ns3:TrackPointExtension>
            <ns3:hr>103</ns3:hr>
          </ns3:TrackPointExtension>
        </extensions>
      </trkpt>
      <trkpt lat="25.8659887500107288360595703125" lon="119.56718833185732364654541015625">
        <ele>13.19999980926513671875</ele>
        <time>2025-05-21T09:57:31.000Z</time>
        <extensions>
          <ns3:TrackPointExtension>
            <ns3:hr>102</ns3:hr>
          </ns3:TrackPointExtension>
        </extensions>
      </trkpt>
      <trkpt lat="25.86603845469653606414794921875" lon="119.567209370434284210205078125">
        <ele>13.19999980926513671875</ele>
        <time>2025-05-21T09:57:36.000Z</time>
        <extensions>
          <ns3:TrackPointExtension>
            <ns3:hr>101</ns3:hr>
          </ns3:TrackPointExtension>
        </extensions>
      </trkpt>
      <trkpt lat="25.8660993911325931549072265625" lon="119.56725941039621829986572265625">
        <ele>13.6000003814697265625</ele>
        <time>2025-05-21T09:57:42.000Z</time>
        <extensions>
          <ns3:TrackPointExtension>
            <ns3:hr>102</ns3:hr>
          </ns3:TrackPointExtension>
        </extensions>
      </trkpt>
      <trkpt lat="25.86612629704177379608154296875" lon="119.5672755874693393707275390625">
        <ele>14</ele>
        <time>2025-05-21T09:57:45.000Z</time>
        <extensions>
          <ns3:TrackPointExtension>
            <ns3:hr>103</ns3:hr>
          </ns3:TrackPointExtension>
        </extensions>
      </trkpt>
      <trkpt lat="25.86624942719936370849609375" lon="119.567316658794879913330078125">
        <ele>13.80000019073486328125</ele>
        <time>2025-05-21T09:57:54.000Z</time>
        <extensions>
          <ns3:TrackPointExtension>
            <ns3:hr>101</ns3:hr>
          </ns3:TrackPointExtension>
        </extensions>
      </trkpt>
      <trkpt lat="25.86634087376296520233154296875" lon="119.5673493482172489166259765625">
        <ele>14</ele>
        <time>2025-05-21T09:58:02.000Z</time>
        <extensions>
          <ns3:TrackPointExtension>
            <ns3:hr>102</ns3:hr>
          </ns3:TrackPointExtension>
        </extensions>
      </trkpt>
      <trkpt lat="25.86640491150319576263427734375" lon="119.56737290136516094207763671875">
        <ele>14</ele>
        <time>2025-05-21T09:58:08.000Z</time>
        <extensions>
          <ns3:TrackPointExtension>
            <ns3:hr>102</ns3:hr>
          </ns3:TrackPointExtension>
        </extensions>
      </trkpt>
      <trkpt lat="25.86646392010152339935302734375" lon="119.56741162575781345367431640625">
        <ele>14.19999980926513671875</ele>
        <time>2025-05-21T09:58:14.000Z</time>
        <extensions>
          <ns3:TrackPointExtension>
            <ns3:hr>99</ns3:hr>
          </ns3:TrackPointExtension>
        </extensions>
      </trkpt>
      <trkpt lat="25.8664987049996852874755859375" lon="119.56742453388869762420654296875">
        <ele>14.19999980926513671875</ele>
        <time>2025-05-21T09:58:17.000Z</time>
        <extensions>
          <ns3:TrackPointExtension>
            <ns3:hr>99</ns3:hr>
          </ns3:TrackPointExtension>
        </extensions>
      </trkpt>
      <trkpt lat="25.86659216322004795074462890625" lon="119.56748689524829387664794921875">
        <ele>14.6000003814697265625</ele>
        <time>2025-05-21T09:58:27.000Z</time>
        <extensions>
          <ns3:TrackPointExtension>
            <ns3:hr>101</ns3:hr>
          </ns3:TrackPointExtension>
        </extensions>
      </trkpt>
      <trkpt lat="25.866601131856441497802734375" lon="119.56751874648034572601318359375">
        <ele>14.6000003814697265625</ele>
        <time>2025-05-21T09:58:29.000Z</time>
        <extensions>
          <ns3:TrackPointExtension>
            <ns3:hr>101</ns3:hr>
          </ns3:TrackPointExtension>
        </extensions>
      </trkpt>
      <trkpt lat="25.8666036464273929595947265625" lon="119.56757926382124423980712890625">
        <ele>14.80000019073486328125</ele>
        <time>2025-05-21T09:58:33.000Z</time>
        <extensions>
          <ns3:TrackPointExtension>
            <ns3:hr>101</ns3:hr>
          </ns3:TrackPointExtension>
        </extensions>
      </trkpt>
      <trkpt lat="25.86655679158866405487060546875" lon="119.56768604926764965057373046875">
        <ele>15.3999996185302734375</ele>
        <time>2025-05-21T09:58:41.000Z</time>
        <extensions>
          <ns3:TrackPointExtension>
            <ns3:hr>99</ns3:hr>
          </ns3:TrackPointExtension>
        </extensions>
      </trkpt>
      <trkpt lat="25.8665298856794834136962890625" lon="119.56775042228400707244873046875">
        <ele>15.80000019073486328125</ele>
        <time>2025-05-21T09:58:47.000Z</time>
        <extensions>
          <ns3:TrackPointExtension>
            <ns3:hr>100</ns3:hr>
          </ns3:TrackPointExtension>
        </extensions>
      </trkpt>
      <trkpt lat="25.8665198273956775665283203125" lon="119.5677798427641391754150390625">
        <ele>16</ele>
        <time>2025-05-21T09:58:49.000Z</time>
        <extensions>
          <ns3:TrackPointExtension>
            <ns3:hr>101</ns3:hr>
          </ns3:TrackPointExtension>
        </extensions>
      </trkpt>
      <trkpt lat="25.86648252792656421661376953125" lon="119.567859470844268798828125">
        <ele>16.200000762939453125</ele>
        <time>2025-05-21T09:58:55.000Z</time>
        <extensions>
          <ns3:TrackPointExtension>
            <ns3:hr>104</ns3:hr>
          </ns3:TrackPointExtension>
        </extensions>
      </trkpt>
      <trkpt lat="25.86647062562406063079833984375" lon="119.567883946001529693603515625">
        <ele>16.200000762939453125</ele>
        <time>2025-05-21T09:58:57.000Z</time>
        <extensions>
          <ns3:TrackPointExtension>
            <ns3:hr>106</ns3:hr>
          </ns3:TrackPointExtension>
        </extensions>
      </trkpt>
      <trkpt lat="25.86643139831721782684326171875" lon="119.5679615624248981475830078125">
        <ele>16.6000003814697265625</ele>
        <time>2025-05-21T09:59:04.000Z</time>
        <extensions>
          <ns3:TrackPointExtension>
            <ns3:hr>105</ns3:hr>
          </ns3:TrackPointExtension>
        </extensions>
      </trkpt>
      <trkpt lat="25.8664095215499401092529296875" lon="119.56802350468933582305908203125">
        <ele>16.799999237060546875</ele>
        <time>2025-05-21T09:59:09.000Z</time>
        <extensions>
          <ns3:TrackPointExtension>
            <ns3:hr>105</ns3:hr>
          </ns3:TrackPointExtension>
        </extensions>
      </trkpt>
      <trkpt lat="25.86640407331287860870361328125" lon="119.56805099733173847198486328125">
        <ele>16.799999237060546875</ele>
        <time>2025-05-21T09:59:11.000Z</time>
        <extensions>
          <ns3:TrackPointExtension>
            <ns3:hr>105</ns3:hr>
          </ns3:TrackPointExtension>
        </extensions>
      </trkpt>
      <trkpt lat="25.86640105582773685455322265625" lon="119.56808016635477542877197265625">
        <ele>16.799999237060546875</ele>
        <time>2025-05-21T09:59:13.000Z</time>
        <extensions>
          <ns3:TrackPointExtension>
            <ns3:hr>105</ns3:hr>
          </ns3:TrackPointExtension>
        </extensions>
      </trkpt>
      <trkpt lat="25.866377167403697967529296875" lon="119.56814847886562347412109375">
        <ele>16.799999237060546875</ele>
        <time>2025-05-21T09:59:18.000Z</time>
        <extensions>
          <ns3:TrackPointExtension>
            <ns3:hr>106</ns3:hr>
          </ns3:TrackPointExtension>
        </extensions>
      </trkpt>
      <trkpt lat="25.866347663104534149169921875" lon="119.56823087297379970550537109375">
        <ele>17</ele>
        <time>2025-05-21T09:59:25.000Z</time>
        <extensions>
          <ns3:TrackPointExtension>
            <ns3:hr>106</ns3:hr>
          </ns3:TrackPointExtension>
        </extensions>
      </trkpt>
      <trkpt lat="25.86630382575094699859619140625" lon="119.5683028735220432281494140625">
        <ele>17.200000762939453125</ele>
        <time>2025-05-21T09:59:31.000Z</time>
        <extensions>
          <ns3:TrackPointExtension>
            <ns3:hr>106</ns3:hr>
          </ns3:TrackPointExtension>
        </extensions>
      </trkpt>
      <trkpt lat="25.86628488264977931976318359375" lon="119.56835207529366016387939453125">
        <ele>17.200000762939453125</ele>
        <time>2025-05-21T09:59:36.000Z</time>
        <extensions>
          <ns3:TrackPointExtension>
            <ns3:hr>104</ns3:hr>
          </ns3:TrackPointExtension>
        </extensions>
      </trkpt>
      <trkpt lat="25.86627683602273464202880859375" lon="119.56839566119015216827392578125">
        <ele>17.200000762939453125</ele>
        <time>2025-05-21T09:59:40.000Z</time>
        <extensions>
          <ns3:TrackPointExtension>
            <ns3:hr>103</ns3:hr>
          </ns3:TrackPointExtension>
        </extensions>
      </trkpt>
      <trkpt lat="25.866256467998027801513671875" lon="119.56845022737979888916015625">
        <ele>17</ele>
        <time>2025-05-21T09:59:43.000Z</time>
        <extensions>
          <ns3:TrackPointExtension>
            <ns3:hr>104</ns3:hr>
          </ns3:TrackPointExtension>
        </extensions>
      </trkpt>
      <trkpt lat="25.86624565534293651580810546875" lon="119.5685023628175258636474609375">
        <ele>17.3999996185302734375</ele>
        <time>2025-05-21T09:59:48.000Z</time>
        <extensions>
          <ns3:TrackPointExtension>
            <ns3:hr>102</ns3:hr>
          </ns3:TrackPointExtension>
        </extensions>
      </trkpt>
      <trkpt lat="25.8662388660013675689697265625" lon="119.56853069365024566650390625">
        <ele>17.3999996185302734375</ele>
        <time>2025-05-21T09:59:51.000Z</time>
        <extensions>
          <ns3:TrackPointExtension>
            <ns3:hr>103</ns3:hr>
          </ns3:TrackPointExtension>
        </extensions>
      </trkpt>
      <trkpt lat="25.8662314899265766143798828125" lon="119.5685630477964878082275390625">
        <ele>17.3999996185302734375</ele>
        <time>2025-05-21T09:59:53.000Z</time>
        <extensions>
          <ns3:TrackPointExtension>
            <ns3:hr>103</ns3:hr>
          </ns3:TrackPointExtension>
        </extensions>
      </trkpt>
      <trkpt lat="25.86621179245412349700927734375" lon="119.56860487349331378936767578125">
        <ele>17.3999996185302734375</ele>
        <time>2025-05-21T09:59:56.000Z</time>
        <extensions>
          <ns3:TrackPointExtension>
            <ns3:hr>103</ns3:hr>
          </ns3:TrackPointExtension>
        </extensions>
      </trkpt>
      <trkpt lat="25.86615362204611301422119140625" lon="119.56869036890566349029541015625">
        <ele>17.3999996185302734375</ele>
        <time>2025-05-21T10:00:03.000Z</time>
        <extensions>
          <ns3:TrackPointExtension>
            <ns3:hr>103</ns3:hr>
          </ns3:TrackPointExtension>
        </extensions>
      </trkpt>
      <trkpt lat="25.866119675338268280029296875" lon="119.5687836594879627227783203125">
        <ele>17.3999996185302734375</ele>
        <time>2025-05-21T10:00:11.000Z</time>
        <extensions>
          <ns3:TrackPointExtension>
            <ns3:hr>102</ns3:hr>
          </ns3:TrackPointExtension>
        </extensions>
      </trkpt>
      <trkpt lat="25.8661034144461154937744140625" lon="119.56884719431400299072265625">
        <ele>17.6000003814697265625</ele>
        <time>2025-05-21T10:00:15.000Z</time>
        <extensions>
          <ns3:TrackPointExtension>
            <ns3:hr>99</ns3:hr>
          </ns3:TrackPointExtension>
        </extensions>
      </trkpt>
      <trkpt lat="25.86609075777232646942138671875" lon="119.56888365559279918670654296875">
        <ele>17.6000003814697265625</ele>
        <time>2025-05-21T10:00:18.000Z</time>
        <extensions>
          <ns3:TrackPointExtension>
            <ns3:hr>99</ns3:hr>
          </ns3:TrackPointExtension>
        </extensions>
      </trkpt>
      <trkpt lat="25.8660487644374370574951171875" lon="119.56899178214371204376220703125">
        <ele>17.6000003814697265625</ele>
        <time>2025-05-21T10:00:27.000Z</time>
        <extensions>
          <ns3:TrackPointExtension>
            <ns3:hr>100</ns3:hr>
          </ns3:TrackPointExtension>
        </extensions>
      </trkpt>
      <trkpt lat="25.86600668728351593017578125" lon="119.569085575640201568603515625">
        <ele>17.6000003814697265625</ele>
        <time>2025-05-21T10:00:35.000Z</time>
        <extensions>
          <ns3:TrackPointExtension>
            <ns3:hr>99</ns3:hr>
          </ns3:TrackPointExtension>
        </extensions>
      </trkpt>
      <trkpt lat="25.86596821434795856475830078125" lon="119.56917107105255126953125">
        <ele>17.799999237060546875</ele>
        <time>2025-05-21T10:00:42.000Z</time>
        <extensions>
          <ns3:TrackPointExtension>
            <ns3:hr>98</ns3:hr>
          </ns3:TrackPointExtension>
        </extensions>
      </trkpt>
      <trkpt lat="25.86593569256365299224853515625" lon="119.5692369528114795684814453125">
        <ele>17.799999237060546875</ele>
        <time>2025-05-21T10:00:48.000Z</time>
        <extensions>
          <ns3:TrackPointExtension>
            <ns3:hr>97</ns3:hr>
          </ns3:TrackPointExtension>
        </extensions>
      </trkpt>
      <trkpt lat="25.86590769700706005096435546875" lon="119.56931716762483119964599609375">
        <ele>17.799999237060546875</ele>
        <time>2025-05-21T10:00:54.000Z</time>
        <extensions>
          <ns3:TrackPointExtension>
            <ns3:hr>100</ns3:hr>
          </ns3:TrackPointExtension>
        </extensions>
      </trkpt>
      <trkpt lat="25.865903757512569427490234375" lon="119.56932823173701763153076171875">
        <ele>17.799999237060546875</ele>
        <time>2025-05-21T10:00:55.000Z</time>
        <extensions>
          <ns3:TrackPointExtension>
            <ns3:hr>101</ns3:hr>
          </ns3:TrackPointExtension>
        </extensions>
      </trkpt>
      <trkpt lat="25.8658678829669952392578125" lon="119.56941850483417510986328125">
        <ele>18.200000762939453125</ele>
        <time>2025-05-21T10:01:03.000Z</time>
        <extensions>
          <ns3:TrackPointExtension>
            <ns3:hr>100</ns3:hr>
          </ns3:TrackPointExtension>
        </extensions>
      </trkpt>
      <trkpt lat="25.8658462576568126678466796875" lon="119.56948631443083286285400390625">
        <ele>18</ele>
        <time>2025-05-21T10:01:09.000Z</time>
        <extensions>
          <ns3:TrackPointExtension>
            <ns3:hr>101</ns3:hr>
          </ns3:TrackPointExtension>
        </extensions>
      </trkpt>
      <trkpt lat="25.86584307253360748291015625" lon="119.56951615400612354278564453125">
        <ele>18.200000762939453125</ele>
        <time>2025-05-21T10:01:11.000Z</time>
        <extensions>
          <ns3:TrackPointExtension>
            <ns3:hr>101</ns3:hr>
          </ns3:TrackPointExtension>
        </extensions>
      </trkpt>
      <trkpt lat="25.86581465788185596466064453125" lon="119.5695859752595424652099609375">
        <ele>18.3999996185302734375</ele>
        <time>2025-05-21T10:01:18.000Z</time>
        <extensions>
          <ns3:TrackPointExtension>
            <ns3:hr>103</ns3:hr>
          </ns3:TrackPointExtension>
        </extensions>
      </trkpt>
      <trkpt lat="25.86579672060906887054443359375" lon="119.56962076015770435333251953125">
        <ele>18.200000762939453125</ele>
        <time>2025-05-21T10:01:21.000Z</time>
        <extensions>
          <ns3:TrackPointExtension>
            <ns3:hr>103</ns3:hr>
          </ns3:TrackPointExtension>
        </extensions>
      </trkpt>
      <trkpt lat="25.86578481830656528472900390625" lon="119.56967490725219249725341796875">
        <ele>18.200000762939453125</ele>
        <time>2025-05-21T10:01:25.000Z</time>
        <extensions>
          <ns3:TrackPointExtension>
            <ns3:hr>101</ns3:hr>
          </ns3:TrackPointExtension>
        </extensions>
      </trkpt>
      <trkpt lat="25.86573980748653411865234375" lon="119.56976409070193767547607421875">
        <ele>18.200000762939453125</ele>
        <time>2025-05-21T10:01:32.000Z</time>
        <extensions>
          <ns3:TrackPointExtension>
            <ns3:hr>101</ns3:hr>
          </ns3:TrackPointExtension>
        </extensions>
      </trkpt>
      <trkpt lat="25.86570753715932369232177734375" lon="119.56986685283482074737548828125">
        <ele>18.200000762939453125</ele>
        <time>2025-05-21T10:01:40.000Z</time>
        <extensions>
          <ns3:TrackPointExtension>
            <ns3:hr>102</ns3:hr>
          </ns3:TrackPointExtension>
        </extensions>
      </trkpt>
      <trkpt lat="25.86566814221441745758056640625" lon="119.56994966603815555572509765625">
        <ele>18.3999996185302734375</ele>
        <time>2025-05-21T10:01:47.000Z</time>
        <extensions>
          <ns3:TrackPointExtension>
            <ns3:hr>102</ns3:hr>
          </ns3:TrackPointExtension>
        </extensions>
      </trkpt>
      <trkpt lat="25.8656102232635021209716796875" lon="119.57006298936903476715087890625">
        <ele>18.6000003814697265625</ele>
        <time>2025-05-21T10:01:56.000Z</time>
        <extensions>
          <ns3:TrackPointExtension>
            <ns3:hr>103</ns3:hr>
          </ns3:TrackPointExtension>
        </extensions>
      </trkpt>
      <trkpt lat="25.865571163594722747802734375" lon="119.57013976760208606719970703125">
        <ele>18.799999237060546875</ele>
        <time>2025-05-21T10:02:02.000Z</time>
        <extensions>
          <ns3:TrackPointExtension>
            <ns3:hr>102</ns3:hr>
          </ns3:TrackPointExtension>
        </extensions>
      </trkpt>
      <trkpt lat="25.86554777808487415313720703125" lon="119.57019626162946224212646484375">
        <ele>18.799999237060546875</ele>
        <time>2025-05-21T10:02:07.000Z</time>
        <extensions>
          <ns3:TrackPointExtension>
            <ns3:hr>103</ns3:hr>
          </ns3:TrackPointExtension>
        </extensions>
      </trkpt>
      <trkpt lat="25.8655071258544921875" lon="119.57031025551259517669677734375">
        <ele>18.6000003814697265625</ele>
        <time>2025-05-21T10:02:16.000Z</time>
        <extensions>
          <ns3:TrackPointExtension>
            <ns3:hr>102</ns3:hr>
          </ns3:TrackPointExtension>
        </extensions>
      </trkpt>
      <trkpt lat="25.8654804714024066925048828125" lon="119.5704084075987339019775390625">
        <ele>18.6000003814697265625</ele>
        <time>2025-05-21T10:02:24.000Z</time>
        <extensions>
          <ns3:TrackPointExtension>
            <ns3:hr>105</ns3:hr>
          </ns3:TrackPointExtension>
        </extensions>
      </trkpt>
      <trkpt lat="25.86541660130023956298828125" lon="119.57047261297702789306640625">
        <ele>18.799999237060546875</ele>
        <time>2025-05-21T10:02:32.000Z</time>
        <extensions>
          <ns3:TrackPointExtension>
            <ns3:hr>105</ns3:hr>
          </ns3:TrackPointExtension>
        </extensions>
      </trkpt>
      <trkpt lat="25.86540696211159229278564453125" lon="119.5704759657382965087890625">
        <ele>18.799999237060546875</ele>
        <time>2025-05-21T10:02:33.000Z</time>
        <extensions>
          <ns3:TrackPointExtension>
            <ns3:hr>105</ns3:hr>
          </ns3:TrackPointExtension>
        </extensions>
      </trkpt>
      <trkpt lat="25.8653314411640167236328125" lon="119.57046180032193660736083984375">
        <ele>18.799999237060546875</ele>
        <time>2025-05-21T10:02:39.000Z</time>
        <extensions>
          <ns3:TrackPointExtension>
            <ns3:hr>106</ns3:hr>
          </ns3:TrackPointExtension>
        </extensions>
      </trkpt>
      <trkpt lat="25.865301601588726043701171875" lon="119.57044838927686214447021484375">
        <ele>18.6000003814697265625</ele>
        <time>2025-05-21T10:02:41.000Z</time>
        <extensions>
          <ns3:TrackPointExtension>
            <ns3:hr>105</ns3:hr>
          </ns3:TrackPointExtension>
        </extensions>
      </trkpt>
      <trkpt lat="25.8652243204414844512939453125" lon="119.570436067879199981689453125">
        <ele>18.3999996185302734375</ele>
        <time>2025-05-21T10:02:48.000Z</time>
        <extensions>
          <ns3:TrackPointExtension>
            <ns3:hr>105</ns3:hr>
          </ns3:TrackPointExtension>
        </extensions>
      </trkpt>
      <trkpt lat="25.86519925855100154876708984375" lon="119.570432044565677642822265625">
        <ele>18.6000003814697265625</ele>
        <time>2025-05-21T10:02:50.000Z</time>
        <extensions>
          <ns3:TrackPointExtension>
            <ns3:hr>104</ns3:hr>
          </ns3:TrackPointExtension>
        </extensions>
      </trkpt>
      <trkpt lat="25.8651807345449924468994140625" lon="119.5704211480915546417236328125">
        <ele>18.6000003814697265625</ele>
        <time>2025-05-21T10:02:52.000Z</time>
        <extensions>
          <ns3:TrackPointExtension>
            <ns3:hr>104</ns3:hr>
          </ns3:TrackPointExtension>
        </extensions>
      </trkpt>
      <trkpt lat="25.8651331253349781036376953125" lon="119.5704223215579986572265625">
        <ele>18.6000003814697265625</ele>
        <time>2025-05-21T10:02:55.000Z</time>
        <extensions>
          <ns3:TrackPointExtension>
            <ns3:hr>104</ns3:hr>
          </ns3:TrackPointExtension>
        </extensions>
      </trkpt>
      <trkpt lat="25.865118540823459625244140625" lon="119.57042424939572811126708984375">
        <ele>18.6000003814697265625</ele>
        <time>2025-05-21T10:02:56.000Z</time>
        <extensions>
          <ns3:TrackPointExtension>
            <ns3:hr>104</ns3:hr>
          </ns3:TrackPointExtension>
        </extensions>
      </trkpt>
      <trkpt lat="25.86503916420042514801025390625" lon="119.57040698267519474029541015625">
        <ele>18.200000762939453125</ele>
        <time>2025-05-21T10:03:02.000Z</time>
        <extensions>
          <ns3:TrackPointExtension>
            <ns3:hr>105</ns3:hr>
          </ns3:TrackPointExtension>
        </extensions>
      </trkpt>
      <trkpt lat="25.86498476564884185791015625" lon="119.5703953318297863006591796875">
        <ele>18.200000762939453125</ele>
        <time>2025-05-21T10:03:06.000Z</time>
        <extensions>
          <ns3:TrackPointExtension>
            <ns3:hr>105</ns3:hr>
          </ns3:TrackPointExtension>
        </extensions>
      </trkpt>
      <trkpt lat="25.86493908427655696868896484375" lon="119.5703822560608386993408203125">
        <ele>18.3999996185302734375</ele>
        <time>2025-05-21T10:03:10.000Z</time>
        <extensions>
          <ns3:TrackPointExtension>
            <ns3:hr>106</ns3:hr>
          </ns3:TrackPointExtension>
        </extensions>
      </trkpt>
      <trkpt lat="25.864879153668880462646484375" lon="119.5703641511499881744384765625">
        <ele>18.3999996185302734375</ele>
        <time>2025-05-21T10:03:15.000Z</time>
        <extensions>
          <ns3:TrackPointExtension>
            <ns3:hr>109</ns3:hr>
          </ns3:TrackPointExtension>
        </extensions>
      </trkpt>
      <trkpt lat="25.864869095385074615478515625" lon="119.57036104984581470489501953125">
        <ele>18.3999996185302734375</ele>
        <time>2025-05-21T10:03:16.000Z</time>
        <extensions>
          <ns3:TrackPointExtension>
            <ns3:hr>109</ns3:hr>
          </ns3:TrackPointExtension>
        </extensions>
      </trkpt>
      <trkpt lat="25.864783935248851776123046875" lon="119.57033523358404636383056640625">
        <ele>18.3999996185302734375</ele>
        <time>2025-05-21T10:03:24.000Z</time>
        <extensions>
          <ns3:TrackPointExtension>
            <ns3:hr>109</ns3:hr>
          </ns3:TrackPointExtension>
        </extensions>
      </trkpt>
      <trkpt lat="25.86470154114067554473876953125" lon="119.57034462131559848785400390625">
        <ele>18.200000762939453125</ele>
        <time>2025-05-21T10:03:30.000Z</time>
        <extensions>
          <ns3:TrackPointExtension>
            <ns3:hr>107</ns3:hr>
          </ns3:TrackPointExtension>
        </extensions>
      </trkpt>
      <trkpt lat="25.864661894738674163818359375" lon="119.57035434432327747344970703125">
        <ele>18.200000762939453125</ele>
        <time>2025-05-21T10:03:33.000Z</time>
        <extensions>
          <ns3:TrackPointExtension>
            <ns3:hr>108</ns3:hr>
          </ns3:TrackPointExtension>
        </extensions>
      </trkpt>
      <trkpt lat="25.8645997010171413421630859375" lon="119.57037244923412799835205078125">
        <ele>18.200000762939453125</ele>
        <time>2025-05-21T10:03:38.000Z</time>
        <extensions>
          <ns3:TrackPointExtension>
            <ns3:hr>105</ns3:hr>
          </ns3:TrackPointExtension>
        </extensions>
      </trkpt>
      <trkpt lat="25.8645685203373432159423828125" lon="119.57037915475666522979736328125">
        <ele>18.3999996185302734375</ele>
        <time>2025-05-21T10:03:41.000Z</time>
        <extensions>
          <ns3:TrackPointExtension>
            <ns3:hr>102</ns3:hr>
          </ns3:TrackPointExtension>
        </extensions>
      </trkpt>
      <trkpt lat="25.864552594721317291259765625" lon="119.57038988359272480010986328125">
        <ele>18.3999996185302734375</ele>
        <time>2025-05-21T10:03:43.000Z</time>
        <extensions>
          <ns3:TrackPointExtension>
            <ns3:hr>102</ns3:hr>
          </ns3:TrackPointExtension>
        </extensions>
      </trkpt>
      <trkpt lat="25.86448444984853267669677734375" lon="119.57045190967619419097900390625">
        <ele>18.3999996185302734375</ele>
        <time>2025-05-21T10:03:50.000Z</time>
        <extensions>
          <ns3:TrackPointExtension>
            <ns3:hr>102</ns3:hr>
          </ns3:TrackPointExtension>
        </extensions>
      </trkpt>
      <trkpt lat="25.864405073225498199462890625" lon="119.5705398358404636383056640625">
        <ele>18</ele>
        <time>2025-05-21T10:03:59.000Z</time>
        <extensions>
          <ns3:TrackPointExtension>
            <ns3:hr>102</ns3:hr>
          </ns3:TrackPointExtension>
        </extensions>
      </trkpt>
      <trkpt lat="25.8643241040408611297607421875" lon="119.57061250694096088409423828125">
        <ele>18.3999996185302734375</ele>
        <time>2025-05-21T10:04:07.000Z</time>
        <extensions>
          <ns3:TrackPointExtension>
            <ns3:hr>101</ns3:hr>
          </ns3:TrackPointExtension>
        </extensions>
      </trkpt>
      <trkpt lat="25.864252187311649322509765625" lon="119.57068291492760181427001953125">
        <ele>18.799999237060546875</ele>
        <time>2025-05-21T10:04:15.000Z</time>
        <extensions>
          <ns3:TrackPointExtension>
            <ns3:hr>100</ns3:hr>
          </ns3:TrackPointExtension>
        </extensions>
      </trkpt>
      <trkpt lat="25.86417473852634429931640625" lon="119.5707366429269313812255859375">
        <ele>18.799999237060546875</ele>
        <time>2025-05-21T10:04:21.000Z</time>
        <extensions>
          <ns3:TrackPointExtension>
            <ns3:hr>101</ns3:hr>
          </ns3:TrackPointExtension>
        </extensions>
      </trkpt>
      <trkpt lat="25.86408899165689945220947265625" lon="119.57082205452024936676025390625">
        <ele>18.6000003814697265625</ele>
        <time>2025-05-21T10:04:29.000Z</time>
        <extensions>
          <ns3:TrackPointExtension>
            <ns3:hr>102</ns3:hr>
          </ns3:TrackPointExtension>
        </extensions>
      </trkpt>
      <trkpt lat="25.8640444837510585784912109375" lon="119.57084921188652515411376953125">
        <ele>19</ele>
        <time>2025-05-21T10:04:34.000Z</time>
        <extensions>
          <ns3:TrackPointExtension>
            <ns3:hr>102</ns3:hr>
          </ns3:TrackPointExtension>
        </extensions>
      </trkpt>
      <trkpt lat="25.863994024693965911865234375" lon="119.57091911695897579193115234375">
        <ele>18.200000762939453125</ele>
        <time>2025-05-21T10:04:40.000Z</time>
        <extensions>
          <ns3:TrackPointExtension>
            <ns3:hr>102</ns3:hr>
          </ns3:TrackPointExtension>
        </extensions>
      </trkpt>
      <trkpt lat="25.86392805911600589752197265625" lon="119.57100058905780315399169921875">
        <ele>18.6000003814697265625</ele>
        <time>2025-05-21T10:04:48.000Z</time>
        <extensions>
          <ns3:TrackPointExtension>
            <ns3:hr>102</ns3:hr>
          </ns3:TrackPointExtension>
        </extensions>
      </trkpt>
      <trkpt lat="25.863857567310333251953125" lon="119.5710732601583003997802734375">
        <ele>18.799999237060546875</ele>
        <time>2025-05-21T10:04:56.000Z</time>
        <extensions>
          <ns3:TrackPointExtension>
            <ns3:hr>102</ns3:hr>
          </ns3:TrackPointExtension>
        </extensions>
      </trkpt>
      <trkpt lat="25.86379931308329105377197265625" lon="119.571139812469482421875">
        <ele>18.200000762939453125</ele>
        <time>2025-05-21T10:05:04.000Z</time>
        <extensions>
          <ns3:TrackPointExtension>
            <ns3:hr>102</ns3:hr>
          </ns3:TrackPointExtension>
        </extensions>
      </trkpt>
      <trkpt lat="25.863739885389804840087890625" lon="119.571206867694854736328125">
        <ele>18.200000762939453125</ele>
        <time>2025-05-21T10:05:12.000Z</time>
        <extensions>
          <ns3:TrackPointExtension>
            <ns3:hr>102</ns3:hr>
          </ns3:TrackPointExtension>
        </extensions>
      </trkpt>
      <trkpt lat="25.8636381290853023529052734375" lon="119.571311473846435546875">
        <ele>19</ele>
        <time>2025-05-21T10:05:21.000Z</time>
        <extensions>
          <ns3:TrackPointExtension>
            <ns3:hr>103</ns3:hr>
          </ns3:TrackPointExtension>
        </extensions>
      </trkpt>
      <trkpt lat="25.8636052720248699188232421875" lon="119.57134592346847057342529296875">
        <ele>18.799999237060546875</ele>
        <time>2025-05-21T10:05:25.000Z</time>
        <extensions>
          <ns3:TrackPointExtension>
            <ns3:hr>101</ns3:hr>
          </ns3:TrackPointExtension>
        </extensions>
      </trkpt>
      <trkpt lat="25.86353293620049953460693359375" lon="119.5714008249342441558837890625">
        <ele>18.200000762939453125</ele>
        <time>2025-05-21T10:05:31.000Z</time>
        <extensions>
          <ns3:TrackPointExtension>
            <ns3:hr>102</ns3:hr>
          </ns3:TrackPointExtension>
        </extensions>
      </trkpt>
      <trkpt lat="25.86344442330300807952880859375" lon="119.5714641921222209930419921875">
        <ele>18.3999996185302734375</ele>
        <time>2025-05-21T10:05:39.000Z</time>
        <extensions>
          <ns3:TrackPointExtension>
            <ns3:hr>104</ns3:hr>
          </ns3:TrackPointExtension>
        </extensions>
      </trkpt>
      <trkpt lat="25.86339161731302738189697265625" lon="119.57154524512588977813720703125">
        <ele>18.3999996185302734375</ele>
        <time>2025-05-21T10:05:47.000Z</time>
        <extensions>
          <ns3:TrackPointExtension>
            <ns3:hr>103</ns3:hr>
          </ns3:TrackPointExtension>
        </extensions>
      </trkpt>
      <trkpt lat="25.863316766917705535888671875" lon="119.5716154016554355621337890625">
        <ele>18.3999996185302734375</ele>
        <time>2025-05-21T10:05:55.000Z</time>
        <extensions>
          <ns3:TrackPointExtension>
            <ns3:hr>102</ns3:hr>
          </ns3:TrackPointExtension>
        </extensions>
      </trkpt>
      <trkpt lat="25.86327879689633846282958984375" lon="119.57167315296828746795654296875">
        <ele>18.6000003814697265625</ele>
        <time>2025-05-21T10:06:01.000Z</time>
        <extensions>
          <ns3:TrackPointExtension>
            <ns3:hr>102</ns3:hr>
          </ns3:TrackPointExtension>
        </extensions>
      </trkpt>
      <trkpt lat="25.86325918324291706085205078125" lon="119.57170299254357814788818359375">
        <ele>18.799999237060546875</ele>
        <time>2025-05-21T10:06:04.000Z</time>
        <extensions>
          <ns3:TrackPointExtension>
            <ns3:hr>103</ns3:hr>
          </ns3:TrackPointExtension>
        </extensions>
      </trkpt>
      <trkpt lat="25.86324308998882770538330078125" lon="119.57170986570417881011962890625">
        <ele>18.799999237060546875</ele>
        <time>2025-05-21T10:06:05.000Z</time>
        <extensions>
          <ns3:TrackPointExtension>
            <ns3:hr>103</ns3:hr>
          </ns3:TrackPointExtension>
        </extensions>
      </trkpt>
      <trkpt lat="25.86318039335310459136962890625" lon="119.57176552154123783111572265625">
        <ele>18.799999237060546875</ele>
        <time>2025-05-21T10:06:11.000Z</time>
        <extensions>
          <ns3:TrackPointExtension>
            <ns3:hr>103</ns3:hr>
          </ns3:TrackPointExtension>
        </extensions>
      </trkpt>
      <trkpt lat="25.86310093291103839874267578125" lon="119.57183861173689365386962890625">
        <ele>19</ele>
        <time>2025-05-21T10:06:18.000Z</time>
        <extensions>
          <ns3:TrackPointExtension>
            <ns3:hr>103</ns3:hr>
          </ns3:TrackPointExtension>
        </extensions>
      </trkpt>
      <trkpt lat="25.8630312792956829071044921875" lon="119.5718977041542530059814453125">
        <ele>19</ele>
        <time>2025-05-21T10:06:25.000Z</time>
        <extensions>
          <ns3:TrackPointExtension>
            <ns3:hr>104</ns3:hr>
          </ns3:TrackPointExtension>
        </extensions>
      </trkpt>
      <trkpt lat="25.86292088963091373443603515625" lon="119.5719751529395580291748046875">
        <ele>19.200000762939453125</ele>
        <time>2025-05-21T10:06:33.000Z</time>
        <extensions>
          <ns3:TrackPointExtension>
            <ns3:hr>104</ns3:hr>
          </ns3:TrackPointExtension>
        </extensions>
      </trkpt>
      <trkpt lat="25.86285299621522426605224609375" lon="119.57201597280800342559814453125">
        <ele>18.799999237060546875</ele>
        <time>2025-05-21T10:06:38.000Z</time>
        <extensions>
          <ns3:TrackPointExtension>
            <ns3:hr>104</ns3:hr>
          </ns3:TrackPointExtension>
        </extensions>
      </trkpt>
      <trkpt lat="25.86280387826263904571533203125" lon="119.572066850960254669189453125">
        <ele>18.799999237060546875</ele>
        <time>2025-05-21T10:06:45.000Z</time>
        <extensions>
          <ns3:TrackPointExtension>
            <ns3:hr>104</ns3:hr>
          </ns3:TrackPointExtension>
        </extensions>
      </trkpt>
      <trkpt lat="25.86279633454978466033935546875" lon="119.57207296974956989288330078125">
        <ele>18.799999237060546875</ele>
        <time>2025-05-21T10:06:46.000Z</time>
        <extensions>
          <ns3:TrackPointExtension>
            <ns3:hr>105</ns3:hr>
          </ns3:TrackPointExtension>
        </extensions>
      </trkpt>
      <trkpt lat="25.86275023408234119415283203125" lon="119.57211890257894992828369140625">
        <ele>18.799999237060546875</ele>
        <time>2025-05-21T10:06:52.000Z</time>
        <extensions>
          <ns3:TrackPointExtension>
            <ns3:hr>104</ns3:hr>
          </ns3:TrackPointExtension>
        </extensions>
      </trkpt>
      <trkpt lat="25.8626980148255825042724609375" lon="119.5721615664660930633544921875">
        <ele>18.6000003814697265625</ele>
        <time>2025-05-21T10:06:58.000Z</time>
        <extensions>
          <ns3:TrackPointExtension>
            <ns3:hr>104</ns3:hr>
          </ns3:TrackPointExtension>
        </extensions>
      </trkpt>
      <trkpt lat="25.86268217302858829498291015625" lon="119.57216852344572544097900390625">
        <ele>18.6000003814697265625</ele>
        <time>2025-05-21T10:06:59.000Z</time>
        <extensions>
          <ns3:TrackPointExtension>
            <ns3:hr>104</ns3:hr>
          </ns3:TrackPointExtension>
        </extensions>
      </trkpt>
      <trkpt lat="25.8625860325992107391357421875" lon="119.57221210934221744537353515625">
        <ele>18.799999237060546875</ele>
        <time>2025-05-21T10:07:07.000Z</time>
        <extensions>
          <ns3:TrackPointExtension>
            <ns3:hr>104</ns3:hr>
          </ns3:TrackPointExtension>
        </extensions>
      </trkpt>
      <trkpt lat="25.86247681640088558197021484375" lon="119.57226441241800785064697265625">
        <ele>18.6000003814697265625</ele>
        <time>2025-05-21T10:07:15.000Z</time>
        <extensions>
          <ns3:TrackPointExtension>
            <ns3:hr>101</ns3:hr>
          </ns3:TrackPointExtension>
        </extensions>
      </trkpt>
      <trkpt lat="25.86238411255180835723876953125" lon="119.5722986944019794464111328125">
        <ele>18.6000003814697265625</ele>
        <time>2025-05-21T10:07:23.000Z</time>
        <extensions>
          <ns3:TrackPointExtension>
            <ns3:hr>103</ns3:hr>
          </ns3:TrackPointExtension>
        </extensions>
      </trkpt>
      <trkpt lat="25.86229425854980945587158203125" lon="119.572325684130191802978515625">
        <ele>18.6000003814697265625</ele>
        <time>2025-05-21T10:07:30.000Z</time>
        <extensions>
          <ns3:TrackPointExtension>
            <ns3:hr>105</ns3:hr>
          </ns3:TrackPointExtension>
        </extensions>
      </trkpt>
      <trkpt lat="25.862204320728778839111328125" lon="119.5723670907318592071533203125">
        <ele>18</ele>
        <time>2025-05-21T10:07:37.000Z</time>
        <extensions>
          <ns3:TrackPointExtension>
            <ns3:hr>103</ns3:hr>
          </ns3:TrackPointExtension>
        </extensions>
      </trkpt>
      <trkpt lat="25.86211941204965114593505859375" lon="119.57239567302167415618896484375">
        <ele>18.200000762939453125</ele>
        <time>2025-05-21T10:07:44.000Z</time>
        <extensions>
          <ns3:TrackPointExtension>
            <ns3:hr>102</ns3:hr>
          </ns3:TrackPointExtension>
        </extensions>
      </trkpt>
      <trkpt lat="25.8620274625718593597412109375" lon="119.5724126882851123809814453125">
        <ele>18.3999996185302734375</ele>
        <time>2025-05-21T10:07:51.000Z</time>
        <extensions>
          <ns3:TrackPointExtension>
            <ns3:hr>103</ns3:hr>
          </ns3:TrackPointExtension>
        </extensions>
      </trkpt>
      <trkpt lat="25.861924700438976287841796875" lon="119.57242433913052082061767578125">
        <ele>18.3999996185302734375</ele>
        <time>2025-05-21T10:07:59.000Z</time>
        <extensions>
          <ns3:TrackPointExtension>
            <ns3:hr>103</ns3:hr>
          </ns3:TrackPointExtension>
        </extensions>
      </trkpt>
      <trkpt lat="25.8617855608463287353515625" lon="119.5724063180387020111083984375">
        <ele>18</ele>
        <time>2025-05-21T10:08:08.000Z</time>
        <extensions>
          <ns3:TrackPointExtension>
            <ns3:hr>101</ns3:hr>
          </ns3:TrackPointExtension>
        </extensions>
      </trkpt>
      <trkpt lat="25.86165471933782100677490234375" lon="119.57237589173018932342529296875">
        <ele>18.200000762939453125</ele>
        <time>2025-05-21T10:08:19.000Z</time>
        <extensions>
          <ns3:TrackPointExtension>
            <ns3:hr>102</ns3:hr>
          </ns3:TrackPointExtension>
        </extensions>
      </trkpt>
      <trkpt lat="25.86155354976654052734375" lon="119.572365246713161468505859375">
        <ele>18.200000762939453125</ele>
        <time>2025-05-21T10:08:28.000Z</time>
        <extensions>
          <ns3:TrackPointExtension>
            <ns3:hr>101</ns3:hr>
          </ns3:TrackPointExtension>
        </extensions>
      </trkpt>
      <trkpt lat="25.86143712513148784637451171875" lon="119.57232694141566753387451171875">
        <ele>18.3999996185302734375</ele>
        <time>2025-05-21T10:08:37.000Z</time>
        <extensions>
          <ns3:TrackPointExtension>
            <ns3:hr>102</ns3:hr>
          </ns3:TrackPointExtension>
        </extensions>
      </trkpt>
      <trkpt lat="25.86130452342331409454345703125" lon="119.572280757129192352294921875">
        <ele>18.3999996185302734375</ele>
        <time>2025-05-21T10:08:47.000Z</time>
        <extensions>
          <ns3:TrackPointExtension>
            <ns3:hr>103</ns3:hr>
          </ns3:TrackPointExtension>
        </extensions>
      </trkpt>
      <trkpt lat="25.86122204549610614776611328125" lon="119.572236835956573486328125">
        <ele>18.3999996185302734375</ele>
        <time>2025-05-21T10:08:55.000Z</time>
        <extensions>
          <ns3:TrackPointExtension>
            <ns3:hr>102</ns3:hr>
          </ns3:TrackPointExtension>
        </extensions>
      </trkpt>
      <trkpt lat="25.8611342869699001312255859375" lon="119.5721920765936374664306640625">
        <ele>18.200000762939453125</ele>
        <time>2025-05-21T10:09:04.000Z</time>
        <extensions>
          <ns3:TrackPointExtension>
            <ns3:hr>103</ns3:hr>
          </ns3:TrackPointExtension>
        </extensions>
      </trkpt>
      <trkpt lat="25.86111878044903278350830078125" lon="119.57218579016625881195068359375">
        <ele>18.200000762939453125</ele>
        <time>2025-05-21T10:09:06.000Z</time>
        <extensions>
          <ns3:TrackPointExtension>
            <ns3:hr>102</ns3:hr>
          </ns3:TrackPointExtension>
        </extensions>
      </trkpt>
      <trkpt lat="25.861058346927165985107421875" lon="119.5721424557268619537353515625">
        <ele>18.200000762939453125</ele>
        <time>2025-05-21T10:09:12.000Z</time>
        <extensions>
          <ns3:TrackPointExtension>
            <ns3:hr>101</ns3:hr>
          </ns3:TrackPointExtension>
        </extensions>
      </trkpt>
      <trkpt lat="25.8610340394079685211181640625" lon="119.57213046960532665252685546875">
        <ele>18</ele>
        <time>2025-05-21T10:09:14.000Z</time>
        <extensions>
          <ns3:TrackPointExtension>
            <ns3:hr>101</ns3:hr>
          </ns3:TrackPointExtension>
        </extensions>
      </trkpt>
      <trkpt lat="25.8609706722199916839599609375" lon="119.5720851235091686248779296875">
        <ele>18.200000762939453125</ele>
        <time>2025-05-21T10:09:20.000Z</time>
        <extensions>
          <ns3:TrackPointExtension>
            <ns3:hr>101</ns3:hr>
          </ns3:TrackPointExtension>
        </extensions>
      </trkpt>
      <trkpt lat="25.86088928394019603729248046875" lon="119.57202024757862091064453125">
        <ele>17.6000003814697265625</ele>
        <time>2025-05-21T10:09:28.000Z</time>
        <extensions>
          <ns3:TrackPointExtension>
            <ns3:hr>102</ns3:hr>
          </ns3:TrackPointExtension>
        </extensions>
      </trkpt>
      <trkpt lat="25.86086732335388660430908203125" lon="119.57201295532286167144775390625">
        <ele>17.6000003814697265625</ele>
        <time>2025-05-21T10:09:30.000Z</time>
        <extensions>
          <ns3:TrackPointExtension>
            <ns3:hr>102</ns3:hr>
          </ns3:TrackPointExtension>
        </extensions>
      </trkpt>
      <trkpt lat="25.860829688608646392822265625" lon="119.57199803553521633148193359375">
        <ele>17.6000003814697265625</ele>
        <time>2025-05-21T10:09:33.000Z</time>
        <extensions>
          <ns3:TrackPointExtension>
            <ns3:hr>101</ns3:hr>
          </ns3:TrackPointExtension>
        </extensions>
      </trkpt>
      <trkpt lat="25.8608077280223369598388671875" lon="119.57199032418429851531982421875">
        <ele>17.3999996185302734375</ele>
        <time>2025-05-21T10:09:35.000Z</time>
        <extensions>
          <ns3:TrackPointExtension>
            <ns3:hr>101</ns3:hr>
          </ns3:TrackPointExtension>
        </extensions>
      </trkpt>
      <trkpt lat="25.86078300140798091888427734375" lon="119.57198043353855609893798828125">
        <ele>17.3999996185302734375</ele>
        <time>2025-05-21T10:09:37.000Z</time>
        <extensions>
          <ns3:TrackPointExtension>
            <ns3:hr>101</ns3:hr>
          </ns3:TrackPointExtension>
        </extensions>
      </trkpt>
      <trkpt lat="25.8607229031622409820556640625" lon="119.5719533599913120269775390625">
        <ele>17.6000003814697265625</ele>
        <time>2025-05-21T10:09:42.000Z</time>
        <extensions>
          <ns3:TrackPointExtension>
            <ns3:hr>101</ns3:hr>
          </ns3:TrackPointExtension>
        </extensions>
      </trkpt>
      <trkpt lat="25.8606348931789398193359375" lon="119.5719023980200290679931640625">
        <ele>17.6000003814697265625</ele>
        <time>2025-05-21T10:09:49.000Z</time>
        <extensions>
          <ns3:TrackPointExtension>
            <ns3:hr>100</ns3:hr>
          </ns3:TrackPointExtension>
        </extensions>
      </trkpt>
      <trkpt lat="25.860609747469425201416015625" lon="119.5718842931091785430908203125">
        <ele>17.3999996185302734375</ele>
        <time>2025-05-21T10:09:51.000Z</time>
        <extensions>
          <ns3:TrackPointExtension>
            <ns3:hr>101</ns3:hr>
          </ns3:TrackPointExtension>
        </extensions>
      </trkpt>
      <trkpt lat="25.86053204722702503204345703125" lon="119.57183777354657649993896484375">
        <ele>17.200000762939453125</ele>
        <time>2025-05-21T10:09:57.000Z</time>
        <extensions>
          <ns3:TrackPointExtension>
            <ns3:hr>103</ns3:hr>
          </ns3:TrackPointExtension>
        </extensions>
      </trkpt>
      <trkpt lat="25.860438756644725799560546875" lon="119.57178681157529354095458984375">
        <ele>17.3999996185302734375</ele>
        <time>2025-05-21T10:10:04.000Z</time>
        <extensions>
          <ns3:TrackPointExtension>
            <ns3:hr>103</ns3:hr>
          </ns3:TrackPointExtension>
        </extensions>
      </trkpt>
      <trkpt lat="25.8603720366954803466796875" lon="119.57174708135426044464111328125">
        <ele>17.200000762939453125</ele>
        <time>2025-05-21T10:10:10.000Z</time>
        <extensions>
          <ns3:TrackPointExtension>
            <ns3:hr>103</ns3:hr>
          </ns3:TrackPointExtension>
        </extensions>
      </trkpt>
      <trkpt lat="25.860306322574615478515625" lon="119.57171305082738399505615234375">
        <ele>17.3999996185302734375</ele>
        <time>2025-05-21T10:10:16.000Z</time>
        <extensions>
          <ns3:TrackPointExtension>
            <ns3:hr>103</ns3:hr>
          </ns3:TrackPointExtension>
        </extensions>
      </trkpt>
      <trkpt lat="25.86020850576460361480712890625" lon="119.57164599560201168060302734375">
        <ele>17</ele>
        <time>2025-05-21T10:10:26.000Z</time>
        <extensions>
          <ns3:TrackPointExtension>
            <ns3:hr>103</ns3:hr>
          </ns3:TrackPointExtension>
        </extensions>
      </trkpt>
      <trkpt lat="25.86013290099799633026123046875" lon="119.57159536890685558319091796875">
        <ele>17</ele>
        <time>2025-05-21T10:10:32.000Z</time>
        <extensions>
          <ns3:TrackPointExtension>
            <ns3:hr>102</ns3:hr>
          </ns3:TrackPointExtension>
        </extensions>
      </trkpt>
      <trkpt lat="25.86002913303673267364501953125" lon="119.5715366117656230926513671875">
        <ele>17</ele>
        <time>2025-05-21T10:10:41.000Z</time>
        <extensions>
          <ns3:TrackPointExtension>
            <ns3:hr>102</ns3:hr>
          </ns3:TrackPointExtension>
        </extensions>
      </trkpt>
      <trkpt lat="25.85996660403907299041748046875" lon="119.5714896731078624725341796875">
        <ele>17</ele>
        <time>2025-05-21T10:10:49.000Z</time>
        <extensions>
          <ns3:TrackPointExtension>
            <ns3:hr>105</ns3:hr>
          </ns3:TrackPointExtension>
        </extensions>
      </trkpt>
      <trkpt lat="25.8599564619362354278564453125" lon="119.57147852517664432525634765625">
        <ele>17</ele>
        <time>2025-05-21T10:10:50.000Z</time>
        <extensions>
          <ns3:TrackPointExtension>
            <ns3:hr>105</ns3:hr>
          </ns3:TrackPointExtension>
        </extensions>
      </trkpt>
      <trkpt lat="25.859944559633731842041015625" lon="119.571467377245426177978515625">
        <ele>17</ele>
        <time>2025-05-21T10:10:51.000Z</time>
        <extensions>
          <ns3:TrackPointExtension>
            <ns3:hr>105</ns3:hr>
          </ns3:TrackPointExtension>
        </extensions>
      </trkpt>
      <trkpt lat="25.85987289436161518096923828125" lon="119.57143007777631282806396484375">
        <ele>17.200000762939453125</ele>
        <time>2025-05-21T10:10:56.000Z</time>
        <extensions>
          <ns3:TrackPointExtension>
            <ns3:hr>104</ns3:hr>
          </ns3:TrackPointExtension>
        </extensions>
      </trkpt>
      <trkpt lat="25.859787650406360626220703125" lon="119.57138163037598133087158203125">
        <ele>17.3999996185302734375</ele>
        <time>2025-05-21T10:11:03.000Z</time>
        <extensions>
          <ns3:TrackPointExtension>
            <ns3:hr>103</ns3:hr>
          </ns3:TrackPointExtension>
        </extensions>
      </trkpt>
      <trkpt lat="25.8597237803041934967041015625" lon="119.57133318297564983367919921875">
        <ele>17.3999996185302734375</ele>
        <time>2025-05-21T10:11:11.000Z</time>
        <extensions>
          <ns3:TrackPointExtension>
            <ns3:hr>102</ns3:hr>
          </ns3:TrackPointExtension>
        </extensions>
      </trkpt>
      <trkpt lat="25.8596868999302387237548828125" lon="119.5713262259960174560546875">
        <ele>17.6000003814697265625</ele>
        <time>2025-05-21T10:11:16.000Z</time>
        <extensions>
          <ns3:TrackPointExtension>
            <ns3:hr>101</ns3:hr>
          </ns3:TrackPointExtension>
        </extensions>
      </trkpt>
      <trkpt lat="25.8596674539148807525634765625" lon="119.5713076181709766387939453125">
        <ele>17.6000003814697265625</ele>
        <time>2025-05-21T10:11:18.000Z</time>
        <extensions>
          <ns3:TrackPointExtension>
            <ns3:hr>100</ns3:hr>
          </ns3:TrackPointExtension>
        </extensions>
      </trkpt>
      <trkpt lat="25.85964691825211048126220703125" lon="119.57129362039268016815185546875">
        <ele>17.6000003814697265625</ele>
        <time>2025-05-21T10:11:20.000Z</time>
        <extensions>
          <ns3:TrackPointExtension>
            <ns3:hr>101</ns3:hr>
          </ns3:TrackPointExtension>
        </extensions>
      </trkpt>
      <trkpt lat="25.85960769094526767730712890625" lon="119.57128440029919147491455078125">
        <ele>17.3999996185302734375</ele>
        <time>2025-05-21T10:11:23.000Z</time>
        <extensions>
          <ns3:TrackPointExtension>
            <ns3:hr>102</ns3:hr>
          </ns3:TrackPointExtension>
        </extensions>
      </trkpt>
      <trkpt lat="25.8595638535916805267333984375" lon="119.5712623558938503265380859375">
        <ele>17.3999996185302734375</ele>
        <time>2025-05-21T10:11:26.000Z</time>
        <extensions>
          <ns3:TrackPointExtension>
            <ns3:hr>101</ns3:hr>
          </ns3:TrackPointExtension>
        </extensions>
      </trkpt>
      <trkpt lat="25.8595266379415988922119140625" lon="119.571249447762966156005859375">
        <ele>17.3999996185302734375</ele>
        <time>2025-05-21T10:11:29.000Z</time>
        <extensions>
          <ns3:TrackPointExtension>
            <ns3:hr>101</ns3:hr>
          </ns3:TrackPointExtension>
        </extensions>
      </trkpt>
      <trkpt lat="25.85949235595762729644775390625" lon="119.57123209722340106964111328125">
        <ele>17.6000003814697265625</ele>
        <time>2025-05-21T10:11:32.000Z</time>
        <extensions>
          <ns3:TrackPointExtension>
            <ns3:hr>101</ns3:hr>
          </ns3:TrackPointExtension>
        </extensions>
      </trkpt>
      <trkpt lat="25.8594761788845062255859375" lon="119.57122170366346836090087890625">
        <ele>17.6000003814697265625</ele>
        <time>2025-05-21T10:11:34.000Z</time>
        <extensions>
          <ns3:TrackPointExtension>
            <ns3:hr>101</ns3:hr>
          </ns3:TrackPointExtension>
        </extensions>
      </trkpt>
      <trkpt lat="25.8594501949846744537353515625" lon="119.5712006650865077972412109375">
        <ele>17.6000003814697265625</ele>
        <time>2025-05-21T10:11:36.000Z</time>
        <extensions>
          <ns3:TrackPointExtension>
            <ns3:hr>100</ns3:hr>
          </ns3:TrackPointExtension>
        </extensions>
      </trkpt>
      <trkpt lat="25.8594166673719882965087890625" lon="119.57116604782640933990478515625">
        <ele>17.799999237060546875</ele>
        <time>2025-05-21T10:11:39.000Z</time>
        <extensions>
          <ns3:TrackPointExtension>
            <ns3:hr>100</ns3:hr>
          </ns3:TrackPointExtension>
        </extensions>
      </trkpt>
      <trkpt lat="25.8594069443643093109130859375" lon="119.57116194069385528564453125">
        <ele>17.799999237060546875</ele>
        <time>2025-05-21T10:11:40.000Z</time>
        <extensions>
          <ns3:TrackPointExtension>
            <ns3:hr>100</ns3:hr>
          </ns3:TrackPointExtension>
        </extensions>
      </trkpt>
      <trkpt lat="25.85934667848050594329833984375" lon="119.5711600966751575469970703125">
        <ele>17.799999237060546875</ele>
        <time>2025-05-21T10:11:44.000Z</time>
        <extensions>
          <ns3:TrackPointExtension>
            <ns3:hr>99</ns3:hr>
          </ns3:TrackPointExtension>
        </extensions>
      </trkpt>
      <trkpt lat="25.859321616590023040771484375" lon="119.5711201988160610198974609375">
        <ele>17.799999237060546875</ele>
        <time>2025-05-21T10:11:47.000Z</time>
        <extensions>
          <ns3:TrackPointExtension>
            <ns3:hr>100</ns3:hr>
          </ns3:TrackPointExtension>
        </extensions>
      </trkpt>
      <trkpt lat="25.8592781983315944671630859375" lon="119.57105867564678192138671875">
        <ele>18</ele>
        <time>2025-05-21T10:11:54.000Z</time>
        <extensions>
          <ns3:TrackPointExtension>
            <ns3:hr>102</ns3:hr>
          </ns3:TrackPointExtension>
        </extensions>
      </trkpt>
      <trkpt lat="25.859270654618740081787109375" lon="119.571056999266147613525390625">
        <ele>18</ele>
        <time>2025-05-21T10:11:55.000Z</time>
        <extensions>
          <ns3:TrackPointExtension>
            <ns3:hr>102</ns3:hr>
          </ns3:TrackPointExtension>
        </extensions>
      </trkpt>
      <trkpt lat="25.859200917184352874755859375" lon="119.57102372311055660247802734375">
        <ele>18.200000762939453125</ele>
        <time>2025-05-21T10:11:58.000Z</time>
        <extensions>
          <ns3:TrackPointExtension>
            <ns3:hr>103</ns3:hr>
          </ns3:TrackPointExtension>
        </extensions>
      </trkpt>
      <trkpt lat="25.8591849915683269500732421875" lon="119.57100980915129184722900390625">
        <ele>18.3999996185302734375</ele>
        <time>2025-05-21T10:11:59.000Z</time>
        <extensions>
          <ns3:TrackPointExtension>
            <ns3:hr>103</ns3:hr>
          </ns3:TrackPointExtension>
        </extensions>
      </trkpt>
      <trkpt lat="25.85907912813127040863037109375" lon="119.5709401555359363555908203125">
        <ele>18.6000003814697265625</ele>
        <time>2025-05-21T10:12:07.000Z</time>
        <extensions>
          <ns3:TrackPointExtension>
            <ns3:hr>102</ns3:hr>
          </ns3:TrackPointExtension>
        </extensions>
      </trkpt>
      <trkpt lat="25.85904476232826709747314453125" lon="119.5709347911179065704345703125">
        <ele>17.799999237060546875</ele>
        <time>2025-05-21T10:12:10.000Z</time>
        <extensions>
          <ns3:TrackPointExtension>
            <ns3:hr>103</ns3:hr>
          </ns3:TrackPointExtension>
        </extensions>
      </trkpt>
      <trkpt lat="25.85902087390422821044921875" lon="119.57092464901506900787353515625">
        <ele>17.799999237060546875</ele>
        <time>2025-05-21T10:12:13.000Z</time>
        <extensions>
          <ns3:TrackPointExtension>
            <ns3:hr>102</ns3:hr>
          </ns3:TrackPointExtension>
        </extensions>
      </trkpt>
      <trkpt lat="25.85893412120640277862548828125" lon="119.5708731003105640411376953125">
        <ele>18.200000762939453125</ele>
        <time>2025-05-21T10:12:21.000Z</time>
        <extensions>
          <ns3:TrackPointExtension>
            <ns3:hr>102</ns3:hr>
          </ns3:TrackPointExtension>
        </extensions>
      </trkpt>
      <trkpt lat="25.858863294124603271484375" lon="119.57083177752792835235595703125">
        <ele>18</ele>
        <time>2025-05-21T10:12:27.000Z</time>
        <extensions>
          <ns3:TrackPointExtension>
            <ns3:hr>104</ns3:hr>
          </ns3:TrackPointExtension>
        </extensions>
      </trkpt>
      <trkpt lat="25.85879422724246978759765625" lon="119.57080294378101825714111328125">
        <ele>18</ele>
        <time>2025-05-21T10:12:34.000Z</time>
        <extensions>
          <ns3:TrackPointExtension>
            <ns3:hr>104</ns3:hr>
          </ns3:TrackPointExtension>
        </extensions>
      </trkpt>
      <trkpt lat="25.8587109111249446868896484375" lon="119.57074628211557865142822265625">
        <ele>18.200000762939453125</ele>
        <time>2025-05-21T10:12:43.000Z</time>
        <extensions>
          <ns3:TrackPointExtension>
            <ns3:hr>104</ns3:hr>
          </ns3:TrackPointExtension>
        </extensions>
      </trkpt>
      <trkpt lat="25.8586123399436473846435546875" lon="119.57070169039070606231689453125">
        <ele>18.3999996185302734375</ele>
        <time>2025-05-21T10:12:51.000Z</time>
        <extensions>
          <ns3:TrackPointExtension>
            <ns3:hr>103</ns3:hr>
          </ns3:TrackPointExtension>
        </extensions>
      </trkpt>
      <trkpt lat="25.8585526607930660247802734375" lon="119.57066531293094158172607421875">
        <ele>18.3999996185302734375</ele>
        <time>2025-05-21T10:12:57.000Z</time>
        <extensions>
          <ns3:TrackPointExtension>
            <ns3:hr>101</ns3:hr>
          </ns3:TrackPointExtension>
        </extensions>
      </trkpt>
      <trkpt lat="25.8585285209119319915771484375" lon="119.57064989022910594940185546875">
        <ele>18.3999996185302734375</ele>
        <time>2025-05-21T10:12:59.000Z</time>
        <extensions>
          <ns3:TrackPointExtension>
            <ns3:hr>102</ns3:hr>
          </ns3:TrackPointExtension>
        </extensions>
      </trkpt>
      <trkpt lat="25.85847076959908008575439453125" lon="119.570638574659824371337890625">
        <ele>18.6000003814697265625</ele>
        <time>2025-05-21T10:13:03.000Z</time>
        <extensions>
          <ns3:TrackPointExtension>
            <ns3:hr>103</ns3:hr>
          </ns3:TrackPointExtension>
        </extensions>
      </trkpt>
      <trkpt lat="25.85838510654866695404052734375" lon="119.5705971680581569671630859375">
        <ele>19</ele>
        <time>2025-05-21T10:13:10.000Z</time>
        <extensions>
          <ns3:TrackPointExtension>
            <ns3:hr>103</ns3:hr>
          </ns3:TrackPointExtension>
        </extensions>
      </trkpt>
      <trkpt lat="25.858297012746334075927734375" lon="119.57052290439605712890625">
        <ele>19</ele>
        <time>2025-05-21T10:13:17.000Z</time>
        <extensions>
          <ns3:TrackPointExtension>
            <ns3:hr>102</ns3:hr>
          </ns3:TrackPointExtension>
        </extensions>
      </trkpt>
      <trkpt lat="25.85820254869759082794189453125" lon="119.5704679191112518310546875">
        <ele>19.3999996185302734375</ele>
        <time>2025-05-21T10:13:26.000Z</time>
        <extensions>
          <ns3:TrackPointExtension>
            <ns3:hr>101</ns3:hr>
          </ns3:TrackPointExtension>
        </extensions>
      </trkpt>
      <trkpt lat="25.8581064082682132720947265625" lon="119.5704013668000698089599609375">
        <ele>19.3999996185302734375</ele>
        <time>2025-05-21T10:13:34.000Z</time>
        <extensions>
          <ns3:TrackPointExtension>
            <ns3:hr>100</ns3:hr>
          </ns3:TrackPointExtension>
        </extensions>
      </trkpt>
      <trkpt lat="25.85808151401579380035400390625" lon="119.5703829266130924224853515625">
        <ele>19.6000003814697265625</ele>
        <time>2025-05-21T10:13:36.000Z</time>
        <extensions>
          <ns3:TrackPointExtension>
            <ns3:hr>101</ns3:hr>
          </ns3:TrackPointExtension>
        </extensions>
      </trkpt>
      <trkpt lat="25.8580430410802364349365234375" lon="119.57035124301910400390625">
        <ele>19.799999237060546875</ele>
        <time>2025-05-21T10:13:40.000Z</time>
        <extensions>
          <ns3:TrackPointExtension>
            <ns3:hr>101</ns3:hr>
          </ns3:TrackPointExtension>
        </extensions>
      </trkpt>
      <trkpt lat="25.8579930849373340606689453125" lon="119.57032249309122562408447265625">
        <ele>19.799999237060546875</ele>
        <time>2025-05-21T10:13:44.000Z</time>
        <extensions>
          <ns3:TrackPointExtension>
            <ns3:hr>104</ns3:hr>
          </ns3:TrackPointExtension>
        </extensions>
      </trkpt>
      <trkpt lat="25.85795595310628414154052734375" lon="119.570306651294231414794921875">
        <ele>20</ele>
        <time>2025-05-21T10:13:47.000Z</time>
        <extensions>
          <ns3:TrackPointExtension>
            <ns3:hr>105</ns3:hr>
          </ns3:TrackPointExtension>
        </extensions>
      </trkpt>
      <trkpt lat="25.85789862088859081268310546875" lon="119.570303969085216522216796875">
        <ele>20.200000762939453125</ele>
        <time>2025-05-21T10:13:52.000Z</time>
        <extensions>
          <ns3:TrackPointExtension>
            <ns3:hr>104</ns3:hr>
          </ns3:TrackPointExtension>
        </extensions>
      </trkpt>
      <trkpt lat="25.85782058537006378173828125" lon="119.5703069865703582763671875">
        <ele>20.3999996185302734375</ele>
        <time>2025-05-21T10:13:58.000Z</time>
        <extensions>
          <ns3:TrackPointExtension>
            <ns3:hr>104</ns3:hr>
          </ns3:TrackPointExtension>
        </extensions>
      </trkpt>
      <trkpt lat="25.857744477689266204833984375" lon="119.57028980366885662078857421875">
        <ele>20.6000003814697265625</ele>
        <time>2025-05-21T10:14:04.000Z</time>
        <extensions>
          <ns3:TrackPointExtension>
            <ns3:hr>104</ns3:hr>
          </ns3:TrackPointExtension>
        </extensions>
      </trkpt>
      <trkpt lat="25.8576561324298381805419921875" lon="119.57020816393196582794189453125">
        <ele>21</ele>
        <time>2025-05-21T10:14:12.000Z</time>
        <extensions>
          <ns3:TrackPointExtension>
            <ns3:hr>105</ns3:hr>
          </ns3:TrackPointExtension>
        </extensions>
      </trkpt>
      <trkpt lat="25.85758061148226261138916015625" lon="119.5701730437576770782470703125">
        <ele>21</ele>
        <time>2025-05-21T10:14:19.000Z</time>
        <extensions>
          <ns3:TrackPointExtension>
            <ns3:hr>105</ns3:hr>
          </ns3:TrackPointExtension>
        </extensions>
      </trkpt>
      <trkpt lat="25.857475586235523223876953125" lon="119.570184610784053802490234375">
        <ele>21.200000762939453125</ele>
        <time>2025-05-21T10:14:27.000Z</time>
        <extensions>
          <ns3:TrackPointExtension>
            <ns3:hr>104</ns3:hr>
          </ns3:TrackPointExtension>
        </extensions>
      </trkpt>
      <trkpt lat="25.85739905945956707000732421875" lon="119.5701076649129390716552734375">
        <ele>21.3999996185302734375</ele>
        <time>2025-05-21T10:14:34.000Z</time>
        <extensions>
          <ns3:TrackPointExtension>
            <ns3:hr>105</ns3:hr>
          </ns3:TrackPointExtension>
        </extensions>
      </trkpt>
      <trkpt lat="25.8573533780872821807861328125" lon="119.57002200186252593994140625">
        <ele>21.6000003814697265625</ele>
        <time>2025-05-21T10:14:40.000Z</time>
        <extensions>
          <ns3:TrackPointExtension>
            <ns3:hr>106</ns3:hr>
          </ns3:TrackPointExtension>
        </extensions>
      </trkpt>
      <trkpt lat="25.85733099840581417083740234375" lon="119.5699953474104404449462890625">
        <ele>21.6000003814697265625</ele>
        <time>2025-05-21T10:14:42.000Z</time>
        <extensions>
          <ns3:TrackPointExtension>
            <ns3:hr>106</ns3:hr>
          </ns3:TrackPointExtension>
        </extensions>
      </trkpt>
      <trkpt lat="25.85728456266224384307861328125" lon="119.56991747952997684478759765625">
        <ele>21.799999237060546875</ele>
        <time>2025-05-21T10:14:48.000Z</time>
        <extensions>
          <ns3:TrackPointExtension>
            <ns3:hr>105</ns3:hr>
          </ns3:TrackPointExtension>
        </extensions>
      </trkpt>
      <trkpt lat="25.85719353519380092620849609375" lon="119.569837935268878936767578125">
        <ele>21.799999237060546875</ele>
        <time>2025-05-21T10:14:56.000Z</time>
        <extensions>
          <ns3:TrackPointExtension>
            <ns3:hr>103</ns3:hr>
          </ns3:TrackPointExtension>
        </extensions>
      </trkpt>
      <trkpt lat="25.857119858264923095703125" lon="119.56980331800878047943115234375">
        <ele>22.3999996185302734375</ele>
        <time>2025-05-21T10:15:02.000Z</time>
        <extensions>
          <ns3:TrackPointExtension>
            <ns3:hr>103</ns3:hr>
          </ns3:TrackPointExtension>
        </extensions>
      </trkpt>
      <trkpt lat="25.85704634897410869598388671875" lon="119.56976023502647876739501953125">
        <ele>22.200000762939453125</ele>
        <time>2025-05-21T10:15:09.000Z</time>
        <extensions>
          <ns3:TrackPointExtension>
            <ns3:hr>102</ns3:hr>
          </ns3:TrackPointExtension>
        </extensions>
      </trkpt>
      <trkpt lat="25.857024975121021270751953125" lon="119.56972855143249034881591796875">
        <ele>22.3999996185302734375</ele>
        <time>2025-05-21T10:15:11.000Z</time>
        <extensions>
          <ns3:TrackPointExtension>
            <ns3:hr>103</ns3:hr>
          </ns3:TrackPointExtension>
        </extensions>
      </trkpt>
      <trkpt lat="25.85703444667160511016845703125" lon="119.569693095982074737548828125">
        <ele>22.3999996185302734375</ele>
        <time>2025-05-21T10:15:13.000Z</time>
        <extensions>
          <ns3:TrackPointExtension>
            <ns3:hr>105</ns3:hr>
          </ns3:TrackPointExtension>
        </extensions>
      </trkpt>
      <trkpt lat="25.8570918627083301544189453125" lon="119.56961589865386486053466796875">
        <ele>22.799999237060546875</ele>
        <time>2025-05-21T10:15:19.000Z</time>
        <extensions>
          <ns3:TrackPointExtension>
            <ns3:hr>106</ns3:hr>
          </ns3:TrackPointExtension>
        </extensions>
      </trkpt>
      <trkpt lat="25.85712916217744350433349609375" lon="119.56954247318208217620849609375">
        <ele>22.799999237060546875</ele>
        <time>2025-05-21T10:15:25.000Z</time>
        <extensions>
          <ns3:TrackPointExtension>
            <ns3:hr>106</ns3:hr>
          </ns3:TrackPointExtension>
        </extensions>
      </trkpt>
      <trkpt lat="25.85718012414872646331787109375" lon="119.56947877071797847747802734375">
        <ele>22.6000003814697265625</ele>
        <time>2025-05-21T10:15:31.000Z</time>
        <extensions>
          <ns3:TrackPointExtension>
            <ns3:hr>105</ns3:hr>
          </ns3:TrackPointExtension>
        </extensions>
      </trkpt>
      <trkpt lat="25.85723762400448322296142578125" lon="119.56940350122749805450439453125">
        <ele>23</ele>
        <time>2025-05-21T10:15:38.000Z</time>
        <extensions>
          <ns3:TrackPointExtension>
            <ns3:hr>105</ns3:hr>
          </ns3:TrackPointExtension>
        </extensions>
      </trkpt>
      <trkpt lat="25.85728758014738559722900390625" lon="119.56931113265454769134521484375">
        <ele>22.6000003814697265625</ele>
        <time>2025-05-21T10:15:46.000Z</time>
        <extensions>
          <ns3:TrackPointExtension>
            <ns3:hr>104</ns3:hr>
          </ns3:TrackPointExtension>
        </extensions>
      </trkpt>
      <trkpt lat="25.857352204620838165283203125" lon="119.56921809352934360504150390625">
        <ele>22.200000762939453125</ele>
        <time>2025-05-21T10:15:54.000Z</time>
        <extensions>
          <ns3:TrackPointExtension>
            <ns3:hr>105</ns3:hr>
          </ns3:TrackPointExtension>
        </extensions>
      </trkpt>
      <trkpt lat="25.85740710608661174774169921875" lon="119.56913511268794536590576171875">
        <ele>22.3999996185302734375</ele>
        <time>2025-05-21T10:16:02.000Z</time>
        <extensions>
          <ns3:TrackPointExtension>
            <ns3:hr>104</ns3:hr>
          </ns3:TrackPointExtension>
        </extensions>
      </trkpt>
      <trkpt lat="25.85742873139679431915283203125" lon="119.56909404136240482330322265625">
        <ele>22.3999996185302734375</ele>
        <time>2025-05-21T10:16:05.000Z</time>
        <extensions>
          <ns3:TrackPointExtension>
            <ns3:hr>101</ns3:hr>
          </ns3:TrackPointExtension>
        </extensions>
      </trkpt>
      <trkpt lat="25.85746041499078273773193359375" lon="119.56904643215239048004150390625">
        <ele>22.3999996185302734375</ele>
        <time>2025-05-21T10:16:09.000Z</time>
        <extensions>
          <ns3:TrackPointExtension>
            <ns3:hr>101</ns3:hr>
          </ns3:TrackPointExtension>
        </extensions>
      </trkpt>
      <trkpt lat="25.857509784400463104248046875" lon="119.568964876234531402587890625">
        <ele>22.200000762939453125</ele>
        <time>2025-05-21T10:16:15.000Z</time>
        <extensions>
          <ns3:TrackPointExtension>
            <ns3:hr>100</ns3:hr>
          </ns3:TrackPointExtension>
        </extensions>
      </trkpt>
      <trkpt lat="25.85755110718309879302978515625" lon="119.568901844322681427001953125">
        <ele>22.3999996185302734375</ele>
        <time>2025-05-21T10:16:22.000Z</time>
        <extensions>
          <ns3:TrackPointExtension>
            <ns3:hr>99</ns3:hr>
          </ns3:TrackPointExtension>
        </extensions>
      </trkpt>
      <trkpt lat="25.85760257206857204437255859375" lon="119.56879329867660999298095703125">
        <ele>22.3999996185302734375</ele>
        <time>2025-05-21T10:16:32.000Z</time>
        <extensions>
          <ns3:TrackPointExtension>
            <ns3:hr>101</ns3:hr>
          </ns3:TrackPointExtension>
        </extensions>
      </trkpt>
      <trkpt lat="25.857612378895282745361328125" lon="119.568763040006160736083984375">
        <ele>22.200000762939453125</ele>
        <time>2025-05-21T10:16:35.000Z</time>
        <extensions>
          <ns3:TrackPointExtension>
            <ns3:hr>100</ns3:hr>
          </ns3:TrackPointExtension>
        </extensions>
      </trkpt>
      <trkpt lat="25.85762612521648406982421875" lon="119.56873990595340728759765625">
        <ele>22.200000762939453125</ele>
        <time>2025-05-21T10:16:38.000Z</time>
        <extensions>
          <ns3:TrackPointExtension>
            <ns3:hr>100</ns3:hr>
          </ns3:TrackPointExtension>
        </extensions>
      </trkpt>
      <trkpt lat="25.85765219293534755706787109375" lon="119.56869925372302532196044921875">
        <ele>22.200000762939453125</ele>
        <time>2025-05-21T10:16:41.000Z</time>
        <extensions>
          <ns3:TrackPointExtension>
            <ns3:hr>100</ns3:hr>
          </ns3:TrackPointExtension>
        </extensions>
      </trkpt>
      <trkpt lat="25.8576769195497035980224609375" lon="119.56865432672202587127685546875">
        <ele>22.200000762939453125</ele>
        <time>2025-05-21T10:16:45.000Z</time>
        <extensions>
          <ns3:TrackPointExtension>
            <ns3:hr>101</ns3:hr>
          </ns3:TrackPointExtension>
        </extensions>
      </trkpt>
      <trkpt lat="25.85768303833901882171630859375" lon="119.56864410080015659332275390625">
        <ele>22.200000762939453125</ele>
        <time>2025-05-21T10:16:46.000Z</time>
        <extensions>
          <ns3:TrackPointExtension>
            <ns3:hr>102</ns3:hr>
          </ns3:TrackPointExtension>
        </extensions>
      </trkpt>
      <trkpt lat="25.85772360675036907196044921875" lon="119.5685742795467376708984375">
        <ele>22.200000762939453125</ele>
        <time>2025-05-21T10:16:52.000Z</time>
        <extensions>
          <ns3:TrackPointExtension>
            <ns3:hr>101</ns3:hr>
          </ns3:TrackPointExtension>
        </extensions>
      </trkpt>
      <trkpt lat="25.85774858482182025909423828125" lon="119.5684510655701160430908203125">
        <ele>22</ele>
        <time>2025-05-21T10:16:59.000Z</time>
        <extensions>
          <ns3:TrackPointExtension>
            <ns3:hr>101</ns3:hr>
          </ns3:TrackPointExtension>
        </extensions>
      </trkpt>
      <trkpt lat="25.857774652540683746337890625" lon="119.56837110221385955810546875">
        <ele>22</ele>
        <time>2025-05-21T10:17:05.000Z</time>
        <extensions>
          <ns3:TrackPointExtension>
            <ns3:hr>102</ns3:hr>
          </ns3:TrackPointExtension>
        </extensions>
      </trkpt>
      <trkpt lat="25.8578150533139705657958984375" lon="119.5682844333350658416748046875">
        <ele>21.799999237060546875</ele>
        <time>2025-05-21T10:17:12.000Z</time>
        <extensions>
          <ns3:TrackPointExtension>
            <ns3:hr>101</ns3:hr>
          </ns3:TrackPointExtension>
        </extensions>
      </trkpt>
      <trkpt lat="25.85785411298274993896484375" lon="119.56818829290568828582763671875">
        <ele>21.799999237060546875</ele>
        <time>2025-05-21T10:17:20.000Z</time>
        <extensions>
          <ns3:TrackPointExtension>
            <ns3:hr>102</ns3:hr>
          </ns3:TrackPointExtension>
        </extensions>
      </trkpt>
      <trkpt lat="25.857858471572399139404296875" lon="119.56817664206027984619140625">
        <ele>21.6000003814697265625</ele>
        <time>2025-05-21T10:17:21.000Z</time>
        <extensions>
          <ns3:TrackPointExtension>
            <ns3:hr>102</ns3:hr>
          </ns3:TrackPointExtension>
        </extensions>
      </trkpt>
      <trkpt lat="25.85789677686989307403564453125" lon="119.5680943317711353302001953125">
        <ele>21.6000003814697265625</ele>
        <time>2025-05-21T10:17:27.000Z</time>
        <extensions>
          <ns3:TrackPointExtension>
            <ns3:hr>102</ns3:hr>
          </ns3:TrackPointExtension>
        </extensions>
      </trkpt>
      <trkpt lat="25.85794589482247829437255859375" lon="119.56796717830002307891845703125">
        <ele>21.3999996185302734375</ele>
        <time>2025-05-21T10:17:37.000Z</time>
        <extensions>
          <ns3:TrackPointExtension>
            <ns3:hr>102</ns3:hr>
          </ns3:TrackPointExtension>
        </extensions>
      </trkpt>
      <trkpt lat="25.85797020234167575836181640625" lon="119.56791110336780548095703125">
        <ele>21.200000762939453125</ele>
        <time>2025-05-21T10:17:43.000Z</time>
        <extensions>
          <ns3:TrackPointExtension>
            <ns3:hr>101</ns3:hr>
          </ns3:TrackPointExtension>
        </extensions>
      </trkpt>
      <trkpt lat="25.85801077075302600860595703125" lon="119.5677774958312511444091796875">
        <ele>21</ele>
        <time>2025-05-21T10:17:52.000Z</time>
        <extensions>
          <ns3:TrackPointExtension>
            <ns3:hr>100</ns3:hr>
          </ns3:TrackPointExtension>
        </extensions>
      </trkpt>
      <trkpt lat="25.858026109635829925537109375" lon="119.5677268691360950469970703125">
        <ele>20.799999237060546875</ele>
        <time>2025-05-21T10:17:56.000Z</time>
        <extensions>
          <ns3:TrackPointExtension>
            <ns3:hr>101</ns3:hr>
          </ns3:TrackPointExtension>
        </extensions>
      </trkpt>
      <trkpt lat="25.85804496891796588897705078125" lon="119.5677030645310878753662109375">
        <ele>20.799999237060546875</ele>
        <time>2025-05-21T10:17:59.000Z</time>
        <extensions>
          <ns3:TrackPointExtension>
            <ns3:hr>100</ns3:hr>
          </ns3:TrackPointExtension>
        </extensions>
      </trkpt>
      <trkpt lat="25.85805100388824939727783203125" lon="119.5676913298666477203369140625">
        <ele>20.6000003814697265625</ele>
        <time>2025-05-21T10:18:01.000Z</time>
        <extensions>
          <ns3:TrackPointExtension>
            <ns3:hr>100</ns3:hr>
          </ns3:TrackPointExtension>
        </extensions>
      </trkpt>
      <trkpt lat="25.85805754177272319793701171875" lon="119.56768470816314220428466796875">
        <ele>20.6000003814697265625</ele>
        <time>2025-05-21T10:18:02.000Z</time>
        <extensions>
          <ns3:TrackPointExtension>
            <ns3:hr>101</ns3:hr>
          </ns3:TrackPointExtension>
        </extensions>
      </trkpt>
      <trkpt lat="25.85807480849325656890869140625" lon="119.567666351795196533203125">
        <ele>20.799999237060546875</ele>
        <time>2025-05-21T10:18:04.000Z</time>
        <extensions>
          <ns3:TrackPointExtension>
            <ns3:hr>100</ns3:hr>
          </ns3:TrackPointExtension>
        </extensions>
      </trkpt>
      <trkpt lat="25.85808922536671161651611328125" lon="119.5676403678953647613525390625">
        <ele>21</ele>
        <time>2025-05-21T10:18:06.000Z</time>
        <extensions>
          <ns3:TrackPointExtension>
            <ns3:hr>101</ns3:hr>
          </ns3:TrackPointExtension>
        </extensions>
      </trkpt>
      <trkpt lat="25.8581359125673770904541015625" lon="119.567500390112400054931640625">
        <ele>20.3999996185302734375</ele>
        <time>2025-05-21T10:18:14.000Z</time>
        <extensions>
          <ns3:TrackPointExtension>
            <ns3:hr>101</ns3:hr>
          </ns3:TrackPointExtension>
        </extensions>
      </trkpt>
      <trkpt lat="25.85817874409258365631103515625" lon="119.56740693189203739166259765625">
        <ele>20</ele>
        <time>2025-05-21T10:18:22.000Z</time>
        <extensions>
          <ns3:TrackPointExtension>
            <ns3:hr>103</ns3:hr>
          </ns3:TrackPointExtension>
        </extensions>
      </trkpt>
      <trkpt lat="25.85821294225752353668212890625" lon="119.5673064328730106353759765625">
        <ele>19.799999237060546875</ele>
        <time>2025-05-21T10:18:30.000Z</time>
        <extensions>
          <ns3:TrackPointExtension>
            <ns3:hr>102</ns3:hr>
          </ns3:TrackPointExtension>
        </extensions>
      </trkpt>
      <trkpt lat="25.85824630223214626312255859375" lon="119.56721230410039424896240234375">
        <ele>19.799999237060546875</ele>
        <time>2025-05-21T10:18:37.000Z</time>
        <extensions>
          <ns3:TrackPointExtension>
            <ns3:hr>102</ns3:hr>
          </ns3:TrackPointExtension>
        </extensions>
      </trkpt>
      <trkpt lat="25.8582693524658679962158203125" lon="119.5671354420483112335205078125">
        <ele>19.6000003814697265625</ele>
        <time>2025-05-21T10:18:43.000Z</time>
        <extensions>
          <ns3:TrackPointExtension>
            <ns3:hr>102</ns3:hr>
          </ns3:TrackPointExtension>
        </extensions>
      </trkpt>
      <trkpt lat="25.858272872865200042724609375" lon="119.5671096257865428924560546875">
        <ele>19.6000003814697265625</ele>
        <time>2025-05-21T10:18:45.000Z</time>
        <extensions>
          <ns3:TrackPointExtension>
            <ns3:hr>102</ns3:hr>
          </ns3:TrackPointExtension>
        </extensions>
      </trkpt>
      <trkpt lat="25.85829860530793666839599609375" lon="119.56701532937586307525634765625">
        <ele>19.6000003814697265625</ele>
        <time>2025-05-21T10:18:52.000Z</time>
        <extensions>
          <ns3:TrackPointExtension>
            <ns3:hr>99</ns3:hr>
          </ns3:TrackPointExtension>
        </extensions>
      </trkpt>
      <trkpt lat="25.858315117657184600830078125" lon="119.56699269823729991912841796875">
        <ele>19.6000003814697265625</ele>
        <time>2025-05-21T10:18:54.000Z</time>
        <extensions>
          <ns3:TrackPointExtension>
            <ns3:hr>98</ns3:hr>
          </ns3:TrackPointExtension>
        </extensions>
      </trkpt>
      <trkpt lat="25.85833179764449596405029296875" lon="119.566946513950824737548828125">
        <ele>19.6000003814697265625</ele>
        <time>2025-05-21T10:18:57.000Z</time>
        <extensions>
          <ns3:TrackPointExtension>
            <ns3:hr>97</ns3:hr>
          </ns3:TrackPointExtension>
        </extensions>
      </trkpt>
      <trkpt lat="25.858337581157684326171875" lon="119.56690653227269649505615234375">
        <ele>19.3999996185302734375</ele>
        <time>2025-05-21T10:19:00.000Z</time>
        <extensions>
          <ns3:TrackPointExtension>
            <ns3:hr>97</ns3:hr>
          </ns3:TrackPointExtension>
        </extensions>
      </trkpt>
      <trkpt lat="25.8583576977252960205078125" lon="119.56684920005500316619873046875">
        <ele>19.3999996185302734375</ele>
        <time>2025-05-21T10:19:06.000Z</time>
        <extensions>
          <ns3:TrackPointExtension>
            <ns3:hr>98</ns3:hr>
          </ns3:TrackPointExtension>
        </extensions>
      </trkpt>
      <trkpt lat="25.85837270133197307586669921875" lon="119.56682371906936168670654296875">
        <ele>19.3999996185302734375</ele>
        <time>2025-05-21T10:19:08.000Z</time>
        <extensions>
          <ns3:TrackPointExtension>
            <ns3:hr>99</ns3:hr>
          </ns3:TrackPointExtension>
        </extensions>
      </trkpt>
      <trkpt lat="25.85841058753430843353271484375" lon="119.56673629581928253173828125">
        <ele>19.200000762939453125</ele>
        <time>2025-05-21T10:19:16.000Z</time>
        <extensions>
          <ns3:TrackPointExtension>
            <ns3:hr>99</ns3:hr>
          </ns3:TrackPointExtension>
        </extensions>
      </trkpt>
      <trkpt lat="25.85844059474766254425048828125" lon="119.56665775738656520843505859375">
        <ele>19.200000762939453125</ele>
        <time>2025-05-21T10:19:21.000Z</time>
        <extensions>
          <ns3:TrackPointExtension>
            <ns3:hr>98</ns3:hr>
          </ns3:TrackPointExtension>
        </extensions>
      </trkpt>
      <trkpt lat="25.85847613401710987091064453125" lon="119.56657527945935726165771484375">
        <ele>19</ele>
        <time>2025-05-21T10:19:27.000Z</time>
        <extensions>
          <ns3:TrackPointExtension>
            <ns3:hr>99</ns3:hr>
          </ns3:TrackPointExtension>
        </extensions>
      </trkpt>
      <trkpt lat="25.85852407850325107574462890625" lon="119.566485174000263214111328125">
        <ele>18.799999237060546875</ele>
        <time>2025-05-21T10:19:34.000Z</time>
        <extensions>
          <ns3:TrackPointExtension>
            <ns3:hr>97</ns3:hr>
          </ns3:TrackPointExtension>
        </extensions>
      </trkpt>
      <trkpt lat="25.8585466258227825164794921875" lon="119.56644603051245212554931640625">
        <ele>18.6000003814697265625</ele>
        <time>2025-05-21T10:19:38.000Z</time>
        <extensions>
          <ns3:TrackPointExtension>
            <ns3:hr>98</ns3:hr>
          </ns3:TrackPointExtension>
        </extensions>
      </trkpt>
      <trkpt lat="25.85855509154498577117919921875" lon="119.566426165401935577392578125">
        <ele>18.6000003814697265625</ele>
        <time>2025-05-21T10:19:40.000Z</time>
        <extensions>
          <ns3:TrackPointExtension>
            <ns3:hr>98</ns3:hr>
          </ns3:TrackPointExtension>
        </extensions>
      </trkpt>
      <trkpt lat="25.8585721068084239959716796875" lon="119.5663426816463470458984375">
        <ele>18.3999996185302734375</ele>
        <time>2025-05-21T10:19:46.000Z</time>
        <extensions>
          <ns3:TrackPointExtension>
            <ns3:hr>99</ns3:hr>
          </ns3:TrackPointExtension>
        </extensions>
      </trkpt>
      <trkpt lat="25.85860655643045902252197265625" lon="119.56626556813716888427734375">
        <ele>18.200000762939453125</ele>
        <time>2025-05-21T10:19:52.000Z</time>
        <extensions>
          <ns3:TrackPointExtension>
            <ns3:hr>102</ns3:hr>
          </ns3:TrackPointExtension>
        </extensions>
      </trkpt>
      <trkpt lat="25.858626924455165863037109375" lon="119.56625676713883876800537109375">
        <ele>18</ele>
        <time>2025-05-21T10:19:54.000Z</time>
        <extensions>
          <ns3:TrackPointExtension>
            <ns3:hr>102</ns3:hr>
          </ns3:TrackPointExtension>
        </extensions>
      </trkpt>
      <trkpt lat="25.8587010204792022705078125" lon="119.56626959145069122314453125">
        <ele>17.799999237060546875</ele>
        <time>2025-05-21T10:19:59.000Z</time>
        <extensions>
          <ns3:TrackPointExtension>
            <ns3:hr>102</ns3:hr>
          </ns3:TrackPointExtension>
        </extensions>
      </trkpt>
      <trkpt lat="25.8587270043790340423583984375" lon="119.5662814937531948089599609375">
        <ele>17.799999237060546875</ele>
        <time>2025-05-21T10:20:01.000Z</time>
        <extensions>
          <ns3:TrackPointExtension>
            <ns3:hr>102</ns3:hr>
          </ns3:TrackPointExtension>
        </extensions>
      </trkpt>
      <trkpt lat="25.8588051237165927886962890625" lon="119.56631116569042205810546875">
        <ele>17.6000003814697265625</ele>
        <time>2025-05-21T10:20:07.000Z</time>
        <extensions>
          <ns3:TrackPointExtension>
            <ns3:hr>102</ns3:hr>
          </ns3:TrackPointExtension>
        </extensions>
      </trkpt>
      <trkpt lat="25.85883605293929576873779296875" lon="119.56632432527840137481689453125">
        <ele>17.6000003814697265625</ele>
        <time>2025-05-21T10:20:09.000Z</time>
        <extensions>
          <ns3:TrackPointExtension>
            <ns3:hr>102</ns3:hr>
          </ns3:TrackPointExtension>
        </extensions>
      </trkpt>
      <trkpt lat="25.85892163217067718505859375" lon="119.56636439077556133270263671875">
        <ele>17.6000003814697265625</ele>
        <time>2025-05-21T10:20:15.000Z</time>
        <extensions>
          <ns3:TrackPointExtension>
            <ns3:hr>100</ns3:hr>
          </ns3:TrackPointExtension>
        </extensions>
      </trkpt>
      <trkpt lat="25.8590498752892017364501953125" lon="119.56644737161695957183837890625">
        <ele>17.6000003814697265625</ele>
        <time>2025-05-21T10:20:25.000Z</time>
        <extensions>
          <ns3:TrackPointExtension>
            <ns3:hr>101</ns3:hr>
          </ns3:TrackPointExtension>
        </extensions>
      </trkpt>
      <trkpt lat="25.85913528688251972198486328125" lon="119.56648022867739200592041015625">
        <ele>17.3999996185302734375</ele>
        <time>2025-05-21T10:20:33.000Z</time>
        <extensions>
          <ns3:TrackPointExtension>
            <ns3:hr>102</ns3:hr>
          </ns3:TrackPointExtension>
        </extensions>
      </trkpt>
      <trkpt lat="25.85916839540004730224609375" lon="119.56652130000293254852294921875">
        <ele>17.3999996185302734375</ele>
        <time>2025-05-21T10:20:38.000Z</time>
        <extensions>
          <ns3:TrackPointExtension>
            <ns3:hr>105</ns3:hr>
          </ns3:TrackPointExtension>
        </extensions>
      </trkpt>
      <trkpt lat="25.8591677248477935791015625" lon="119.566521383821964263916015625">
        <ele>17.6000003814697265625</ele>
        <time>2025-05-21T10:20:39.000Z</time>
        <extensions>
          <ns3:TrackPointExtension>
            <ns3:hr>105</ns3:hr>
          </ns3:TrackPointExtension>
        </extensions>
      </trkpt>
      <trkpt lat="25.85915942676365375518798828125" lon="119.5665322802960872650146484375">
        <ele>17.799999237060546875</ele>
        <time>2025-05-21T10:23:49.000Z</time>
        <extensions>
          <ns3:TrackPointExtension>
            <ns3:hr>96</ns3:hr>
          </ns3:TrackPointExtension>
        </extensions>
      </trkpt>
      <trkpt lat="25.85916378535330295562744140625" lon="119.56652951426804065704345703125">
        <ele>17.799999237060546875</ele>
        <time>2025-05-21T10:23:50.000Z</time>
        <extensions>
          <ns3:TrackPointExtension>
            <ns3:hr>97</ns3:hr>
          </ns3:TrackPointExtension>
        </extensions>
      </trkpt>
      <trkpt lat="25.85919681005179882049560546875" lon="119.56654426641762256622314453125">
        <ele>17.799999237060546875</ele>
        <time>2025-05-21T10:23:54.000Z</time>
        <extensions>
          <ns3:TrackPointExtension>
            <ns3:hr>97</ns3:hr>
          </ns3:TrackPointExtension>
        </extensions>
      </trkpt>
      <trkpt lat="25.85928750224411487579345703125" lon="119.56658475100994110107421875">
        <ele>17.6000003814697265625</ele>
        <time>2025-05-21T10:24:03.000Z</time>
        <extensions>
          <ns3:TrackPointExtension>
            <ns3:hr>98</ns3:hr>
          </ns3:TrackPointExtension>
        </extensions>
      </trkpt>
      <trkpt lat="25.8593261428177356719970703125" lon="119.56660310737788677215576171875">
        <ele>17.6000003814697265625</ele>
        <time>2025-05-21T10:24:07.000Z</time>
        <extensions>
          <ns3:TrackPointExtension>
            <ns3:hr>102</ns3:hr>
          </ns3:TrackPointExtension>
        </extensions>
      </trkpt>
      <trkpt lat="25.8593781106173992156982421875" lon="119.56662557087838649749755859375">
        <ele>17.799999237060546875</ele>
        <time>2025-05-21T10:24:11.000Z</time>
        <extensions>
          <ns3:TrackPointExtension>
            <ns3:hr>103</ns3:hr>
          </ns3:TrackPointExtension>
        </extensions>
      </trkpt>
      <trkpt lat="25.85946687497198581695556640625" lon="119.566667564213275909423828125">
        <ele>18</ele>
        <time>2025-05-21T10:24:19.000Z</time>
        <extensions>
          <ns3:TrackPointExtension>
            <ns3:hr>98</ns3:hr>
          </ns3:TrackPointExtension>
        </extensions>
      </trkpt>
      <trkpt lat="25.85947978310286998748779296875" lon="119.56667183898389339447021484375">
        <ele>18</ele>
        <time>2025-05-21T10:24:20.000Z</time>
        <extensions>
          <ns3:TrackPointExtension>
            <ns3:hr>97</ns3:hr>
          </ns3:TrackPointExtension>
        </extensions>
      </trkpt>
      <trkpt lat="25.8595839701592922210693359375" lon="119.56671777181327342987060546875">
        <ele>18</ele>
        <time>2025-05-21T10:24:29.000Z</time>
        <extensions>
          <ns3:TrackPointExtension>
            <ns3:hr>100</ns3:hr>
          </ns3:TrackPointExtension>
        </extensions>
      </trkpt>
      <trkpt lat="25.859630070626735687255859375" lon="119.56673872657120227813720703125">
        <ele>18</ele>
        <time>2025-05-21T10:24:33.000Z</time>
        <extensions>
          <ns3:TrackPointExtension>
            <ns3:hr>101</ns3:hr>
          </ns3:TrackPointExtension>
        </extensions>
      </trkpt>
      <trkpt lat="25.85970676504075527191162109375" lon="119.566764123737812042236328125">
        <ele>18</ele>
        <time>2025-05-21T10:24:40.000Z</time>
        <extensions>
          <ns3:TrackPointExtension>
            <ns3:hr>105</ns3:hr>
          </ns3:TrackPointExtension>
        </extensions>
      </trkpt>
      <trkpt lat="25.859757475554943084716796875" lon="119.56678080372512340545654296875">
        <ele>18</ele>
        <time>2025-05-21T10:24:44.000Z</time>
        <extensions>
          <ns3:TrackPointExtension>
            <ns3:hr>106</ns3:hr>
          </ns3:TrackPointExtension>
        </extensions>
      </trkpt>
      <trkpt lat="25.85988521575927734375" lon="119.56679974682629108428955078125">
        <ele>17.6000003814697265625</ele>
        <time>2025-05-21T10:24:54.000Z</time>
        <extensions>
          <ns3:TrackPointExtension>
            <ns3:hr>104</ns3:hr>
          </ns3:TrackPointExtension>
        </extensions>
      </trkpt>
      <trkpt lat="25.8600260317325592041015625" lon="119.5667825639247894287109375">
        <ele>17.799999237060546875</ele>
        <time>2025-05-21T10:25:05.000Z</time>
        <extensions>
          <ns3:TrackPointExtension>
            <ns3:hr>103</ns3:hr>
          </ns3:TrackPointExtension>
        </extensions>
      </trkpt>
      <trkpt lat="25.860155783593654632568359375" lon="119.56672414205968379974365234375">
        <ele>18.200000762939453125</ele>
        <time>2025-05-21T10:25:15.000Z</time>
        <extensions>
          <ns3:TrackPointExtension>
            <ns3:hr>102</ns3:hr>
          </ns3:TrackPointExtension>
        </extensions>
      </trkpt>
      <trkpt lat="25.8602337352931499481201171875" lon="119.5666834898293018341064453125">
        <ele>18</ele>
        <time>2025-05-21T10:25:22.000Z</time>
        <extensions>
          <ns3:TrackPointExtension>
            <ns3:hr>102</ns3:hr>
          </ns3:TrackPointExtension>
        </extensions>
      </trkpt>
      <trkpt lat="25.86035351268947124481201171875" lon="119.566604532301425933837890625">
        <ele>18.200000762939453125</ele>
        <time>2025-05-21T10:25:33.000Z</time>
        <extensions>
          <ns3:TrackPointExtension>
            <ns3:hr>102</ns3:hr>
          </ns3:TrackPointExtension>
        </extensions>
      </trkpt>
      <trkpt lat="25.86050220765173435211181640625" lon="119.56651191227138042449951171875">
        <ele>18</ele>
        <time>2025-05-21T10:25:47.000Z</time>
        <extensions>
          <ns3:TrackPointExtension>
            <ns3:hr>102</ns3:hr>
          </ns3:TrackPointExtension>
        </extensions>
      </trkpt>
      <trkpt lat="25.86062483489513397216796875" lon="119.56643781624734401702880859375">
        <ele>18.200000762939453125</ele>
        <time>2025-05-21T10:25:57.000Z</time>
        <extensions>
          <ns3:TrackPointExtension>
            <ns3:hr>103</ns3:hr>
          </ns3:TrackPointExtension>
        </extensions>
      </trkpt>
      <trkpt lat="25.8607721887528896331787109375" lon="119.5663525722920894622802734375">
        <ele>17.6000003814697265625</ele>
        <time>2025-05-21T10:26:10.000Z</time>
        <extensions>
          <ns3:TrackPointExtension>
            <ns3:hr>102</ns3:hr>
          </ns3:TrackPointExtension>
        </extensions>
      </trkpt>
      <trkpt lat="25.86078174412250518798828125" lon="119.56634695641696453094482421875">
        <ele>17.6000003814697265625</ele>
        <time>2025-05-21T10:26:11.000Z</time>
        <extensions>
          <ns3:TrackPointExtension>
            <ns3:hr>94</ns3:hr>
          </ns3:TrackPointExtension>
        </extensions>
      </trkpt>
      <trkpt lat="25.8607912994921207427978515625" lon="119.56633974798023700714111328125">
        <ele>17.6000003814697265625</ele>
        <time>2025-05-21T10:26:12.000Z</time>
        <extensions>
          <ns3:TrackPointExtension>
            <ns3:hr>94</ns3:hr>
          </ns3:TrackPointExtension>
        </extensions>
      </trkpt>
      <trkpt lat="25.86087696254253387451171875" lon="119.5662885345518589019775390625">
        <ele>17.799999237060546875</ele>
        <time>2025-05-21T10:26:20.000Z</time>
        <extensions>
          <ns3:TrackPointExtension>
            <ns3:hr>97</ns3:hr>
          </ns3:TrackPointExtension>
        </extensions>
      </trkpt>
      <trkpt lat="25.86089867167174816131591796875" lon="119.566277302801609039306640625">
        <ele>17.6000003814697265625</ele>
        <time>2025-05-21T10:26:22.000Z</time>
        <extensions>
          <ns3:TrackPointExtension>
            <ns3:hr>100</ns3:hr>
          </ns3:TrackPointExtension>
        </extensions>
      </trkpt>
      <trkpt lat="25.8609901182353496551513671875" lon="119.56624268554151058197021484375">
        <ele>17.6000003814697265625</ele>
        <time>2025-05-21T10:26:30.000Z</time>
        <extensions>
          <ns3:TrackPointExtension>
            <ns3:hr>102</ns3:hr>
          </ns3:TrackPointExtension>
        </extensions>
      </trkpt>
      <trkpt lat="25.8611205406486988067626953125" lon="119.566223658621311187744140625">
        <ele>17.799999237060546875</ele>
        <time>2025-05-21T10:26:40.000Z</time>
        <extensions>
          <ns3:TrackPointExtension>
            <ns3:hr>103</ns3:hr>
          </ns3:TrackPointExtension>
        </extensions>
      </trkpt>
      <trkpt lat="25.8612181060016155242919921875" lon="119.566252492368221282958984375">
        <ele>18</ele>
        <time>2025-05-21T10:26:48.000Z</time>
        <extensions>
          <ns3:TrackPointExtension>
            <ns3:hr>105</ns3:hr>
          </ns3:TrackPointExtension>
        </extensions>
      </trkpt>
      <trkpt lat="25.8612831495702266693115234375" lon="119.5662607066333293914794921875">
        <ele>18</ele>
        <time>2025-05-21T10:26:53.000Z</time>
        <extensions>
          <ns3:TrackPointExtension>
            <ns3:hr>102</ns3:hr>
          </ns3:TrackPointExtension>
        </extensions>
      </trkpt>
      <trkpt lat="25.86136453785002231597900390625" lon="119.5662818290293216705322265625">
        <ele>18</ele>
        <time>2025-05-21T10:27:00.000Z</time>
        <extensions>
          <ns3:TrackPointExtension>
            <ns3:hr>102</ns3:hr>
          </ns3:TrackPointExtension>
        </extensions>
      </trkpt>
      <trkpt lat="25.86146302521228790283203125" lon="119.5663327910006046295166015625">
        <ele>17.799999237060546875</ele>
        <time>2025-05-21T10:27:08.000Z</time>
        <extensions>
          <ns3:TrackPointExtension>
            <ns3:hr>103</ns3:hr>
          </ns3:TrackPointExtension>
        </extensions>
      </trkpt>
      <trkpt lat="25.8615822158753871917724609375" lon="119.56638014875352382659912109375">
        <ele>18</ele>
        <time>2025-05-21T10:27:18.000Z</time>
        <extensions>
          <ns3:TrackPointExtension>
            <ns3:hr>103</ns3:hr>
          </ns3:TrackPointExtension>
        </extensions>
      </trkpt>
      <trkpt lat="25.86168103851377964019775390625" lon="119.56642784178256988525390625">
        <ele>17.799999237060546875</ele>
        <time>2025-05-21T10:27:27.000Z</time>
        <extensions>
          <ns3:TrackPointExtension>
            <ns3:hr>103</ns3:hr>
          </ns3:TrackPointExtension>
        </extensions>
      </trkpt>
      <trkpt lat="25.86180408485233783721923828125" lon="119.56648425199091434478759765625">
        <ele>17.799999237060546875</ele>
        <time>2025-05-21T10:27:36.000Z</time>
        <extensions>
          <ns3:TrackPointExtension>
            <ns3:hr>103</ns3:hr>
          </ns3:TrackPointExtension>
        </extensions>
      </trkpt>
      <trkpt lat="25.86189645342528820037841796875" lon="119.56651744432747364044189453125">
        <ele>18</ele>
        <time>2025-05-21T10:27:44.000Z</time>
        <extensions>
          <ns3:TrackPointExtension>
            <ns3:hr>103</ns3:hr>
          </ns3:TrackPointExtension>
        </extensions>
      </trkpt>
      <trkpt lat="25.8620060048997402191162109375" lon="119.56648056395351886749267578125">
        <ele>17.3999996185302734375</ele>
        <time>2025-05-21T10:27:53.000Z</time>
        <extensions>
          <ns3:TrackPointExtension>
            <ns3:hr>101</ns3:hr>
          </ns3:TrackPointExtension>
        </extensions>
      </trkpt>
      <trkpt lat="25.86207565851509571075439453125" lon="119.56636874936521053314208984375">
        <ele>17.200000762939453125</ele>
        <time>2025-05-21T10:28:01.000Z</time>
        <extensions>
          <ns3:TrackPointExtension>
            <ns3:hr>100</ns3:hr>
          </ns3:TrackPointExtension>
        </extensions>
      </trkpt>
      <trkpt lat="25.86213567294180393218994140625" lon="119.56622675992548465728759765625">
        <ele>16.799999237060546875</ele>
        <time>2025-05-21T10:28:12.000Z</time>
        <extensions>
          <ns3:TrackPointExtension>
            <ns3:hr>100</ns3:hr>
          </ns3:TrackPointExtension>
        </extensions>
      </trkpt>
      <trkpt lat="25.86219987832009792327880859375" lon="119.56605224870145320892333984375">
        <ele>16.799999237060546875</ele>
        <time>2025-05-21T10:28:25.000Z</time>
        <extensions>
          <ns3:TrackPointExtension>
            <ns3:hr>99</ns3:hr>
          </ns3:TrackPointExtension>
        </extensions>
      </trkpt>
      <trkpt lat="25.86221680976450443267822265625" lon="119.566049315035343170166015625">
        <ele>16.799999237060546875</ele>
        <time>2025-05-21T10:28:27.000Z</time>
        <extensions>
          <ns3:TrackPointExtension>
            <ns3:hr>100</ns3:hr>
          </ns3:TrackPointExtension>
        </extensions>
      </trkpt>
      <trkpt lat="25.86222477257251739501953125" lon="119.566058702766895294189453125">
        <ele>16.799999237060546875</ele>
        <time>2025-05-21T10:28:29.000Z</time>
        <extensions>
          <ns3:TrackPointExtension>
            <ns3:hr>100</ns3:hr>
          </ns3:TrackPointExtension>
        </extensions>
      </trkpt>
      <trkpt lat="25.86222569458186626434326171875" lon="119.5660436153411865234375">
        <ele>16.799999237060546875</ele>
        <time>2025-05-21T10:28:32.000Z</time>
        <extensions>
          <ns3:TrackPointExtension>
            <ns3:hr>101</ns3:hr>
          </ns3:TrackPointExtension>
        </extensions>
      </trkpt>
      <trkpt lat="25.86222753860056400299072265625" lon="119.56601637415587902069091796875">
        <ele>16.799999237060546875</ele>
        <time>2025-05-21T10:28:34.000Z</time>
        <extensions>
          <ns3:TrackPointExtension>
            <ns3:hr>101</ns3:hr>
          </ns3:TrackPointExtension>
        </extensions>
      </trkpt>
      <trkpt lat="25.86226508952677249908447265625" lon="119.56590757705271244049072265625">
        <ele>16.6000003814697265625</ele>
        <time>2025-05-21T10:28:42.000Z</time>
        <extensions>
          <ns3:TrackPointExtension>
            <ns3:hr>101</ns3:hr>
          </ns3:TrackPointExtension>
        </extensions>
      </trkpt>
      <trkpt lat="25.8622702024877071380615234375" lon="119.565891735255718231201171875">
        <ele>16.6000003814697265625</ele>
        <time>2025-05-21T10:28:43.000Z</time>
        <extensions>
          <ns3:TrackPointExtension>
            <ns3:hr>101</ns3:hr>
          </ns3:TrackPointExtension>
        </extensions>
      </trkpt>
      <trkpt lat="25.8623161353170871734619140625" lon="119.565783776342868804931640625">
        <ele>16.200000762939453125</ele>
        <time>2025-05-21T10:28:51.000Z</time>
        <extensions>
          <ns3:TrackPointExtension>
            <ns3:hr>101</ns3:hr>
          </ns3:TrackPointExtension>
        </extensions>
      </trkpt>
      <trkpt lat="25.862384699285030364990234375" lon="119.56565343774855136871337890625">
        <ele>15.80000019073486328125</ele>
        <time>2025-05-21T10:29:01.000Z</time>
        <extensions>
          <ns3:TrackPointExtension>
            <ns3:hr>102</ns3:hr>
          </ns3:TrackPointExtension>
        </extensions>
      </trkpt>
      <trkpt lat="25.86244144476950168609619140625" lon="119.5655422098934650421142578125">
        <ele>15.6000003814697265625</ele>
        <time>2025-05-21T10:29:10.000Z</time>
        <extensions>
          <ns3:TrackPointExtension>
            <ns3:hr>102</ns3:hr>
          </ns3:TrackPointExtension>
        </extensions>
      </trkpt>
      <trkpt lat="25.8624867908656597137451171875" lon="119.56551647745072841644287109375">
        <ele>15.6000003814697265625</ele>
        <time>2025-05-21T10:29:14.000Z</time>
        <extensions>
          <ns3:TrackPointExtension>
            <ns3:hr>102</ns3:hr>
          </ns3:TrackPointExtension>
        </extensions>
      </trkpt>
      <trkpt lat="25.86256541311740875244140625" lon="119.56552603282034397125244140625">
        <ele>15.6000003814697265625</ele>
        <time>2025-05-21T10:29:20.000Z</time>
        <extensions>
          <ns3:TrackPointExtension>
            <ns3:hr>102</ns3:hr>
          </ns3:TrackPointExtension>
        </extensions>
      </trkpt>
      <trkpt lat="25.86269910447299480438232421875" lon="119.56562208943068981170654296875">
        <ele>15.6000003814697265625</ele>
        <time>2025-05-21T10:29:31.000Z</time>
        <extensions>
          <ns3:TrackPointExtension>
            <ns3:hr>103</ns3:hr>
          </ns3:TrackPointExtension>
        </extensions>
      </trkpt>
      <trkpt lat="25.86281494237482547760009765625" lon="119.56571060232818126678466796875">
        <ele>15.6000003814697265625</ele>
        <time>2025-05-21T10:29:42.000Z</time>
        <extensions>
          <ns3:TrackPointExtension>
            <ns3:hr>104</ns3:hr>
          </ns3:TrackPointExtension>
        </extensions>
      </trkpt>
      <trkpt lat="25.8629565127193927764892578125" lon="119.56578520126640796661376953125">
        <ele>15.3999996185302734375</ele>
        <time>2025-05-21T10:29:54.000Z</time>
        <extensions>
          <ns3:TrackPointExtension>
            <ns3:hr>106</ns3:hr>
          </ns3:TrackPointExtension>
        </extensions>
      </trkpt>
      <trkpt lat="25.86306572891771793365478515625" lon="119.56584823317825794219970703125">
        <ele>15.3999996185302734375</ele>
        <time>2025-05-21T10:30:04.000Z</time>
        <extensions>
          <ns3:TrackPointExtension>
            <ns3:hr>109</ns3:hr>
          </ns3:TrackPointExtension>
        </extensions>
      </trkpt>
      <trkpt lat="25.86308634839951992034912109375" lon="119.56585728563368320465087890625">
        <ele>15.6000003814697265625</ele>
        <time>2025-05-21T10:30:06.000Z</time>
        <extensions>
          <ns3:TrackPointExtension>
            <ns3:hr>108</ns3:hr>
          </ns3:TrackPointExtension>
        </extensions>
      </trkpt>
      <trkpt lat="25.86323420517146587371826171875" lon="119.565885365009307861328125">
        <ele>15.6000003814697265625</ele>
        <time>2025-05-21T10:30:16.000Z</time>
        <extensions>
          <ns3:TrackPointExtension>
            <ns3:hr>108</ns3:hr>
          </ns3:TrackPointExtension>
        </extensions>
      </trkpt>
      <trkpt lat="25.863398574292659759521484375" lon="119.56594797782599925994873046875">
        <ele>15.6000003814697265625</ele>
        <time>2025-05-21T10:30:29.000Z</time>
        <extensions>
          <ns3:TrackPointExtension>
            <ns3:hr>108</ns3:hr>
          </ns3:TrackPointExtension>
        </extensions>
      </trkpt>
      <trkpt lat="25.86357937194406986236572265625" lon="119.566029198467731475830078125">
        <ele>15.6000003814697265625</ele>
        <time>2025-05-21T10:30:43.000Z</time>
        <extensions>
          <ns3:TrackPointExtension>
            <ns3:hr>108</ns3:hr>
          </ns3:TrackPointExtension>
        </extensions>
      </trkpt>
      <trkpt lat="25.86371046490967273712158203125" lon="119.5660920627415180206298828125">
        <ele>15.6000003814697265625</ele>
        <time>2025-05-21T10:30:53.000Z</time>
        <extensions>
          <ns3:TrackPointExtension>
            <ns3:hr>110</ns3:hr>
          </ns3:TrackPointExtension>
        </extensions>
      </trkpt>
      <trkpt lat="25.86383686400949954986572265625" lon="119.5661547593772411346435546875">
        <ele>15.6000003814697265625</ele>
        <time>2025-05-21T10:31:04.000Z</time>
        <extensions>
          <ns3:TrackPointExtension>
            <ns3:hr>110</ns3:hr>
          </ns3:TrackPointExtension>
        </extensions>
      </trkpt>
      <trkpt lat="25.863995365798473358154296875" lon="119.5662295259535312652587890625">
        <ele>15.6000003814697265625</ele>
        <time>2025-05-21T10:31:16.000Z</time>
        <extensions>
          <ns3:TrackPointExtension>
            <ns3:hr>110</ns3:hr>
          </ns3:TrackPointExtension>
        </extensions>
      </trkpt>
      <trkpt lat="25.8641353435814380645751953125" lon="119.56630370579659938812255859375">
        <ele>15.6000003814697265625</ele>
        <time>2025-05-21T10:31:28.000Z</time>
        <extensions>
          <ns3:TrackPointExtension>
            <ns3:hr>111</ns3:hr>
          </ns3:TrackPointExtension>
        </extensions>
      </trkpt>
      <trkpt lat="25.86428336799144744873046875" lon="119.56636506132781505584716796875">
        <ele>15.80000019073486328125</ele>
        <time>2025-05-21T10:31:40.000Z</time>
        <extensions>
          <ns3:TrackPointExtension>
            <ns3:hr>110</ns3:hr>
          </ns3:TrackPointExtension>
        </extensions>
      </trkpt>
      <trkpt lat="25.86437833495438098907470703125" lon="119.56640630029141902923583984375">
        <ele>16</ele>
        <time>2025-05-21T10:31:48.000Z</time>
        <extensions>
          <ns3:TrackPointExtension>
            <ns3:hr>110</ns3:hr>
          </ns3:TrackPointExtension>
        </extensions>
      </trkpt>
      <trkpt lat="25.86446517147123813629150390625" lon="119.56645893864333629608154296875">
        <ele>15.80000019073486328125</ele>
        <time>2025-05-21T10:31:55.000Z</time>
        <extensions>
          <ns3:TrackPointExtension>
            <ns3:hr>110</ns3:hr>
          </ns3:TrackPointExtension>
        </extensions>
      </trkpt>
      <trkpt lat="25.8645722083747386932373046875" lon="119.56650939770042896270751953125">
        <ele>16</ele>
        <time>2025-05-21T10:32:04.000Z</time>
        <extensions>
          <ns3:TrackPointExtension>
            <ns3:hr>109</ns3:hr>
          </ns3:TrackPointExtension>
        </extensions>
      </trkpt>
      <trkpt lat="25.86468108929693698883056640625" lon="119.56657310016453266143798828125">
        <ele>16.200000762939453125</ele>
        <time>2025-05-21T10:32:13.000Z</time>
        <extensions>
          <ns3:TrackPointExtension>
            <ns3:hr>108</ns3:hr>
          </ns3:TrackPointExtension>
        </extensions>
      </trkpt>
      <trkpt lat="25.864756107330322265625" lon="119.56667301245033740997314453125">
        <ele>16.3999996185302734375</ele>
        <time>2025-05-21T10:32:22.000Z</time>
        <extensions>
          <ns3:TrackPointExtension>
            <ns3:hr>109</ns3:hr>
          </ns3:TrackPointExtension>
        </extensions>
      </trkpt>
      <trkpt lat="25.8647837676107883453369140625" lon="119.566739313304424285888671875">
        <ele>16.6000003814697265625</ele>
        <time>2025-05-21T10:32:27.000Z</time>
        <extensions>
          <ns3:TrackPointExtension>
            <ns3:hr>110</ns3:hr>
          </ns3:TrackPointExtension>
        </extensions>
      </trkpt>
      <trkpt lat="25.8647991903126239776611328125" lon="119.566768147051334381103515625">
        <ele>16.3999996185302734375</ele>
        <time>2025-05-21T10:32:31.000Z</time>
        <extensions>
          <ns3:TrackPointExtension>
            <ns3:hr>110</ns3:hr>
          </ns3:TrackPointExtension>
        </extensions>
      </trkpt>
      <trkpt lat="25.86477966047823429107666015625" lon="119.5667958073318004608154296875">
        <ele>16.6000003814697265625</ele>
        <time>2025-05-21T10:32:36.000Z</time>
        <extensions>
          <ns3:TrackPointExtension>
            <ns3:hr>110</ns3:hr>
          </ns3:TrackPointExtension>
        </extensions>
      </trkpt>
      <trkpt lat="25.864689052104949951171875" lon="119.5668849907815456390380859375">
        <ele>16.799999237060546875</ele>
        <time>2025-05-21T10:32:43.000Z</time>
        <extensions>
          <ns3:TrackPointExtension>
            <ns3:hr>110</ns3:hr>
          </ns3:TrackPointExtension>
        </extensions>
      </trkpt>
      <trkpt lat="25.86464487947523593902587890625" lon="119.56699755974113941192626953125">
        <ele>17.3999996185302734375</ele>
        <time>2025-05-21T10:32:51.000Z</time>
        <extensions>
          <ns3:TrackPointExtension>
            <ns3:hr>110</ns3:hr>
          </ns3:TrackPointExtension>
        </extensions>
      </trkpt>
      <trkpt lat="25.864613614976406097412109375" lon="119.56709914840757846832275390625">
        <ele>17.6000003814697265625</ele>
        <time>2025-05-21T10:32:58.000Z</time>
        <extensions>
          <ns3:TrackPointExtension>
            <ns3:hr>107</ns3:hr>
          </ns3:TrackPointExtension>
        </extensions>
      </trkpt>
      <trkpt lat="25.86460749618709087371826171875" lon="119.567127563059329986572265625">
        <ele>17.6000003814697265625</ele>
        <time>2025-05-21T10:33:00.000Z</time>
        <extensions>
          <ns3:TrackPointExtension>
            <ns3:hr>104</ns3:hr>
          </ns3:TrackPointExtension>
        </extensions>
      </trkpt>
      <trkpt lat="25.86460347287356853485107421875" lon="119.5671438239514827728271484375">
        <ele>17.6000003814697265625</ele>
        <time>2025-05-21T10:33:01.000Z</time>
        <extensions>
          <ns3:TrackPointExtension>
            <ns3:hr>104</ns3:hr>
          </ns3:TrackPointExtension>
        </extensions>
      </trkpt>
      <trkpt lat="25.86459190584719181060791015625" lon="119.56718296743929386138916015625">
        <ele>17.799999237060546875</ele>
        <time>2025-05-21T10:33:04.000Z</time>
        <extensions>
          <ns3:TrackPointExtension>
            <ns3:hr>107</ns3:hr>
          </ns3:TrackPointExtension>
        </extensions>
      </trkpt>
      <trkpt lat="25.86457313038408756256103515625" lon="119.5672806166112422943115234375">
        <ele>17.799999237060546875</ele>
        <time>2025-05-21T10:33:11.000Z</time>
        <extensions>
          <ns3:TrackPointExtension>
            <ns3:hr>109</ns3:hr>
          </ns3:TrackPointExtension>
        </extensions>
      </trkpt>
      <trkpt lat="25.86461621336638927459716796875" lon="119.56736066378653049468994140625">
        <ele>18</ele>
        <time>2025-05-21T10:33:17.000Z</time>
        <extensions>
          <ns3:TrackPointExtension>
            <ns3:hr>110</ns3:hr>
          </ns3:TrackPointExtension>
        </extensions>
      </trkpt>
      <trkpt lat="25.864705145359039306640625" lon="119.56742168404161930084228515625">
        <ele>18.200000762939453125</ele>
        <time>2025-05-21T10:33:25.000Z</time>
        <extensions>
          <ns3:TrackPointExtension>
            <ns3:hr>109</ns3:hr>
          </ns3:TrackPointExtension>
        </extensions>
      </trkpt>
      <trkpt lat="25.8648283593356609344482421875" lon="119.5674911700189113616943359375">
        <ele>18.6000003814697265625</ele>
        <time>2025-05-21T10:33:35.000Z</time>
        <extensions>
          <ns3:TrackPointExtension>
            <ns3:hr>109</ns3:hr>
          </ns3:TrackPointExtension>
        </extensions>
      </trkpt>
      <trkpt lat="25.86487789638340473175048828125" lon="119.5675079338252544403076171875">
        <ele>18.6000003814697265625</ele>
        <time>2025-05-21T10:33:39.000Z</time>
        <extensions>
          <ns3:TrackPointExtension>
            <ns3:hr>110</ns3:hr>
          </ns3:TrackPointExtension>
        </extensions>
      </trkpt>
      <trkpt lat="25.8649262599647045135498046875" lon="119.56752981059253215789794921875">
        <ele>18.799999237060546875</ele>
        <time>2025-05-21T10:33:43.000Z</time>
        <extensions>
          <ns3:TrackPointExtension>
            <ns3:hr>111</ns3:hr>
          </ns3:TrackPointExtension>
        </extensions>
      </trkpt>
      <trkpt lat="25.86503279395401477813720703125" lon="119.56757842563092708587646484375">
        <ele>19.3999996185302734375</ele>
        <time>2025-05-21T10:33:52.000Z</time>
        <extensions>
          <ns3:TrackPointExtension>
            <ns3:hr>113</ns3:hr>
          </ns3:TrackPointExtension>
        </extensions>
      </trkpt>
      <trkpt lat="25.86517076008021831512451171875" lon="119.5676435530185699462890625">
        <ele>19.200000762939453125</ele>
        <time>2025-05-21T10:34:03.000Z</time>
        <extensions>
          <ns3:TrackPointExtension>
            <ns3:hr>113</ns3:hr>
          </ns3:TrackPointExtension>
        </extensions>
      </trkpt>
      <trkpt lat="25.86519003845751285552978515625" lon="119.56772561185061931610107421875">
        <ele>19</ele>
        <time>2025-05-21T10:34:09.000Z</time>
        <extensions>
          <ns3:TrackPointExtension>
            <ns3:hr>113</ns3:hr>
          </ns3:TrackPointExtension>
        </extensions>
      </trkpt>
      <trkpt lat="25.8651871047914028167724609375" lon="119.56785636954009532928466796875">
        <ele>19.3999996185302734375</ele>
        <time>2025-05-21T10:34:17.000Z</time>
        <extensions>
          <ns3:TrackPointExtension>
            <ns3:hr>114</ns3:hr>
          </ns3:TrackPointExtension>
        </extensions>
      </trkpt>
      <trkpt lat="25.86525374092161655426025390625" lon="119.56790112890303134918212890625">
        <ele>19.3999996185302734375</ele>
        <time>2025-05-21T10:34:23.000Z</time>
        <extensions>
          <ns3:TrackPointExtension>
            <ns3:hr>112</ns3:hr>
          </ns3:TrackPointExtension>
        </extensions>
      </trkpt>
      <trkpt lat="25.86535817943513393402099609375" lon="119.56795670092105865478515625">
        <ele>19.3999996185302734375</ele>
        <time>2025-05-21T10:34:32.000Z</time>
        <extensions>
          <ns3:TrackPointExtension>
            <ns3:hr>110</ns3:hr>
          </ns3:TrackPointExtension>
        </extensions>
      </trkpt>
      <trkpt lat="25.865404866635799407958984375" lon="119.5680244266986846923828125">
        <ele>19.3999996185302734375</ele>
        <time>2025-05-21T10:34:39.000Z</time>
        <extensions>
          <ns3:TrackPointExtension>
            <ns3:hr>111</ns3:hr>
          </ns3:TrackPointExtension>
        </extensions>
      </trkpt>
      <trkpt lat="25.865416936576366424560546875" lon="119.56802819855511188507080078125">
        <ele>19.6000003814697265625</ele>
        <time>2025-05-21T10:34:40.000Z</time>
        <extensions>
          <ns3:TrackPointExtension>
            <ns3:hr>111</ns3:hr>
          </ns3:TrackPointExtension>
        </extensions>
      </trkpt>
      <trkpt lat="25.8654328621923923492431640625" lon="119.56803389824926853179931640625">
        <ele>19.799999237060546875</ele>
        <time>2025-05-21T10:34:42.000Z</time>
        <extensions>
          <ns3:TrackPointExtension>
            <ns3:hr>111</ns3:hr>
          </ns3:TrackPointExtension>
        </extensions>
      </trkpt>
      <trkpt lat="25.8654372207820415496826171875" lon="119.56803389824926853179931640625">
        <ele>19.799999237060546875</ele>
        <time>2025-05-21T10:34:43.000Z</time>
        <extensions>
          <ns3:TrackPointExtension>
            <ns3:hr>111</ns3:hr>
          </ns3:TrackPointExtension>
        </extensions>
      </trkpt>
      <trkpt lat="25.865439064800739288330078125" lon="119.56803322769701480865478515625">
        <ele>19.799999237060546875</ele>
        <time>2025-05-21T10:34:44.000Z</time>
        <extensions>
          <ns3:TrackPointExtension>
            <ns3:hr>112</ns3:hr>
          </ns3:TrackPointExtension>
        </extensions>
      </trkpt>
      <trkpt lat="25.86544233374297618865966796875" lon="119.56803188659250736236572265625">
        <ele>19.799999237060546875</ele>
        <time>2025-05-21T10:34:48.000Z</time>
        <extensions>
          <ns3:TrackPointExtension>
            <ns3:hr>115</ns3:hr>
          </ns3:TrackPointExtension>
        </extensions>
      </trkpt>
      <trkpt lat="25.8654399029910564422607421875" lon="119.56803180277347564697265625">
        <ele>19.6000003814697265625</ele>
        <time>2025-05-21T10:34:50.000Z</time>
        <extensions>
          <ns3:TrackPointExtension>
            <ns3:hr>115</ns3:hr>
          </ns3:TrackPointExtension>
        </extensions>
      </trkpt>
      <trkpt lat="25.86543881334364414215087890625" lon="119.568033479154109954833984375">
        <ele>19.6000003814697265625</ele>
        <time>2025-05-21T10:34:52.000Z</time>
        <extensions>
          <ns3:TrackPointExtension>
            <ns3:hr>115</ns3:hr>
          </ns3:TrackPointExtension>
        </extensions>
      </trkpt>
      <trkpt lat="25.8654576726257801055908203125" lon="119.568045549094676971435546875">
        <ele>19.6000003814697265625</ele>
        <time>2025-05-21T10:34:56.000Z</time>
        <extensions>
          <ns3:TrackPointExtension>
            <ns3:hr>114</ns3:hr>
          </ns3:TrackPointExtension>
        </extensions>
      </trkpt>
    </trkseg>
  </trk>
</gpx>
