<?xml version="1.0" encoding="UTF-8"?>
<gpx creator="Garmin Connect" version="1.1"
  xsi:schemaLocation="http://www.topografix.com/GPX/1/1 http://www.topografix.com/GPX/11.xsd"
  xmlns:ns3="http://www.garmin.com/xmlschemas/TrackPointExtension/v1"
  xmlns="http://www.topografix.com/GPX/1/1"
  xmlns:xsi="http://www.w3.org/2001/XMLSchema-instance" xmlns:ns2="http://www.garmin.com/xmlschemas/GpxExtensions/v3">
  <metadata>
    <link href="connect.garmin.com">
      <text>Garmin Connect</text>
    </link>
    <time>2025-05-24T09:32:08.000Z</time>
  </metadata>
  <trk>
    <name>福州市 步行</name>
    <type>walking</type>
    <trkseg>
      <trkpt lat="25.865392126142978668212890625" lon="119.5677660964429378509521484375">
        <ele>14.6000003814697265625</ele>
        <time>2025-05-24T09:32:08.000Z</time>
        <extensions>
          <ns3:TrackPointExtension>
            <ns3:hr>92</ns3:hr>
          </ns3:TrackPointExtension>
        </extensions>
      </trkpt>
      <trkpt lat="25.86536723189055919647216796875" lon="119.56771974451839923858642578125">
        <ele>14.3999996185302734375</ele>
        <time>2025-05-24T09:32:14.000Z</time>
        <extensions>
          <ns3:TrackPointExtension>
            <ns3:hr>91</ns3:hr>
          </ns3:TrackPointExtension>
        </extensions>
      </trkpt>
      <trkpt lat="25.8653098158538341522216796875" lon="119.56773902289569377899169921875">
        <ele>14.19999980926513671875</ele>
        <time>2025-05-24T09:32:21.000Z</time>
        <extensions>
          <ns3:TrackPointExtension>
            <ns3:hr>92</ns3:hr>
          </ns3:TrackPointExtension>
        </extensions>
      </trkpt>
      <trkpt lat="25.86527712643146514892578125" lon="119.56771421246230602264404296875">
        <ele>14.19999980926513671875</ele>
        <time>2025-05-24T09:32:25.000Z</time>
        <extensions>
          <ns3:TrackPointExtension>
            <ns3:hr>92</ns3:hr>
          </ns3:TrackPointExtension>
        </extensions>
      </trkpt>
      <trkpt lat="25.8652474544942378997802734375" lon="119.56773114390671253204345703125">
        <ele>14.19999980926513671875</ele>
        <time>2025-05-24T09:32:27.000Z</time>
        <extensions>
          <ns3:TrackPointExtension>
            <ns3:hr>93</ns3:hr>
          </ns3:TrackPointExtension>
        </extensions>
      </trkpt>
      <trkpt lat="25.865164808928966522216796875" lon="119.56768537871539592742919921875">
        <ele>14</ele>
        <time>2025-05-24T09:32:34.000Z</time>
        <extensions>
          <ns3:TrackPointExtension>
            <ns3:hr>94</ns3:hr>
          </ns3:TrackPointExtension>
        </extensions>
      </trkpt>
      <trkpt lat="25.86509029380977153778076171875" lon="119.56764229573309421539306640625">
        <ele>14</ele>
        <time>2025-05-24T09:32:40.000Z</time>
        <extensions>
          <ns3:TrackPointExtension>
            <ns3:hr>93</ns3:hr>
          </ns3:TrackPointExtension>
        </extensions>
      </trkpt>
      <trkpt lat="25.86498635821044445037841796875" lon="119.5675910823047161102294921875">
        <ele>14</ele>
        <time>2025-05-24T09:32:49.000Z</time>
        <extensions>
          <ns3:TrackPointExtension>
            <ns3:hr>95</ns3:hr>
          </ns3:TrackPointExtension>
        </extensions>
      </trkpt>
      <trkpt lat="25.8648870326578617095947265625" lon="119.56756417639553546905517578125">
        <ele>14.19999980926513671875</ele>
        <time>2025-05-24T09:32:56.000Z</time>
        <extensions>
          <ns3:TrackPointExtension>
            <ns3:hr>96</ns3:hr>
          </ns3:TrackPointExtension>
        </extensions>
      </trkpt>
      <trkpt lat="25.86480799131095409393310546875" lon="119.56753098405897617340087890625">
        <ele>13.80000019073486328125</ele>
        <time>2025-05-24T09:33:02.000Z</time>
        <extensions>
          <ns3:TrackPointExtension>
            <ns3:hr>97</ns3:hr>
          </ns3:TrackPointExtension>
        </extensions>
      </trkpt>
      <trkpt lat="25.864725597202777862548828125" lon="119.56746459938585758209228515625">
        <ele>13.80000019073486328125</ele>
        <time>2025-05-24T09:33:09.000Z</time>
        <extensions>
          <ns3:TrackPointExtension>
            <ns3:hr>99</ns3:hr>
          </ns3:TrackPointExtension>
        </extensions>
      </trkpt>
      <trkpt lat="25.86465326137840747833251953125" lon="119.56742352806031703948974609375">
        <ele>13.6000003814697265625</ele>
        <time>2025-05-24T09:33:15.000Z</time>
        <extensions>
          <ns3:TrackPointExtension>
            <ns3:hr>99</ns3:hr>
          </ns3:TrackPointExtension>
        </extensions>
      </trkpt>
      <trkpt lat="25.86462325416505336761474609375" lon="119.5674147270619869232177734375">
        <ele>13.3999996185302734375</ele>
        <time>2025-05-24T09:33:18.000Z</time>
        <extensions>
          <ns3:TrackPointExtension>
            <ns3:hr>99</ns3:hr>
          </ns3:TrackPointExtension>
        </extensions>
      </trkpt>
      <trkpt lat="25.86451730690896511077880859375" lon="119.567365609109401702880859375">
        <ele>13</ele>
        <time>2025-05-24T09:33:26.000Z</time>
        <extensions>
          <ns3:TrackPointExtension>
            <ns3:hr>99</ns3:hr>
          </ns3:TrackPointExtension>
        </extensions>
      </trkpt>
      <trkpt lat="25.8645101822912693023681640625" lon="119.567275755107402801513671875">
        <ele>13</ele>
        <time>2025-05-24T09:33:30.000Z</time>
        <extensions>
          <ns3:TrackPointExtension>
            <ns3:hr>99</ns3:hr>
          </ns3:TrackPointExtension>
        </extensions>
      </trkpt>
      <trkpt lat="25.86451814509928226470947265625" lon="119.5672524534165859222412109375">
        <ele>13</ele>
        <time>2025-05-24T09:33:31.000Z</time>
        <extensions>
          <ns3:TrackPointExtension>
            <ns3:hr>98</ns3:hr>
          </ns3:TrackPointExtension>
        </extensions>
      </trkpt>
      <trkpt lat="25.86455368436872959136962890625" lon="119.56711574457585811614990234375">
        <ele>12.6000003814697265625</ele>
        <time>2025-05-24T09:33:39.000Z</time>
        <extensions>
          <ns3:TrackPointExtension>
            <ns3:hr>99</ns3:hr>
          </ns3:TrackPointExtension>
        </extensions>
      </trkpt>
      <trkpt lat="25.8645946718752384185791015625" lon="119.56703670322895050048828125">
        <ele>12.19999980926513671875</ele>
        <time>2025-05-24T09:33:46.000Z</time>
        <extensions>
          <ns3:TrackPointExtension>
            <ns3:hr>98</ns3:hr>
          </ns3:TrackPointExtension>
        </extensions>
      </trkpt>
      <trkpt lat="25.86464337073266506195068359375" lon="119.56695984117686748504638671875">
        <ele>12</ele>
        <time>2025-05-24T09:33:52.000Z</time>
        <extensions>
          <ns3:TrackPointExtension>
            <ns3:hr>98</ns3:hr>
          </ns3:TrackPointExtension>
        </extensions>
      </trkpt>
      <trkpt lat="25.864649824798107147216796875" lon="119.56693905405700206756591796875">
        <ele>12</ele>
        <time>2025-05-24T09:33:54.000Z</time>
        <extensions>
          <ns3:TrackPointExtension>
            <ns3:hr>97</ns3:hr>
          </ns3:TrackPointExtension>
        </extensions>
      </trkpt>
      <trkpt lat="25.86466985754668712615966796875" lon="119.5668963901698589324951171875">
        <ele>12</ele>
        <time>2025-05-24T09:33:58.000Z</time>
        <extensions>
          <ns3:TrackPointExtension>
            <ns3:hr>96</ns3:hr>
          </ns3:TrackPointExtension>
        </extensions>
      </trkpt>
      <trkpt lat="25.8646742999553680419921875" lon="119.566883146762847900390625">
        <ele>12</ele>
        <time>2025-05-24T09:33:59.000Z</time>
        <extensions>
          <ns3:TrackPointExtension>
            <ns3:hr>96</ns3:hr>
          </ns3:TrackPointExtension>
        </extensions>
      </trkpt>
      <trkpt lat="25.86472651921212673187255859375" lon="119.56678382121026515960693359375">
        <ele>11.6000003814697265625</ele>
        <time>2025-05-24T09:34:06.000Z</time>
        <extensions>
          <ns3:TrackPointExtension>
            <ns3:hr>94</ns3:hr>
          </ns3:TrackPointExtension>
        </extensions>
      </trkpt>
      <trkpt lat="25.8647589571774005889892578125" lon="119.566729255020618438720703125">
        <ele>11.3999996185302734375</ele>
        <time>2025-05-24T09:34:11.000Z</time>
        <extensions>
          <ns3:TrackPointExtension>
            <ns3:hr>95</ns3:hr>
          </ns3:TrackPointExtension>
        </extensions>
      </trkpt>
      <trkpt lat="25.8647767268121242523193359375" lon="119.56672288477420806884765625">
        <ele>11.3999996185302734375</ele>
        <time>2025-05-24T09:34:12.000Z</time>
        <extensions>
          <ns3:TrackPointExtension>
            <ns3:hr>94</ns3:hr>
          </ns3:TrackPointExtension>
        </extensions>
      </trkpt>
      <trkpt lat="25.86481369100511074066162109375" lon="119.56669044680893421173095703125">
        <ele>11.3999996185302734375</ele>
        <time>2025-05-24T09:34:16.000Z</time>
        <extensions>
          <ns3:TrackPointExtension>
            <ns3:hr>95</ns3:hr>
          </ns3:TrackPointExtension>
        </extensions>
      </trkpt>
      <trkpt lat="25.8648592047393321990966796875" lon="119.56666915677487850189208984375">
        <ele>11.19999980926513671875</ele>
        <time>2025-05-24T09:34:19.000Z</time>
        <extensions>
          <ns3:TrackPointExtension>
            <ns3:hr>95</ns3:hr>
          </ns3:TrackPointExtension>
        </extensions>
      </trkpt>
      <trkpt lat="25.86496590636670589447021484375" lon="119.56669094972312450408935546875">
        <ele>11.80000019073486328125</ele>
        <time>2025-05-24T09:34:26.000Z</time>
        <extensions>
          <ns3:TrackPointExtension>
            <ns3:hr>94</ns3:hr>
          </ns3:TrackPointExtension>
        </extensions>
      </trkpt>
      <trkpt lat="25.86504838429391384124755859375" lon="119.5667441748082637786865234375">
        <ele>11.80000019073486328125</ele>
        <time>2025-05-24T09:34:33.000Z</time>
        <extensions>
          <ns3:TrackPointExtension>
            <ns3:hr>95</ns3:hr>
          </ns3:TrackPointExtension>
        </extensions>
      </trkpt>
      <trkpt lat="25.86512348614633083343505859375" lon="119.5667622797191143035888671875">
        <ele>11.80000019073486328125</ele>
        <time>2025-05-24T09:34:39.000Z</time>
        <extensions>
          <ns3:TrackPointExtension>
            <ns3:hr>96</ns3:hr>
          </ns3:TrackPointExtension>
        </extensions>
      </trkpt>
      <trkpt lat="25.865205042064189910888671875" lon="119.56682212650775909423828125">
        <ele>12</ele>
        <time>2025-05-24T09:34:46.000Z</time>
        <extensions>
          <ns3:TrackPointExtension>
            <ns3:hr>97</ns3:hr>
          </ns3:TrackPointExtension>
        </extensions>
      </trkpt>
      <trkpt lat="25.8652974106371402740478515625" lon="119.56686948426067829132080078125">
        <ele>12</ele>
        <time>2025-05-24T09:34:54.000Z</time>
        <extensions>
          <ns3:TrackPointExtension>
            <ns3:hr>97</ns3:hr>
          </ns3:TrackPointExtension>
        </extensions>
      </trkpt>
      <trkpt lat="25.8653721772134304046630859375" lon="119.5669037662446498870849609375">
        <ele>12.19999980926513671875</ele>
        <time>2025-05-24T09:35:00.000Z</time>
        <extensions>
          <ns3:TrackPointExtension>
            <ns3:hr>99</ns3:hr>
          </ns3:TrackPointExtension>
        </extensions>
      </trkpt>
      <trkpt lat="25.86545817553997039794921875" lon="119.566947855055332183837890625">
        <ele>12.19999980926513671875</ele>
        <time>2025-05-24T09:35:08.000Z</time>
        <extensions>
          <ns3:TrackPointExtension>
            <ns3:hr>102</ns3:hr>
          </ns3:TrackPointExtension>
        </extensions>
      </trkpt>
      <trkpt lat="25.86553084664046764373779296875" lon="119.56698733381927013397216796875">
        <ele>12.3999996185302734375</ele>
        <time>2025-05-24T09:35:14.000Z</time>
        <extensions>
          <ns3:TrackPointExtension>
            <ns3:hr>102</ns3:hr>
          </ns3:TrackPointExtension>
        </extensions>
      </trkpt>
      <trkpt lat="25.8656045235693454742431640625" lon="119.56701784394681453704833984375">
        <ele>12.6000003814697265625</ele>
        <time>2025-05-24T09:35:19.000Z</time>
        <extensions>
          <ns3:TrackPointExtension>
            <ns3:hr>102</ns3:hr>
          </ns3:TrackPointExtension>
        </extensions>
      </trkpt>
      <trkpt lat="25.865642912685871124267578125" lon="119.5670405589044094085693359375">
        <ele>12.80000019073486328125</ele>
        <time>2025-05-24T09:35:23.000Z</time>
        <extensions>
          <ns3:TrackPointExtension>
            <ns3:hr>102</ns3:hr>
          </ns3:TrackPointExtension>
        </extensions>
      </trkpt>
      <trkpt lat="25.8657486923038959503173828125" lon="119.567096047103404998779296875">
        <ele>12.80000019073486328125</ele>
        <time>2025-05-24T09:35:32.000Z</time>
        <extensions>
          <ns3:TrackPointExtension>
            <ns3:hr>102</ns3:hr>
          </ns3:TrackPointExtension>
        </extensions>
      </trkpt>
      <trkpt lat="25.86582941003143787384033203125" lon="119.5671622641384601593017578125">
        <ele>12.80000019073486328125</ele>
        <time>2025-05-24T09:35:40.000Z</time>
        <extensions>
          <ns3:TrackPointExtension>
            <ns3:hr>102</ns3:hr>
          </ns3:TrackPointExtension>
        </extensions>
      </trkpt>
      <trkpt lat="25.86592362262308597564697265625" lon="119.56719839014112949371337890625">
        <ele>13.19999980926513671875</ele>
        <time>2025-05-24T09:35:48.000Z</time>
        <extensions>
          <ns3:TrackPointExtension>
            <ns3:hr>103</ns3:hr>
          </ns3:TrackPointExtension>
        </extensions>
      </trkpt>
      <trkpt lat="25.8659859001636505126953125" lon="119.5672299899160861968994140625">
        <ele>13.19999980926513671875</ele>
        <time>2025-05-24T09:35:54.000Z</time>
        <extensions>
          <ns3:TrackPointExtension>
            <ns3:hr>103</ns3:hr>
          </ns3:TrackPointExtension>
        </extensions>
      </trkpt>
      <trkpt lat="25.866047926247119903564453125" lon="119.56726058386266231536865234375">
        <ele>13.3999996185302734375</ele>
        <time>2025-05-24T09:36:00.000Z</time>
        <extensions>
          <ns3:TrackPointExtension>
            <ns3:hr>103</ns3:hr>
          </ns3:TrackPointExtension>
        </extensions>
      </trkpt>
      <trkpt lat="25.86607583798468112945556640625" lon="119.5672705583274364471435546875">
        <ele>13.3999996185302734375</ele>
        <time>2025-05-24T09:36:02.000Z</time>
        <extensions>
          <ns3:TrackPointExtension>
            <ns3:hr>103</ns3:hr>
          </ns3:TrackPointExtension>
        </extensions>
      </trkpt>
      <trkpt lat="25.86608220823109149932861328125" lon="119.567274749279022216796875">
        <ele>13.3999996185302734375</ele>
        <time>2025-05-24T09:36:03.000Z</time>
        <extensions>
          <ns3:TrackPointExtension>
            <ns3:hr>104</ns3:hr>
          </ns3:TrackPointExtension>
        </extensions>
      </trkpt>
      <trkpt lat="25.866126716136932373046875" lon="119.567301236093044281005859375">
        <ele>13.3999996185302734375</ele>
        <time>2025-05-24T09:36:07.000Z</time>
        <extensions>
          <ns3:TrackPointExtension>
            <ns3:hr>104</ns3:hr>
          </ns3:TrackPointExtension>
        </extensions>
      </trkpt>
      <trkpt lat="25.8661396242678165435791015625" lon="119.56730115227401256561279296875">
        <ele>13.6000003814697265625</ele>
        <time>2025-05-24T09:36:08.000Z</time>
        <extensions>
          <ns3:TrackPointExtension>
            <ns3:hr>104</ns3:hr>
          </ns3:TrackPointExtension>
        </extensions>
      </trkpt>
      <trkpt lat="25.866169631481170654296875" lon="119.567323029041290283203125">
        <ele>13.6000003814697265625</ele>
        <time>2025-05-24T09:36:10.000Z</time>
        <extensions>
          <ns3:TrackPointExtension>
            <ns3:hr>104</ns3:hr>
          </ns3:TrackPointExtension>
        </extensions>
      </trkpt>
      <trkpt lat="25.86620056070387363433837890625" lon="119.56733032129704952239990234375">
        <ele>13.80000019073486328125</ele>
        <time>2025-05-24T09:36:13.000Z</time>
        <extensions>
          <ns3:TrackPointExtension>
            <ns3:hr>105</ns3:hr>
          </ns3:TrackPointExtension>
        </extensions>
      </trkpt>
      <trkpt lat="25.8662180788815021514892578125" lon="119.56733669154345989227294921875">
        <ele>14</ele>
        <time>2025-05-24T09:36:15.000Z</time>
        <extensions>
          <ns3:TrackPointExtension>
            <ns3:hr>105</ns3:hr>
          </ns3:TrackPointExtension>
        </extensions>
      </trkpt>
      <trkpt lat="25.86624917574226856231689453125" lon="119.5673525333404541015625">
        <ele>14</ele>
        <time>2025-05-24T09:36:17.000Z</time>
        <extensions>
          <ns3:TrackPointExtension>
            <ns3:hr>104</ns3:hr>
          </ns3:TrackPointExtension>
        </extensions>
      </trkpt>
      <trkpt lat="25.86628756485879421234130859375" lon="119.567377008497714996337890625">
        <ele>14.19999980926513671875</ele>
        <time>2025-05-24T09:36:20.000Z</time>
        <extensions>
          <ns3:TrackPointExtension>
            <ns3:hr>105</ns3:hr>
          </ns3:TrackPointExtension>
        </extensions>
      </trkpt>
      <trkpt lat="25.8663635887205600738525390625" lon="119.5673996396362781524658203125">
        <ele>13.80000019073486328125</ele>
        <time>2025-05-24T09:36:26.000Z</time>
        <extensions>
          <ns3:TrackPointExtension>
            <ns3:hr>105</ns3:hr>
          </ns3:TrackPointExtension>
        </extensions>
      </trkpt>
      <trkpt lat="25.86637725122272968292236328125" lon="119.567403830587863922119140625">
        <ele>13.80000019073486328125</ele>
        <time>2025-05-24T09:36:27.000Z</time>
        <extensions>
          <ns3:TrackPointExtension>
            <ns3:hr>105</ns3:hr>
          </ns3:TrackPointExtension>
        </extensions>
      </trkpt>
      <trkpt lat="25.866487808525562286376953125" lon="119.56743576563894748687744140625">
        <ele>14.19999980926513671875</ele>
        <time>2025-05-24T09:36:36.000Z</time>
        <extensions>
          <ns3:TrackPointExtension>
            <ns3:hr>105</ns3:hr>
          </ns3:TrackPointExtension>
        </extensions>
      </trkpt>
      <trkpt lat="25.86656668223440647125244140625" lon="119.56750030629336833953857421875">
        <ele>14.19999980926513671875</ele>
        <time>2025-05-24T09:36:42.000Z</time>
        <extensions>
          <ns3:TrackPointExtension>
            <ns3:hr>105</ns3:hr>
          </ns3:TrackPointExtension>
        </extensions>
      </trkpt>
      <trkpt lat="25.86657674051821231842041015625" lon="119.56758865155279636383056640625">
        <ele>14.3999996185302734375</ele>
        <time>2025-05-24T09:36:47.000Z</time>
        <extensions>
          <ns3:TrackPointExtension>
            <ns3:hr>105</ns3:hr>
          </ns3:TrackPointExtension>
        </extensions>
      </trkpt>
      <trkpt lat="25.86656969971954822540283203125" lon="119.56761832349002361297607421875">
        <ele>14.6000003814697265625</ele>
        <time>2025-05-24T09:36:49.000Z</time>
        <extensions>
          <ns3:TrackPointExtension>
            <ns3:hr>106</ns3:hr>
          </ns3:TrackPointExtension>
        </extensions>
      </trkpt>
      <trkpt lat="25.86654136888682842254638671875" lon="119.567717649042606353759765625">
        <ele>15</ele>
        <time>2025-05-24T09:36:55.000Z</time>
        <extensions>
          <ns3:TrackPointExtension>
            <ns3:hr>105</ns3:hr>
          </ns3:TrackPointExtension>
        </extensions>
      </trkpt>
      <trkpt lat="25.8665027283132076263427734375" lon="119.56780708394944667816162109375">
        <ele>15.6000003814697265625</ele>
        <time>2025-05-24T09:37:01.000Z</time>
        <extensions>
          <ns3:TrackPointExtension>
            <ns3:hr>105</ns3:hr>
          </ns3:TrackPointExtension>
        </extensions>
      </trkpt>
      <trkpt lat="25.86648168973624706268310546875" lon="119.56783256493508815765380859375">
        <ele>15.6000003814697265625</ele>
        <time>2025-05-24T09:37:03.000Z</time>
        <extensions>
          <ns3:TrackPointExtension>
            <ns3:hr>106</ns3:hr>
          </ns3:TrackPointExtension>
        </extensions>
      </trkpt>
      <trkpt lat="25.86642636917531490325927734375" lon="119.567904062569141387939453125">
        <ele>16</ele>
        <time>2025-05-24T09:37:09.000Z</time>
        <extensions>
          <ns3:TrackPointExtension>
            <ns3:hr>107</ns3:hr>
          </ns3:TrackPointExtension>
        </extensions>
      </trkpt>
      <trkpt lat="25.8663991279900074005126953125" lon="119.5680011250078678131103515625">
        <ele>16.200000762939453125</ele>
        <time>2025-05-24T09:37:16.000Z</time>
        <extensions>
          <ns3:TrackPointExtension>
            <ns3:hr>106</ns3:hr>
          </ns3:TrackPointExtension>
        </extensions>
      </trkpt>
      <trkpt lat="25.866375826299190521240234375" lon="119.56807983107864856719970703125">
        <ele>16.6000003814697265625</ele>
        <time>2025-05-24T09:37:23.000Z</time>
        <extensions>
          <ns3:TrackPointExtension>
            <ns3:hr>107</ns3:hr>
          </ns3:TrackPointExtension>
        </extensions>
      </trkpt>
      <trkpt lat="25.866371132433414459228515625" lon="119.5681104250252246856689453125">
        <ele>16.6000003814697265625</ele>
        <time>2025-05-24T09:37:25.000Z</time>
        <extensions>
          <ns3:TrackPointExtension>
            <ns3:hr>106</ns3:hr>
          </ns3:TrackPointExtension>
        </extensions>
      </trkpt>
      <trkpt lat="25.86637222208082675933837890625" lon="119.56812794320285320281982421875">
        <ele>16.6000003814697265625</ele>
        <time>2025-05-24T09:37:26.000Z</time>
        <extensions>
          <ns3:TrackPointExtension>
            <ns3:hr>107</ns3:hr>
          </ns3:TrackPointExtension>
        </extensions>
      </trkpt>
      <trkpt lat="25.866358391940593719482421875" lon="119.568175971508026123046875">
        <ele>16.799999237060546875</ele>
        <time>2025-05-24T09:37:30.000Z</time>
        <extensions>
          <ns3:TrackPointExtension>
            <ns3:hr>106</ns3:hr>
          </ns3:TrackPointExtension>
        </extensions>
      </trkpt>
      <trkpt lat="25.86634070612490177154541015625" lon="119.56822467036545276641845703125">
        <ele>17</ele>
        <time>2025-05-24T09:37:34.000Z</time>
        <extensions>
          <ns3:TrackPointExtension>
            <ns3:hr>106</ns3:hr>
          </ns3:TrackPointExtension>
        </extensions>
      </trkpt>
      <trkpt lat="25.866328217089176177978515625" lon="119.568274207413196563720703125">
        <ele>16.799999237060546875</ele>
        <time>2025-05-24T09:37:37.000Z</time>
        <extensions>
          <ns3:TrackPointExtension>
            <ns3:hr>105</ns3:hr>
          </ns3:TrackPointExtension>
        </extensions>
      </trkpt>
      <trkpt lat="25.86631304584443569183349609375" lon="119.56831519491970539093017578125">
        <ele>16.799999237060546875</ele>
        <time>2025-05-24T09:37:40.000Z</time>
        <extensions>
          <ns3:TrackPointExtension>
            <ns3:hr>105</ns3:hr>
          </ns3:TrackPointExtension>
        </extensions>
      </trkpt>
      <trkpt lat="25.866295360028743743896484375" lon="119.5683598704636096954345703125">
        <ele>17</ele>
        <time>2025-05-24T09:37:43.000Z</time>
        <extensions>
          <ns3:TrackPointExtension>
            <ns3:hr>106</ns3:hr>
          </ns3:TrackPointExtension>
        </extensions>
      </trkpt>
      <trkpt lat="25.86624515242874622344970703125" lon="119.56843522377312183380126953125">
        <ele>17.200000762939453125</ele>
        <time>2025-05-24T09:37:49.000Z</time>
        <extensions>
          <ns3:TrackPointExtension>
            <ns3:hr>107</ns3:hr>
          </ns3:TrackPointExtension>
        </extensions>
      </trkpt>
      <trkpt lat="25.86620022542774677276611328125" lon="119.56855441443622112274169921875">
        <ele>17.200000762939453125</ele>
        <time>2025-05-24T09:37:57.000Z</time>
        <extensions>
          <ns3:TrackPointExtension>
            <ns3:hr>107</ns3:hr>
          </ns3:TrackPointExtension>
        </extensions>
      </trkpt>
      <trkpt lat="25.866155214607715606689453125" lon="119.568647034466266632080078125">
        <ele>17.200000762939453125</ele>
        <time>2025-05-24T09:38:04.000Z</time>
        <extensions>
          <ns3:TrackPointExtension>
            <ns3:hr>106</ns3:hr>
          </ns3:TrackPointExtension>
        </extensions>
      </trkpt>
      <trkpt lat="25.8661027438938617706298828125" lon="119.56875977106392383575439453125">
        <ele>17.3999996185302734375</ele>
        <time>2025-05-24T09:38:12.000Z</time>
        <extensions>
          <ns3:TrackPointExtension>
            <ns3:hr>104</ns3:hr>
          </ns3:TrackPointExtension>
        </extensions>
      </trkpt>
      <trkpt lat="25.86606301367282867431640625" lon="119.5688500441610813140869140625">
        <ele>17.3999996185302734375</ele>
        <time>2025-05-24T09:38:19.000Z</time>
        <extensions>
          <ns3:TrackPointExtension>
            <ns3:hr>104</ns3:hr>
          </ns3:TrackPointExtension>
        </extensions>
      </trkpt>
      <trkpt lat="25.86605303920805454254150390625" lon="119.5688748545944690704345703125">
        <ele>17.6000003814697265625</ele>
        <time>2025-05-24T09:38:21.000Z</time>
        <extensions>
          <ns3:TrackPointExtension>
            <ns3:hr>103</ns3:hr>
          </ns3:TrackPointExtension>
        </extensions>
      </trkpt>
      <trkpt lat="25.866048596799373626708984375" lon="119.5689093880355358123779296875">
        <ele>17.6000003814697265625</ele>
        <time>2025-05-24T09:38:24.000Z</time>
        <extensions>
          <ns3:TrackPointExtension>
            <ns3:hr>104</ns3:hr>
          </ns3:TrackPointExtension>
        </extensions>
      </trkpt>
      <trkpt lat="25.86604817770421504974365234375" lon="119.5689229667186737060546875">
        <ele>17.6000003814697265625</ele>
        <time>2025-05-24T09:38:25.000Z</time>
        <extensions>
          <ns3:TrackPointExtension>
            <ns3:hr>104</ns3:hr>
          </ns3:TrackPointExtension>
        </extensions>
      </trkpt>
      <trkpt lat="25.86601741611957550048828125" lon="119.56901206634938716888427734375">
        <ele>18</ele>
        <time>2025-05-24T09:38:33.000Z</time>
        <extensions>
          <ns3:TrackPointExtension>
            <ns3:hr>102</ns3:hr>
          </ns3:TrackPointExtension>
        </extensions>
      </trkpt>
      <trkpt lat="25.86598179303109645843505859375" lon="119.569071494042873382568359375">
        <ele>18</ele>
        <time>2025-05-24T09:38:37.000Z</time>
        <extensions>
          <ns3:TrackPointExtension>
            <ns3:hr>102</ns3:hr>
          </ns3:TrackPointExtension>
        </extensions>
      </trkpt>
      <trkpt lat="25.8659736625850200653076171875" lon="119.5691149123013019561767578125">
        <ele>18</ele>
        <time>2025-05-24T09:38:40.000Z</time>
        <extensions>
          <ns3:TrackPointExtension>
            <ns3:hr>100</ns3:hr>
          </ns3:TrackPointExtension>
        </extensions>
      </trkpt>
      <trkpt lat="25.8659347705543041229248046875" lon="119.56921222619712352752685546875">
        <ele>18</ele>
        <time>2025-05-24T09:38:47.000Z</time>
        <extensions>
          <ns3:TrackPointExtension>
            <ns3:hr>99</ns3:hr>
          </ns3:TrackPointExtension>
        </extensions>
      </trkpt>
      <trkpt lat="25.8659317530691623687744140625" lon="119.5692238770425319671630859375">
        <ele>18</ele>
        <time>2025-05-24T09:38:48.000Z</time>
        <extensions>
          <ns3:TrackPointExtension>
            <ns3:hr>99</ns3:hr>
          </ns3:TrackPointExtension>
        </extensions>
      </trkpt>
      <trkpt lat="25.86591540835797786712646484375" lon="119.56925162114202976226806640625">
        <ele>18.200000762939453125</ele>
        <time>2025-05-24T09:38:51.000Z</time>
        <extensions>
          <ns3:TrackPointExtension>
            <ns3:hr>98</ns3:hr>
          </ns3:TrackPointExtension>
        </extensions>
      </trkpt>
      <trkpt lat="25.86589135229587554931640625" lon="119.5692812092602252960205078125">
        <ele>18.200000762939453125</ele>
        <time>2025-05-24T09:38:53.000Z</time>
        <extensions>
          <ns3:TrackPointExtension>
            <ns3:hr>98</ns3:hr>
          </ns3:TrackPointExtension>
        </extensions>
      </trkpt>
      <trkpt lat="25.86586629040539264678955078125" lon="119.5693821273744106292724609375">
        <ele>18.200000762939453125</ele>
        <time>2025-05-24T09:39:00.000Z</time>
        <extensions>
          <ns3:TrackPointExtension>
            <ns3:hr>98</ns3:hr>
          </ns3:TrackPointExtension>
        </extensions>
      </trkpt>
      <trkpt lat="25.8658284880220890045166015625" lon="119.569451697170734405517578125">
        <ele>18.3999996185302734375</ele>
        <time>2025-05-24T09:39:06.000Z</time>
        <extensions>
          <ns3:TrackPointExtension>
            <ns3:hr>98</ns3:hr>
          </ns3:TrackPointExtension>
        </extensions>
      </trkpt>
      <trkpt lat="25.8657973073422908782958984375" lon="119.5695232786238193511962890625">
        <ele>18.3999996185302734375</ele>
        <time>2025-05-24T09:39:13.000Z</time>
        <extensions>
          <ns3:TrackPointExtension>
            <ns3:hr>98</ns3:hr>
          </ns3:TrackPointExtension>
        </extensions>
      </trkpt>
      <trkpt lat="25.86576822213828563690185546875" lon="119.5695655234158039093017578125">
        <ele>18.3999996185302734375</ele>
        <time>2025-05-24T09:39:15.000Z</time>
        <extensions>
          <ns3:TrackPointExtension>
            <ns3:hr>99</ns3:hr>
          </ns3:TrackPointExtension>
        </extensions>
      </trkpt>
      <trkpt lat="25.86576470173895359039306640625" lon="119.569608606398105621337890625">
        <ele>18.6000003814697265625</ele>
        <time>2025-05-24T09:39:18.000Z</time>
        <extensions>
          <ns3:TrackPointExtension>
            <ns3:hr>100</ns3:hr>
          </ns3:TrackPointExtension>
        </extensions>
      </trkpt>
      <trkpt lat="25.865758247673511505126953125" lon="119.56962444819509983062744140625">
        <ele>18.6000003814697265625</ele>
        <time>2025-05-24T09:39:19.000Z</time>
        <extensions>
          <ns3:TrackPointExtension>
            <ns3:hr>101</ns3:hr>
          </ns3:TrackPointExtension>
        </extensions>
      </trkpt>
      <trkpt lat="25.86573318578302860260009765625" lon="119.5696925930678844451904296875">
        <ele>18.799999237060546875</ele>
        <time>2025-05-24T09:39:25.000Z</time>
        <extensions>
          <ns3:TrackPointExtension>
            <ns3:hr>102</ns3:hr>
          </ns3:TrackPointExtension>
        </extensions>
      </trkpt>
      <trkpt lat="25.86571164429187774658203125" lon="119.569729976356029510498046875">
        <ele>18.6000003814697265625</ele>
        <time>2025-05-24T09:39:28.000Z</time>
        <extensions>
          <ns3:TrackPointExtension>
            <ns3:hr>103</ns3:hr>
          </ns3:TrackPointExtension>
        </extensions>
      </trkpt>
      <trkpt lat="25.86569664068520069122314453125" lon="119.56976342014968395233154296875">
        <ele>18.6000003814697265625</ele>
        <time>2025-05-24T09:39:30.000Z</time>
        <extensions>
          <ns3:TrackPointExtension>
            <ns3:hr>102</ns3:hr>
          </ns3:TrackPointExtension>
        </extensions>
      </trkpt>
      <trkpt lat="25.8656937070190906524658203125" lon="119.56978102214634418487548828125">
        <ele>18.6000003814697265625</ele>
        <time>2025-05-24T09:39:31.000Z</time>
        <extensions>
          <ns3:TrackPointExtension>
            <ns3:hr>103</ns3:hr>
          </ns3:TrackPointExtension>
        </extensions>
      </trkpt>
      <trkpt lat="25.8656747639179229736328125" lon="119.5698461495339870452880859375">
        <ele>18.799999237060546875</ele>
        <time>2025-05-24T09:39:36.000Z</time>
        <extensions>
          <ns3:TrackPointExtension>
            <ns3:hr>100</ns3:hr>
          </ns3:TrackPointExtension>
        </extensions>
      </trkpt>
      <trkpt lat="25.86566579528152942657470703125" lon="119.56987070851027965545654296875">
        <ele>18.799999237060546875</ele>
        <time>2025-05-24T09:39:38.000Z</time>
        <extensions>
          <ns3:TrackPointExtension>
            <ns3:hr>98</ns3:hr>
          </ns3:TrackPointExtension>
        </extensions>
      </trkpt>
      <trkpt lat="25.8656316809356212615966796875" lon="119.56995754502713680267333984375">
        <ele>19</ele>
        <time>2025-05-24T09:39:44.000Z</time>
        <extensions>
          <ns3:TrackPointExtension>
            <ns3:hr>98</ns3:hr>
          </ns3:TrackPointExtension>
        </extensions>
      </trkpt>
      <trkpt lat="25.8655914478003978729248046875" lon="119.57005578093230724334716796875">
        <ele>18.799999237060546875</ele>
        <time>2025-05-24T09:39:52.000Z</time>
        <extensions>
          <ns3:TrackPointExtension>
            <ns3:hr>98</ns3:hr>
          </ns3:TrackPointExtension>
        </extensions>
      </trkpt>
      <trkpt lat="25.86559169925749301910400390625" lon="119.57007028162479400634765625">
        <ele>18.799999237060546875</ele>
        <time>2025-05-24T09:39:53.000Z</time>
        <extensions>
          <ns3:TrackPointExtension>
            <ns3:hr>98</ns3:hr>
          </ns3:TrackPointExtension>
        </extensions>
      </trkpt>
      <trkpt lat="25.865553058683872222900390625" lon="119.5701247639954090118408203125">
        <ele>19.200000762939453125</ele>
        <time>2025-05-24T09:39:59.000Z</time>
        <extensions>
          <ns3:TrackPointExtension>
            <ns3:hr>96</ns3:hr>
          </ns3:TrackPointExtension>
        </extensions>
      </trkpt>
      <trkpt lat="25.8655250631272792816162109375" lon="119.57018838264048099517822265625">
        <ele>19.200000762939453125</ele>
        <time>2025-05-24T09:40:04.000Z</time>
        <extensions>
          <ns3:TrackPointExtension>
            <ns3:hr>96</ns3:hr>
          </ns3:TrackPointExtension>
        </extensions>
      </trkpt>
      <trkpt lat="25.865515172481536865234375" lon="119.57023012451827526092529296875">
        <ele>19.200000762939453125</ele>
        <time>2025-05-24T09:40:07.000Z</time>
        <extensions>
          <ns3:TrackPointExtension>
            <ns3:hr>96</ns3:hr>
          </ns3:TrackPointExtension>
        </extensions>
      </trkpt>
      <trkpt lat="25.8655005879700183868408203125" lon="119.5702756382524967193603515625">
        <ele>19.200000762939453125</ele>
        <time>2025-05-24T09:40:10.000Z</time>
        <extensions>
          <ns3:TrackPointExtension>
            <ns3:hr>96</ns3:hr>
          </ns3:TrackPointExtension>
        </extensions>
      </trkpt>
      <trkpt lat="25.86548290215432643890380859375" lon="119.5703195594251155853271484375">
        <ele>19.200000762939453125</ele>
        <time>2025-05-24T09:40:13.000Z</time>
        <extensions>
          <ns3:TrackPointExtension>
            <ns3:hr>96</ns3:hr>
          </ns3:TrackPointExtension>
        </extensions>
      </trkpt>
      <trkpt lat="25.86548306979238986968994140625" lon="119.57034328021109104156494140625">
        <ele>19.200000762939453125</ele>
        <time>2025-05-24T09:40:15.000Z</time>
        <extensions>
          <ns3:TrackPointExtension>
            <ns3:hr>97</ns3:hr>
          </ns3:TrackPointExtension>
        </extensions>
      </trkpt>
      <trkpt lat="25.86545406840741634368896484375" lon="119.57038720138370990753173828125">
        <ele>19.3999996185302734375</ele>
        <time>2025-05-24T09:40:19.000Z</time>
        <extensions>
          <ns3:TrackPointExtension>
            <ns3:hr>100</ns3:hr>
          </ns3:TrackPointExtension>
        </extensions>
      </trkpt>
      <trkpt lat="25.86543479003012180328369140625" lon="119.57041217945516109466552734375">
        <ele>19.3999996185302734375</ele>
        <time>2025-05-24T09:40:21.000Z</time>
        <extensions>
          <ns3:TrackPointExtension>
            <ns3:hr>100</ns3:hr>
          </ns3:TrackPointExtension>
        </extensions>
      </trkpt>
      <trkpt lat="25.8654248155653476715087890625" lon="119.5704652369022369384765625">
        <ele>19.3999996185302734375</ele>
        <time>2025-05-24T09:40:24.000Z</time>
        <extensions>
          <ns3:TrackPointExtension>
            <ns3:hr>100</ns3:hr>
          </ns3:TrackPointExtension>
        </extensions>
      </trkpt>
      <trkpt lat="25.86541769094765186309814453125" lon="119.5704768039286136627197265625">
        <ele>19.3999996185302734375</ele>
        <time>2025-05-24T09:40:25.000Z</time>
        <extensions>
          <ns3:TrackPointExtension>
            <ns3:hr>100</ns3:hr>
          </ns3:TrackPointExtension>
        </extensions>
      </trkpt>
      <trkpt lat="25.8653822354972362518310546875" lon="119.570492394268512725830078125">
        <ele>19.3999996185302734375</ele>
        <time>2025-05-24T09:40:28.000Z</time>
        <extensions>
          <ns3:TrackPointExtension>
            <ns3:hr>100</ns3:hr>
          </ns3:TrackPointExtension>
        </extensions>
      </trkpt>
      <trkpt lat="25.865334458649158477783203125" lon="119.570502452552318572998046875">
        <ele>19.3999996185302734375</ele>
        <time>2025-05-24T09:40:31.000Z</time>
        <extensions>
          <ns3:TrackPointExtension>
            <ns3:hr>100</ns3:hr>
          </ns3:TrackPointExtension>
        </extensions>
      </trkpt>
      <trkpt lat="25.8652953989803791046142578125" lon="119.570501111447811126708984375">
        <ele>19.200000762939453125</ele>
        <time>2025-05-24T09:40:34.000Z</time>
        <extensions>
          <ns3:TrackPointExtension>
            <ns3:hr>100</ns3:hr>
          </ns3:TrackPointExtension>
        </extensions>
      </trkpt>
      <trkpt lat="25.8652534894645214080810546875" lon="119.5704893767833709716796875">
        <ele>19.200000762939453125</ele>
        <time>2025-05-24T09:40:37.000Z</time>
        <extensions>
          <ns3:TrackPointExtension>
            <ns3:hr>101</ns3:hr>
          </ns3:TrackPointExtension>
        </extensions>
      </trkpt>
      <trkpt lat="25.865175537765026092529296875" lon="119.57046263851225376129150390625">
        <ele>19.200000762939453125</ele>
        <time>2025-05-24T09:40:43.000Z</time>
        <extensions>
          <ns3:TrackPointExtension>
            <ns3:hr>104</ns3:hr>
          </ns3:TrackPointExtension>
        </extensions>
      </trkpt>
      <trkpt lat="25.865163467824459075927734375" lon="119.5704598724842071533203125">
        <ele>19.200000762939453125</ele>
        <time>2025-05-24T09:40:44.000Z</time>
        <extensions>
          <ns3:TrackPointExtension>
            <ns3:hr>104</ns3:hr>
          </ns3:TrackPointExtension>
        </extensions>
      </trkpt>
      <trkpt lat="25.86511242203414440155029296875" lon="119.57045341841876506805419921875">
        <ele>19.3999996185302734375</ele>
        <time>2025-05-24T09:40:48.000Z</time>
        <extensions>
          <ns3:TrackPointExtension>
            <ns3:hr>104</ns3:hr>
          </ns3:TrackPointExtension>
        </extensions>
      </trkpt>
      <trkpt lat="25.86509205400943756103515625" lon="119.5704464614391326904296875">
        <ele>19.6000003814697265625</ele>
        <time>2025-05-24T09:40:50.000Z</time>
        <extensions>
          <ns3:TrackPointExtension>
            <ns3:hr>105</ns3:hr>
          </ns3:TrackPointExtension>
        </extensions>
      </trkpt>
      <trkpt lat="25.8650637231767177581787109375" lon="119.5704462938010692596435546875">
        <ele>19.6000003814697265625</ele>
        <time>2025-05-24T09:40:52.000Z</time>
        <extensions>
          <ns3:TrackPointExtension>
            <ns3:hr>104</ns3:hr>
          </ns3:TrackPointExtension>
        </extensions>
      </trkpt>
      <trkpt lat="25.86499675177037715911865234375" lon="119.570452161133289337158203125">
        <ele>19.3999996185302734375</ele>
        <time>2025-05-24T09:40:58.000Z</time>
        <extensions>
          <ns3:TrackPointExtension>
            <ns3:hr>105</ns3:hr>
          </ns3:TrackPointExtension>
        </extensions>
      </trkpt>
      <trkpt lat="25.86498552002012729644775390625" lon="119.570444785058498382568359375">
        <ele>19.3999996185302734375</ele>
        <time>2025-05-24T09:41:00.000Z</time>
        <extensions>
          <ns3:TrackPointExtension>
            <ns3:hr>104</ns3:hr>
          </ns3:TrackPointExtension>
        </extensions>
      </trkpt>
      <trkpt lat="25.86489667184650897979736328125" lon="119.57041083835065364837646484375">
        <ele>19.3999996185302734375</ele>
        <time>2025-05-24T09:41:07.000Z</time>
        <extensions>
          <ns3:TrackPointExtension>
            <ns3:hr>104</ns3:hr>
          </ns3:TrackPointExtension>
        </extensions>
      </trkpt>
      <trkpt lat="25.86488275788724422454833984375" lon="119.57041318528354167938232421875">
        <ele>19.3999996185302734375</ele>
        <time>2025-05-24T09:41:08.000Z</time>
        <extensions>
          <ns3:TrackPointExtension>
            <ns3:hr>104</ns3:hr>
          </ns3:TrackPointExtension>
        </extensions>
      </trkpt>
      <trkpt lat="25.864840261638164520263671875" lon="119.570392481982707977294921875">
        <ele>19.3999996185302734375</ele>
        <time>2025-05-24T09:41:12.000Z</time>
        <extensions>
          <ns3:TrackPointExtension>
            <ns3:hr>104</ns3:hr>
          </ns3:TrackPointExtension>
        </extensions>
      </trkpt>
      <trkpt lat="25.86481788195669651031494140625" lon="119.57038544118404388427734375">
        <ele>19.3999996185302734375</ele>
        <time>2025-05-24T09:41:14.000Z</time>
        <extensions>
          <ns3:TrackPointExtension>
            <ns3:hr>103</ns3:hr>
          </ns3:TrackPointExtension>
        </extensions>
      </trkpt>
      <trkpt lat="25.86472383700311183929443359375" lon="119.57035551778972148895263671875">
        <ele>19.6000003814697265625</ele>
        <time>2025-05-24T09:41:20.000Z</time>
        <extensions>
          <ns3:TrackPointExtension>
            <ns3:hr>102</ns3:hr>
          </ns3:TrackPointExtension>
        </extensions>
      </trkpt>
      <trkpt lat="25.864613614976406097412109375" lon="119.57036339677870273590087890625">
        <ele>19.6000003814697265625</ele>
        <time>2025-05-24T09:41:28.000Z</time>
        <extensions>
          <ns3:TrackPointExtension>
            <ns3:hr>102</ns3:hr>
          </ns3:TrackPointExtension>
        </extensions>
      </trkpt>
      <trkpt lat="25.8645048178732395172119140625" lon="119.5704006962478160858154296875">
        <ele>19.6000003814697265625</ele>
        <time>2025-05-24T09:41:38.000Z</time>
        <extensions>
          <ns3:TrackPointExtension>
            <ns3:hr>102</ns3:hr>
          </ns3:TrackPointExtension>
        </extensions>
      </trkpt>
      <trkpt lat="25.8644253574311733245849609375" lon="119.57046934403479099273681640625">
        <ele>20</ele>
        <time>2025-05-24T09:41:46.000Z</time>
        <extensions>
          <ns3:TrackPointExtension>
            <ns3:hr>102</ns3:hr>
          </ns3:TrackPointExtension>
        </extensions>
      </trkpt>
      <trkpt lat="25.86436626501381397247314453125" lon="119.57052919082343578338623046875">
        <ele>20.200000762939453125</ele>
        <time>2025-05-24T09:41:53.000Z</time>
        <extensions>
          <ns3:TrackPointExtension>
            <ns3:hr>102</ns3:hr>
          </ns3:TrackPointExtension>
        </extensions>
      </trkpt>
      <trkpt lat="25.86433491669595241546630859375" lon="119.57056112587451934814453125">
        <ele>20</ele>
        <time>2025-05-24T09:41:56.000Z</time>
        <extensions>
          <ns3:TrackPointExtension>
            <ns3:hr>102</ns3:hr>
          </ns3:TrackPointExtension>
        </extensions>
      </trkpt>
      <trkpt lat="25.8643095195293426513671875" lon="119.57058987580239772796630859375">
        <ele>19.799999237060546875</ele>
        <time>2025-05-24T09:41:59.000Z</time>
        <extensions>
          <ns3:TrackPointExtension>
            <ns3:hr>103</ns3:hr>
          </ns3:TrackPointExtension>
        </extensions>
      </trkpt>
      <trkpt lat="25.864281021058559417724609375" lon="119.57060001790523529052734375">
        <ele>20</ele>
        <time>2025-05-24T09:42:01.000Z</time>
        <extensions>
          <ns3:TrackPointExtension>
            <ns3:hr>104</ns3:hr>
          </ns3:TrackPointExtension>
        </extensions>
      </trkpt>
      <trkpt lat="25.86425654590129852294921875" lon="119.5706491358578205108642578125">
        <ele>20</ele>
        <time>2025-05-24T09:42:05.000Z</time>
        <extensions>
          <ns3:TrackPointExtension>
            <ns3:hr>105</ns3:hr>
          </ns3:TrackPointExtension>
        </extensions>
      </trkpt>
      <trkpt lat="25.8641826175153255462646484375" lon="119.57071610726416110992431640625">
        <ele>20</ele>
        <time>2025-05-24T09:42:12.000Z</time>
        <extensions>
          <ns3:TrackPointExtension>
            <ns3:hr>106</ns3:hr>
          </ns3:TrackPointExtension>
        </extensions>
      </trkpt>
      <trkpt lat="25.8641474135220050811767578125" lon="119.57075533457100391387939453125">
        <ele>20</ele>
        <time>2025-05-24T09:42:17.000Z</time>
        <extensions>
          <ns3:TrackPointExtension>
            <ns3:hr>106</ns3:hr>
          </ns3:TrackPointExtension>
        </extensions>
      </trkpt>
      <trkpt lat="25.86411765776574611663818359375" lon="119.57078450359404087066650390625">
        <ele>19.799999237060546875</ele>
        <time>2025-05-24T09:42:20.000Z</time>
        <extensions>
          <ns3:TrackPointExtension>
            <ns3:hr>105</ns3:hr>
          </ns3:TrackPointExtension>
        </extensions>
      </trkpt>
      <trkpt lat="25.86404188536107540130615234375" lon="119.57085574977099895477294921875">
        <ele>20</ele>
        <time>2025-05-24T09:42:27.000Z</time>
        <extensions>
          <ns3:TrackPointExtension>
            <ns3:hr>105</ns3:hr>
          </ns3:TrackPointExtension>
        </extensions>
      </trkpt>
      <trkpt lat="25.86402587592601776123046875" lon="119.57087469287216663360595703125">
        <ele>19.799999237060546875</ele>
        <time>2025-05-24T09:42:29.000Z</time>
        <extensions>
          <ns3:TrackPointExtension>
            <ns3:hr>105</ns3:hr>
          </ns3:TrackPointExtension>
        </extensions>
      </trkpt>
      <trkpt lat="25.864012129604816436767578125" lon="119.57090503536164760589599609375">
        <ele>20</ele>
        <time>2025-05-24T09:42:31.000Z</time>
        <extensions>
          <ns3:TrackPointExtension>
            <ns3:hr>104</ns3:hr>
          </ns3:TrackPointExtension>
        </extensions>
      </trkpt>
      <trkpt lat="25.86397784762084484100341796875" lon="119.57091593183577060699462890625">
        <ele>20</ele>
        <time>2025-05-24T09:42:33.000Z</time>
        <extensions>
          <ns3:TrackPointExtension>
            <ns3:hr>103</ns3:hr>
          </ns3:TrackPointExtension>
        </extensions>
      </trkpt>
      <trkpt lat="25.8639559708535671234130859375" lon="119.57094468176364898681640625">
        <ele>20</ele>
        <time>2025-05-24T09:42:36.000Z</time>
        <extensions>
          <ns3:TrackPointExtension>
            <ns3:hr>102</ns3:hr>
          </ns3:TrackPointExtension>
        </extensions>
      </trkpt>
      <trkpt lat="25.86392370052635669708251953125" lon="119.57096387632191181182861328125">
        <ele>20</ele>
        <time>2025-05-24T09:42:39.000Z</time>
        <extensions>
          <ns3:TrackPointExtension>
            <ns3:hr>102</ns3:hr>
          </ns3:TrackPointExtension>
        </extensions>
      </trkpt>
      <trkpt lat="25.86391263641417026519775390625" lon="119.57097510807216167449951171875">
        <ele>20</ele>
        <time>2025-05-24T09:42:40.000Z</time>
        <extensions>
          <ns3:TrackPointExtension>
            <ns3:hr>102</ns3:hr>
          </ns3:TrackPointExtension>
        </extensions>
      </trkpt>
      <trkpt lat="25.86389176547527313232421875" lon="119.57100712694227695465087890625">
        <ele>20</ele>
        <time>2025-05-24T09:42:43.000Z</time>
        <extensions>
          <ns3:TrackPointExtension>
            <ns3:hr>102</ns3:hr>
          </ns3:TrackPointExtension>
        </extensions>
      </trkpt>
      <trkpt lat="25.8638637699186801910400390625" lon="119.57103721797466278076171875">
        <ele>20</ele>
        <time>2025-05-24T09:42:46.000Z</time>
        <extensions>
          <ns3:TrackPointExtension>
            <ns3:hr>102</ns3:hr>
          </ns3:TrackPointExtension>
        </extensions>
      </trkpt>
      <trkpt lat="25.8638573996722698211669921875" lon="119.5710464380681514739990234375">
        <ele>19.799999237060546875</ele>
        <time>2025-05-24T09:42:47.000Z</time>
        <extensions>
          <ns3:TrackPointExtension>
            <ns3:hr>102</ns3:hr>
          </ns3:TrackPointExtension>
        </extensions>
      </trkpt>
      <trkpt lat="25.86380383931100368499755859375" lon="119.57110821269452571868896484375">
        <ele>19.799999237060546875</ele>
        <time>2025-05-24T09:42:53.000Z</time>
        <extensions>
          <ns3:TrackPointExtension>
            <ns3:hr>102</ns3:hr>
          </ns3:TrackPointExtension>
        </extensions>
      </trkpt>
      <trkpt lat="25.86379361338913440704345703125" lon="119.57111676223576068878173828125">
        <ele>19.799999237060546875</ele>
        <time>2025-05-24T09:42:54.000Z</time>
        <extensions>
          <ns3:TrackPointExtension>
            <ns3:hr>102</ns3:hr>
          </ns3:TrackPointExtension>
        </extensions>
      </trkpt>
      <trkpt lat="25.86372773163020610809326171875" lon="119.5711947977542877197265625">
        <ele>20</ele>
        <time>2025-05-24T09:43:01.000Z</time>
        <extensions>
          <ns3:TrackPointExtension>
            <ns3:hr>102</ns3:hr>
          </ns3:TrackPointExtension>
        </extensions>
      </trkpt>
      <trkpt lat="25.86369353346526622772216796875" lon="119.57125171087682247161865234375">
        <ele>20</ele>
        <time>2025-05-24T09:43:06.000Z</time>
        <extensions>
          <ns3:TrackPointExtension>
            <ns3:hr>103</ns3:hr>
          </ns3:TrackPointExtension>
        </extensions>
      </trkpt>
      <trkpt lat="25.86366805247962474822998046875" lon="119.571281634271144866943359375">
        <ele>20</ele>
        <time>2025-05-24T09:43:09.000Z</time>
        <extensions>
          <ns3:TrackPointExtension>
            <ns3:hr>102</ns3:hr>
          </ns3:TrackPointExtension>
        </extensions>
      </trkpt>
      <trkpt lat="25.8636562339961528778076171875" lon="119.57129177637398242950439453125">
        <ele>20</ele>
        <time>2025-05-24T09:43:10.000Z</time>
        <extensions>
          <ns3:TrackPointExtension>
            <ns3:hr>102</ns3:hr>
          </ns3:TrackPointExtension>
        </extensions>
      </trkpt>
      <trkpt lat="25.8635972253978252410888671875" lon="119.57134340889751911163330078125">
        <ele>20</ele>
        <time>2025-05-24T09:43:16.000Z</time>
        <extensions>
          <ns3:TrackPointExtension>
            <ns3:hr>102</ns3:hr>
          </ns3:TrackPointExtension>
        </extensions>
      </trkpt>
      <trkpt lat="25.86354869417846202850341796875" lon="119.5713766850531101226806640625">
        <ele>20</ele>
        <time>2025-05-24T09:43:19.000Z</time>
        <extensions>
          <ns3:TrackPointExtension>
            <ns3:hr>102</ns3:hr>
          </ns3:TrackPointExtension>
        </extensions>
      </trkpt>
      <trkpt lat="25.86352430284023284912109375" lon="119.57142471335828304290771484375">
        <ele>20</ele>
        <time>2025-05-24T09:43:22.000Z</time>
        <extensions>
          <ns3:TrackPointExtension>
            <ns3:hr>101</ns3:hr>
          </ns3:TrackPointExtension>
        </extensions>
      </trkpt>
      <trkpt lat="25.8635080419480800628662109375" lon="119.571450613439083099365234375">
        <ele>20</ele>
        <time>2025-05-24T09:43:25.000Z</time>
        <extensions>
          <ns3:TrackPointExtension>
            <ns3:hr>99</ns3:hr>
          </ns3:TrackPointExtension>
        </extensions>
      </trkpt>
      <trkpt lat="25.863481052219867706298828125" lon="119.571470730006694793701171875">
        <ele>20</ele>
        <time>2025-05-24T09:43:28.000Z</time>
        <extensions>
          <ns3:TrackPointExtension>
            <ns3:hr>99</ns3:hr>
          </ns3:TrackPointExtension>
        </extensions>
      </trkpt>
      <trkpt lat="25.863452889025211334228515625" lon="119.5714953728020191192626953125">
        <ele>20</ele>
        <time>2025-05-24T09:43:31.000Z</time>
        <extensions>
          <ns3:TrackPointExtension>
            <ns3:hr>98</ns3:hr>
          </ns3:TrackPointExtension>
        </extensions>
      </trkpt>
      <trkpt lat="25.863426066935062408447265625" lon="119.57151004113256931304931640625">
        <ele>20</ele>
        <time>2025-05-24T09:43:33.000Z</time>
        <extensions>
          <ns3:TrackPointExtension>
            <ns3:hr>99</ns3:hr>
          </ns3:TrackPointExtension>
        </extensions>
      </trkpt>
      <trkpt lat="25.86341441608965396881103515625" lon="119.5715185068547725677490234375">
        <ele>20</ele>
        <time>2025-05-24T09:43:34.000Z</time>
        <extensions>
          <ns3:TrackPointExtension>
            <ns3:hr>98</ns3:hr>
          </ns3:TrackPointExtension>
        </extensions>
      </trkpt>
      <trkpt lat="25.86333981715142726898193359375" lon="119.57158438861370086669921875">
        <ele>20</ele>
        <time>2025-05-24T09:43:41.000Z</time>
        <extensions>
          <ns3:TrackPointExtension>
            <ns3:hr>98</ns3:hr>
          </ns3:TrackPointExtension>
        </extensions>
      </trkpt>
      <trkpt lat="25.86325918324291706085205078125" lon="119.57164566032588481903076171875">
        <ele>20</ele>
        <time>2025-05-24T09:43:49.000Z</time>
        <extensions>
          <ns3:TrackPointExtension>
            <ns3:hr>99</ns3:hr>
          </ns3:TrackPointExtension>
        </extensions>
      </trkpt>
      <trkpt lat="25.863180644810199737548828125" lon="119.57171539776027202606201171875">
        <ele>20.200000762939453125</ele>
        <time>2025-05-24T09:43:56.000Z</time>
        <extensions>
          <ns3:TrackPointExtension>
            <ns3:hr>99</ns3:hr>
          </ns3:TrackPointExtension>
        </extensions>
      </trkpt>
      <trkpt lat="25.8631435967981815338134765625" lon="119.57174624316394329071044921875">
        <ele>20.200000762939453125</ele>
        <time>2025-05-24T09:44:00.000Z</time>
        <extensions>
          <ns3:TrackPointExtension>
            <ns3:hr>102</ns3:hr>
          </ns3:TrackPointExtension>
        </extensions>
      </trkpt>
      <trkpt lat="25.86312658153474330902099609375" lon="119.57176703028380870819091796875">
        <ele>20</ele>
        <time>2025-05-24T09:44:02.000Z</time>
        <extensions>
          <ns3:TrackPointExtension>
            <ns3:hr>103</ns3:hr>
          </ns3:TrackPointExtension>
        </extensions>
      </trkpt>
      <trkpt lat="25.8630641363561153411865234375" lon="119.571831487119197845458984375">
        <ele>19.799999237060546875</ele>
        <time>2025-05-24T09:44:09.000Z</time>
        <extensions>
          <ns3:TrackPointExtension>
            <ns3:hr>103</ns3:hr>
          </ns3:TrackPointExtension>
        </extensions>
      </trkpt>
      <trkpt lat="25.8629598654806613922119140625" lon="119.571911282837390899658203125">
        <ele>19.799999237060546875</ele>
        <time>2025-05-24T09:44:19.000Z</time>
        <extensions>
          <ns3:TrackPointExtension>
            <ns3:hr>102</ns3:hr>
          </ns3:TrackPointExtension>
        </extensions>
      </trkpt>
      <trkpt lat="25.86290580220520496368408203125" lon="119.5719694532454013824462890625">
        <ele>20</ele>
        <time>2025-05-24T09:44:26.000Z</time>
        <extensions>
          <ns3:TrackPointExtension>
            <ns3:hr>102</ns3:hr>
          </ns3:TrackPointExtension>
        </extensions>
      </trkpt>
      <trkpt lat="25.86282416246831417083740234375" lon="119.572036005556583404541015625">
        <ele>20</ele>
        <time>2025-05-24T09:44:34.000Z</time>
        <extensions>
          <ns3:TrackPointExtension>
            <ns3:hr>102</ns3:hr>
          </ns3:TrackPointExtension>
        </extensions>
      </trkpt>
      <trkpt lat="25.8627473004162311553955078125" lon="119.57209266722202301025390625">
        <ele>20</ele>
        <time>2025-05-24T09:44:41.000Z</time>
        <extensions>
          <ns3:TrackPointExtension>
            <ns3:hr>102</ns3:hr>
          </ns3:TrackPointExtension>
        </extensions>
      </trkpt>
      <trkpt lat="25.86266876198351383209228515625" lon="119.57215645350515842437744140625">
        <ele>20</ele>
        <time>2025-05-24T09:44:49.000Z</time>
        <extensions>
          <ns3:TrackPointExtension>
            <ns3:hr>102</ns3:hr>
          </ns3:TrackPointExtension>
        </extensions>
      </trkpt>
      <trkpt lat="25.86258687078952789306640625" lon="119.57220397889614105224609375">
        <ele>19.799999237060546875</ele>
        <time>2025-05-24T09:44:56.000Z</time>
        <extensions>
          <ns3:TrackPointExtension>
            <ns3:hr>101</ns3:hr>
          </ns3:TrackPointExtension>
        </extensions>
      </trkpt>
      <trkpt lat="25.8624948374927043914794921875" lon="119.5722487382590770721435546875">
        <ele>19.799999237060546875</ele>
        <time>2025-05-24T09:45:04.000Z</time>
        <extensions>
          <ns3:TrackPointExtension>
            <ns3:hr>101</ns3:hr>
          </ns3:TrackPointExtension>
        </extensions>
      </trkpt>
      <trkpt lat="25.86240506730973720550537109375" lon="119.5722950063645839691162109375">
        <ele>19.799999237060546875</ele>
        <time>2025-05-24T09:45:12.000Z</time>
        <extensions>
          <ns3:TrackPointExtension>
            <ns3:hr>101</ns3:hr>
          </ns3:TrackPointExtension>
        </extensions>
      </trkpt>
      <trkpt lat="25.862306915223598480224609375" lon="119.57233046181499958038330078125">
        <ele>19.3999996185302734375</ele>
        <time>2025-05-24T09:45:21.000Z</time>
        <extensions>
          <ns3:TrackPointExtension>
            <ns3:hr>101</ns3:hr>
          </ns3:TrackPointExtension>
        </extensions>
      </trkpt>
      <trkpt lat="25.86220943368971347808837890625" lon="119.5723734609782695770263671875">
        <ele>19.6000003814697265625</ele>
        <time>2025-05-24T09:45:28.000Z</time>
        <extensions>
          <ns3:TrackPointExtension>
            <ns3:hr>102</ns3:hr>
          </ns3:TrackPointExtension>
        </extensions>
      </trkpt>
      <trkpt lat="25.862094350159168243408203125" lon="119.57241897471249103546142578125">
        <ele>19.6000003814697265625</ele>
        <time>2025-05-24T09:45:37.000Z</time>
        <extensions>
          <ns3:TrackPointExtension>
            <ns3:hr>102</ns3:hr>
          </ns3:TrackPointExtension>
        </extensions>
      </trkpt>
      <trkpt lat="25.86198798380792140960693359375" lon="119.5724291168153285980224609375">
        <ele>19.3999996185302734375</ele>
        <time>2025-05-24T09:45:45.000Z</time>
        <extensions>
          <ns3:TrackPointExtension>
            <ns3:hr>102</ns3:hr>
          </ns3:TrackPointExtension>
        </extensions>
      </trkpt>
      <trkpt lat="25.86189888417720794677734375" lon="119.5724167115986347198486328125">
        <ele>19.3999996185302734375</ele>
        <time>2025-05-24T09:45:52.000Z</time>
        <extensions>
          <ns3:TrackPointExtension>
            <ns3:hr>102</ns3:hr>
          </ns3:TrackPointExtension>
        </extensions>
      </trkpt>
      <trkpt lat="25.8618150651454925537109375" lon="119.57243506796658039093017578125">
        <ele>19.6000003814697265625</ele>
        <time>2025-05-24T09:45:58.000Z</time>
        <extensions>
          <ns3:TrackPointExtension>
            <ns3:hr>101</ns3:hr>
          </ns3:TrackPointExtension>
        </extensions>
      </trkpt>
      <trkpt lat="25.86169461719691753387451171875" lon="119.5724281109869480133056640625">
        <ele>19.799999237060546875</ele>
        <time>2025-05-24T09:46:08.000Z</time>
        <extensions>
          <ns3:TrackPointExtension>
            <ns3:hr>102</ns3:hr>
          </ns3:TrackPointExtension>
        </extensions>
      </trkpt>
      <trkpt lat="25.8616281487047672271728515625" lon="119.57241042517125606536865234375">
        <ele>19.799999237060546875</ele>
        <time>2025-05-24T09:46:13.000Z</time>
        <extensions>
          <ns3:TrackPointExtension>
            <ns3:hr>102</ns3:hr>
          </ns3:TrackPointExtension>
        </extensions>
      </trkpt>
      <trkpt lat="25.861557908356189727783203125" lon="119.57238745875656604766845703125">
        <ele>19.6000003814697265625</ele>
        <time>2025-05-24T09:46:19.000Z</time>
        <extensions>
          <ns3:TrackPointExtension>
            <ns3:hr>102</ns3:hr>
          </ns3:TrackPointExtension>
        </extensions>
      </trkpt>
      <trkpt lat="25.8614631928503513336181640625" lon="119.57235963083803653717041015625">
        <ele>20</ele>
        <time>2025-05-24T09:46:27.000Z</time>
        <extensions>
          <ns3:TrackPointExtension>
            <ns3:hr>101</ns3:hr>
          </ns3:TrackPointExtension>
        </extensions>
      </trkpt>
      <trkpt lat="25.86135917343199253082275390625" lon="119.57232727669179439544677734375">
        <ele>20</ele>
        <time>2025-05-24T09:46:35.000Z</time>
        <extensions>
          <ns3:TrackPointExtension>
            <ns3:hr>102</ns3:hr>
          </ns3:TrackPointExtension>
        </extensions>
      </trkpt>
      <trkpt lat="25.86129915900528430938720703125" lon="119.57230514846742153167724609375">
        <ele>20</ele>
        <time>2025-05-24T09:46:40.000Z</time>
        <extensions>
          <ns3:TrackPointExtension>
            <ns3:hr>102</ns3:hr>
          </ns3:TrackPointExtension>
        </extensions>
      </trkpt>
      <trkpt lat="25.8612866699695587158203125" lon="119.57229978404939174652099609375">
        <ele>20</ele>
        <time>2025-05-24T09:46:41.000Z</time>
        <extensions>
          <ns3:TrackPointExtension>
            <ns3:hr>102</ns3:hr>
          </ns3:TrackPointExtension>
        </extensions>
      </trkpt>
      <trkpt lat="25.8612107299268245697021484375" lon="119.5722708664834499359130859375">
        <ele>20.200000762939453125</ele>
        <time>2025-05-24T09:46:48.000Z</time>
        <extensions>
          <ns3:TrackPointExtension>
            <ns3:hr>101</ns3:hr>
          </ns3:TrackPointExtension>
        </extensions>
      </trkpt>
      <trkpt lat="25.861150212585926055908203125" lon="119.57225083373486995697021484375">
        <ele>20.200000762939453125</ele>
        <time>2025-05-24T09:46:54.000Z</time>
        <extensions>
          <ns3:TrackPointExtension>
            <ns3:hr>101</ns3:hr>
          </ns3:TrackPointExtension>
        </extensions>
      </trkpt>
      <trkpt lat="25.86113319732248783111572265625" lon="119.572251923382282257080078125">
        <ele>20.200000762939453125</ele>
        <time>2025-05-24T09:46:56.000Z</time>
        <extensions>
          <ns3:TrackPointExtension>
            <ns3:hr>101</ns3:hr>
          </ns3:TrackPointExtension>
        </extensions>
      </trkpt>
      <trkpt lat="25.86108240298926830291748046875" lon="119.57223440520465373992919921875">
        <ele>20.3999996185302734375</ele>
        <time>2025-05-24T09:47:01.000Z</time>
        <extensions>
          <ns3:TrackPointExtension>
            <ns3:hr>101</ns3:hr>
          </ns3:TrackPointExtension>
        </extensions>
      </trkpt>
      <trkpt lat="25.86105222813785076141357421875" lon="119.57221261225640773773193359375">
        <ele>20.3999996185302734375</ele>
        <time>2025-05-24T09:47:03.000Z</time>
        <extensions>
          <ns3:TrackPointExtension>
            <ns3:hr>101</ns3:hr>
          </ns3:TrackPointExtension>
        </extensions>
      </trkpt>
      <trkpt lat="25.8609991706907749176025390625" lon="119.5721766538918018341064453125">
        <ele>20.200000762939453125</ele>
        <time>2025-05-24T09:47:08.000Z</time>
        <extensions>
          <ns3:TrackPointExtension>
            <ns3:hr>100</ns3:hr>
          </ns3:TrackPointExtension>
        </extensions>
      </trkpt>
      <trkpt lat="25.86088844574987888336181640625" lon="119.57208973355591297149658203125">
        <ele>20.3999996185302734375</ele>
        <time>2025-05-24T09:47:20.000Z</time>
        <extensions>
          <ns3:TrackPointExtension>
            <ns3:hr>100</ns3:hr>
          </ns3:TrackPointExtension>
        </extensions>
      </trkpt>
      <trkpt lat="25.86084100417792797088623046875" lon="119.57205469720065593719482421875">
        <ele>20.3999996185302734375</ele>
        <time>2025-05-24T09:47:25.000Z</time>
        <extensions>
          <ns3:TrackPointExtension>
            <ns3:hr>99</ns3:hr>
          </ns3:TrackPointExtension>
        </extensions>
      </trkpt>
      <trkpt lat="25.8608280122280120849609375" lon="119.57204866223037242889404296875">
        <ele>20.6000003814697265625</ele>
        <time>2025-05-24T09:47:27.000Z</time>
        <extensions>
          <ns3:TrackPointExtension>
            <ns3:hr>99</ns3:hr>
          </ns3:TrackPointExtension>
        </extensions>
      </trkpt>
      <trkpt lat="25.86078166030347347259521484375" lon="119.57201999612152576446533203125">
        <ele>20.200000762939453125</ele>
        <time>2025-05-24T09:47:32.000Z</time>
        <extensions>
          <ns3:TrackPointExtension>
            <ns3:hr>99</ns3:hr>
          </ns3:TrackPointExtension>
        </extensions>
      </trkpt>
      <trkpt lat="25.86078383959829807281494140625" lon="119.57201245240867137908935546875">
        <ele>20</ele>
        <time>2025-05-24T09:47:38.000Z</time>
        <extensions>
          <ns3:TrackPointExtension>
            <ns3:hr>99</ns3:hr>
          </ns3:TrackPointExtension>
        </extensions>
      </trkpt>
      <trkpt lat="25.8607877790927886962890625" lon="119.5720147155225276947021484375">
        <ele>19.799999237060546875</ele>
        <time>2025-05-24T09:47:45.000Z</time>
        <extensions>
          <ns3:TrackPointExtension>
            <ns3:hr>100</ns3:hr>
          </ns3:TrackPointExtension>
        </extensions>
      </trkpt>
      <trkpt lat="25.8607609570026397705078125" lon="119.57200415432453155517578125">
        <ele>20</ele>
        <time>2025-05-24T09:47:47.000Z</time>
        <extensions>
          <ns3:TrackPointExtension>
            <ns3:hr>103</ns3:hr>
          </ns3:TrackPointExtension>
        </extensions>
      </trkpt>
      <trkpt lat="25.8607262559235095977783203125" lon="119.57197607494890689849853515625">
        <ele>20.200000762939453125</ele>
        <time>2025-05-24T09:47:50.000Z</time>
        <extensions>
          <ns3:TrackPointExtension>
            <ns3:hr>106</ns3:hr>
          </ns3:TrackPointExtension>
        </extensions>
      </trkpt>
      <trkpt lat="25.86066464893519878387451171875" lon="119.571940116584300994873046875">
        <ele>20.3999996185302734375</ele>
        <time>2025-05-24T09:47:56.000Z</time>
        <extensions>
          <ns3:TrackPointExtension>
            <ns3:hr>108</ns3:hr>
          </ns3:TrackPointExtension>
        </extensions>
      </trkpt>
      <trkpt lat="25.86057445965707302093505859375" lon="119.5718863047659397125244140625">
        <ele>20.200000762939453125</ele>
        <time>2025-05-24T09:48:04.000Z</time>
        <extensions>
          <ns3:TrackPointExtension>
            <ns3:hr>109</ns3:hr>
          </ns3:TrackPointExtension>
        </extensions>
      </trkpt>
      <trkpt lat="25.8605153672397136688232421875" lon="119.57185269333422183990478515625">
        <ele>20.3999996185302734375</ele>
        <time>2025-05-24T09:48:11.000Z</time>
        <extensions>
          <ns3:TrackPointExtension>
            <ns3:hr>109</ns3:hr>
          </ns3:TrackPointExtension>
        </extensions>
      </trkpt>
      <trkpt lat="25.86046616546809673309326171875" lon="119.57182838581502437591552734375">
        <ele>20.3999996185302734375</ele>
        <time>2025-05-24T09:48:16.000Z</time>
        <extensions>
          <ns3:TrackPointExtension>
            <ns3:hr>106</ns3:hr>
          </ns3:TrackPointExtension>
        </extensions>
      </trkpt>
      <trkpt lat="25.86041989736258983612060546875" lon="119.57180726341903209686279296875">
        <ele>20.3999996185302734375</ele>
        <time>2025-05-24T09:48:20.000Z</time>
        <extensions>
          <ns3:TrackPointExtension>
            <ns3:hr>104</ns3:hr>
          </ns3:TrackPointExtension>
        </extensions>
      </trkpt>
      <trkpt lat="25.86039726622402667999267578125" lon="119.57179737277328968048095703125">
        <ele>20.3999996185302734375</ele>
        <time>2025-05-24T09:48:22.000Z</time>
        <extensions>
          <ns3:TrackPointExtension>
            <ns3:hr>105</ns3:hr>
          </ns3:TrackPointExtension>
        </extensions>
      </trkpt>
      <trkpt lat="25.86037027649581432342529296875" lon="119.5717840455472469329833984375">
        <ele>20.3999996185302734375</ele>
        <time>2025-05-24T09:48:24.000Z</time>
        <extensions>
          <ns3:TrackPointExtension>
            <ns3:hr>104</ns3:hr>
          </ns3:TrackPointExtension>
        </extensions>
      </trkpt>
      <trkpt lat="25.86035619489848613739013671875" lon="119.57177993841469287872314453125">
        <ele>20.3999996185302734375</ele>
        <time>2025-05-24T09:48:25.000Z</time>
        <extensions>
          <ns3:TrackPointExtension>
            <ns3:hr>104</ns3:hr>
          </ns3:TrackPointExtension>
        </extensions>
      </trkpt>
      <trkpt lat="25.8603264391422271728515625" lon="119.5717620849609375">
        <ele>20.6000003814697265625</ele>
        <time>2025-05-24T09:48:28.000Z</time>
        <extensions>
          <ns3:TrackPointExtension>
            <ns3:hr>104</ns3:hr>
          </ns3:TrackPointExtension>
        </extensions>
      </trkpt>
      <trkpt lat="25.86031026206910610198974609375" lon="119.571736268699169158935546875">
        <ele>20.3999996185302734375</ele>
        <time>2025-05-24T09:48:31.000Z</time>
        <extensions>
          <ns3:TrackPointExtension>
            <ns3:hr>104</ns3:hr>
          </ns3:TrackPointExtension>
        </extensions>
      </trkpt>
      <trkpt lat="25.86028930731117725372314453125" lon="119.57171925343573093414306640625">
        <ele>20.3999996185302734375</ele>
        <time>2025-05-24T09:48:33.000Z</time>
        <extensions>
          <ns3:TrackPointExtension>
            <ns3:hr>103</ns3:hr>
          </ns3:TrackPointExtension>
        </extensions>
      </trkpt>
      <trkpt lat="25.860218815505504608154296875" lon="119.57167147658765316009521484375">
        <ele>20.3999996185302734375</ele>
        <time>2025-05-24T09:48:38.000Z</time>
        <extensions>
          <ns3:TrackPointExtension>
            <ns3:hr>103</ns3:hr>
          </ns3:TrackPointExtension>
        </extensions>
      </trkpt>
      <trkpt lat="25.8601225912570953369140625" lon="119.571630991995334625244140625">
        <ele>20.6000003814697265625</ele>
        <time>2025-05-24T09:48:46.000Z</time>
        <extensions>
          <ns3:TrackPointExtension>
            <ns3:hr>104</ns3:hr>
          </ns3:TrackPointExtension>
        </extensions>
      </trkpt>
      <trkpt lat="25.86003768257796764373779296875" lon="119.5715798623859882354736328125">
        <ele>20.799999237060546875</ele>
        <time>2025-05-24T09:48:53.000Z</time>
        <extensions>
          <ns3:TrackPointExtension>
            <ns3:hr>105</ns3:hr>
          </ns3:TrackPointExtension>
        </extensions>
      </trkpt>
      <trkpt lat="25.85999778471887111663818359375" lon="119.57157525233924388885498046875">
        <ele>20.799999237060546875</ele>
        <time>2025-05-24T09:48:57.000Z</time>
        <extensions>
          <ns3:TrackPointExtension>
            <ns3:hr>104</ns3:hr>
          </ns3:TrackPointExtension>
        </extensions>
      </trkpt>
      <trkpt lat="25.85997599177062511444091796875" lon="119.57157173193991184234619140625">
        <ele>20.799999237060546875</ele>
        <time>2025-05-24T09:48:59.000Z</time>
        <extensions>
          <ns3:TrackPointExtension>
            <ns3:hr>104</ns3:hr>
          </ns3:TrackPointExtension>
        </extensions>
      </trkpt>
      <trkpt lat="25.85996895097196102142333984375" lon="119.571566618978977203369140625">
        <ele>20.799999237060546875</ele>
        <time>2025-05-24T09:49:00.000Z</time>
        <extensions>
          <ns3:TrackPointExtension>
            <ns3:hr>104</ns3:hr>
          </ns3:TrackPointExtension>
        </extensions>
      </trkpt>
      <trkpt lat="25.85994866676628589630126953125" lon="119.5715527050197124481201171875">
        <ele>20.799999237060546875</ele>
        <time>2025-05-24T09:49:02.000Z</time>
        <extensions>
          <ns3:TrackPointExtension>
            <ns3:hr>104</ns3:hr>
          </ns3:TrackPointExtension>
        </extensions>
      </trkpt>
      <trkpt lat="25.85990424267947673797607421875" lon="119.571504257619380950927734375">
        <ele>20.799999237060546875</ele>
        <time>2025-05-24T09:49:06.000Z</time>
        <extensions>
          <ns3:TrackPointExtension>
            <ns3:hr>104</ns3:hr>
          </ns3:TrackPointExtension>
        </extensions>
      </trkpt>
      <trkpt lat="25.85985948331654071807861328125" lon="119.57146042026579380035400390625">
        <ele>21</ele>
        <time>2025-05-24T09:49:09.000Z</time>
        <extensions>
          <ns3:TrackPointExtension>
            <ns3:hr>105</ns3:hr>
          </ns3:TrackPointExtension>
        </extensions>
      </trkpt>
      <trkpt lat="25.85985261015594005584716796875" lon="119.57145723514258861541748046875">
        <ele>21</ele>
        <time>2025-05-24T09:49:10.000Z</time>
        <extensions>
          <ns3:TrackPointExtension>
            <ns3:hr>105</ns3:hr>
          </ns3:TrackPointExtension>
        </extensions>
      </trkpt>
      <trkpt lat="25.8597640134394168853759765625" lon="119.571419768035411834716796875">
        <ele>20.799999237060546875</ele>
        <time>2025-05-24T09:49:18.000Z</time>
        <extensions>
          <ns3:TrackPointExtension>
            <ns3:hr>105</ns3:hr>
          </ns3:TrackPointExtension>
        </extensions>
      </trkpt>
      <trkpt lat="25.85968673229217529296875" lon="119.57139889709651470184326171875">
        <ele>20.799999237060546875</ele>
        <time>2025-05-24T09:49:24.000Z</time>
        <extensions>
          <ns3:TrackPointExtension>
            <ns3:hr>105</ns3:hr>
          </ns3:TrackPointExtension>
        </extensions>
      </trkpt>
      <trkpt lat="25.85959796793758869171142578125" lon="119.57135179080069065093994140625">
        <ele>20.799999237060546875</ele>
        <time>2025-05-24T09:49:32.000Z</time>
        <extensions>
          <ns3:TrackPointExtension>
            <ns3:hr>103</ns3:hr>
          </ns3:TrackPointExtension>
        </extensions>
      </trkpt>
      <trkpt lat="25.8594967983663082122802734375" lon="119.57127727568149566650390625">
        <ele>20.799999237060546875</ele>
        <time>2025-05-24T09:49:41.000Z</time>
        <extensions>
          <ns3:TrackPointExtension>
            <ns3:hr>104</ns3:hr>
          </ns3:TrackPointExtension>
        </extensions>
      </trkpt>
      <trkpt lat="25.85941909812390804290771484375" lon="119.5712308399379253387451171875">
        <ele>21</ele>
        <time>2025-05-24T09:49:47.000Z</time>
        <extensions>
          <ns3:TrackPointExtension>
            <ns3:hr>104</ns3:hr>
          </ns3:TrackPointExtension>
        </extensions>
      </trkpt>
      <trkpt lat="25.85934139788150787353515625" lon="119.5711725018918514251708984375">
        <ele>21</ele>
        <time>2025-05-24T09:49:54.000Z</time>
        <extensions>
          <ns3:TrackPointExtension>
            <ns3:hr>104</ns3:hr>
          </ns3:TrackPointExtension>
        </extensions>
      </trkpt>
      <trkpt lat="25.8592885918915271759033203125" lon="119.57114056684076786041259765625">
        <ele>21</ele>
        <time>2025-05-24T09:49:59.000Z</time>
        <extensions>
          <ns3:TrackPointExtension>
            <ns3:hr>104</ns3:hr>
          </ns3:TrackPointExtension>
        </extensions>
      </trkpt>
      <trkpt lat="25.85922681726515293121337890625" lon="119.57109144888818264007568359375">
        <ele>21.200000762939453125</ele>
        <time>2025-05-24T09:50:06.000Z</time>
        <extensions>
          <ns3:TrackPointExtension>
            <ns3:hr>105</ns3:hr>
          </ns3:TrackPointExtension>
        </extensions>
      </trkpt>
      <trkpt lat="25.85913327522575855255126953125" lon="119.57104937173426151275634765625">
        <ele>21</ele>
        <time>2025-05-24T09:50:14.000Z</time>
        <extensions>
          <ns3:TrackPointExtension>
            <ns3:hr>104</ns3:hr>
          </ns3:TrackPointExtension>
        </extensions>
      </trkpt>
      <trkpt lat="25.8590203709900379180908203125" lon="119.57099271006882190704345703125">
        <ele>21</ele>
        <time>2025-05-24T09:50:24.000Z</time>
        <extensions>
          <ns3:TrackPointExtension>
            <ns3:hr>104</ns3:hr>
          </ns3:TrackPointExtension>
        </extensions>
      </trkpt>
      <trkpt lat="25.8589155972003936767578125" lon="119.57092590630054473876953125">
        <ele>21.200000762939453125</ele>
        <time>2025-05-24T09:50:33.000Z</time>
        <extensions>
          <ns3:TrackPointExtension>
            <ns3:hr>105</ns3:hr>
          </ns3:TrackPointExtension>
        </extensions>
      </trkpt>
      <trkpt lat="25.85886136628687381744384765625" lon="119.57089849747717380523681640625">
        <ele>21.200000762939453125</ele>
        <time>2025-05-24T09:50:39.000Z</time>
        <extensions>
          <ns3:TrackPointExtension>
            <ns3:hr>105</ns3:hr>
          </ns3:TrackPointExtension>
        </extensions>
      </trkpt>
      <trkpt lat="25.85885633714497089385986328125" lon="119.57089883275330066680908203125">
        <ele>21.200000762939453125</ele>
        <time>2025-05-24T09:50:40.000Z</time>
        <extensions>
          <ns3:TrackPointExtension>
            <ns3:hr>105</ns3:hr>
          </ns3:TrackPointExtension>
        </extensions>
      </trkpt>
      <trkpt lat="25.8588056266307830810546875" lon="119.57085424102842807769775390625">
        <ele>21</ele>
        <time>2025-05-24T09:50:45.000Z</time>
        <extensions>
          <ns3:TrackPointExtension>
            <ns3:hr>105</ns3:hr>
          </ns3:TrackPointExtension>
        </extensions>
      </trkpt>
      <trkpt lat="25.85879380814731121063232421875" lon="119.5708514750003814697265625">
        <ele>21</ele>
        <time>2025-05-24T09:50:46.000Z</time>
        <extensions>
          <ns3:TrackPointExtension>
            <ns3:hr>106</ns3:hr>
          </ns3:TrackPointExtension>
        </extensions>
      </trkpt>
      <trkpt lat="25.85877788253128528594970703125" lon="119.57084409892559051513671875">
        <ele>21</ele>
        <time>2025-05-24T09:50:47.000Z</time>
        <extensions>
          <ns3:TrackPointExtension>
            <ns3:hr>106</ns3:hr>
          </ns3:TrackPointExtension>
        </extensions>
      </trkpt>
      <trkpt lat="25.8586971648037433624267578125" lon="119.57079221494495868682861328125">
        <ele>21</ele>
        <time>2025-05-24T09:50:53.000Z</time>
        <extensions>
          <ns3:TrackPointExtension>
            <ns3:hr>105</ns3:hr>
          </ns3:TrackPointExtension>
        </extensions>
      </trkpt>
      <trkpt lat="25.85861644707620143890380859375" lon="119.57072650082409381866455078125">
        <ele>21.200000762939453125</ele>
        <time>2025-05-24T09:51:01.000Z</time>
        <extensions>
          <ns3:TrackPointExtension>
            <ns3:hr>104</ns3:hr>
          </ns3:TrackPointExtension>
        </extensions>
      </trkpt>
      <trkpt lat="25.858531706035137176513671875" lon="119.57069263793528079986572265625">
        <ele>21</ele>
        <time>2025-05-24T09:51:08.000Z</time>
        <extensions>
          <ns3:TrackPointExtension>
            <ns3:hr>104</ns3:hr>
          </ns3:TrackPointExtension>
        </extensions>
      </trkpt>
      <trkpt lat="25.85844512097537517547607421875" lon="119.57064025104045867919921875">
        <ele>20.799999237060546875</ele>
        <time>2025-05-24T09:51:17.000Z</time>
        <extensions>
          <ns3:TrackPointExtension>
            <ns3:hr>104</ns3:hr>
          </ns3:TrackPointExtension>
        </extensions>
      </trkpt>
      <trkpt lat="25.85843372158706188201904296875" lon="119.57063916139304637908935546875">
        <ele>20.799999237060546875</ele>
        <time>2025-05-24T09:51:19.000Z</time>
        <extensions>
          <ns3:TrackPointExtension>
            <ns3:hr>105</ns3:hr>
          </ns3:TrackPointExtension>
        </extensions>
      </trkpt>
      <trkpt lat="25.85838384926319122314453125" lon="119.5706038735806941986083984375">
        <ele>20.799999237060546875</ele>
        <time>2025-05-24T09:51:24.000Z</time>
        <extensions>
          <ns3:TrackPointExtension>
            <ns3:hr>106</ns3:hr>
          </ns3:TrackPointExtension>
        </extensions>
      </trkpt>
      <trkpt lat="25.85836515761911869049072265625" lon="119.57058987580239772796630859375">
        <ele>20.799999237060546875</ele>
        <time>2025-05-24T09:51:26.000Z</time>
        <extensions>
          <ns3:TrackPointExtension>
            <ns3:hr>106</ns3:hr>
          </ns3:TrackPointExtension>
        </extensions>
      </trkpt>
      <trkpt lat="25.85829240269958972930908203125" lon="119.570568837225437164306640625">
        <ele>21</ele>
        <time>2025-05-24T09:51:31.000Z</time>
        <extensions>
          <ns3:TrackPointExtension>
            <ns3:hr>107</ns3:hr>
          </ns3:TrackPointExtension>
        </extensions>
      </trkpt>
      <trkpt lat="25.858208835124969482421875" lon="119.57050739787518978118896484375">
        <ele>21</ele>
        <time>2025-05-24T09:51:38.000Z</time>
        <extensions>
          <ns3:TrackPointExtension>
            <ns3:hr>106</ns3:hr>
          </ns3:TrackPointExtension>
        </extensions>
      </trkpt>
      <trkpt lat="25.8581251837313175201416015625" lon="119.5704536698758602142333984375">
        <ele>21</ele>
        <time>2025-05-24T09:51:46.000Z</time>
        <extensions>
          <ns3:TrackPointExtension>
            <ns3:hr>105</ns3:hr>
          </ns3:TrackPointExtension>
        </extensions>
      </trkpt>
      <trkpt lat="25.8580385148525238037109375" lon="119.57039080560207366943359375">
        <ele>21.200000762939453125</ele>
        <time>2025-05-24T09:51:54.000Z</time>
        <extensions>
          <ns3:TrackPointExtension>
            <ns3:hr>104</ns3:hr>
          </ns3:TrackPointExtension>
        </extensions>
      </trkpt>
      <trkpt lat="25.85796584375202655792236328125" lon="119.57034520804882049560546875">
        <ele>21.200000762939453125</ele>
        <time>2025-05-24T09:52:01.000Z</time>
        <extensions>
          <ns3:TrackPointExtension>
            <ns3:hr>104</ns3:hr>
          </ns3:TrackPointExtension>
        </extensions>
      </trkpt>
      <trkpt lat="25.85787129588425159454345703125" lon="119.5703172124922275543212890625">
        <ele>21.3999996185302734375</ele>
        <time>2025-05-24T09:52:09.000Z</time>
        <extensions>
          <ns3:TrackPointExtension>
            <ns3:hr>103</ns3:hr>
          </ns3:TrackPointExtension>
        </extensions>
      </trkpt>
      <trkpt lat="25.85776216350495815277099609375" lon="119.5703628100454807281494140625">
        <ele>21.6000003814697265625</ele>
        <time>2025-05-24T09:52:17.000Z</time>
        <extensions>
          <ns3:TrackPointExtension>
            <ns3:hr>101</ns3:hr>
          </ns3:TrackPointExtension>
        </extensions>
      </trkpt>
      <trkpt lat="25.85769980214536190032958984375" lon="119.5703628100454807281494140625">
        <ele>21.6000003814697265625</ele>
        <time>2025-05-24T09:52:23.000Z</time>
        <extensions>
          <ns3:TrackPointExtension>
            <ns3:hr>101</ns3:hr>
          </ns3:TrackPointExtension>
        </extensions>
      </trkpt>
      <trkpt lat="25.85763827897608280181884765625" lon="119.57028427161276340484619140625">
        <ele>21.6000003814697265625</ele>
        <time>2025-05-24T09:52:30.000Z</time>
        <extensions>
          <ns3:TrackPointExtension>
            <ns3:hr>102</ns3:hr>
          </ns3:TrackPointExtension>
        </extensions>
      </trkpt>
      <trkpt lat="25.857619754970073699951171875" lon="119.5702608861029148101806640625">
        <ele>21.6000003814697265625</ele>
        <time>2025-05-24T09:52:32.000Z</time>
        <extensions>
          <ns3:TrackPointExtension>
            <ns3:hr>102</ns3:hr>
          </ns3:TrackPointExtension>
        </extensions>
      </trkpt>
      <trkpt lat="25.857588909566402435302734375" lon="119.57023012451827526092529296875">
        <ele>21.6000003814697265625</ele>
        <time>2025-05-24T09:52:35.000Z</time>
        <extensions>
          <ns3:TrackPointExtension>
            <ns3:hr>103</ns3:hr>
          </ns3:TrackPointExtension>
        </extensions>
      </trkpt>
      <trkpt lat="25.85756032727658748626708984375" lon="119.570216797292232513427734375">
        <ele>21.799999237060546875</ele>
        <time>2025-05-24T09:52:37.000Z</time>
        <extensions>
          <ns3:TrackPointExtension>
            <ns3:hr>103</ns3:hr>
          </ns3:TrackPointExtension>
        </extensions>
      </trkpt>
      <trkpt lat="25.85745756514370441436767578125" lon="119.57019793801009654998779296875">
        <ele>21.799999237060546875</ele>
        <time>2025-05-24T09:52:44.000Z</time>
        <extensions>
          <ns3:TrackPointExtension>
            <ns3:hr>103</ns3:hr>
          </ns3:TrackPointExtension>
        </extensions>
      </trkpt>
      <trkpt lat="25.85735849104821681976318359375" lon="119.57012820057570934295654296875">
        <ele>21.799999237060546875</ele>
        <time>2025-05-24T09:52:53.000Z</time>
        <extensions>
          <ns3:TrackPointExtension>
            <ns3:hr>103</ns3:hr>
          </ns3:TrackPointExtension>
        </extensions>
      </trkpt>
      <trkpt lat="25.8572980575263500213623046875" lon="119.57004547119140625">
        <ele>22</ele>
        <time>2025-05-24T09:53:00.000Z</time>
        <extensions>
          <ns3:TrackPointExtension>
            <ns3:hr>104</ns3:hr>
          </ns3:TrackPointExtension>
        </extensions>
      </trkpt>
      <trkpt lat="25.85724248550832271575927734375" lon="119.56996710039675235748291015625">
        <ele>22</ele>
        <time>2025-05-24T09:53:06.000Z</time>
        <extensions>
          <ns3:TrackPointExtension>
            <ns3:hr>104</ns3:hr>
          </ns3:TrackPointExtension>
        </extensions>
      </trkpt>
      <trkpt lat="25.85719957016408443450927734375" lon="119.569906331598758697509765625">
        <ele>22</ele>
        <time>2025-05-24T09:53:11.000Z</time>
        <extensions>
          <ns3:TrackPointExtension>
            <ns3:hr>104</ns3:hr>
          </ns3:TrackPointExtension>
        </extensions>
      </trkpt>
      <trkpt lat="25.85712463594973087310791015625" lon="119.56986014731228351593017578125">
        <ele>22.200000762939453125</ele>
        <time>2025-05-24T09:53:18.000Z</time>
        <extensions>
          <ns3:TrackPointExtension>
            <ns3:hr>103</ns3:hr>
          </ns3:TrackPointExtension>
        </extensions>
      </trkpt>
      <trkpt lat="25.8570499531924724578857421875" lon="119.56983483396470546722412109375">
        <ele>22.200000762939453125</ele>
        <time>2025-05-24T09:53:25.000Z</time>
        <extensions>
          <ns3:TrackPointExtension>
            <ns3:hr>102</ns3:hr>
          </ns3:TrackPointExtension>
        </extensions>
      </trkpt>
      <trkpt lat="25.856974013149738311767578125" lon="119.5697670243680477142333984375">
        <ele>22.3999996185302734375</ele>
        <time>2025-05-24T09:53:32.000Z</time>
        <extensions>
          <ns3:TrackPointExtension>
            <ns3:hr>102</ns3:hr>
          </ns3:TrackPointExtension>
        </extensions>
      </trkpt>
      <trkpt lat="25.85693034343421459197998046875" lon="119.5697204209864139556884765625">
        <ele>22.6000003814697265625</ele>
        <time>2025-05-24T09:53:38.000Z</time>
        <extensions>
          <ns3:TrackPointExtension>
            <ns3:hr>102</ns3:hr>
          </ns3:TrackPointExtension>
        </extensions>
      </trkpt>
      <trkpt lat="25.85692732594907283782958984375" lon="119.56971916370093822479248046875">
        <ele>22.6000003814697265625</ele>
        <time>2025-05-24T09:53:39.000Z</time>
        <extensions>
          <ns3:TrackPointExtension>
            <ns3:hr>102</ns3:hr>
          </ns3:TrackPointExtension>
        </extensions>
      </trkpt>
      <trkpt lat="25.8568829856812953948974609375" lon="119.56969770602881908416748046875">
        <ele>22.3999996185302734375</ele>
        <time>2025-05-24T09:53:46.000Z</time>
        <extensions>
          <ns3:TrackPointExtension>
            <ns3:hr>102</ns3:hr>
          </ns3:TrackPointExtension>
        </extensions>
      </trkpt>
      <trkpt lat="25.8568041957914829254150390625" lon="119.56967465579509735107421875">
        <ele>22.799999237060546875</ele>
        <time>2025-05-24T09:53:54.000Z</time>
        <extensions>
          <ns3:TrackPointExtension>
            <ns3:hr>103</ns3:hr>
          </ns3:TrackPointExtension>
        </extensions>
      </trkpt>
      <trkpt lat="25.85671677254140377044677734375" lon="119.5696657709777355194091796875">
        <ele>22.6000003814697265625</ele>
        <time>2025-05-24T09:54:01.000Z</time>
        <extensions>
          <ns3:TrackPointExtension>
            <ns3:hr>104</ns3:hr>
          </ns3:TrackPointExtension>
        </extensions>
      </trkpt>
      <trkpt lat="25.8566352166235446929931640625" lon="119.5697016455233097076416015625">
        <ele>22.6000003814697265625</ele>
        <time>2025-05-24T09:54:08.000Z</time>
        <extensions>
          <ns3:TrackPointExtension>
            <ns3:hr>105</ns3:hr>
          </ns3:TrackPointExtension>
        </extensions>
      </trkpt>
      <trkpt lat="25.856578052043914794921875" lon="119.56976191140711307525634765625">
        <ele>22.3999996185302734375</ele>
        <time>2025-05-24T09:54:15.000Z</time>
        <extensions>
          <ns3:TrackPointExtension>
            <ns3:hr>105</ns3:hr>
          </ns3:TrackPointExtension>
        </extensions>
      </trkpt>
      <trkpt lat="25.8564967475831508636474609375" lon="119.5698142983019351959228515625">
        <ele>22.799999237060546875</ele>
        <time>2025-05-24T09:54:23.000Z</time>
        <extensions>
          <ns3:TrackPointExtension>
            <ns3:hr>105</ns3:hr>
          </ns3:TrackPointExtension>
        </extensions>
      </trkpt>
      <trkpt lat="25.856461040675640106201171875" lon="119.56984765827655792236328125">
        <ele>22.6000003814697265625</ele>
        <time>2025-05-24T09:54:28.000Z</time>
        <extensions>
          <ns3:TrackPointExtension>
            <ns3:hr>104</ns3:hr>
          </ns3:TrackPointExtension>
        </extensions>
      </trkpt>
      <trkpt lat="25.856432206928730010986328125" lon="119.569871462881565093994140625">
        <ele>22.6000003814697265625</ele>
        <time>2025-05-24T09:54:31.000Z</time>
        <extensions>
          <ns3:TrackPointExtension>
            <ns3:hr>104</ns3:hr>
          </ns3:TrackPointExtension>
        </extensions>
      </trkpt>
      <trkpt lat="25.85641636513173580169677734375" lon="119.56988730467855930328369140625">
        <ele>22.6000003814697265625</ele>
        <time>2025-05-24T09:54:33.000Z</time>
        <extensions>
          <ns3:TrackPointExtension>
            <ns3:hr>104</ns3:hr>
          </ns3:TrackPointExtension>
        </extensions>
      </trkpt>
      <trkpt lat="25.8563944883644580841064453125" lon="119.56988462246954441070556640625">
        <ele>22.3999996185302734375</ele>
        <time>2025-05-24T09:54:34.000Z</time>
        <extensions>
          <ns3:TrackPointExtension>
            <ns3:hr>103</ns3:hr>
          </ns3:TrackPointExtension>
        </extensions>
      </trkpt>
      <trkpt lat="25.856316871941089630126953125" lon="119.56994648091495037078857421875">
        <ele>22.6000003814697265625</ele>
        <time>2025-05-24T09:54:41.000Z</time>
        <extensions>
          <ns3:TrackPointExtension>
            <ns3:hr>103</ns3:hr>
          </ns3:TrackPointExtension>
        </extensions>
      </trkpt>
      <trkpt lat="25.8562409318983554840087890625" lon="119.570000208914279937744140625">
        <ele>22.6000003814697265625</ele>
        <time>2025-05-24T09:54:48.000Z</time>
        <extensions>
          <ns3:TrackPointExtension>
            <ns3:hr>102</ns3:hr>
          </ns3:TrackPointExtension>
        </extensions>
      </trkpt>
      <trkpt lat="25.85615920834243297576904296875" lon="119.5700510032474994659423828125">
        <ele>22.6000003814697265625</ele>
        <time>2025-05-24T09:54:55.000Z</time>
        <extensions>
          <ns3:TrackPointExtension>
            <ns3:hr>103</ns3:hr>
          </ns3:TrackPointExtension>
        </extensions>
      </trkpt>
      <trkpt lat="25.85611143149435520172119140625" lon="119.5701002888381481170654296875">
        <ele>22.6000003814697265625</ele>
        <time>2025-05-24T09:55:01.000Z</time>
        <extensions>
          <ns3:TrackPointExtension>
            <ns3:hr>102</ns3:hr>
          </ns3:TrackPointExtension>
        </extensions>
      </trkpt>
      <trkpt lat="25.8560696057975292205810546875" lon="119.5701421983540058135986328125">
        <ele>23</ele>
        <time>2025-05-24T09:55:07.000Z</time>
        <extensions>
          <ns3:TrackPointExtension>
            <ns3:hr>102</ns3:hr>
          </ns3:TrackPointExtension>
        </extensions>
      </trkpt>
      <trkpt lat="25.8560226671397686004638671875" lon="119.57019357942044734954833984375">
        <ele>22.6000003814697265625</ele>
        <time>2025-05-24T09:55:13.000Z</time>
        <extensions>
          <ns3:TrackPointExtension>
            <ns3:hr>102</ns3:hr>
          </ns3:TrackPointExtension>
        </extensions>
      </trkpt>
      <trkpt lat="25.85596474818885326385498046875" lon="119.5702498219907283782958984375">
        <ele>22.6000003814697265625</ele>
        <time>2025-05-24T09:55:19.000Z</time>
        <extensions>
          <ns3:TrackPointExtension>
            <ns3:hr>102</ns3:hr>
          </ns3:TrackPointExtension>
        </extensions>
      </trkpt>
      <trkpt lat="25.8559222519397735595703125" lon="119.57032048143446445465087890625">
        <ele>22.6000003814697265625</ele>
        <time>2025-05-24T09:55:24.000Z</time>
        <extensions>
          <ns3:TrackPointExtension>
            <ns3:hr>102</ns3:hr>
          </ns3:TrackPointExtension>
        </extensions>
      </trkpt>
      <trkpt lat="25.855859220027923583984375" lon="119.57038544118404388427734375">
        <ele>22.6000003814697265625</ele>
        <time>2025-05-24T09:55:30.000Z</time>
        <extensions>
          <ns3:TrackPointExtension>
            <ns3:hr>102</ns3:hr>
          </ns3:TrackPointExtension>
        </extensions>
      </trkpt>
      <trkpt lat="25.85579208098351955413818359375" lon="119.5704540051519870758056640625">
        <ele>22.6000003814697265625</ele>
        <time>2025-05-24T09:55:38.000Z</time>
        <extensions>
          <ns3:TrackPointExtension>
            <ns3:hr>102</ns3:hr>
          </ns3:TrackPointExtension>
        </extensions>
      </trkpt>
      <trkpt lat="25.85573374293744564056396484375" lon="119.5705046318471431732177734375">
        <ele>22.3999996185302734375</ele>
        <time>2025-05-24T09:55:45.000Z</time>
        <extensions>
          <ns3:TrackPointExtension>
            <ns3:hr>103</ns3:hr>
          </ns3:TrackPointExtension>
        </extensions>
      </trkpt>
      <trkpt lat="25.85569418035447597503662109375" lon="119.5705666579306125640869140625">
        <ele>22.6000003814697265625</ele>
        <time>2025-05-24T09:55:51.000Z</time>
        <extensions>
          <ns3:TrackPointExtension>
            <ns3:hr>103</ns3:hr>
          </ns3:TrackPointExtension>
        </extensions>
      </trkpt>
      <trkpt lat="25.85568613372743129730224609375" lon="119.57057428546249866485595703125">
        <ele>22.6000003814697265625</ele>
        <time>2025-05-24T09:55:52.000Z</time>
        <extensions>
          <ns3:TrackPointExtension>
            <ns3:hr>103</ns3:hr>
          </ns3:TrackPointExtension>
        </extensions>
      </trkpt>
      <trkpt lat="25.855660401284694671630859375" lon="119.5705840922892093658447265625">
        <ele>22.3999996185302734375</ele>
        <time>2025-05-24T09:55:54.000Z</time>
        <extensions>
          <ns3:TrackPointExtension>
            <ns3:hr>104</ns3:hr>
          </ns3:TrackPointExtension>
        </extensions>
      </trkpt>
      <trkpt lat="25.855630226433277130126953125" lon="119.57062558270990848541259765625">
        <ele>22.3999996185302734375</ele>
        <time>2025-05-24T09:55:59.000Z</time>
        <extensions>
          <ns3:TrackPointExtension>
            <ns3:hr>103</ns3:hr>
          </ns3:TrackPointExtension>
        </extensions>
      </trkpt>
      <trkpt lat="25.85555872879922389984130859375" lon="119.5706715993583202362060546875">
        <ele>22.3999996185302734375</ele>
        <time>2025-05-24T09:56:04.000Z</time>
        <extensions>
          <ns3:TrackPointExtension>
            <ns3:hr>103</ns3:hr>
          </ns3:TrackPointExtension>
        </extensions>
      </trkpt>
      <trkpt lat="25.85547759197652339935302734375" lon="119.5707299374043941497802734375">
        <ele>22.200000762939453125</ele>
        <time>2025-05-24T09:56:11.000Z</time>
        <extensions>
          <ns3:TrackPointExtension>
            <ns3:hr>103</ns3:hr>
          </ns3:TrackPointExtension>
        </extensions>
      </trkpt>
      <trkpt lat="25.85539578460156917572021484375" lon="119.57079405896365642547607421875">
        <ele>22.200000762939453125</ele>
        <time>2025-05-24T09:56:18.000Z</time>
        <extensions>
          <ns3:TrackPointExtension>
            <ns3:hr>102</ns3:hr>
          </ns3:TrackPointExtension>
        </extensions>
      </trkpt>
      <trkpt lat="25.85533208213746547698974609375" lon="119.57084954716265201568603515625">
        <ele>22.200000762939453125</ele>
        <time>2025-05-24T09:56:25.000Z</time>
        <extensions>
          <ns3:TrackPointExtension>
            <ns3:hr>103</ns3:hr>
          </ns3:TrackPointExtension>
        </extensions>
      </trkpt>
      <trkpt lat="25.8552535437047481536865234375" lon="119.5709243975579738616943359375">
        <ele>22</ele>
        <time>2025-05-24T09:56:33.000Z</time>
        <extensions>
          <ns3:TrackPointExtension>
            <ns3:hr>103</ns3:hr>
          </ns3:TrackPointExtension>
        </extensions>
      </trkpt>
      <trkpt lat="25.85518841631710529327392578125" lon="119.570976532995700836181640625">
        <ele>22.3999996185302734375</ele>
        <time>2025-05-24T09:56:40.000Z</time>
        <extensions>
          <ns3:TrackPointExtension>
            <ns3:hr>104</ns3:hr>
          </ns3:TrackPointExtension>
        </extensions>
      </trkpt>
      <trkpt lat="25.85512605495750904083251953125" lon="119.57103093154728412628173828125">
        <ele>22</ele>
        <time>2025-05-24T09:56:47.000Z</time>
        <extensions>
          <ns3:TrackPointExtension>
            <ns3:hr>105</ns3:hr>
          </ns3:TrackPointExtension>
        </extensions>
      </trkpt>
      <trkpt lat="25.8551120571792125701904296875" lon="119.571058340370655059814453125">
        <ele>22.200000762939453125</ele>
        <time>2025-05-24T09:56:50.000Z</time>
        <extensions>
          <ns3:TrackPointExtension>
            <ns3:hr>104</ns3:hr>
          </ns3:TrackPointExtension>
        </extensions>
      </trkpt>
      <trkpt lat="25.85507442243397235870361328125" lon="119.571083821356296539306640625">
        <ele>22.200000762939453125</ele>
        <time>2025-05-24T09:56:53.000Z</time>
        <extensions>
          <ns3:TrackPointExtension>
            <ns3:hr>103</ns3:hr>
          </ns3:TrackPointExtension>
        </extensions>
      </trkpt>
      <trkpt lat="25.85502346046268939971923828125" lon="119.5711196959018707275390625">
        <ele>22.3999996185302734375</ele>
        <time>2025-05-24T09:56:58.000Z</time>
        <extensions>
          <ns3:TrackPointExtension>
            <ns3:hr>103</ns3:hr>
          </ns3:TrackPointExtension>
        </extensions>
      </trkpt>
      <trkpt lat="25.85499596782028675079345703125" lon="119.57114023156464099884033203125">
        <ele>22.200000762939453125</ele>
        <time>2025-05-24T09:57:00.000Z</time>
        <extensions>
          <ns3:TrackPointExtension>
            <ns3:hr>102</ns3:hr>
          </ns3:TrackPointExtension>
        </extensions>
      </trkpt>
      <trkpt lat="25.85491399280726909637451171875" lon="119.5711919479072093963623046875">
        <ele>22.200000762939453125</ele>
        <time>2025-05-24T09:57:07.000Z</time>
        <extensions>
          <ns3:TrackPointExtension>
            <ns3:hr>103</ns3:hr>
          </ns3:TrackPointExtension>
        </extensions>
      </trkpt>
      <trkpt lat="25.85484475828707218170166015625" lon="119.57124240696430206298828125">
        <ele>22.200000762939453125</ele>
        <time>2025-05-24T09:57:14.000Z</time>
        <extensions>
          <ns3:TrackPointExtension>
            <ns3:hr>103</ns3:hr>
          </ns3:TrackPointExtension>
        </extensions>
      </trkpt>
      <trkpt lat="25.85477116517722606658935546875" lon="119.5712972246110439300537109375">
        <ele>22.3999996185302734375</ele>
        <time>2025-05-24T09:57:22.000Z</time>
        <extensions>
          <ns3:TrackPointExtension>
            <ns3:hr>103</ns3:hr>
          </ns3:TrackPointExtension>
        </extensions>
      </trkpt>
      <trkpt lat="25.854739062488079071044921875" lon="119.57133703865110874176025390625">
        <ele>22.200000762939453125</ele>
        <time>2025-05-24T09:57:26.000Z</time>
        <extensions>
          <ns3:TrackPointExtension>
            <ns3:hr>102</ns3:hr>
          </ns3:TrackPointExtension>
        </extensions>
      </trkpt>
      <trkpt lat="25.85472271777689456939697265625" lon="119.57135908305644989013671875">
        <ele>22.3999996185302734375</ele>
        <time>2025-05-24T09:57:28.000Z</time>
        <extensions>
          <ns3:TrackPointExtension>
            <ns3:hr>102</ns3:hr>
          </ns3:TrackPointExtension>
        </extensions>
      </trkpt>
      <trkpt lat="25.85466404445469379425048828125" lon="119.57140174694359302520751953125">
        <ele>22.200000762939453125</ele>
        <time>2025-05-24T09:57:34.000Z</time>
        <extensions>
          <ns3:TrackPointExtension>
            <ns3:hr>103</ns3:hr>
          </ns3:TrackPointExtension>
        </extensions>
      </trkpt>
      <trkpt lat="25.85463956929743289947509765625" lon="119.57142940722405910491943359375">
        <ele>22</ele>
        <time>2025-05-24T09:57:37.000Z</time>
        <extensions>
          <ns3:TrackPointExtension>
            <ns3:hr>103</ns3:hr>
          </ns3:TrackPointExtension>
        </extensions>
      </trkpt>
      <trkpt lat="25.85459388792514801025390625" lon="119.5714732445776462554931640625">
        <ele>22.200000762939453125</ele>
        <time>2025-05-24T09:57:41.000Z</time>
        <extensions>
          <ns3:TrackPointExtension>
            <ns3:hr>103</ns3:hr>
          </ns3:TrackPointExtension>
        </extensions>
      </trkpt>
      <trkpt lat="25.85451333783566951751708984375" lon="119.57150928676128387451171875">
        <ele>22.200000762939453125</ele>
        <time>2025-05-24T09:57:47.000Z</time>
        <extensions>
          <ns3:TrackPointExtension>
            <ns3:hr>103</ns3:hr>
          </ns3:TrackPointExtension>
        </extensions>
      </trkpt>
      <trkpt lat="25.85445575416088104248046875" lon="119.57155697979032993316650390625">
        <ele>22.200000762939453125</ele>
        <time>2025-05-24T09:57:53.000Z</time>
        <extensions>
          <ns3:TrackPointExtension>
            <ns3:hr>103</ns3:hr>
          </ns3:TrackPointExtension>
        </extensions>
      </trkpt>
      <trkpt lat="25.85439716465771198272705078125" lon="119.5716097019612789154052734375">
        <ele>22.3999996185302734375</ele>
        <time>2025-05-24T09:58:00.000Z</time>
        <extensions>
          <ns3:TrackPointExtension>
            <ns3:hr>103</ns3:hr>
          </ns3:TrackPointExtension>
        </extensions>
      </trkpt>
      <trkpt lat="25.85432759486138820648193359375" lon="119.57166342996060848236083984375">
        <ele>22.200000762939453125</ele>
        <time>2025-05-24T09:58:07.000Z</time>
        <extensions>
          <ns3:TrackPointExtension>
            <ns3:hr>103</ns3:hr>
          </ns3:TrackPointExtension>
        </extensions>
      </trkpt>
      <trkpt lat="25.854307226836681365966796875" lon="119.57169033586978912353515625">
        <ele>22.200000762939453125</ele>
        <time>2025-05-24T09:58:10.000Z</time>
        <extensions>
          <ns3:TrackPointExtension>
            <ns3:hr>103</ns3:hr>
          </ns3:TrackPointExtension>
        </extensions>
      </trkpt>
      <trkpt lat="25.85427931509912014007568359375" lon="119.57171715795993804931640625">
        <ele>22.200000762939453125</ele>
        <time>2025-05-24T09:58:13.000Z</time>
        <extensions>
          <ns3:TrackPointExtension>
            <ns3:hr>102</ns3:hr>
          </ns3:TrackPointExtension>
        </extensions>
      </trkpt>
      <trkpt lat="25.85426406003534793853759765625" lon="119.57173568196594715118408203125">
        <ele>22.200000762939453125</ele>
        <time>2025-05-24T09:58:15.000Z</time>
        <extensions>
          <ns3:TrackPointExtension>
            <ns3:hr>101</ns3:hr>
          </ns3:TrackPointExtension>
        </extensions>
      </trkpt>
      <trkpt lat="25.85425031371414661407470703125" lon="119.57174859009683132171630859375">
        <ele>22.200000762939453125</ele>
        <time>2025-05-24T09:58:17.000Z</time>
        <extensions>
          <ns3:TrackPointExtension>
            <ns3:hr>100</ns3:hr>
          </ns3:TrackPointExtension>
        </extensions>
      </trkpt>
      <trkpt lat="25.85422734729945659637451171875" lon="119.57176518626511096954345703125">
        <ele>22.3999996185302734375</ele>
        <time>2025-05-24T09:58:19.000Z</time>
        <extensions>
          <ns3:TrackPointExtension>
            <ns3:hr>99</ns3:hr>
          </ns3:TrackPointExtension>
        </extensions>
      </trkpt>
      <trkpt lat="25.85415425710380077362060546875" lon="119.57182201556861400604248046875">
        <ele>22.3999996185302734375</ele>
        <time>2025-05-24T09:58:25.000Z</time>
        <extensions>
          <ns3:TrackPointExtension>
            <ns3:hr>98</ns3:hr>
          </ns3:TrackPointExtension>
        </extensions>
      </trkpt>
      <trkpt lat="25.8540700189769268035888671875" lon="119.5718787610530853271484375">
        <ele>22.3999996185302734375</ele>
        <time>2025-05-24T09:58:32.000Z</time>
        <extensions>
          <ns3:TrackPointExtension>
            <ns3:hr>99</ns3:hr>
          </ns3:TrackPointExtension>
        </extensions>
      </trkpt>
      <trkpt lat="25.8539964258670806884765625" lon="119.571940116584300994873046875">
        <ele>22.200000762939453125</ele>
        <time>2025-05-24T09:58:40.000Z</time>
        <extensions>
          <ns3:TrackPointExtension>
            <ns3:hr>99</ns3:hr>
          </ns3:TrackPointExtension>
        </extensions>
      </trkpt>
      <trkpt lat="25.8539509959518909454345703125" lon="119.57198495976626873016357421875">
        <ele>22.200000762939453125</ele>
        <time>2025-05-24T09:58:46.000Z</time>
        <extensions>
          <ns3:TrackPointExtension>
            <ns3:hr>99</ns3:hr>
          </ns3:TrackPointExtension>
        </extensions>
      </trkpt>
      <trkpt lat="25.85390849970281124114990234375" lon="119.5720450580120086669921875">
        <ele>22.3999996185302734375</ele>
        <time>2025-05-24T09:58:52.000Z</time>
        <extensions>
          <ns3:TrackPointExtension>
            <ns3:hr>101</ns3:hr>
          </ns3:TrackPointExtension>
        </extensions>
      </trkpt>
      <trkpt lat="25.853898189961910247802734375" lon="119.57205100916326045989990234375">
        <ele>22.3999996185302734375</ele>
        <time>2025-05-24T09:58:53.000Z</time>
        <extensions>
          <ns3:TrackPointExtension>
            <ns3:hr>101</ns3:hr>
          </ns3:TrackPointExtension>
        </extensions>
      </trkpt>
      <trkpt lat="25.85382350720465183258056640625" lon="119.5721065811812877655029296875">
        <ele>22.200000762939453125</ele>
        <time>2025-05-24T09:59:00.000Z</time>
        <extensions>
          <ns3:TrackPointExtension>
            <ns3:hr>101</ns3:hr>
          </ns3:TrackPointExtension>
        </extensions>
      </trkpt>
      <trkpt lat="25.853713452816009521484375" lon="119.57213080488145351409912109375">
        <ele>22.3999996185302734375</ele>
        <time>2025-05-24T09:59:07.000Z</time>
        <extensions>
          <ns3:TrackPointExtension>
            <ns3:hr>100</ns3:hr>
          </ns3:TrackPointExtension>
        </extensions>
      </trkpt>
      <trkpt lat="25.85360909812152385711669921875" lon="119.57214899361133575439453125">
        <ele>22.6000003814697265625</ele>
        <time>2025-05-24T09:59:15.000Z</time>
        <extensions>
          <ns3:TrackPointExtension>
            <ns3:hr>100</ns3:hr>
          </ns3:TrackPointExtension>
        </extensions>
      </trkpt>
      <trkpt lat="25.8535466529428958892822265625" lon="119.57216634415090084075927734375">
        <ele>22.6000003814697265625</ele>
        <time>2025-05-24T09:59:20.000Z</time>
        <extensions>
          <ns3:TrackPointExtension>
            <ns3:hr>99</ns3:hr>
          </ns3:TrackPointExtension>
        </extensions>
      </trkpt>
      <trkpt lat="25.85350030101835727691650390625" lon="119.57218612544238567352294921875">
        <ele>22.3999996185302734375</ele>
        <time>2025-05-24T09:59:24.000Z</time>
        <extensions>
          <ns3:TrackPointExtension>
            <ns3:hr>98</ns3:hr>
          </ns3:TrackPointExtension>
        </extensions>
      </trkpt>
      <trkpt lat="25.85344322025775909423828125" lon="119.57221378572285175323486328125">
        <ele>22.3999996185302734375</ele>
        <time>2025-05-24T09:59:30.000Z</time>
        <extensions>
          <ns3:TrackPointExtension>
            <ns3:hr>96</ns3:hr>
          </ns3:TrackPointExtension>
        </extensions>
      </trkpt>
      <trkpt lat="25.85343182086944580078125" lon="119.5722279511392116546630859375">
        <ele>22.3999996185302734375</ele>
        <time>2025-05-24T09:59:32.000Z</time>
        <extensions>
          <ns3:TrackPointExtension>
            <ns3:hr>96</ns3:hr>
          </ns3:TrackPointExtension>
        </extensions>
      </trkpt>
      <trkpt lat="25.85339971818029880523681640625" lon="119.5722301304340362548828125">
        <ele>22.799999237060546875</ele>
        <time>2025-05-24T09:59:35.000Z</time>
        <extensions>
          <ns3:TrackPointExtension>
            <ns3:hr>96</ns3:hr>
          </ns3:TrackPointExtension>
        </extensions>
      </trkpt>
      <trkpt lat="25.8533444814383983612060546875" lon="119.57225603051483631134033203125">
        <ele>22.6000003814697265625</ele>
        <time>2025-05-24T09:59:39.000Z</time>
        <extensions>
          <ns3:TrackPointExtension>
            <ns3:hr>97</ns3:hr>
          </ns3:TrackPointExtension>
        </extensions>
      </trkpt>
      <trkpt lat="25.85327734239399433135986328125" lon="119.572257958352565765380859375">
        <ele>22.3999996185302734375</ele>
        <time>2025-05-24T09:59:44.000Z</time>
        <extensions>
          <ns3:TrackPointExtension>
            <ns3:hr>98</ns3:hr>
          </ns3:TrackPointExtension>
        </extensions>
      </trkpt>
      <trkpt lat="25.853241048753261566162109375" lon="119.57226860336959362030029296875">
        <ele>22.6000003814697265625</ele>
        <time>2025-05-24T09:59:48.000Z</time>
        <extensions>
          <ns3:TrackPointExtension>
            <ns3:hr>98</ns3:hr>
          </ns3:TrackPointExtension>
        </extensions>
      </trkpt>
      <trkpt lat="25.85321028716862201690673828125" lon="119.5722676813602447509765625">
        <ele>22.6000003814697265625</ele>
        <time>2025-05-24T09:59:51.000Z</time>
        <extensions>
          <ns3:TrackPointExtension>
            <ns3:hr>97</ns3:hr>
          </ns3:TrackPointExtension>
        </extensions>
      </trkpt>
      <trkpt lat="25.85316292941570281982421875" lon="119.5722628198564052581787109375">
        <ele>22.799999237060546875</ele>
        <time>2025-05-24T09:59:55.000Z</time>
        <extensions>
          <ns3:TrackPointExtension>
            <ns3:hr>98</ns3:hr>
          </ns3:TrackPointExtension>
        </extensions>
      </trkpt>
      <trkpt lat="25.85309277288615703582763671875" lon="119.5722876302897930145263671875">
        <ele>22.6000003814697265625</ele>
        <time>2025-05-24T10:00:01.000Z</time>
        <extensions>
          <ns3:TrackPointExtension>
            <ns3:hr>99</ns3:hr>
          </ns3:TrackPointExtension>
        </extensions>
      </trkpt>
      <trkpt lat="25.85307919420301914215087890625" lon="119.57228838466107845306396484375">
        <ele>22.3999996185302734375</ele>
        <time>2025-05-24T10:00:02.000Z</time>
        <extensions>
          <ns3:TrackPointExtension>
            <ns3:hr>99</ns3:hr>
          </ns3:TrackPointExtension>
        </extensions>
      </trkpt>
      <trkpt lat="25.852986238896846771240234375" lon="119.57228402607142925262451171875">
        <ele>22.799999237060546875</ele>
        <time>2025-05-24T10:00:09.000Z</time>
        <extensions>
          <ns3:TrackPointExtension>
            <ns3:hr>100</ns3:hr>
          </ns3:TrackPointExtension>
        </extensions>
      </trkpt>
      <trkpt lat="25.8529753424227237701416015625" lon="119.57228687591850757598876953125">
        <ele>22.799999237060546875</ele>
        <time>2025-05-24T10:00:10.000Z</time>
        <extensions>
          <ns3:TrackPointExtension>
            <ns3:hr>100</ns3:hr>
          </ns3:TrackPointExtension>
        </extensions>
      </trkpt>
      <trkpt lat="25.85291172377765178680419921875" lon="119.572286121547222137451171875">
        <ele>22.799999237060546875</ele>
        <time>2025-05-24T10:00:15.000Z</time>
        <extensions>
          <ns3:TrackPointExtension>
            <ns3:hr>101</ns3:hr>
          </ns3:TrackPointExtension>
        </extensions>
      </trkpt>
      <trkpt lat="25.8528144098818302154541015625" lon="119.57228955812752246856689453125">
        <ele>22.6000003814697265625</ele>
        <time>2025-05-24T10:00:22.000Z</time>
        <extensions>
          <ns3:TrackPointExtension>
            <ns3:hr>100</ns3:hr>
          </ns3:TrackPointExtension>
        </extensions>
      </trkpt>
      <trkpt lat="25.8527393080294132232666015625" lon="119.57228754647076129913330078125">
        <ele>22.6000003814697265625</ele>
        <time>2025-05-24T10:00:29.000Z</time>
        <extensions>
          <ns3:TrackPointExtension>
            <ns3:hr>101</ns3:hr>
          </ns3:TrackPointExtension>
        </extensions>
      </trkpt>
      <trkpt lat="25.85263076238334178924560546875" lon="119.57230816595256328582763671875">
        <ele>22.799999237060546875</ele>
        <time>2025-05-24T10:00:39.000Z</time>
        <extensions>
          <ns3:TrackPointExtension>
            <ns3:hr>102</ns3:hr>
          </ns3:TrackPointExtension>
        </extensions>
      </trkpt>
      <trkpt lat="25.85260561667382717132568359375" lon="119.5723067410290241241455078125">
        <ele>22.799999237060546875</ele>
        <time>2025-05-24T10:00:41.000Z</time>
        <extensions>
          <ns3:TrackPointExtension>
            <ns3:hr>103</ns3:hr>
          </ns3:TrackPointExtension>
        </extensions>
      </trkpt>
      <trkpt lat="25.8525507152080535888671875" lon="119.5723067410290241241455078125">
        <ele>22.799999237060546875</ele>
        <time>2025-05-24T10:00:45.000Z</time>
        <extensions>
          <ns3:TrackPointExtension>
            <ns3:hr>103</ns3:hr>
          </ns3:TrackPointExtension>
        </extensions>
      </trkpt>
      <trkpt lat="25.85245658643543720245361328125" lon="119.57229659892618656158447265625">
        <ele>22.799999237060546875</ele>
        <time>2025-05-24T10:00:52.000Z</time>
        <extensions>
          <ns3:TrackPointExtension>
            <ns3:hr>103</ns3:hr>
          </ns3:TrackPointExtension>
        </extensions>
      </trkpt>
      <trkpt lat="25.85234477184712886810302734375" lon="119.57228838466107845306396484375">
        <ele>22.799999237060546875</ele>
        <time>2025-05-24T10:01:01.000Z</time>
        <extensions>
          <ns3:TrackPointExtension>
            <ns3:hr>102</ns3:hr>
          </ns3:TrackPointExtension>
        </extensions>
      </trkpt>
      <trkpt lat="25.8522368967533111572265625" lon="119.572294838726520538330078125">
        <ele>23</ele>
        <time>2025-05-24T10:01:10.000Z</time>
        <extensions>
          <ns3:TrackPointExtension>
            <ns3:hr>103</ns3:hr>
          </ns3:TrackPointExtension>
        </extensions>
      </trkpt>
      <trkpt lat="25.852184593677520751953125" lon="119.57230053842067718505859375">
        <ele>22.799999237060546875</ele>
        <time>2025-05-24T10:01:15.000Z</time>
        <extensions>
          <ns3:TrackPointExtension>
            <ns3:hr>104</ns3:hr>
          </ns3:TrackPointExtension>
        </extensions>
      </trkpt>
      <trkpt lat="25.852152742445468902587890625" lon="119.57231101579964160919189453125">
        <ele>23</ele>
        <time>2025-05-24T10:01:18.000Z</time>
        <extensions>
          <ns3:TrackPointExtension>
            <ns3:hr>103</ns3:hr>
          </ns3:TrackPointExtension>
        </extensions>
      </trkpt>
      <trkpt lat="25.852114856243133544921875" lon="119.57231252454221248626708984375">
        <ele>22.799999237060546875</ele>
        <time>2025-05-24T10:01:22.000Z</time>
        <extensions>
          <ns3:TrackPointExtension>
            <ns3:hr>103</ns3:hr>
          </ns3:TrackPointExtension>
        </extensions>
      </trkpt>
      <trkpt lat="25.8520744554698467254638671875" lon="119.5723167993128299713134765625">
        <ele>22.799999237060546875</ele>
        <time>2025-05-24T10:01:25.000Z</time>
        <extensions>
          <ns3:TrackPointExtension>
            <ns3:hr>104</ns3:hr>
          </ns3:TrackPointExtension>
        </extensions>
      </trkpt>
      <trkpt lat="25.852017961442470550537109375" lon="119.572310931980609893798828125">
        <ele>23.200000762939453125</ele>
        <time>2025-05-24T10:01:29.000Z</time>
        <extensions>
          <ns3:TrackPointExtension>
            <ns3:hr>103</ns3:hr>
          </ns3:TrackPointExtension>
        </extensions>
      </trkpt>
      <trkpt lat="25.85193841718137264251708984375" lon="119.5722993649542331695556640625">
        <ele>23</ele>
        <time>2025-05-24T10:01:35.000Z</time>
        <extensions>
          <ns3:TrackPointExtension>
            <ns3:hr>103</ns3:hr>
          </ns3:TrackPointExtension>
        </extensions>
      </trkpt>
      <trkpt lat="25.85183716379106044769287109375" lon="119.57229643128812313079833984375">
        <ele>23</ele>
        <time>2025-05-24T10:01:43.000Z</time>
        <extensions>
          <ns3:TrackPointExtension>
            <ns3:hr>104</ns3:hr>
          </ns3:TrackPointExtension>
        </extensions>
      </trkpt>
      <trkpt lat="25.8517375029623508453369140625" lon="119.57229827530682086944580078125">
        <ele>23</ele>
        <time>2025-05-24T10:01:52.000Z</time>
        <extensions>
          <ns3:TrackPointExtension>
            <ns3:hr>102</ns3:hr>
          </ns3:TrackPointExtension>
        </extensions>
      </trkpt>
      <trkpt lat="25.8516389317810535430908203125" lon="119.57230816595256328582763671875">
        <ele>23</ele>
        <time>2025-05-24T10:02:00.000Z</time>
        <extensions>
          <ns3:TrackPointExtension>
            <ns3:hr>103</ns3:hr>
          </ns3:TrackPointExtension>
        </extensions>
      </trkpt>
      <trkpt lat="25.85157531313598155975341796875" lon="119.5723231695592403411865234375">
        <ele>23.200000762939453125</ele>
        <time>2025-05-24T10:02:06.000Z</time>
        <extensions>
          <ns3:TrackPointExtension>
            <ns3:hr>104</ns3:hr>
          </ns3:TrackPointExtension>
        </extensions>
      </trkpt>
      <trkpt lat="25.85154698230326175689697265625" lon="119.572308249771595001220703125">
        <ele>23.200000762939453125</ele>
        <time>2025-05-24T10:02:08.000Z</time>
        <extensions>
          <ns3:TrackPointExtension>
            <ns3:hr>104</ns3:hr>
          </ns3:TrackPointExtension>
        </extensions>
      </trkpt>
      <trkpt lat="25.8514749817550182342529296875" lon="119.5723100937902927398681640625">
        <ele>23.200000762939453125</ele>
        <time>2025-05-24T10:02:14.000Z</time>
        <extensions>
          <ns3:TrackPointExtension>
            <ns3:hr>104</ns3:hr>
          </ns3:TrackPointExtension>
        </extensions>
      </trkpt>
      <trkpt lat="25.85145729593932628631591796875" lon="119.57231721840798854827880859375">
        <ele>23.200000762939453125</ele>
        <time>2025-05-24T10:02:15.000Z</time>
        <extensions>
          <ns3:TrackPointExtension>
            <ns3:hr>103</ns3:hr>
          </ns3:TrackPointExtension>
        </extensions>
      </trkpt>
      <trkpt lat="25.8513660170137882232666015625" lon="119.57230581901967525482177734375">
        <ele>23.3999996185302734375</ele>
        <time>2025-05-24T10:02:21.000Z</time>
        <extensions>
          <ns3:TrackPointExtension>
            <ns3:hr>103</ns3:hr>
          </ns3:TrackPointExtension>
        </extensions>
      </trkpt>
      <trkpt lat="25.85127892903983592987060546875" lon="119.57227413542568683624267578125">
        <ele>23.3999996185302734375</ele>
        <time>2025-05-24T10:02:28.000Z</time>
        <extensions>
          <ns3:TrackPointExtension>
            <ns3:hr>102</ns3:hr>
          </ns3:TrackPointExtension>
        </extensions>
      </trkpt>
      <trkpt lat="25.85119091905653476715087890625" lon="119.57222484983503818511962890625">
        <ele>23.3999996185302734375</ele>
        <time>2025-05-24T10:02:36.000Z</time>
        <extensions>
          <ns3:TrackPointExtension>
            <ns3:hr>102</ns3:hr>
          </ns3:TrackPointExtension>
        </extensions>
      </trkpt>
      <trkpt lat="25.8511474169790744781494140625" lon="119.5722113549709320068359375">
        <ele>23.6000003814697265625</ele>
        <time>2025-05-24T10:02:40.000Z</time>
        <extensions>
          <ns3:TrackPointExtension>
            <ns3:hr>102</ns3:hr>
          </ns3:TrackPointExtension>
        </extensions>
      </trkpt>
      <trkpt lat="25.85112755186855792999267578125" lon="119.5722024701535701751708984375">
        <ele>23.6000003814697265625</ele>
        <time>2025-05-24T10:02:42.000Z</time>
        <extensions>
          <ns3:TrackPointExtension>
            <ns3:hr>101</ns3:hr>
          </ns3:TrackPointExtension>
        </extensions>
      </trkpt>
      <trkpt lat="25.85104591213166713714599609375" lon="119.57217304967343807220458984375">
        <ele>23.6000003814697265625</ele>
        <time>2025-05-24T10:02:50.000Z</time>
        <extensions>
          <ns3:TrackPointExtension>
            <ns3:hr>101</ns3:hr>
          </ns3:TrackPointExtension>
        </extensions>
      </trkpt>
      <trkpt lat="25.8509465865790843963623046875" lon="119.57215444184839725494384765625">
        <ele>23.799999237060546875</ele>
        <time>2025-05-24T10:02:58.000Z</time>
        <extensions>
          <ns3:TrackPointExtension>
            <ns3:hr>101</ns3:hr>
          </ns3:TrackPointExtension>
        </extensions>
      </trkpt>
      <trkpt lat="25.85087500512599945068359375" lon="119.57211186178028583526611328125">
        <ele>23.799999237060546875</ele>
        <time>2025-05-24T10:03:04.000Z</time>
        <extensions>
          <ns3:TrackPointExtension>
            <ns3:hr>101</ns3:hr>
          </ns3:TrackPointExtension>
        </extensions>
      </trkpt>
      <trkpt lat="25.85080937482416629791259765625" lon="119.57207791507244110107421875">
        <ele>24</ele>
        <time>2025-05-24T10:03:10.000Z</time>
        <extensions>
          <ns3:TrackPointExtension>
            <ns3:hr>101</ns3:hr>
          </ns3:TrackPointExtension>
        </extensions>
      </trkpt>
      <trkpt lat="25.85072346031665802001953125" lon="119.5720515958964824676513671875">
        <ele>24</ele>
        <time>2025-05-24T10:03:17.000Z</time>
        <extensions>
          <ns3:TrackPointExtension>
            <ns3:hr>101</ns3:hr>
          </ns3:TrackPointExtension>
        </extensions>
      </trkpt>
      <trkpt lat="25.850651375949382781982421875" lon="119.572008512914180755615234375">
        <ele>24</ele>
        <time>2025-05-24T10:03:24.000Z</time>
        <extensions>
          <ns3:TrackPointExtension>
            <ns3:hr>101</ns3:hr>
          </ns3:TrackPointExtension>
        </extensions>
      </trkpt>
      <trkpt lat="25.85058155469596385955810546875" lon="119.57199300639331340789794921875">
        <ele>24.200000762939453125</ele>
        <time>2025-05-24T10:03:31.000Z</time>
        <extensions>
          <ns3:TrackPointExtension>
            <ns3:hr>101</ns3:hr>
          </ns3:TrackPointExtension>
        </extensions>
      </trkpt>
      <trkpt lat="25.850501172244548797607421875" lon="119.57197733223438262939453125">
        <ele>24.200000762939453125</ele>
        <time>2025-05-24T10:03:38.000Z</time>
        <extensions>
          <ns3:TrackPointExtension>
            <ns3:hr>101</ns3:hr>
          </ns3:TrackPointExtension>
        </extensions>
      </trkpt>
      <trkpt lat="25.8504000864923000335693359375" lon="119.5719278790056705474853515625">
        <ele>24.3999996185302734375</ele>
        <time>2025-05-24T10:03:46.000Z</time>
        <extensions>
          <ns3:TrackPointExtension>
            <ns3:hr>102</ns3:hr>
          </ns3:TrackPointExtension>
        </extensions>
      </trkpt>
      <trkpt lat="25.850315429270267486572265625" lon="119.57189091481268405914306640625">
        <ele>24.200000762939453125</ele>
        <time>2025-05-24T10:03:53.000Z</time>
        <extensions>
          <ns3:TrackPointExtension>
            <ns3:hr>102</ns3:hr>
          </ns3:TrackPointExtension>
        </extensions>
      </trkpt>
      <trkpt lat="25.8502103202044963836669921875" lon="119.57184816710650920867919921875">
        <ele>24.3999996185302734375</ele>
        <time>2025-05-24T10:04:02.000Z</time>
        <extensions>
          <ns3:TrackPointExtension>
            <ns3:hr>102</ns3:hr>
          </ns3:TrackPointExtension>
        </extensions>
      </trkpt>
      <trkpt lat="25.85012323223054409027099609375" lon="119.57180508412420749664306640625">
        <ele>24.6000003814697265625</ele>
        <time>2025-05-24T10:04:10.000Z</time>
        <extensions>
          <ns3:TrackPointExtension>
            <ns3:hr>103</ns3:hr>
          </ns3:TrackPointExtension>
        </extensions>
      </trkpt>
      <trkpt lat="25.85009825415909290313720703125" lon="119.571794606745243072509765625">
        <ele>24.6000003814697265625</ele>
        <time>2025-05-24T10:04:13.000Z</time>
        <extensions>
          <ns3:TrackPointExtension>
            <ns3:hr>103</ns3:hr>
          </ns3:TrackPointExtension>
        </extensions>
      </trkpt>
      <trkpt lat="25.8500530757009983062744140625" lon="119.57178018987178802490234375">
        <ele>24.6000003814697265625</ele>
        <time>2025-05-24T10:04:17.000Z</time>
        <extensions>
          <ns3:TrackPointExtension>
            <ns3:hr>102</ns3:hr>
          </ns3:TrackPointExtension>
        </extensions>
      </trkpt>
      <trkpt lat="25.850027762353420257568359375" lon="119.571778513491153717041015625">
        <ele>24.6000003814697265625</ele>
        <time>2025-05-24T10:04:19.000Z</time>
        <extensions>
          <ns3:TrackPointExtension>
            <ns3:hr>102</ns3:hr>
          </ns3:TrackPointExtension>
        </extensions>
      </trkpt>
      <trkpt lat="25.85000907070934772491455078125" lon="119.57177809439599514007568359375">
        <ele>24.6000003814697265625</ele>
        <time>2025-05-24T10:04:21.000Z</time>
        <extensions>
          <ns3:TrackPointExtension>
            <ns3:hr>102</ns3:hr>
          </ns3:TrackPointExtension>
        </extensions>
      </trkpt>
      <trkpt lat="25.8499266766011714935302734375" lon="119.57175009883940219879150390625">
        <ele>24.799999237060546875</ele>
        <time>2025-05-24T10:04:27.000Z</time>
        <extensions>
          <ns3:TrackPointExtension>
            <ns3:hr>103</ns3:hr>
          </ns3:TrackPointExtension>
        </extensions>
      </trkpt>
      <trkpt lat="25.849827937781810760498046875" lon="119.571695365011692047119140625">
        <ele>24.799999237060546875</ele>
        <time>2025-05-24T10:04:35.000Z</time>
        <extensions>
          <ns3:TrackPointExtension>
            <ns3:hr>103</ns3:hr>
          </ns3:TrackPointExtension>
        </extensions>
      </trkpt>
      <trkpt lat="25.84970279596745967864990234375" lon="119.57163945771753787994384765625">
        <ele>24.799999237060546875</ele>
        <time>2025-05-24T10:04:46.000Z</time>
        <extensions>
          <ns3:TrackPointExtension>
            <ns3:hr>104</ns3:hr>
          </ns3:TrackPointExtension>
        </extensions>
      </trkpt>
      <trkpt lat="25.84964060224592685699462890625" lon="119.57162017934024333953857421875">
        <ele>25</ele>
        <time>2025-05-24T10:04:52.000Z</time>
        <extensions>
          <ns3:TrackPointExtension>
            <ns3:hr>104</ns3:hr>
          </ns3:TrackPointExtension>
        </extensions>
      </trkpt>
      <trkpt lat="25.84954923950135707855224609375" lon="119.57157592289149761199951171875">
        <ele>24.799999237060546875</ele>
        <time>2025-05-24T10:05:00.000Z</time>
        <extensions>
          <ns3:TrackPointExtension>
            <ns3:hr>102</ns3:hr>
          </ns3:TrackPointExtension>
        </extensions>
      </trkpt>
      <trkpt lat="25.84947346709668636322021484375" lon="119.57155027426779270172119140625">
        <ele>25</ele>
        <time>2025-05-24T10:05:07.000Z</time>
        <extensions>
          <ns3:TrackPointExtension>
            <ns3:hr>102</ns3:hr>
          </ns3:TrackPointExtension>
        </extensions>
      </trkpt>
      <trkpt lat="25.849402137100696563720703125" lon="119.57154943607747554779052734375">
        <ele>25.200000762939453125</ele>
        <time>2025-05-24T10:05:13.000Z</time>
        <extensions>
          <ns3:TrackPointExtension>
            <ns3:hr>102</ns3:hr>
          </ns3:TrackPointExtension>
        </extensions>
      </trkpt>
      <trkpt lat="25.84933332167565822601318359375" lon="119.57149922847747802734375">
        <ele>25.200000762939453125</ele>
        <time>2025-05-24T10:05:19.000Z</time>
        <extensions>
          <ns3:TrackPointExtension>
            <ns3:hr>102</ns3:hr>
          </ns3:TrackPointExtension>
        </extensions>
      </trkpt>
      <trkpt lat="25.849249921739101409912109375" lon="119.5714742504060268402099609375">
        <ele>25</ele>
        <time>2025-05-24T10:05:26.000Z</time>
        <extensions>
          <ns3:TrackPointExtension>
            <ns3:hr>103</ns3:hr>
          </ns3:TrackPointExtension>
        </extensions>
      </trkpt>
      <trkpt lat="25.84918077103793621063232421875" lon="119.5714377053081989288330078125">
        <ele>25.200000762939453125</ele>
        <time>2025-05-24T10:05:33.000Z</time>
        <extensions>
          <ns3:TrackPointExtension>
            <ns3:hr>103</ns3:hr>
          </ns3:TrackPointExtension>
        </extensions>
      </trkpt>
      <trkpt lat="25.84909762255847454071044921875" lon="119.57141247577965259552001953125">
        <ele>25.200000762939453125</ele>
        <time>2025-05-24T10:05:41.000Z</time>
        <extensions>
          <ns3:TrackPointExtension>
            <ns3:hr>103</ns3:hr>
          </ns3:TrackPointExtension>
        </extensions>
      </trkpt>
      <trkpt lat="25.84902905859053134918212890625" lon="119.5713874138891696929931640625">
        <ele>25.200000762939453125</ele>
        <time>2025-05-24T10:05:46.000Z</time>
        <extensions>
          <ns3:TrackPointExtension>
            <ns3:hr>103</ns3:hr>
          </ns3:TrackPointExtension>
        </extensions>
      </trkpt>
      <trkpt lat="25.8489399589598178863525390625" lon="119.5713421516120433807373046875">
        <ele>25.200000762939453125</ele>
        <time>2025-05-24T10:05:54.000Z</time>
        <extensions>
          <ns3:TrackPointExtension>
            <ns3:hr>104</ns3:hr>
          </ns3:TrackPointExtension>
        </extensions>
      </trkpt>
      <trkpt lat="25.848861671984195709228515625" lon="119.571308791637420654296875">
        <ele>25.200000762939453125</ele>
        <time>2025-05-24T10:06:01.000Z</time>
        <extensions>
          <ns3:TrackPointExtension>
            <ns3:hr>105</ns3:hr>
          </ns3:TrackPointExtension>
        </extensions>
      </trkpt>
      <trkpt lat="25.84880643524229526519775390625" lon="119.571303427219390869140625">
        <ele>25.3999996185302734375</ele>
        <time>2025-05-24T10:06:07.000Z</time>
        <extensions>
          <ns3:TrackPointExtension>
            <ns3:hr>103</ns3:hr>
          </ns3:TrackPointExtension>
        </extensions>
      </trkpt>
      <trkpt lat="25.84878162480890750885009765625" lon="119.571300409734249114990234375">
        <ele>25.3999996185302734375</ele>
        <time>2025-05-24T10:06:09.000Z</time>
        <extensions>
          <ns3:TrackPointExtension>
            <ns3:hr>101</ns3:hr>
          </ns3:TrackPointExtension>
        </extensions>
      </trkpt>
      <trkpt lat="25.8487066067755222320556640625" lon="119.57127518020570278167724609375">
        <ele>25.6000003814697265625</ele>
        <time>2025-05-24T10:06:15.000Z</time>
        <extensions>
          <ns3:TrackPointExtension>
            <ns3:hr>101</ns3:hr>
          </ns3:TrackPointExtension>
        </extensions>
      </trkpt>
      <trkpt lat="25.84868523292243480682373046875" lon="119.571268223226070404052734375">
        <ele>25.6000003814697265625</ele>
        <time>2025-05-24T10:06:17.000Z</time>
        <extensions>
          <ns3:TrackPointExtension>
            <ns3:hr>101</ns3:hr>
          </ns3:TrackPointExtension>
        </extensions>
      </trkpt>
      <trkpt lat="25.8486382104456424713134765625" lon="119.57124374806880950927734375">
        <ele>25.3999996185302734375</ele>
        <time>2025-05-24T10:06:21.000Z</time>
        <extensions>
          <ns3:TrackPointExtension>
            <ns3:hr>101</ns3:hr>
          </ns3:TrackPointExtension>
        </extensions>
      </trkpt>
      <trkpt lat="25.84857165813446044921875" lon="119.57120862789452075958251953125">
        <ele>25.6000003814697265625</ele>
        <time>2025-05-24T10:06:28.000Z</time>
        <extensions>
          <ns3:TrackPointExtension>
            <ns3:hr>100</ns3:hr>
          </ns3:TrackPointExtension>
        </extensions>
      </trkpt>
      <trkpt lat="25.848553217947483062744140625" lon="119.5712053589522838592529296875">
        <ele>25.6000003814697265625</ele>
        <time>2025-05-24T10:06:30.000Z</time>
        <extensions>
          <ns3:TrackPointExtension>
            <ns3:hr>99</ns3:hr>
          </ns3:TrackPointExtension>
        </extensions>
      </trkpt>
      <trkpt lat="25.8485238812863826751708984375" lon="119.57119278609752655029296875">
        <ele>25.6000003814697265625</ele>
        <time>2025-05-24T10:06:33.000Z</time>
        <extensions>
          <ns3:TrackPointExtension>
            <ns3:hr>99</ns3:hr>
          </ns3:TrackPointExtension>
        </extensions>
      </trkpt>
      <trkpt lat="25.8484994061291217803955078125" lon="119.57117057405412197113037109375">
        <ele>25.6000003814697265625</ele>
        <time>2025-05-24T10:06:35.000Z</time>
        <extensions>
          <ns3:TrackPointExtension>
            <ns3:hr>99</ns3:hr>
          </ns3:TrackPointExtension>
        </extensions>
      </trkpt>
      <trkpt lat="25.8484333567321300506591796875" lon="119.57112371921539306640625">
        <ele>25.799999237060546875</ele>
        <time>2025-05-24T10:06:41.000Z</time>
        <extensions>
          <ns3:TrackPointExtension>
            <ns3:hr>99</ns3:hr>
          </ns3:TrackPointExtension>
        </extensions>
      </trkpt>
      <trkpt lat="25.84836269728839397430419921875" lon="119.57109262235462665557861328125">
        <ele>25.799999237060546875</ele>
        <time>2025-05-24T10:06:48.000Z</time>
        <extensions>
          <ns3:TrackPointExtension>
            <ns3:hr>99</ns3:hr>
          </ns3:TrackPointExtension>
        </extensions>
      </trkpt>
      <trkpt lat="25.84831324405968189239501953125" lon="119.57107074558734893798828125">
        <ele>25.799999237060546875</ele>
        <time>2025-05-24T10:06:54.000Z</time>
        <extensions>
          <ns3:TrackPointExtension>
            <ns3:hr>99</ns3:hr>
          </ns3:TrackPointExtension>
        </extensions>
      </trkpt>
      <trkpt lat="25.84821668453514575958251953125" lon="119.5710521377623081207275390625">
        <ele>25.799999237060546875</ele>
        <time>2025-05-24T10:07:01.000Z</time>
        <extensions>
          <ns3:TrackPointExtension>
            <ns3:hr>100</ns3:hr>
          </ns3:TrackPointExtension>
        </extensions>
      </trkpt>
      <trkpt lat="25.84815398789942264556884765625" lon="119.571011066436767578125">
        <ele>25.799999237060546875</ele>
        <time>2025-05-24T10:07:07.000Z</time>
        <extensions>
          <ns3:TrackPointExtension>
            <ns3:hr>101</ns3:hr>
          </ns3:TrackPointExtension>
        </extensions>
      </trkpt>
      <trkpt lat="25.84807821549475193023681640625" lon="119.5709817297756671905517578125">
        <ele>25.799999237060546875</ele>
        <time>2025-05-24T10:07:14.000Z</time>
        <extensions>
          <ns3:TrackPointExtension>
            <ns3:hr>101</ns3:hr>
          </ns3:TrackPointExtension>
        </extensions>
      </trkpt>
      <trkpt lat="25.84801417775452136993408203125" lon="119.5709653012454509735107421875">
        <ele>26</ele>
        <time>2025-05-24T10:07:20.000Z</time>
        <extensions>
          <ns3:TrackPointExtension>
            <ns3:hr>101</ns3:hr>
          </ns3:TrackPointExtension>
        </extensions>
      </trkpt>
      <trkpt lat="25.8479334600269794464111328125" lon="119.57094560377299785614013671875">
        <ele>26.3999996185302734375</ele>
        <time>2025-05-24T10:07:26.000Z</time>
        <extensions>
          <ns3:TrackPointExtension>
            <ns3:hr>100</ns3:hr>
          </ns3:TrackPointExtension>
        </extensions>
      </trkpt>
      <trkpt lat="25.8478327095508575439453125" lon="119.57089413888752460479736328125">
        <ele>26.3999996185302734375</ele>
        <time>2025-05-24T10:07:35.000Z</time>
        <extensions>
          <ns3:TrackPointExtension>
            <ns3:hr>99</ns3:hr>
          </ns3:TrackPointExtension>
        </extensions>
      </trkpt>
      <trkpt lat="25.8477587811648845672607421875" lon="119.5708737708628177642822265625">
        <ele>26.3999996185302734375</ele>
        <time>2025-05-24T10:07:42.000Z</time>
        <extensions>
          <ns3:TrackPointExtension>
            <ns3:hr>99</ns3:hr>
          </ns3:TrackPointExtension>
        </extensions>
      </trkpt>
      <trkpt lat="25.847683511674404144287109375" lon="119.57085725851356983184814453125">
        <ele>26.3999996185302734375</ele>
        <time>2025-05-24T10:07:49.000Z</time>
        <extensions>
          <ns3:TrackPointExtension>
            <ns3:hr>100</ns3:hr>
          </ns3:TrackPointExtension>
        </extensions>
      </trkpt>
      <trkpt lat="25.84767110645771026611328125" lon="119.57085214555263519287109375">
        <ele>26.6000003814697265625</ele>
        <time>2025-05-24T10:07:50.000Z</time>
        <extensions>
          <ns3:TrackPointExtension>
            <ns3:hr>100</ns3:hr>
          </ns3:TrackPointExtension>
        </extensions>
      </trkpt>
      <trkpt lat="25.84761586971580982208251953125" lon="119.57080780528485774993896484375">
        <ele>26.6000003814697265625</ele>
        <time>2025-05-24T10:07:55.000Z</time>
        <extensions>
          <ns3:TrackPointExtension>
            <ns3:hr>99</ns3:hr>
          </ns3:TrackPointExtension>
        </extensions>
      </trkpt>
      <trkpt lat="25.84755577147006988525390625" lon="119.57076069898903369903564453125">
        <ele>26.6000003814697265625</ele>
        <time>2025-05-24T10:08:01.000Z</time>
        <extensions>
          <ns3:TrackPointExtension>
            <ns3:hr>99</ns3:hr>
          </ns3:TrackPointExtension>
        </extensions>
      </trkpt>
      <trkpt lat="25.84751981310546398162841796875" lon="119.57075013779103755950927734375">
        <ele>26.799999237060546875</ele>
        <time>2025-05-24T10:08:05.000Z</time>
        <extensions>
          <ns3:TrackPointExtension>
            <ns3:hr>99</ns3:hr>
          </ns3:TrackPointExtension>
        </extensions>
      </trkpt>
      <trkpt lat="25.84750170819461345672607421875" lon="119.57074820995330810546875">
        <ele>26.799999237060546875</ele>
        <time>2025-05-24T10:08:07.000Z</time>
        <extensions>
          <ns3:TrackPointExtension>
            <ns3:hr>98</ns3:hr>
          </ns3:TrackPointExtension>
        </extensions>
      </trkpt>
      <trkpt lat="25.84746281616389751434326171875" lon="119.57072583027184009552001953125">
        <ele>26.799999237060546875</ele>
        <time>2025-05-24T10:08:12.000Z</time>
        <extensions>
          <ns3:TrackPointExtension>
            <ns3:hr>98</ns3:hr>
          </ns3:TrackPointExtension>
        </extensions>
      </trkpt>
      <trkpt lat="25.8474543504416942596435546875" lon="119.5707279257476329803466796875">
        <ele>27</ele>
        <time>2025-05-24T10:08:13.000Z</time>
        <extensions>
          <ns3:TrackPointExtension>
            <ns3:hr>98</ns3:hr>
          </ns3:TrackPointExtension>
        </extensions>
      </trkpt>
      <trkpt lat="25.8474070765078067779541015625" lon="119.57071878947317600250244140625">
        <ele>26.6000003814697265625</ele>
        <time>2025-05-24T10:08:18.000Z</time>
        <extensions>
          <ns3:TrackPointExtension>
            <ns3:hr>98</ns3:hr>
          </ns3:TrackPointExtension>
        </extensions>
      </trkpt>
      <trkpt lat="25.84733641706407070159912109375" lon="119.57066983915865421295166015625">
        <ele>26.6000003814697265625</ele>
        <time>2025-05-24T10:08:25.000Z</time>
        <extensions>
          <ns3:TrackPointExtension>
            <ns3:hr>98</ns3:hr>
          </ns3:TrackPointExtension>
        </extensions>
      </trkpt>
      <trkpt lat="25.84727740846574306488037109375" lon="119.57064486108720302581787109375">
        <ele>26.6000003814697265625</ele>
        <time>2025-05-24T10:08:31.000Z</time>
        <extensions>
          <ns3:TrackPointExtension>
            <ns3:hr>97</ns3:hr>
          </ns3:TrackPointExtension>
        </extensions>
      </trkpt>
      <trkpt lat="25.84720632992684841156005859375" lon="119.57064787857234477996826171875">
        <ele>26.6000003814697265625</ele>
        <time>2025-05-24T10:08:38.000Z</time>
        <extensions>
          <ns3:TrackPointExtension>
            <ns3:hr>99</ns3:hr>
          </ns3:TrackPointExtension>
        </extensions>
      </trkpt>
      <trkpt lat="25.8471393585205078125" lon="119.57061686553061008453369140625">
        <ele>26.6000003814697265625</ele>
        <time>2025-05-24T10:08:44.000Z</time>
        <extensions>
          <ns3:TrackPointExtension>
            <ns3:hr>100</ns3:hr>
          </ns3:TrackPointExtension>
        </extensions>
      </trkpt>
      <trkpt lat="25.84706501103937625885009765625" lon="119.57059674896299839019775390625">
        <ele>26.200000762939453125</ele>
        <time>2025-05-24T10:08:50.000Z</time>
        <extensions>
          <ns3:TrackPointExtension>
            <ns3:hr>99</ns3:hr>
          </ns3:TrackPointExtension>
        </extensions>
      </trkpt>
      <trkpt lat="25.8470027334988117218017578125" lon="119.570592977106571197509765625">
        <ele>26.200000762939453125</ele>
        <time>2025-05-24T10:08:56.000Z</time>
        <extensions>
          <ns3:TrackPointExtension>
            <ns3:hr>99</ns3:hr>
          </ns3:TrackPointExtension>
        </extensions>
      </trkpt>
      <trkpt lat="25.84698387421667575836181640625" lon="119.57059725187718868255615234375">
        <ele>26.200000762939453125</ele>
        <time>2025-05-24T10:08:58.000Z</time>
        <extensions>
          <ns3:TrackPointExtension>
            <ns3:hr>99</ns3:hr>
          </ns3:TrackPointExtension>
        </extensions>
      </trkpt>
      <trkpt lat="25.84695629775524139404296875" lon="119.57060043700039386749267578125">
        <ele>26.200000762939453125</ele>
        <time>2025-05-24T10:09:01.000Z</time>
        <extensions>
          <ns3:TrackPointExtension>
            <ns3:hr>99</ns3:hr>
          </ns3:TrackPointExtension>
        </extensions>
      </trkpt>
      <trkpt lat="25.84691430442035198211669921875" lon="119.57058736123144626617431640625">
        <ele>26.200000762939453125</ele>
        <time>2025-05-24T10:09:04.000Z</time>
        <extensions>
          <ns3:TrackPointExtension>
            <ns3:hr>99</ns3:hr>
          </ns3:TrackPointExtension>
        </extensions>
      </trkpt>
      <trkpt lat="25.84682864136993885040283203125" lon="119.57054226659238338470458984375">
        <ele>26.200000762939453125</ele>
        <time>2025-05-24T10:09:11.000Z</time>
        <extensions>
          <ns3:TrackPointExtension>
            <ns3:hr>99</ns3:hr>
          </ns3:TrackPointExtension>
        </extensions>
      </trkpt>
      <trkpt lat="25.846750773489475250244140625" lon="119.57050907425582408905029296875">
        <ele>26.200000762939453125</ele>
        <time>2025-05-24T10:09:18.000Z</time>
        <extensions>
          <ns3:TrackPointExtension>
            <ns3:hr>99</ns3:hr>
          </ns3:TrackPointExtension>
        </extensions>
      </trkpt>
      <trkpt lat="25.84668279625475406646728515625" lon="119.57048409618437290191650390625">
        <ele>26.3999996185302734375</ele>
        <time>2025-05-24T10:09:24.000Z</time>
        <extensions>
          <ns3:TrackPointExtension>
            <ns3:hr>98</ns3:hr>
          </ns3:TrackPointExtension>
        </extensions>
      </trkpt>
      <trkpt lat="25.8466000668704509735107421875" lon="119.57044386304914951324462890625">
        <ele>26</ele>
        <time>2025-05-24T10:09:32.000Z</time>
        <extensions>
          <ns3:TrackPointExtension>
            <ns3:hr>99</ns3:hr>
          </ns3:TrackPointExtension>
        </extensions>
      </trkpt>
      <trkpt lat="25.8465762622654438018798828125" lon="119.5704426057636737823486328125">
        <ele>26.200000762939453125</ele>
        <time>2025-05-24T10:09:34.000Z</time>
        <extensions>
          <ns3:TrackPointExtension>
            <ns3:hr>99</ns3:hr>
          </ns3:TrackPointExtension>
        </extensions>
      </trkpt>
      <trkpt lat="25.84650945849716663360595703125" lon="119.5704359002411365509033203125">
        <ele>26</ele>
        <time>2025-05-24T10:09:40.000Z</time>
        <extensions>
          <ns3:TrackPointExtension>
            <ns3:hr>100</ns3:hr>
          </ns3:TrackPointExtension>
        </extensions>
      </trkpt>
      <trkpt lat="25.84642396308481693267822265625" lon="119.570386447012424468994140625">
        <ele>26</ele>
        <time>2025-05-24T10:09:47.000Z</time>
        <extensions>
          <ns3:TrackPointExtension>
            <ns3:hr>100</ns3:hr>
          </ns3:TrackPointExtension>
        </extensions>
      </trkpt>
      <trkpt lat="25.846355818212032318115234375" lon="119.57034830935299396514892578125">
        <ele>26</ele>
        <time>2025-05-24T10:09:53.000Z</time>
        <extensions>
          <ns3:TrackPointExtension>
            <ns3:hr>100</ns3:hr>
          </ns3:TrackPointExtension>
        </extensions>
      </trkpt>
      <trkpt lat="25.846310891211032867431640625" lon="119.57033473066985607147216796875">
        <ele>25.6000003814697265625</ele>
        <time>2025-05-24T10:09:57.000Z</time>
        <extensions>
          <ns3:TrackPointExtension>
            <ns3:hr>101</ns3:hr>
          </ns3:TrackPointExtension>
        </extensions>
      </trkpt>
      <trkpt lat="25.84625758230686187744140625" lon="119.57032333128154277801513671875">
        <ele>25.799999237060546875</ele>
        <time>2025-05-24T10:10:01.000Z</time>
        <extensions>
          <ns3:TrackPointExtension>
            <ns3:hr>101</ns3:hr>
          </ns3:TrackPointExtension>
        </extensions>
      </trkpt>
      <trkpt lat="25.846208967268466949462890625" lon="119.57029902376234531402587890625">
        <ele>25.6000003814697265625</ele>
        <time>2025-05-24T10:10:06.000Z</time>
        <extensions>
          <ns3:TrackPointExtension>
            <ns3:hr>101</ns3:hr>
          </ns3:TrackPointExtension>
        </extensions>
      </trkpt>
      <trkpt lat="25.84615104831755161285400390625" lon="119.5702640712261199951171875">
        <ele>25.799999237060546875</ele>
        <time>2025-05-24T10:10:11.000Z</time>
        <extensions>
          <ns3:TrackPointExtension>
            <ns3:hr>101</ns3:hr>
          </ns3:TrackPointExtension>
        </extensions>
      </trkpt>
      <trkpt lat="25.84607477299869060516357421875" lon="119.570243619382381439208984375">
        <ele>25.799999237060546875</ele>
        <time>2025-05-24T10:10:18.000Z</time>
        <extensions>
          <ns3:TrackPointExtension>
            <ns3:hr>103</ns3:hr>
          </ns3:TrackPointExtension>
        </extensions>
      </trkpt>
      <trkpt lat="25.8460207097232341766357421875" lon="119.5702367462217807769775390625">
        <ele>25.6000003814697265625</ele>
        <time>2025-05-24T10:10:22.000Z</time>
        <extensions>
          <ns3:TrackPointExtension>
            <ns3:hr>103</ns3:hr>
          </ns3:TrackPointExtension>
        </extensions>
      </trkpt>
      <trkpt lat="25.84598106332123279571533203125" lon="119.5702213235199451446533203125">
        <ele>25.799999237060546875</ele>
        <time>2025-05-24T10:10:25.000Z</time>
        <extensions>
          <ns3:TrackPointExtension>
            <ns3:hr>104</ns3:hr>
          </ns3:TrackPointExtension>
        </extensions>
      </trkpt>
      <trkpt lat="25.8459181152284145355224609375" lon="119.57018787972629070281982421875">
        <ele>25.799999237060546875</ele>
        <time>2025-05-24T10:10:31.000Z</time>
        <extensions>
          <ns3:TrackPointExtension>
            <ns3:hr>104</ns3:hr>
          </ns3:TrackPointExtension>
        </extensions>
      </trkpt>
      <trkpt lat="25.84583940915763378143310546875" lon="119.57014513202011585235595703125">
        <ele>26</ele>
        <time>2025-05-24T10:10:38.000Z</time>
        <extensions>
          <ns3:TrackPointExtension>
            <ns3:hr>105</ns3:hr>
          </ns3:TrackPointExtension>
        </extensions>
      </trkpt>
      <trkpt lat="25.845777802169322967529296875" lon="119.57012870348989963531494140625">
        <ele>26</ele>
        <time>2025-05-24T10:10:43.000Z</time>
        <extensions>
          <ns3:TrackPointExtension>
            <ns3:hr>104</ns3:hr>
          </ns3:TrackPointExtension>
        </extensions>
      </trkpt>
      <trkpt lat="25.845686607062816619873046875" lon="119.570095427334308624267578125">
        <ele>26</ele>
        <time>2025-05-24T10:10:51.000Z</time>
        <extensions>
          <ns3:TrackPointExtension>
            <ns3:hr>103</ns3:hr>
          </ns3:TrackPointExtension>
        </extensions>
      </trkpt>
      <trkpt lat="25.8455677516758441925048828125" lon="119.57004404626786708831787109375">
        <ele>26</ele>
        <time>2025-05-24T10:11:03.000Z</time>
        <extensions>
          <ns3:TrackPointExtension>
            <ns3:hr>100</ns3:hr>
          </ns3:TrackPointExtension>
        </extensions>
      </trkpt>
      <trkpt lat="25.84550798870623111724853515625" lon="119.57003985531628131866455078125">
        <ele>25.799999237060546875</ele>
        <time>2025-05-24T10:11:09.000Z</time>
        <extensions>
          <ns3:TrackPointExtension>
            <ns3:hr>99</ns3:hr>
          </ns3:TrackPointExtension>
        </extensions>
      </trkpt>
      <trkpt lat="25.845446884632110595703125" lon="119.57001135684549808502197265625">
        <ele>26</ele>
        <time>2025-05-24T10:11:15.000Z</time>
        <extensions>
          <ns3:TrackPointExtension>
            <ns3:hr>100</ns3:hr>
          </ns3:TrackPointExtension>
        </extensions>
      </trkpt>
      <trkpt lat="25.8453789912164211273193359375" lon="119.5699732191860675811767578125">
        <ele>25.799999237060546875</ele>
        <time>2025-05-24T10:11:21.000Z</time>
        <extensions>
          <ns3:TrackPointExtension>
            <ns3:hr>98</ns3:hr>
          </ns3:TrackPointExtension>
        </extensions>
      </trkpt>
      <trkpt lat="25.8453221619129180908203125" lon="119.5699510909616947174072265625">
        <ele>25.799999237060546875</ele>
        <time>2025-05-24T10:11:28.000Z</time>
        <extensions>
          <ns3:TrackPointExtension>
            <ns3:hr>99</ns3:hr>
          </ns3:TrackPointExtension>
        </extensions>
      </trkpt>
      <trkpt lat="25.84526273421943187713623046875" lon="119.56994078122079372406005859375">
        <ele>26.200000762939453125</ele>
        <time>2025-05-24T10:11:32.000Z</time>
        <extensions>
          <ns3:TrackPointExtension>
            <ns3:hr>99</ns3:hr>
          </ns3:TrackPointExtension>
        </extensions>
      </trkpt>
      <trkpt lat="25.84519936703145503997802734375" lon="119.56990532577037811279296875">
        <ele>26</ele>
        <time>2025-05-24T10:11:38.000Z</time>
        <extensions>
          <ns3:TrackPointExtension>
            <ns3:hr>100</ns3:hr>
          </ns3:TrackPointExtension>
        </extensions>
      </trkpt>
      <trkpt lat="25.845144130289554595947265625" lon="119.569887220859527587890625">
        <ele>26</ele>
        <time>2025-05-24T10:11:44.000Z</time>
        <extensions>
          <ns3:TrackPointExtension>
            <ns3:hr>98</ns3:hr>
          </ns3:TrackPointExtension>
        </extensions>
      </trkpt>
      <trkpt lat="25.84510196931660175323486328125" lon="119.56995151005685329437255859375">
        <ele>26</ele>
        <time>2025-05-24T10:11:50.000Z</time>
        <extensions>
          <ns3:TrackPointExtension>
            <ns3:hr>98</ns3:hr>
          </ns3:TrackPointExtension>
        </extensions>
      </trkpt>
      <trkpt lat="25.8451102674007415771484375" lon="119.57002066075801849365234375">
        <ele>26.200000762939453125</ele>
        <time>2025-05-24T10:11:56.000Z</time>
        <extensions>
          <ns3:TrackPointExtension>
            <ns3:hr>98</ns3:hr>
          </ns3:TrackPointExtension>
        </extensions>
      </trkpt>
      <trkpt lat="25.8451523445546627044677734375" lon="119.57005594857037067413330078125">
        <ele>26</ele>
        <time>2025-05-24T10:12:01.000Z</time>
        <extensions>
          <ns3:TrackPointExtension>
            <ns3:hr>99</ns3:hr>
          </ns3:TrackPointExtension>
        </extensions>
      </trkpt>
      <trkpt lat="25.84517170675098896026611328125" lon="119.57007170654833316802978515625">
        <ele>26</ele>
        <time>2025-05-24T10:12:03.000Z</time>
        <extensions>
          <ns3:TrackPointExtension>
            <ns3:hr>98</ns3:hr>
          </ns3:TrackPointExtension>
        </extensions>
      </trkpt>
      <trkpt lat="25.84521629847586154937744140625" lon="119.57009701989591121673583984375">
        <ele>26</ele>
        <time>2025-05-24T10:12:08.000Z</time>
        <extensions>
          <ns3:TrackPointExtension>
            <ns3:hr>99</ns3:hr>
          </ns3:TrackPointExtension>
        </extensions>
      </trkpt>
      <trkpt lat="25.84527597762644290924072265625" lon="119.5701227523386478424072265625">
        <ele>26</ele>
        <time>2025-05-24T10:12:13.000Z</time>
        <extensions>
          <ns3:TrackPointExtension>
            <ns3:hr>99</ns3:hr>
          </ns3:TrackPointExtension>
        </extensions>
      </trkpt>
      <trkpt lat="25.8453669212758541107177734375" lon="119.57015586085617542266845703125">
        <ele>26</ele>
        <time>2025-05-24T10:12:21.000Z</time>
        <extensions>
          <ns3:TrackPointExtension>
            <ns3:hr>99</ns3:hr>
          </ns3:TrackPointExtension>
        </extensions>
      </trkpt>
      <trkpt lat="25.84546029567718505859375" lon="119.5702042244374752044677734375">
        <ele>26</ele>
        <time>2025-05-24T10:12:29.000Z</time>
        <extensions>
          <ns3:TrackPointExtension>
            <ns3:hr>98</ns3:hr>
          </ns3:TrackPointExtension>
        </extensions>
      </trkpt>
      <trkpt lat="25.84554922766983509063720703125" lon="119.5702337287366390228271484375">
        <ele>26</ele>
        <time>2025-05-24T10:12:37.000Z</time>
        <extensions>
          <ns3:TrackPointExtension>
            <ns3:hr>98</ns3:hr>
          </ns3:TrackPointExtension>
        </extensions>
      </trkpt>
      <trkpt lat="25.8455903828144073486328125" lon="119.5702568627893924713134765625">
        <ele>26</ele>
        <time>2025-05-24T10:12:42.000Z</time>
        <extensions>
          <ns3:TrackPointExtension>
            <ns3:hr>98</ns3:hr>
          </ns3:TrackPointExtension>
        </extensions>
      </trkpt>
      <trkpt lat="25.84564092569053173065185546875" lon="119.5702685974538326263427734375">
        <ele>25.799999237060546875</ele>
        <time>2025-05-24T10:12:47.000Z</time>
        <extensions>
          <ns3:TrackPointExtension>
            <ns3:hr>99</ns3:hr>
          </ns3:TrackPointExtension>
        </extensions>
      </trkpt>
      <trkpt lat="25.84566556848585605621337890625" lon="119.5702732913196086883544921875">
        <ele>25.799999237060546875</ele>
        <time>2025-05-24T10:12:49.000Z</time>
        <extensions>
          <ns3:TrackPointExtension>
            <ns3:hr>99</ns3:hr>
          </ns3:TrackPointExtension>
        </extensions>
      </trkpt>
      <trkpt lat="25.84567864425480365753173828125" lon="119.57027521915733814239501953125">
        <ele>26</ele>
        <time>2025-05-24T10:12:50.000Z</time>
        <extensions>
          <ns3:TrackPointExtension>
            <ns3:hr>98</ns3:hr>
          </ns3:TrackPointExtension>
        </extensions>
      </trkpt>
      <trkpt lat="25.845757015049457550048828125" lon="119.5703178830444812774658203125">
        <ele>26</ele>
        <time>2025-05-24T10:12:56.000Z</time>
        <extensions>
          <ns3:TrackPointExtension>
            <ns3:hr>100</ns3:hr>
          </ns3:TrackPointExtension>
        </extensions>
      </trkpt>
      <trkpt lat="25.84585835225880146026611328125" lon="119.57036306150257587432861328125">
        <ele>26</ele>
        <time>2025-05-24T10:13:05.000Z</time>
        <extensions>
          <ns3:TrackPointExtension>
            <ns3:hr>100</ns3:hr>
          </ns3:TrackPointExtension>
        </extensions>
      </trkpt>
      <trkpt lat="25.84590696729719638824462890625" lon="119.57037697546184062957763671875">
        <ele>26</ele>
        <time>2025-05-24T10:13:10.000Z</time>
        <extensions>
          <ns3:TrackPointExtension>
            <ns3:hr>100</ns3:hr>
          </ns3:TrackPointExtension>
        </extensions>
      </trkpt>
      <trkpt lat="25.84594468586146831512451171875" lon="119.57037563435733318328857421875">
        <ele>26.200000762939453125</ele>
        <time>2025-05-24T10:13:14.000Z</time>
        <extensions>
          <ns3:TrackPointExtension>
            <ns3:hr>101</ns3:hr>
          </ns3:TrackPointExtension>
        </extensions>
      </trkpt>
      <trkpt lat="25.84597083739936351776123046875" lon="119.5703889615833759307861328125">
        <ele>26.200000762939453125</ele>
        <time>2025-05-24T10:13:16.000Z</time>
        <extensions>
          <ns3:TrackPointExtension>
            <ns3:hr>100</ns3:hr>
          </ns3:TrackPointExtension>
        </extensions>
      </trkpt>
      <trkpt lat="25.84599631838500499725341796875" lon="119.5703919790685176849365234375">
        <ele>26</ele>
        <time>2025-05-24T10:13:18.000Z</time>
        <extensions>
          <ns3:TrackPointExtension>
            <ns3:hr>100</ns3:hr>
          </ns3:TrackPointExtension>
        </extensions>
      </trkpt>
      <trkpt lat="25.8460557460784912109375" lon="119.5704303681850433349609375">
        <ele>26.200000762939453125</ele>
        <time>2025-05-24T10:13:23.000Z</time>
        <extensions>
          <ns3:TrackPointExtension>
            <ns3:hr>101</ns3:hr>
          </ns3:TrackPointExtension>
        </extensions>
      </trkpt>
      <trkpt lat="25.84609338082373142242431640625" lon="119.570444785058498382568359375">
        <ele>26</ele>
        <time>2025-05-24T10:13:26.000Z</time>
        <extensions>
          <ns3:TrackPointExtension>
            <ns3:hr>100</ns3:hr>
          </ns3:TrackPointExtension>
        </extensions>
      </trkpt>
      <trkpt lat="25.846124477684497833251953125" lon="119.57045593298971652984619140625">
        <ele>26</ele>
        <time>2025-05-24T10:13:29.000Z</time>
        <extensions>
          <ns3:TrackPointExtension>
            <ns3:hr>100</ns3:hr>
          </ns3:TrackPointExtension>
        </extensions>
      </trkpt>
      <trkpt lat="25.84619589149951934814453125" lon="119.57048309035599231719970703125">
        <ele>26</ele>
        <time>2025-05-24T10:13:36.000Z</time>
        <extensions>
          <ns3:TrackPointExtension>
            <ns3:hr>100</ns3:hr>
          </ns3:TrackPointExtension>
        </extensions>
      </trkpt>
      <trkpt lat="25.84620662033557891845703125" lon="119.5704858563840389251708984375">
        <ele>26</ele>
        <time>2025-05-24T10:13:37.000Z</time>
        <extensions>
          <ns3:TrackPointExtension>
            <ns3:hr>101</ns3:hr>
          </ns3:TrackPointExtension>
        </extensions>
      </trkpt>
      <trkpt lat="25.84624819457530975341796875" lon="119.5704920589923858642578125">
        <ele>26</ele>
        <time>2025-05-24T10:13:41.000Z</time>
        <extensions>
          <ns3:TrackPointExtension>
            <ns3:hr>101</ns3:hr>
          </ns3:TrackPointExtension>
        </extensions>
      </trkpt>
      <trkpt lat="25.8462703227996826171875" lon="119.57049365155398845672607421875">
        <ele>26</ele>
        <time>2025-05-24T10:13:43.000Z</time>
        <extensions>
          <ns3:TrackPointExtension>
            <ns3:hr>101</ns3:hr>
          </ns3:TrackPointExtension>
        </extensions>
      </trkpt>
      <trkpt lat="25.8463472686707973480224609375" lon="119.57054243423044681549072265625">
        <ele>26</ele>
        <time>2025-05-24T10:13:49.000Z</time>
        <extensions>
          <ns3:TrackPointExtension>
            <ns3:hr>101</ns3:hr>
          </ns3:TrackPointExtension>
        </extensions>
      </trkpt>
      <trkpt lat="25.846423208713531494140625" lon="119.5705773867666721343994140625">
        <ele>26</ele>
        <time>2025-05-24T10:13:56.000Z</time>
        <extensions>
          <ns3:TrackPointExtension>
            <ns3:hr>101</ns3:hr>
          </ns3:TrackPointExtension>
        </extensions>
      </trkpt>
      <trkpt lat="25.8465011604130268096923828125" lon="119.57059490494430065155029296875">
        <ele>26</ele>
        <time>2025-05-24T10:14:03.000Z</time>
        <extensions>
          <ns3:TrackPointExtension>
            <ns3:hr>101</ns3:hr>
          </ns3:TrackPointExtension>
        </extensions>
      </trkpt>
      <trkpt lat="25.84656612016260623931884765625" lon="119.5706115849316120147705078125">
        <ele>26.200000762939453125</ele>
        <time>2025-05-24T10:14:10.000Z</time>
        <extensions>
          <ns3:TrackPointExtension>
            <ns3:hr>99</ns3:hr>
          </ns3:TrackPointExtension>
        </extensions>
      </trkpt>
      <trkpt lat="25.84659260697662830352783203125" lon="119.5706256665289402008056640625">
        <ele>26.200000762939453125</ele>
        <time>2025-05-24T10:14:12.000Z</time>
        <extensions>
          <ns3:TrackPointExtension>
            <ns3:hr>99</ns3:hr>
          </ns3:TrackPointExtension>
        </extensions>
      </trkpt>
      <trkpt lat="25.8466376177966594696044921875" lon="119.5706514827907085418701171875">
        <ele>26.200000762939453125</ele>
        <time>2025-05-24T10:14:15.000Z</time>
        <extensions>
          <ns3:TrackPointExtension>
            <ns3:hr>98</ns3:hr>
          </ns3:TrackPointExtension>
        </extensions>
      </trkpt>
      <trkpt lat="25.8466994762420654296875" lon="119.570698253810405731201171875">
        <ele>26.3999996185302734375</ele>
        <time>2025-05-24T10:14:21.000Z</time>
        <extensions>
          <ns3:TrackPointExtension>
            <ns3:hr>99</ns3:hr>
          </ns3:TrackPointExtension>
        </extensions>
      </trkpt>
      <trkpt lat="25.84676879458129405975341796875" lon="119.57071878947317600250244140625">
        <ele>26.200000762939453125</ele>
        <time>2025-05-24T10:14:27.000Z</time>
        <extensions>
          <ns3:TrackPointExtension>
            <ns3:hr>98</ns3:hr>
          </ns3:TrackPointExtension>
        </extensions>
      </trkpt>
      <trkpt lat="25.84685093723237514495849609375" lon="119.57073278725147247314453125">
        <ele>26</ele>
        <time>2025-05-24T10:14:34.000Z</time>
        <extensions>
          <ns3:TrackPointExtension>
            <ns3:hr>100</ns3:hr>
          </ns3:TrackPointExtension>
        </extensions>
      </trkpt>
      <trkpt lat="25.84693123586475849151611328125" lon="119.57077260129153728485107421875">
        <ele>26</ele>
        <time>2025-05-24T10:14:42.000Z</time>
        <extensions>
          <ns3:TrackPointExtension>
            <ns3:hr>100</ns3:hr>
          </ns3:TrackPointExtension>
        </extensions>
      </trkpt>
      <trkpt lat="25.8469665236771106719970703125" lon="119.570804201066493988037109375">
        <ele>26</ele>
        <time>2025-05-24T10:14:46.000Z</time>
        <extensions>
          <ns3:TrackPointExtension>
            <ns3:hr>100</ns3:hr>
          </ns3:TrackPointExtension>
        </extensions>
      </trkpt>
      <trkpt lat="25.847007930278778076171875" lon="119.57083278335630893707275390625">
        <ele>26.200000762939453125</ele>
        <time>2025-05-24T10:14:49.000Z</time>
        <extensions>
          <ns3:TrackPointExtension>
            <ns3:hr>101</ns3:hr>
          </ns3:TrackPointExtension>
        </extensions>
      </trkpt>
      <trkpt lat="25.84706651978194713592529296875" lon="119.570883326232433319091796875">
        <ele>26</ele>
        <time>2025-05-24T10:14:55.000Z</time>
        <extensions>
          <ns3:TrackPointExtension>
            <ns3:hr>101</ns3:hr>
          </ns3:TrackPointExtension>
        </extensions>
      </trkpt>
      <trkpt lat="25.8471187390387058258056640625" lon="119.57091911695897579193115234375">
        <ele>26.200000762939453125</ele>
        <time>2025-05-24T10:15:01.000Z</time>
        <extensions>
          <ns3:TrackPointExtension>
            <ns3:hr>100</ns3:hr>
          </ns3:TrackPointExtension>
        </extensions>
      </trkpt>
      <trkpt lat="25.847168527543544769287109375" lon="119.57093336619436740875244140625">
        <ele>26.200000762939453125</ele>
        <time>2025-05-24T10:15:06.000Z</time>
        <extensions>
          <ns3:TrackPointExtension>
            <ns3:hr>100</ns3:hr>
          </ns3:TrackPointExtension>
        </extensions>
      </trkpt>
      <trkpt lat="25.84717984311282634735107421875" lon="119.57093655131757259368896484375">
        <ele>26.200000762939453125</ele>
        <time>2025-05-24T10:15:07.000Z</time>
        <extensions>
          <ns3:TrackPointExtension>
            <ns3:hr>101</ns3:hr>
          </ns3:TrackPointExtension>
        </extensions>
      </trkpt>
      <trkpt lat="25.84725025109946727752685546875" lon="119.5709585957229137420654296875">
        <ele>26</ele>
        <time>2025-05-24T10:15:13.000Z</time>
        <extensions>
          <ns3:TrackPointExtension>
            <ns3:hr>100</ns3:hr>
          </ns3:TrackPointExtension>
        </extensions>
      </trkpt>
      <trkpt lat="25.8473292924463748931884765625" lon="119.57101441919803619384765625">
        <ele>26</ele>
        <time>2025-05-24T10:15:20.000Z</time>
        <extensions>
          <ns3:TrackPointExtension>
            <ns3:hr>101</ns3:hr>
          </ns3:TrackPointExtension>
        </extensions>
      </trkpt>
      <trkpt lat="25.84739274345338344573974609375" lon="119.57102942280471324920654296875">
        <ele>26</ele>
        <time>2025-05-24T10:15:27.000Z</time>
        <extensions>
          <ns3:TrackPointExtension>
            <ns3:hr>100</ns3:hr>
          </ns3:TrackPointExtension>
        </extensions>
      </trkpt>
      <trkpt lat="25.84745359607040882110595703125" lon="119.57102590240538120269775390625">
        <ele>25.799999237060546875</ele>
        <time>2025-05-24T10:15:33.000Z</time>
        <extensions>
          <ns3:TrackPointExtension>
            <ns3:hr>100</ns3:hr>
          </ns3:TrackPointExtension>
        </extensions>
      </trkpt>
      <trkpt lat="25.84746725857257843017578125" lon="119.57102648913860321044921875">
        <ele>25.799999237060546875</ele>
        <time>2025-05-24T10:15:34.000Z</time>
        <extensions>
          <ns3:TrackPointExtension>
            <ns3:hr>100</ns3:hr>
          </ns3:TrackPointExtension>
        </extensions>
      </trkpt>
      <trkpt lat="25.84753540344536304473876953125" lon="119.5710531435906887054443359375">
        <ele>25.799999237060546875</ele>
        <time>2025-05-24T10:15:39.000Z</time>
        <extensions>
          <ns3:TrackPointExtension>
            <ns3:hr>101</ns3:hr>
          </ns3:TrackPointExtension>
        </extensions>
      </trkpt>
      <trkpt lat="25.84758904762566089630126953125" lon="119.5710571669042110443115234375">
        <ele>26</ele>
        <time>2025-05-24T10:15:45.000Z</time>
        <extensions>
          <ns3:TrackPointExtension>
            <ns3:hr>101</ns3:hr>
          </ns3:TrackPointExtension>
        </extensions>
      </trkpt>
      <trkpt lat="25.84763615392148494720458984375" lon="119.5710705779492855072021484375">
        <ele>26</ele>
        <time>2025-05-24T10:15:50.000Z</time>
        <extensions>
          <ns3:TrackPointExtension>
            <ns3:hr>100</ns3:hr>
          </ns3:TrackPointExtension>
        </extensions>
      </trkpt>
      <trkpt lat="25.8477388322353363037109375" lon="119.57111072726547718048095703125">
        <ele>25.799999237060546875</ele>
        <time>2025-05-24T10:15:58.000Z</time>
        <extensions>
          <ns3:TrackPointExtension>
            <ns3:hr>97</ns3:hr>
          </ns3:TrackPointExtension>
        </extensions>
      </trkpt>
      <trkpt lat="25.8478241600096225738525390625" lon="119.5711490325629711151123046875">
        <ele>26</ele>
        <time>2025-05-24T10:16:05.000Z</time>
        <extensions>
          <ns3:TrackPointExtension>
            <ns3:hr>98</ns3:hr>
          </ns3:TrackPointExtension>
        </extensions>
      </trkpt>
      <trkpt lat="25.8478747867047786712646484375" lon="119.5711624436080455780029296875">
        <ele>25.6000003814697265625</ele>
        <time>2025-05-24T10:16:10.000Z</time>
        <extensions>
          <ns3:TrackPointExtension>
            <ns3:hr>98</ns3:hr>
          </ns3:TrackPointExtension>
        </extensions>
      </trkpt>
      <trkpt lat="25.84789532236754894256591796875" lon="119.57115833647549152374267578125">
        <ele>25.799999237060546875</ele>
        <time>2025-05-24T10:16:13.000Z</time>
        <extensions>
          <ns3:TrackPointExtension>
            <ns3:hr>98</ns3:hr>
          </ns3:TrackPointExtension>
        </extensions>
      </trkpt>
      <trkpt lat="25.8479213900864124298095703125" lon="119.5711577497422695159912109375">
        <ele>26</ele>
        <time>2025-05-24T10:16:15.000Z</time>
        <extensions>
          <ns3:TrackPointExtension>
            <ns3:hr>97</ns3:hr>
          </ns3:TrackPointExtension>
        </extensions>
      </trkpt>
      <trkpt lat="25.8479371480643749237060546875" lon="119.5711607672274112701416015625">
        <ele>26</ele>
        <time>2025-05-24T10:16:16.000Z</time>
        <extensions>
          <ns3:TrackPointExtension>
            <ns3:hr>97</ns3:hr>
          </ns3:TrackPointExtension>
        </extensions>
      </trkpt>
      <trkpt lat="25.84798668511211872100830078125" lon="119.5711993239820003509521484375">
        <ele>25.799999237060546875</ele>
        <time>2025-05-24T10:16:20.000Z</time>
        <extensions>
          <ns3:TrackPointExtension>
            <ns3:hr>96</ns3:hr>
          </ns3:TrackPointExtension>
        </extensions>
      </trkpt>
      <trkpt lat="25.848061703145503997802734375" lon="119.5712422393262386322021484375">
        <ele>25.799999237060546875</ele>
        <time>2025-05-24T10:16:26.000Z</time>
        <extensions>
          <ns3:TrackPointExtension>
            <ns3:hr>95</ns3:hr>
          </ns3:TrackPointExtension>
        </extensions>
      </trkpt>
      <trkpt lat="25.84812046028673648834228515625" lon="119.57125456072390079498291015625">
        <ele>25.6000003814697265625</ele>
        <time>2025-05-24T10:16:32.000Z</time>
        <extensions>
          <ns3:TrackPointExtension>
            <ns3:hr>93</ns3:hr>
          </ns3:TrackPointExtension>
        </extensions>
      </trkpt>
      <trkpt lat="25.8481815643608570098876953125" lon="119.571258164942264556884765625">
        <ele>25.6000003814697265625</ele>
        <time>2025-05-24T10:16:38.000Z</time>
        <extensions>
          <ns3:TrackPointExtension>
            <ns3:hr>94</ns3:hr>
          </ns3:TrackPointExtension>
        </extensions>
      </trkpt>
      <trkpt lat="25.8481922931969165802001953125" lon="119.57126411609351634979248046875">
        <ele>25.6000003814697265625</ele>
        <time>2025-05-24T10:16:39.000Z</time>
        <extensions>
          <ns3:TrackPointExtension>
            <ns3:hr>94</ns3:hr>
          </ns3:TrackPointExtension>
        </extensions>
      </trkpt>
      <trkpt lat="25.8482538163661956787109375" lon="119.5713186822831630706787109375">
        <ele>25.799999237060546875</ele>
        <time>2025-05-24T10:16:44.000Z</time>
        <extensions>
          <ns3:TrackPointExtension>
            <ns3:hr>93</ns3:hr>
          </ns3:TrackPointExtension>
        </extensions>
      </trkpt>
      <trkpt lat="25.84834157489240169525146484375" lon="119.57134969532489776611328125">
        <ele>25.6000003814697265625</ele>
        <time>2025-05-24T10:16:52.000Z</time>
        <extensions>
          <ns3:TrackPointExtension>
            <ns3:hr>92</ns3:hr>
          </ns3:TrackPointExtension>
        </extensions>
      </trkpt>
      <trkpt lat="25.848362781107425689697265625" lon="119.57134625874459743499755859375">
        <ele>25.6000003814697265625</ele>
        <time>2025-05-24T10:16:55.000Z</time>
        <extensions>
          <ns3:TrackPointExtension>
            <ns3:hr>92</ns3:hr>
          </ns3:TrackPointExtension>
        </extensions>
      </trkpt>
      <trkpt lat="25.8483857475221157073974609375" lon="119.5713491924107074737548828125">
        <ele>25.799999237060546875</ele>
        <time>2025-05-24T10:16:57.000Z</time>
        <extensions>
          <ns3:TrackPointExtension>
            <ns3:hr>92</ns3:hr>
          </ns3:TrackPointExtension>
        </extensions>
      </trkpt>
      <trkpt lat="25.84839723072946071624755859375" lon="119.5713530480861663818359375">
        <ele>25.799999237060546875</ele>
        <time>2025-05-24T10:16:58.000Z</time>
        <extensions>
          <ns3:TrackPointExtension>
            <ns3:hr>92</ns3:hr>
          </ns3:TrackPointExtension>
        </extensions>
      </trkpt>
      <trkpt lat="25.84846797399222850799560546875" lon="119.571398310363292694091796875">
        <ele>25.799999237060546875</ele>
        <time>2025-05-24T10:17:04.000Z</time>
        <extensions>
          <ns3:TrackPointExtension>
            <ns3:hr>92</ns3:hr>
          </ns3:TrackPointExtension>
        </extensions>
      </trkpt>
      <trkpt lat="25.84853871725499629974365234375" lon="119.57143443636596202850341796875">
        <ele>25.6000003814697265625</ele>
        <time>2025-05-24T10:17:11.000Z</time>
        <extensions>
          <ns3:TrackPointExtension>
            <ns3:hr>92</ns3:hr>
          </ns3:TrackPointExtension>
        </extensions>
      </trkpt>
      <trkpt lat="25.8485671319067478179931640625" lon="119.57143259234726428985595703125">
        <ele>25.6000003814697265625</ele>
        <time>2025-05-24T10:17:14.000Z</time>
        <extensions>
          <ns3:TrackPointExtension>
            <ns3:hr>93</ns3:hr>
          </ns3:TrackPointExtension>
        </extensions>
      </trkpt>
      <trkpt lat="25.84859739057719707489013671875" lon="119.57143879495561122894287109375">
        <ele>25.6000003814697265625</ele>
        <time>2025-05-24T10:17:18.000Z</time>
        <extensions>
          <ns3:TrackPointExtension>
            <ns3:hr>93</ns3:hr>
          </ns3:TrackPointExtension>
        </extensions>
      </trkpt>
      <trkpt lat="25.84860585629940032958984375" lon="119.57143980078399181365966796875">
        <ele>25.6000003814697265625</ele>
        <time>2025-05-24T10:17:19.000Z</time>
        <extensions>
          <ns3:TrackPointExtension>
            <ns3:hr>93</ns3:hr>
          </ns3:TrackPointExtension>
        </extensions>
      </trkpt>
      <trkpt lat="25.8486776053905487060546875" lon="119.57147014327347278594970703125">
        <ele>25.6000003814697265625</ele>
        <time>2025-05-24T10:17:24.000Z</time>
        <extensions>
          <ns3:TrackPointExtension>
            <ns3:hr>95</ns3:hr>
          </ns3:TrackPointExtension>
        </extensions>
      </trkpt>
      <trkpt lat="25.84876469336450099945068359375" lon="119.5715061016380786895751953125">
        <ele>25.6000003814697265625</ele>
        <time>2025-05-24T10:17:31.000Z</time>
        <extensions>
          <ns3:TrackPointExtension>
            <ns3:hr>97</ns3:hr>
          </ns3:TrackPointExtension>
        </extensions>
      </trkpt>
      <trkpt lat="25.848842225968837738037109375" lon="119.5715285651385784149169921875">
        <ele>25.3999996185302734375</ele>
        <time>2025-05-24T10:17:39.000Z</time>
        <extensions>
          <ns3:TrackPointExtension>
            <ns3:hr>98</ns3:hr>
          </ns3:TrackPointExtension>
        </extensions>
      </trkpt>
      <trkpt lat="25.84891489706933498382568359375" lon="119.571557231247425079345703125">
        <ele>25.3999996185302734375</ele>
        <time>2025-05-24T10:17:45.000Z</time>
        <extensions>
          <ns3:TrackPointExtension>
            <ns3:hr>98</ns3:hr>
          </ns3:TrackPointExtension>
        </extensions>
      </trkpt>
      <trkpt lat="25.84899217821657657623291015625" lon="119.57159721292555332183837890625">
        <ele>25.3999996185302734375</ele>
        <time>2025-05-24T10:17:52.000Z</time>
        <extensions>
          <ns3:TrackPointExtension>
            <ns3:hr>99</ns3:hr>
          </ns3:TrackPointExtension>
        </extensions>
      </trkpt>
      <trkpt lat="25.8490190841257572174072265625" lon="119.57159402780234813690185546875">
        <ele>25.3999996185302734375</ele>
        <time>2025-05-24T10:17:57.000Z</time>
        <extensions>
          <ns3:TrackPointExtension>
            <ns3:hr>99</ns3:hr>
          </ns3:TrackPointExtension>
        </extensions>
      </trkpt>
      <trkpt lat="25.849028639495372772216796875" lon="119.57159386016428470611572265625">
        <ele>25.3999996185302734375</ele>
        <time>2025-05-24T10:17:58.000Z</time>
        <extensions>
          <ns3:TrackPointExtension>
            <ns3:hr>99</ns3:hr>
          </ns3:TrackPointExtension>
        </extensions>
      </trkpt>
      <trkpt lat="25.849095694720745086669921875" lon="119.571624286472797393798828125">
        <ele>25.3999996185302734375</ele>
        <time>2025-05-24T10:18:03.000Z</time>
        <extensions>
          <ns3:TrackPointExtension>
            <ns3:hr>99</ns3:hr>
          </ns3:TrackPointExtension>
        </extensions>
      </trkpt>
      <trkpt lat="25.84917808882892131805419921875" lon="119.57167566753923892974853515625">
        <ele>25.3999996185302734375</ele>
        <time>2025-05-24T10:18:10.000Z</time>
        <extensions>
          <ns3:TrackPointExtension>
            <ns3:hr>99</ns3:hr>
          </ns3:TrackPointExtension>
        </extensions>
      </trkpt>
      <trkpt lat="25.8492269553244113922119140625" lon="119.5716801099479198455810546875">
        <ele>25.3999996185302734375</ele>
        <time>2025-05-24T10:18:15.000Z</time>
        <extensions>
          <ns3:TrackPointExtension>
            <ns3:hr>98</ns3:hr>
          </ns3:TrackPointExtension>
        </extensions>
      </trkpt>
      <trkpt lat="25.8492578007280826568603515625" lon="119.57168899476528167724609375">
        <ele>25.3999996185302734375</ele>
        <time>2025-05-24T10:18:19.000Z</time>
        <extensions>
          <ns3:TrackPointExtension>
            <ns3:hr>98</ns3:hr>
          </ns3:TrackPointExtension>
        </extensions>
      </trkpt>
      <trkpt lat="25.849281437695026397705078125" lon="119.571705758571624755859375">
        <ele>25.3999996185302734375</ele>
        <time>2025-05-24T10:18:21.000Z</time>
        <extensions>
          <ns3:TrackPointExtension>
            <ns3:hr>99</ns3:hr>
          </ns3:TrackPointExtension>
        </extensions>
      </trkpt>
      <trkpt lat="25.84936751984059810638427734375" lon="119.57175336778163909912109375">
        <ele>25.200000762939453125</ele>
        <time>2025-05-24T10:18:28.000Z</time>
        <extensions>
          <ns3:TrackPointExtension>
            <ns3:hr>98</ns3:hr>
          </ns3:TrackPointExtension>
        </extensions>
      </trkpt>
      <trkpt lat="25.84941194392740726470947265625" lon="119.57176066003739833831787109375">
        <ele>25</ele>
        <time>2025-05-24T10:18:33.000Z</time>
        <extensions>
          <ns3:TrackPointExtension>
            <ns3:hr>99</ns3:hr>
          </ns3:TrackPointExtension>
        </extensions>
      </trkpt>
      <trkpt lat="25.8494205772876739501953125" lon="119.57175948657095432281494140625">
        <ele>25</ele>
        <time>2025-05-24T10:18:34.000Z</time>
        <extensions>
          <ns3:TrackPointExtension>
            <ns3:hr>99</ns3:hr>
          </ns3:TrackPointExtension>
        </extensions>
      </trkpt>
      <trkpt lat="25.8494929969310760498046875" lon="119.57179267890751361846923828125">
        <ele>25.200000762939453125</ele>
        <time>2025-05-24T10:18:40.000Z</time>
        <extensions>
          <ns3:TrackPointExtension>
            <ns3:hr>98</ns3:hr>
          </ns3:TrackPointExtension>
        </extensions>
      </trkpt>
      <trkpt lat="25.8495722897350788116455078125" lon="119.57183307968080043792724609375">
        <ele>25</ele>
        <time>2025-05-24T10:18:48.000Z</time>
        <extensions>
          <ns3:TrackPointExtension>
            <ns3:hr>97</ns3:hr>
          </ns3:TrackPointExtension>
        </extensions>
      </trkpt>
      <trkpt lat="25.84965568967163562774658203125" lon="119.57184045575559139251708984375">
        <ele>25</ele>
        <time>2025-05-24T10:18:56.000Z</time>
        <extensions>
          <ns3:TrackPointExtension>
            <ns3:hr>96</ns3:hr>
          </ns3:TrackPointExtension>
        </extensions>
      </trkpt>
      <trkpt lat="25.8497191406786441802978515625" lon="119.57189007662236690521240234375">
        <ele>25</ele>
        <time>2025-05-24T10:19:01.000Z</time>
        <extensions>
          <ns3:TrackPointExtension>
            <ns3:hr>95</ns3:hr>
          </ns3:TrackPointExtension>
        </extensions>
      </trkpt>
      <trkpt lat="25.8497945778071880340576171875" lon="119.5719251967966556549072265625">
        <ele>25</ele>
        <time>2025-05-24T10:19:08.000Z</time>
        <extensions>
          <ns3:TrackPointExtension>
            <ns3:hr>95</ns3:hr>
          </ns3:TrackPointExtension>
        </extensions>
      </trkpt>
      <trkpt lat="25.8498049713671207427978515625" lon="119.5719141326844692230224609375">
        <ele>25</ele>
        <time>2025-05-24T10:19:10.000Z</time>
        <extensions>
          <ns3:TrackPointExtension>
            <ns3:hr>95</ns3:hr>
          </ns3:TrackPointExtension>
        </extensions>
      </trkpt>
      <trkpt lat="25.8498177118599414825439453125" lon="119.5719117857515811920166015625">
        <ele>25</ele>
        <time>2025-05-24T10:19:12.000Z</time>
        <extensions>
          <ns3:TrackPointExtension>
            <ns3:hr>95</ns3:hr>
          </ns3:TrackPointExtension>
        </extensions>
      </trkpt>
      <trkpt lat="25.84983523003756999969482421875" lon="119.5719189941883087158203125">
        <ele>25</ele>
        <time>2025-05-24T10:19:14.000Z</time>
        <extensions>
          <ns3:TrackPointExtension>
            <ns3:hr>95</ns3:hr>
          </ns3:TrackPointExtension>
        </extensions>
      </trkpt>
      <trkpt lat="25.84987361915409564971923828125" lon="119.571939446032047271728515625">
        <ele>25</ele>
        <time>2025-05-24T10:19:17.000Z</time>
        <extensions>
          <ns3:TrackPointExtension>
            <ns3:hr>95</ns3:hr>
          </ns3:TrackPointExtension>
        </extensions>
      </trkpt>
      <trkpt lat="25.849955342710018157958984375" lon="119.5719852112233638763427734375">
        <ele>24.799999237060546875</ele>
        <time>2025-05-24T10:19:24.000Z</time>
        <extensions>
          <ns3:TrackPointExtension>
            <ns3:hr>95</ns3:hr>
          </ns3:TrackPointExtension>
        </extensions>
      </trkpt>
      <trkpt lat="25.84997654892504215240478515625" lon="119.57198278047144412994384765625">
        <ele>24.799999237060546875</ele>
        <time>2025-05-24T10:19:27.000Z</time>
        <extensions>
          <ns3:TrackPointExtension>
            <ns3:hr>95</ns3:hr>
          </ns3:TrackPointExtension>
        </extensions>
      </trkpt>
      <trkpt lat="25.84999348036944866180419921875" lon="119.5719842053949832916259765625">
        <ele>24.799999237060546875</ele>
        <time>2025-05-24T10:19:29.000Z</time>
        <extensions>
          <ns3:TrackPointExtension>
            <ns3:hr>96</ns3:hr>
          </ns3:TrackPointExtension>
        </extensions>
      </trkpt>
      <trkpt lat="25.85001996718347072601318359375" lon="119.57199116237461566925048828125">
        <ele>25</ele>
        <time>2025-05-24T10:19:31.000Z</time>
        <extensions>
          <ns3:TrackPointExtension>
            <ns3:hr>96</ns3:hr>
          </ns3:TrackPointExtension>
        </extensions>
      </trkpt>
      <trkpt lat="25.850072018802165985107421875" lon="119.57202251069247722625732421875">
        <ele>24.799999237060546875</ele>
        <time>2025-05-24T10:19:35.000Z</time>
        <extensions>
          <ns3:TrackPointExtension>
            <ns3:hr>96</ns3:hr>
          </ns3:TrackPointExtension>
        </extensions>
      </trkpt>
      <trkpt lat="25.8501549996435642242431640625" lon="119.57205855287611484527587890625">
        <ele>24.799999237060546875</ele>
        <time>2025-05-24T10:19:42.000Z</time>
        <extensions>
          <ns3:TrackPointExtension>
            <ns3:hr>96</ns3:hr>
          </ns3:TrackPointExtension>
        </extensions>
      </trkpt>
      <trkpt lat="25.8501744456589221954345703125" lon="119.57205804996192455291748046875">
        <ele>24.6000003814697265625</ele>
        <time>2025-05-24T10:19:45.000Z</time>
        <extensions>
          <ns3:TrackPointExtension>
            <ns3:hr>96</ns3:hr>
          </ns3:TrackPointExtension>
        </extensions>
      </trkpt>
      <trkpt lat="25.85019179619848728179931640625" lon="119.57206089980900287628173828125">
        <ele>24.6000003814697265625</ele>
        <time>2025-05-24T10:19:47.000Z</time>
        <extensions>
          <ns3:TrackPointExtension>
            <ns3:hr>96</ns3:hr>
          </ns3:TrackPointExtension>
        </extensions>
      </trkpt>
      <trkpt lat="25.850250385701656341552734375" lon="119.572090320289134979248046875">
        <ele>24.799999237060546875</ele>
        <time>2025-05-24T10:19:52.000Z</time>
        <extensions>
          <ns3:TrackPointExtension>
            <ns3:hr>96</ns3:hr>
          </ns3:TrackPointExtension>
        </extensions>
      </trkpt>
      <trkpt lat="25.8503343723714351654052734375" lon="119.5721287094056606292724609375">
        <ele>24.6000003814697265625</ele>
        <time>2025-05-24T10:19:59.000Z</time>
        <extensions>
          <ns3:TrackPointExtension>
            <ns3:hr>95</ns3:hr>
          </ns3:TrackPointExtension>
        </extensions>
      </trkpt>
      <trkpt lat="25.85037435404956340789794921875" lon="119.57213155925273895263671875">
        <ele>24.6000003814697265625</ele>
        <time>2025-05-24T10:20:04.000Z</time>
        <extensions>
          <ns3:TrackPointExtension>
            <ns3:hr>95</ns3:hr>
          </ns3:TrackPointExtension>
        </extensions>
      </trkpt>
      <trkpt lat="25.85042917169630527496337890625" lon="119.57215226255357265472412109375">
        <ele>24.799999237060546875</ele>
        <time>2025-05-24T10:20:09.000Z</time>
        <extensions>
          <ns3:TrackPointExtension>
            <ns3:hr>96</ns3:hr>
          </ns3:TrackPointExtension>
        </extensions>
      </trkpt>
      <trkpt lat="25.85050578229129314422607421875" lon="119.57220288924872875213623046875">
        <ele>24.6000003814697265625</ele>
        <time>2025-05-24T10:20:15.000Z</time>
        <extensions>
          <ns3:TrackPointExtension>
            <ns3:hr>97</ns3:hr>
          </ns3:TrackPointExtension>
        </extensions>
      </trkpt>
      <trkpt lat="25.85057635791599750518798828125" lon="119.5722188986837863922119140625">
        <ele>24.6000003814697265625</ele>
        <time>2025-05-24T10:20:22.000Z</time>
        <extensions>
          <ns3:TrackPointExtension>
            <ns3:hr>97</ns3:hr>
          </ns3:TrackPointExtension>
        </extensions>
      </trkpt>
      <trkpt lat="25.85058054886758327484130859375" lon="119.5722138695418834686279296875">
        <ele>24.6000003814697265625</ele>
        <time>2025-05-24T10:20:23.000Z</time>
        <extensions>
          <ns3:TrackPointExtension>
            <ns3:hr>97</ns3:hr>
          </ns3:TrackPointExtension>
        </extensions>
      </trkpt>
      <trkpt lat="25.8506119810044765472412109375" lon="119.572232477366924285888671875">
        <ele>24.3999996185302734375</ele>
        <time>2025-05-24T10:20:28.000Z</time>
        <extensions>
          <ns3:TrackPointExtension>
            <ns3:hr>98</ns3:hr>
          </ns3:TrackPointExtension>
        </extensions>
      </trkpt>
      <trkpt lat="25.8506307564675807952880859375" lon="119.5722370035946369171142578125">
        <ele>24.3999996185302734375</ele>
        <time>2025-05-24T10:20:29.000Z</time>
        <extensions>
          <ns3:TrackPointExtension>
            <ns3:hr>98</ns3:hr>
          </ns3:TrackPointExtension>
        </extensions>
      </trkpt>
      <trkpt lat="25.85071407258510589599609375" lon="119.57228302024304866790771484375">
        <ele>24.6000003814697265625</ele>
        <time>2025-05-24T10:20:35.000Z</time>
        <extensions>
          <ns3:TrackPointExtension>
            <ns3:hr>97</ns3:hr>
          </ns3:TrackPointExtension>
        </extensions>
      </trkpt>
      <trkpt lat="25.8507764339447021484375" lon="119.57230280153453350067138671875">
        <ele>24.3999996185302734375</ele>
        <time>2025-05-24T10:20:41.000Z</time>
        <extensions>
          <ns3:TrackPointExtension>
            <ns3:hr>96</ns3:hr>
          </ns3:TrackPointExtension>
        </extensions>
      </trkpt>
      <trkpt lat="25.85079210810363292694091796875" lon="119.57230146043002605438232421875">
        <ele>24.6000003814697265625</ele>
        <time>2025-05-24T10:20:43.000Z</time>
        <extensions>
          <ns3:TrackPointExtension>
            <ns3:hr>97</ns3:hr>
          </ns3:TrackPointExtension>
        </extensions>
      </trkpt>
      <trkpt lat="25.8508309163153171539306640625" lon="119.57230514846742153167724609375">
        <ele>24.6000003814697265625</ele>
        <time>2025-05-24T10:20:46.000Z</time>
        <extensions>
          <ns3:TrackPointExtension>
            <ns3:hr>97</ns3:hr>
          </ns3:TrackPointExtension>
        </extensions>
      </trkpt>
      <trkpt lat="25.850883387029170989990234375" lon="119.5723154582083225250244140625">
        <ele>24.3999996185302734375</ele>
        <time>2025-05-24T10:20:51.000Z</time>
        <extensions>
          <ns3:TrackPointExtension>
            <ns3:hr>98</ns3:hr>
          </ns3:TrackPointExtension>
        </extensions>
      </trkpt>
      <trkpt lat="25.85090107284486293792724609375" lon="119.57232811488211154937744140625">
        <ele>24.3999996185302734375</ele>
        <time>2025-05-24T10:20:52.000Z</time>
        <extensions>
          <ns3:TrackPointExtension>
            <ns3:hr>99</ns3:hr>
          </ns3:TrackPointExtension>
        </extensions>
      </trkpt>
      <trkpt lat="25.85095320828258991241455078125" lon="119.572363905608654022216796875">
        <ele>24.3999996185302734375</ele>
        <time>2025-05-24T10:20:56.000Z</time>
        <extensions>
          <ns3:TrackPointExtension>
            <ns3:hr>99</ns3:hr>
          </ns3:TrackPointExtension>
        </extensions>
      </trkpt>
      <trkpt lat="25.8510438166558742523193359375" lon="119.57240707240998744964599609375">
        <ele>24.200000762939453125</ele>
        <time>2025-05-24T10:21:05.000Z</time>
        <extensions>
          <ns3:TrackPointExtension>
            <ns3:hr>97</ns3:hr>
          </ns3:TrackPointExtension>
        </extensions>
      </trkpt>
      <trkpt lat="25.85105446167290210723876953125" lon="119.572408832609653472900390625">
        <ele>24.200000762939453125</ele>
        <time>2025-05-24T10:21:06.000Z</time>
        <extensions>
          <ns3:TrackPointExtension>
            <ns3:hr>96</ns3:hr>
          </ns3:TrackPointExtension>
        </extensions>
      </trkpt>
      <trkpt lat="25.851067118346691131591796875" lon="119.5724096707999706268310546875">
        <ele>24.3999996185302734375</ele>
        <time>2025-05-24T10:21:09.000Z</time>
        <extensions>
          <ns3:TrackPointExtension>
            <ns3:hr>95</ns3:hr>
          </ns3:TrackPointExtension>
        </extensions>
      </trkpt>
      <trkpt lat="25.8510971255600452423095703125" lon="119.572422243654727935791015625">
        <ele>24.3999996185302734375</ele>
        <time>2025-05-24T10:21:12.000Z</time>
        <extensions>
          <ns3:TrackPointExtension>
            <ns3:hr>94</ns3:hr>
          </ns3:TrackPointExtension>
        </extensions>
      </trkpt>
      <trkpt lat="25.85111430846154689788818359375" lon="119.5724230818450450897216796875">
        <ele>24.3999996185302734375</ele>
        <time>2025-05-24T10:21:13.000Z</time>
        <extensions>
          <ns3:TrackPointExtension>
            <ns3:hr>95</ns3:hr>
          </ns3:TrackPointExtension>
        </extensions>
      </trkpt>
      <trkpt lat="25.8511899970471858978271484375" lon="119.57245719619095325469970703125">
        <ele>24.200000762939453125</ele>
        <time>2025-05-24T10:21:19.000Z</time>
        <extensions>
          <ns3:TrackPointExtension>
            <ns3:hr>94</ns3:hr>
          </ns3:TrackPointExtension>
        </extensions>
      </trkpt>
      <trkpt lat="25.85129720158874988555908203125" lon="119.57251084037125110626220703125">
        <ele>24.3999996185302734375</ele>
        <time>2025-05-24T10:21:28.000Z</time>
        <extensions>
          <ns3:TrackPointExtension>
            <ns3:hr>95</ns3:hr>
          </ns3:TrackPointExtension>
        </extensions>
      </trkpt>
      <trkpt lat="25.851364172995090484619140625" lon="119.572520814836025238037109375">
        <ele>24.200000762939453125</ele>
        <time>2025-05-24T10:21:35.000Z</time>
        <extensions>
          <ns3:TrackPointExtension>
            <ns3:hr>96</ns3:hr>
          </ns3:TrackPointExtension>
        </extensions>
      </trkpt>
      <trkpt lat="25.8513938449323177337646484375" lon="119.57252106629312038421630859375">
        <ele>24.3999996185302734375</ele>
        <time>2025-05-24T10:21:38.000Z</time>
        <extensions>
          <ns3:TrackPointExtension>
            <ns3:hr>96</ns3:hr>
          </ns3:TrackPointExtension>
        </extensions>
      </trkpt>
      <trkpt lat="25.8514387719333171844482421875" lon="119.572520814836025238037109375">
        <ele>24.6000003814697265625</ele>
        <time>2025-05-24T10:21:42.000Z</time>
        <extensions>
          <ns3:TrackPointExtension>
            <ns3:hr>96</ns3:hr>
          </ns3:TrackPointExtension>
        </extensions>
      </trkpt>
      <trkpt lat="25.85149861872196197509765625" lon="119.57251922227442264556884765625">
        <ele>24.200000762939453125</ele>
        <time>2025-05-24T10:21:48.000Z</time>
        <extensions>
          <ns3:TrackPointExtension>
            <ns3:hr>96</ns3:hr>
          </ns3:TrackPointExtension>
        </extensions>
      </trkpt>
      <trkpt lat="25.85151663981378078460693359375" lon="119.5725075714290142059326171875">
        <ele>24.200000762939453125</ele>
        <time>2025-05-24T10:21:50.000Z</time>
        <extensions>
          <ns3:TrackPointExtension>
            <ns3:hr>97</ns3:hr>
          </ns3:TrackPointExtension>
        </extensions>
      </trkpt>
      <trkpt lat="25.85154228843748569488525390625" lon="119.572497345507144927978515625">
        <ele>24.3999996185302734375</ele>
        <time>2025-05-24T10:21:54.000Z</time>
        <extensions>
          <ns3:TrackPointExtension>
            <ns3:hr>97</ns3:hr>
          </ns3:TrackPointExtension>
        </extensions>
      </trkpt>
      <trkpt lat="25.851578749716281890869140625" lon="119.57250212319195270538330078125">
        <ele>24.3999996185302734375</ele>
        <time>2025-05-24T10:21:56.000Z</time>
        <extensions>
          <ns3:TrackPointExtension>
            <ns3:hr>97</ns3:hr>
          </ns3:TrackPointExtension>
        </extensions>
      </trkpt>
      <trkpt lat="25.85162627510726451873779296875" lon="119.5725109241902828216552734375">
        <ele>24.200000762939453125</ele>
        <time>2025-05-24T10:21:59.000Z</time>
        <extensions>
          <ns3:TrackPointExtension>
            <ns3:hr>97</ns3:hr>
          </ns3:TrackPointExtension>
        </extensions>
      </trkpt>
      <trkpt lat="25.85169718600809574127197265625" lon="119.57250664941966533660888671875">
        <ele>24.3999996185302734375</ele>
        <time>2025-05-24T10:22:05.000Z</time>
        <extensions>
          <ns3:TrackPointExtension>
            <ns3:hr>95</ns3:hr>
          </ns3:TrackPointExtension>
        </extensions>
      </trkpt>
      <trkpt lat="25.85173892788589000701904296875" lon="119.5724975131452083587646484375">
        <ele>24.3999996185302734375</ele>
        <time>2025-05-24T10:22:10.000Z</time>
        <extensions>
          <ns3:TrackPointExtension>
            <ns3:hr>95</ns3:hr>
          </ns3:TrackPointExtension>
        </extensions>
      </trkpt>
      <trkpt lat="25.85180263034999370574951171875" lon="119.572493322193622589111328125">
        <ele>24.3999996185302734375</ele>
        <time>2025-05-24T10:22:16.000Z</time>
        <extensions>
          <ns3:TrackPointExtension>
            <ns3:hr>94</ns3:hr>
          </ns3:TrackPointExtension>
        </extensions>
      </trkpt>
      <trkpt lat="25.85188644938170909881591796875" lon="119.5725112594664096832275390625">
        <ele>24.3999996185302734375</ele>
        <time>2025-05-24T10:22:22.000Z</time>
        <extensions>
          <ns3:TrackPointExtension>
            <ns3:hr>95</ns3:hr>
          </ns3:TrackPointExtension>
        </extensions>
      </trkpt>
      <trkpt lat="25.8519364893436431884765625" lon="119.5725012011826038360595703125">
        <ele>24.6000003814697265625</ele>
        <time>2025-05-24T10:22:28.000Z</time>
        <extensions>
          <ns3:TrackPointExtension>
            <ns3:hr>97</ns3:hr>
          </ns3:TrackPointExtension>
        </extensions>
      </trkpt>
      <trkpt lat="25.8520090766251087188720703125" lon="119.5725085772573947906494140625">
        <ele>24.6000003814697265625</ele>
        <time>2025-05-24T10:22:34.000Z</time>
        <extensions>
          <ns3:TrackPointExtension>
            <ns3:hr>97</ns3:hr>
          </ns3:TrackPointExtension>
        </extensions>
      </trkpt>
      <trkpt lat="25.85206515155732631683349609375" lon="119.57251184619963169097900390625">
        <ele>24.3999996185302734375</ele>
        <time>2025-05-24T10:22:39.000Z</time>
        <extensions>
          <ns3:TrackPointExtension>
            <ns3:hr>98</ns3:hr>
          </ns3:TrackPointExtension>
        </extensions>
      </trkpt>
      <trkpt lat="25.85210169665515422821044921875" lon="119.5724998600780963897705078125">
        <ele>24.3999996185302734375</ele>
        <time>2025-05-24T10:22:43.000Z</time>
        <extensions>
          <ns3:TrackPointExtension>
            <ns3:hr>98</ns3:hr>
          </ns3:TrackPointExtension>
        </extensions>
      </trkpt>
      <trkpt lat="25.852112509310245513916015625" lon="119.5725018717348575592041015625">
        <ele>24.3999996185302734375</ele>
        <time>2025-05-24T10:22:44.000Z</time>
        <extensions>
          <ns3:TrackPointExtension>
            <ns3:hr>99</ns3:hr>
          </ns3:TrackPointExtension>
        </extensions>
      </trkpt>
      <trkpt lat="25.85212768055498600006103515625" lon="119.5725224912166595458984375">
        <ele>24.3999996185302734375</ele>
        <time>2025-05-24T10:22:51.000Z</time>
        <extensions>
          <ns3:TrackPointExtension>
            <ns3:hr>98</ns3:hr>
          </ns3:TrackPointExtension>
        </extensions>
      </trkpt>
      <trkpt lat="25.85212013684213161468505859375" lon="119.57250966690480709075927734375">
        <ele>24.3999996185302734375</ele>
        <time>2025-05-24T10:22:59.000Z</time>
        <extensions>
          <ns3:TrackPointExtension>
            <ns3:hr>96</ns3:hr>
          </ns3:TrackPointExtension>
        </extensions>
      </trkpt>
      <trkpt lat="25.85216204635798931121826171875" lon="119.5725129358470439910888671875">
        <ele>24.3999996185302734375</ele>
        <time>2025-05-24T10:23:04.000Z</time>
        <extensions>
          <ns3:TrackPointExtension>
            <ns3:hr>95</ns3:hr>
          </ns3:TrackPointExtension>
        </extensions>
      </trkpt>
      <trkpt lat="25.85217587649822235107421875" lon="119.57250933162868022918701171875">
        <ele>24.3999996185302734375</ele>
        <time>2025-05-24T10:23:12.000Z</time>
        <extensions>
          <ns3:TrackPointExtension>
            <ns3:hr>94</ns3:hr>
          </ns3:TrackPointExtension>
        </extensions>
      </trkpt>
      <trkpt lat="25.85223144851624965667724609375" lon="119.572500698268413543701171875">
        <ele>24.3999996185302734375</ele>
        <time>2025-05-24T10:23:18.000Z</time>
        <extensions>
          <ns3:TrackPointExtension>
            <ns3:hr>93</ns3:hr>
          </ns3:TrackPointExtension>
        </extensions>
      </trkpt>
      <trkpt lat="25.8523101545870304107666015625" lon="119.57250245846807956695556640625">
        <ele>24.6000003814697265625</ele>
        <time>2025-05-24T10:23:24.000Z</time>
        <extensions>
          <ns3:TrackPointExtension>
            <ns3:hr>92</ns3:hr>
          </ns3:TrackPointExtension>
        </extensions>
      </trkpt>
      <trkpt lat="25.8523537404835224151611328125" lon="119.57249206490814685821533203125">
        <ele>24.6000003814697265625</ele>
        <time>2025-05-24T10:23:29.000Z</time>
        <extensions>
          <ns3:TrackPointExtension>
            <ns3:hr>92</ns3:hr>
          </ns3:TrackPointExtension>
        </extensions>
      </trkpt>
      <trkpt lat="25.8523983322083950042724609375" lon="119.5724804140627384185791015625">
        <ele>24.3999996185302734375</ele>
        <time>2025-05-24T10:23:34.000Z</time>
        <extensions>
          <ns3:TrackPointExtension>
            <ns3:hr>91</ns3:hr>
          </ns3:TrackPointExtension>
        </extensions>
      </trkpt>
      <trkpt lat="25.85241316817700862884521484375" lon="119.57248301245272159576416015625">
        <ele>24.3999996185302734375</ele>
        <time>2025-05-24T10:23:35.000Z</time>
        <extensions>
          <ns3:TrackPointExtension>
            <ns3:hr>92</ns3:hr>
          </ns3:TrackPointExtension>
        </extensions>
      </trkpt>
      <trkpt lat="25.852463543415069580078125" lon="119.57249089144170284271240234375">
        <ele>24.6000003814697265625</ele>
        <time>2025-05-24T10:23:38.000Z</time>
        <extensions>
          <ns3:TrackPointExtension>
            <ns3:hr>92</ns3:hr>
          </ns3:TrackPointExtension>
        </extensions>
      </trkpt>
      <trkpt lat="25.85253219120204448699951171875" lon="119.57249692641198635101318359375">
        <ele>24.6000003814697265625</ele>
        <time>2025-05-24T10:23:43.000Z</time>
        <extensions>
          <ns3:TrackPointExtension>
            <ns3:hr>91</ns3:hr>
          </ns3:TrackPointExtension>
        </extensions>
      </trkpt>
      <trkpt lat="25.85258751176297664642333984375" lon="119.5724948309361934661865234375">
        <ele>24.6000003814697265625</ele>
        <time>2025-05-24T10:23:48.000Z</time>
        <extensions>
          <ns3:TrackPointExtension>
            <ns3:hr>92</ns3:hr>
          </ns3:TrackPointExtension>
        </extensions>
      </trkpt>
      <trkpt lat="25.85261634550988674163818359375" lon="119.5724857784807682037353515625">
        <ele>24.6000003814697265625</ele>
        <time>2025-05-24T10:23:51.000Z</time>
        <extensions>
          <ns3:TrackPointExtension>
            <ns3:hr>91</ns3:hr>
          </ns3:TrackPointExtension>
        </extensions>
      </trkpt>
      <trkpt lat="25.85263461805880069732666015625" lon="119.57248292863368988037109375">
        <ele>24.799999237060546875</ele>
        <time>2025-05-24T10:23:54.000Z</time>
        <extensions>
          <ns3:TrackPointExtension>
            <ns3:hr>92</ns3:hr>
          </ns3:TrackPointExtension>
        </extensions>
      </trkpt>
      <trkpt lat="25.85266261361539363861083984375" lon="119.57247328944504261016845703125">
        <ele>24.799999237060546875</ele>
        <time>2025-05-24T10:23:57.000Z</time>
        <extensions>
          <ns3:TrackPointExtension>
            <ns3:hr>95</ns3:hr>
          </ns3:TrackPointExtension>
        </extensions>
      </trkpt>
      <trkpt lat="25.8527151681482791900634765625" lon="119.5724763907492160797119140625">
        <ele>24.799999237060546875</ele>
        <time>2025-05-24T10:24:00.000Z</time>
        <extensions>
          <ns3:TrackPointExtension>
            <ns3:hr>95</ns3:hr>
          </ns3:TrackPointExtension>
        </extensions>
      </trkpt>
      <trkpt lat="25.852812230587005615234375" lon="119.572488963603973388671875">
        <ele>24.799999237060546875</ele>
        <time>2025-05-24T10:24:07.000Z</time>
        <extensions>
          <ns3:TrackPointExtension>
            <ns3:hr>96</ns3:hr>
          </ns3:TrackPointExtension>
        </extensions>
      </trkpt>
      <trkpt lat="25.85286227054893970489501953125" lon="119.5724700205028057098388671875">
        <ele>24.799999237060546875</ele>
        <time>2025-05-24T10:24:14.000Z</time>
        <extensions>
          <ns3:TrackPointExtension>
            <ns3:hr>95</ns3:hr>
          </ns3:TrackPointExtension>
        </extensions>
      </trkpt>
      <trkpt lat="25.85292178206145763397216796875" lon="119.5724770613014698028564453125">
        <ele>24.799999237060546875</ele>
        <time>2025-05-24T10:24:19.000Z</time>
        <extensions>
          <ns3:TrackPointExtension>
            <ns3:hr>95</ns3:hr>
          </ns3:TrackPointExtension>
        </extensions>
      </trkpt>
      <trkpt lat="25.85298481397330760955810546875" lon="119.5724844373762607574462890625">
        <ele>24.799999237060546875</ele>
        <time>2025-05-24T10:24:24.000Z</time>
        <extensions>
          <ns3:TrackPointExtension>
            <ns3:hr>96</ns3:hr>
          </ns3:TrackPointExtension>
        </extensions>
      </trkpt>
      <trkpt lat="25.853034518659114837646484375" lon="119.57245183177292346954345703125">
        <ele>25.200000762939453125</ele>
        <time>2025-05-24T10:24:30.000Z</time>
        <extensions>
          <ns3:TrackPointExtension>
            <ns3:hr>96</ns3:hr>
          </ns3:TrackPointExtension>
        </extensions>
      </trkpt>
      <trkpt lat="25.8530417270958423614501953125" lon="119.57244805991649627685546875">
        <ele>25.200000762939453125</ele>
        <time>2025-05-24T10:24:31.000Z</time>
        <extensions>
          <ns3:TrackPointExtension>
            <ns3:hr>96</ns3:hr>
          </ns3:TrackPointExtension>
        </extensions>
      </trkpt>
      <trkpt lat="25.8531054295599460601806640625" lon="119.572454430162906646728515625">
        <ele>25</ele>
        <time>2025-05-24T10:24:37.000Z</time>
        <extensions>
          <ns3:TrackPointExtension>
            <ns3:hr>97</ns3:hr>
          </ns3:TrackPointExtension>
        </extensions>
      </trkpt>
      <trkpt lat="25.8531654439866542816162109375" lon="119.5724452100694179534912109375">
        <ele>25.200000762939453125</ele>
        <time>2025-05-24T10:24:42.000Z</time>
        <extensions>
          <ns3:TrackPointExtension>
            <ns3:hr>97</ns3:hr>
          </ns3:TrackPointExtension>
        </extensions>
      </trkpt>
      <trkpt lat="25.85320182144641876220703125" lon="119.57244730554521083831787109375">
        <ele>25.200000762939453125</ele>
        <time>2025-05-24T10:24:44.000Z</time>
        <extensions>
          <ns3:TrackPointExtension>
            <ns3:hr>97</ns3:hr>
          </ns3:TrackPointExtension>
        </extensions>
      </trkpt>
      <trkpt lat="25.85329494439065456390380859375" lon="119.57245736382901668548583984375">
        <ele>25</ele>
        <time>2025-05-24T10:24:50.000Z</time>
        <extensions>
          <ns3:TrackPointExtension>
            <ns3:hr>98</ns3:hr>
          </ns3:TrackPointExtension>
        </extensions>
      </trkpt>
      <trkpt lat="25.85337406955659389495849609375" lon="119.57245652563869953155517578125">
        <ele>25.200000762939453125</ele>
        <time>2025-05-24T10:24:57.000Z</time>
        <extensions>
          <ns3:TrackPointExtension>
            <ns3:hr>98</ns3:hr>
          </ns3:TrackPointExtension>
        </extensions>
      </trkpt>
      <trkpt lat="25.85339938290417194366455078125" lon="119.572446048259735107421875">
        <ele>25.200000762939453125</ele>
        <time>2025-05-24T10:25:02.000Z</time>
        <extensions>
          <ns3:TrackPointExtension>
            <ns3:hr>97</ns3:hr>
          </ns3:TrackPointExtension>
        </extensions>
      </trkpt>
      <trkpt lat="25.85342084057629108428955078125" lon="119.5724438689649105072021484375">
        <ele>25.200000762939453125</ele>
        <time>2025-05-24T10:25:04.000Z</time>
        <extensions>
          <ns3:TrackPointExtension>
            <ns3:hr>97</ns3:hr>
          </ns3:TrackPointExtension>
        </extensions>
      </trkpt>
      <trkpt lat="25.85346358828246593475341796875" lon="119.57243942655622959136962890625">
        <ele>25.200000762939453125</ele>
        <time>2025-05-24T10:25:07.000Z</time>
        <extensions>
          <ns3:TrackPointExtension>
            <ns3:hr>99</ns3:hr>
          </ns3:TrackPointExtension>
        </extensions>
      </trkpt>
      <trkpt lat="25.853562913835048675537109375" lon="119.57244940102100372314453125">
        <ele>25.3999996185302734375</ele>
        <time>2025-05-24T10:25:13.000Z</time>
        <extensions>
          <ns3:TrackPointExtension>
            <ns3:hr>100</ns3:hr>
          </ns3:TrackPointExtension>
        </extensions>
      </trkpt>
      <trkpt lat="25.853615216910839080810546875" lon="119.57240807823836803436279296875">
        <ele>25.3999996185302734375</ele>
        <time>2025-05-24T10:25:20.000Z</time>
        <extensions>
          <ns3:TrackPointExtension>
            <ns3:hr>100</ns3:hr>
          </ns3:TrackPointExtension>
        </extensions>
      </trkpt>
      <trkpt lat="25.85362887941300868988037109375" lon="119.57239986397325992584228515625">
        <ele>25.3999996185302734375</ele>
        <time>2025-05-24T10:25:22.000Z</time>
        <extensions>
          <ns3:TrackPointExtension>
            <ns3:hr>99</ns3:hr>
          </ns3:TrackPointExtension>
        </extensions>
      </trkpt>
      <trkpt lat="25.85367028601467609405517578125" lon="119.5723969303071498870849609375">
        <ele>25.6000003814697265625</ele>
        <time>2025-05-24T10:25:25.000Z</time>
        <extensions>
          <ns3:TrackPointExtension>
            <ns3:hr>99</ns3:hr>
          </ns3:TrackPointExtension>
        </extensions>
      </trkpt>
      <trkpt lat="25.85374555550515651702880859375" lon="119.57237605936825275421142578125">
        <ele>25.6000003814697265625</ele>
        <time>2025-05-24T10:25:31.000Z</time>
        <extensions>
          <ns3:TrackPointExtension>
            <ns3:hr>98</ns3:hr>
          </ns3:TrackPointExtension>
        </extensions>
      </trkpt>
      <trkpt lat="25.85378251969814300537109375" lon="119.572354853153228759765625">
        <ele>25.6000003814697265625</ele>
        <time>2025-05-24T10:25:35.000Z</time>
        <extensions>
          <ns3:TrackPointExtension>
            <ns3:hr>97</ns3:hr>
          </ns3:TrackPointExtension>
        </extensions>
      </trkpt>
      <trkpt lat="25.8538031391799449920654296875" lon="119.5723486505448818206787109375">
        <ele>25.6000003814697265625</ele>
        <time>2025-05-24T10:25:37.000Z</time>
        <extensions>
          <ns3:TrackPointExtension>
            <ns3:hr>96</ns3:hr>
          </ns3:TrackPointExtension>
        </extensions>
      </trkpt>
      <trkpt lat="25.853849910199642181396484375" lon="119.57231797277927398681640625">
        <ele>25.6000003814697265625</ele>
        <time>2025-05-24T10:25:43.000Z</time>
        <extensions>
          <ns3:TrackPointExtension>
            <ns3:hr>96</ns3:hr>
          </ns3:TrackPointExtension>
        </extensions>
      </trkpt>
      <trkpt lat="25.853890143334865570068359375" lon="119.57229609601199626922607421875">
        <ele>25.799999237060546875</ele>
        <time>2025-05-24T10:25:47.000Z</time>
        <extensions>
          <ns3:TrackPointExtension>
            <ns3:hr>96</ns3:hr>
          </ns3:TrackPointExtension>
        </extensions>
      </trkpt>
      <trkpt lat="25.85391000844538211822509765625" lon="119.572280086576938629150390625">
        <ele>25.6000003814697265625</ele>
        <time>2025-05-24T10:25:49.000Z</time>
        <extensions>
          <ns3:TrackPointExtension>
            <ns3:hr>97</ns3:hr>
          </ns3:TrackPointExtension>
        </extensions>
      </trkpt>
      <trkpt lat="25.85398376919329166412353515625" lon="119.57221931777894496917724609375">
        <ele>25.6000003814697265625</ele>
        <time>2025-05-24T10:25:55.000Z</time>
        <extensions>
          <ns3:TrackPointExtension>
            <ns3:hr>96</ns3:hr>
          </ns3:TrackPointExtension>
        </extensions>
      </trkpt>
      <trkpt lat="25.8540613017976284027099609375" lon="119.57215812988579273223876953125">
        <ele>25.799999237060546875</ele>
        <time>2025-05-24T10:26:03.000Z</time>
        <extensions>
          <ns3:TrackPointExtension>
            <ns3:hr>97</ns3:hr>
          </ns3:TrackPointExtension>
        </extensions>
      </trkpt>
      <trkpt lat="25.85407412610948085784912109375" lon="119.572123847901821136474609375">
        <ele>26</ele>
        <time>2025-05-24T10:26:07.000Z</time>
        <extensions>
          <ns3:TrackPointExtension>
            <ns3:hr>97</ns3:hr>
          </ns3:TrackPointExtension>
        </extensions>
      </trkpt>
      <trkpt lat="25.8540777303278446197509765625" lon="119.572116471827030181884765625">
        <ele>26</ele>
        <time>2025-05-24T10:26:08.000Z</time>
        <extensions>
          <ns3:TrackPointExtension>
            <ns3:hr>97</ns3:hr>
          </ns3:TrackPointExtension>
        </extensions>
      </trkpt>
      <trkpt lat="25.85410815663635730743408203125" lon="119.57210448570549488067626953125">
        <ele>25.799999237060546875</ele>
        <time>2025-05-24T10:26:11.000Z</time>
        <extensions>
          <ns3:TrackPointExtension>
            <ns3:hr>97</ns3:hr>
          </ns3:TrackPointExtension>
        </extensions>
      </trkpt>
      <trkpt lat="25.85414319299161434173583984375" lon="119.57208487205207347869873046875">
        <ele>26</ele>
        <time>2025-05-24T10:26:13.000Z</time>
        <extensions>
          <ns3:TrackPointExtension>
            <ns3:hr>98</ns3:hr>
          </ns3:TrackPointExtension>
        </extensions>
      </trkpt>
      <trkpt lat="25.85422617383301258087158203125" lon="119.57203525118529796600341796875">
        <ele>26</ele>
        <time>2025-05-24T10:26:20.000Z</time>
        <extensions>
          <ns3:TrackPointExtension>
            <ns3:hr>98</ns3:hr>
          </ns3:TrackPointExtension>
        </extensions>
      </trkpt>
      <trkpt lat="25.85428677499294281005859375" lon="119.57196668721735477447509765625">
        <ele>26</ele>
        <time>2025-05-24T10:26:28.000Z</time>
        <extensions>
          <ns3:TrackPointExtension>
            <ns3:hr>96</ns3:hr>
          </ns3:TrackPointExtension>
        </extensions>
      </trkpt>
      <trkpt lat="25.854326002299785614013671875" lon="119.5719161443412303924560546875">
        <ele>26</ele>
        <time>2025-05-24T10:26:34.000Z</time>
        <extensions>
          <ns3:TrackPointExtension>
            <ns3:hr>94</ns3:hr>
          </ns3:TrackPointExtension>
        </extensions>
      </trkpt>
      <trkpt lat="25.8543778024613857269287109375" lon="119.5718544535338878631591796875">
        <ele>26.3999996185302734375</ele>
        <time>2025-05-24T10:26:41.000Z</time>
        <extensions>
          <ns3:TrackPointExtension>
            <ns3:hr>95</ns3:hr>
          </ns3:TrackPointExtension>
        </extensions>
      </trkpt>
      <trkpt lat="25.8544643037021160125732421875" lon="119.5718044973909854888916015625">
        <ele>26.200000762939453125</ele>
        <time>2025-05-24T10:26:47.000Z</time>
        <extensions>
          <ns3:TrackPointExtension>
            <ns3:hr>97</ns3:hr>
          </ns3:TrackPointExtension>
        </extensions>
      </trkpt>
      <trkpt lat="25.8545380644500255584716796875" lon="119.5717505179345607757568359375">
        <ele>26.200000762939453125</ele>
        <time>2025-05-24T10:26:55.000Z</time>
        <extensions>
          <ns3:TrackPointExtension>
            <ns3:hr>95</ns3:hr>
          </ns3:TrackPointExtension>
        </extensions>
      </trkpt>
      <trkpt lat="25.85456429980695247650146484375" lon="119.57172092981636524200439453125">
        <ele>26.3999996185302734375</ele>
        <time>2025-05-24T10:26:59.000Z</time>
        <extensions>
          <ns3:TrackPointExtension>
            <ns3:hr>92</ns3:hr>
          </ns3:TrackPointExtension>
        </extensions>
      </trkpt>
      <trkpt lat="25.85456932894885540008544921875" lon="119.571711458265781402587890625">
        <ele>26.200000762939453125</ele>
        <time>2025-05-24T10:27:00.000Z</time>
        <extensions>
          <ns3:TrackPointExtension>
            <ns3:hr>92</ns3:hr>
          </ns3:TrackPointExtension>
        </extensions>
      </trkpt>
      <trkpt lat="25.85458491928875446319580078125" lon="119.5716945268213748931884765625">
        <ele>26.200000762939453125</ele>
        <time>2025-05-24T10:27:02.000Z</time>
        <extensions>
          <ns3:TrackPointExtension>
            <ns3:hr>92</ns3:hr>
          </ns3:TrackPointExtension>
        </extensions>
      </trkpt>
      <trkpt lat="25.85464225150644779205322265625" lon="119.571637026965618133544921875">
        <ele>26.3999996185302734375</ele>
        <time>2025-05-24T10:27:10.000Z</time>
        <extensions>
          <ns3:TrackPointExtension>
            <ns3:hr>92</ns3:hr>
          </ns3:TrackPointExtension>
        </extensions>
      </trkpt>
      <trkpt lat="25.85471265949308872222900390625" lon="119.57160190679132938385009765625">
        <ele>26.3999996185302734375</ele>
        <time>2025-05-24T10:27:15.000Z</time>
        <extensions>
          <ns3:TrackPointExtension>
            <ns3:hr>93</ns3:hr>
          </ns3:TrackPointExtension>
        </extensions>
      </trkpt>
      <trkpt lat="25.85482514463365077972412109375" lon="119.5715382881462574005126953125">
        <ele>26.6000003814697265625</ele>
        <time>2025-05-24T10:27:24.000Z</time>
        <extensions>
          <ns3:TrackPointExtension>
            <ns3:hr>92</ns3:hr>
          </ns3:TrackPointExtension>
        </extensions>
      </trkpt>
      <trkpt lat="25.854832939803600311279296875" lon="119.5714990608394145965576171875">
        <ele>26.6000003814697265625</ele>
        <time>2025-05-24T10:27:28.000Z</time>
        <extensions>
          <ns3:TrackPointExtension>
            <ns3:hr>93</ns3:hr>
          </ns3:TrackPointExtension>
        </extensions>
      </trkpt>
      <trkpt lat="25.8548331074416637420654296875" lon="119.57149109803140163421630859375">
        <ele>26.6000003814697265625</ele>
        <time>2025-05-24T10:27:29.000Z</time>
        <extensions>
          <ns3:TrackPointExtension>
            <ns3:hr>92</ns3:hr>
          </ns3:TrackPointExtension>
        </extensions>
      </trkpt>
      <trkpt lat="25.8548689819872379302978515625" lon="119.5714628510177135467529296875">
        <ele>26.6000003814697265625</ele>
        <time>2025-05-24T10:27:34.000Z</time>
        <extensions>
          <ns3:TrackPointExtension>
            <ns3:hr>92</ns3:hr>
          </ns3:TrackPointExtension>
        </extensions>
      </trkpt>
      <trkpt lat="25.85488180629909038543701171875" lon="119.57145488820970058441162109375">
        <ele>26.6000003814697265625</ele>
        <time>2025-05-24T10:27:35.000Z</time>
        <extensions>
          <ns3:TrackPointExtension>
            <ns3:hr>92</ns3:hr>
          </ns3:TrackPointExtension>
        </extensions>
      </trkpt>
      <trkpt lat="25.85491298697888851165771484375" lon="119.57143225707113742828369140625">
        <ele>26.6000003814697265625</ele>
        <time>2025-05-24T10:27:37.000Z</time>
        <extensions>
          <ns3:TrackPointExtension>
            <ns3:hr>93</ns3:hr>
          </ns3:TrackPointExtension>
        </extensions>
      </trkpt>
      <trkpt lat="25.8549568243324756622314453125" lon="119.57141633145511150360107421875">
        <ele>26.799999237060546875</ele>
        <time>2025-05-24T10:27:40.000Z</time>
        <extensions>
          <ns3:TrackPointExtension>
            <ns3:hr>94</ns3:hr>
          </ns3:TrackPointExtension>
        </extensions>
      </trkpt>
      <trkpt lat="25.8550302498042583465576171875" lon="119.571367800235748291015625">
        <ele>26.799999237060546875</ele>
        <time>2025-05-24T10:27:46.000Z</time>
        <extensions>
          <ns3:TrackPointExtension>
            <ns3:hr>94</ns3:hr>
          </ns3:TrackPointExtension>
        </extensions>
      </trkpt>
      <trkpt lat="25.85504106245934963226318359375" lon="119.57134240306913852691650390625">
        <ele>26.799999237060546875</ele>
        <time>2025-05-24T10:27:49.000Z</time>
        <extensions>
          <ns3:TrackPointExtension>
            <ns3:hr>95</ns3:hr>
          </ns3:TrackPointExtension>
        </extensions>
      </trkpt>
      <trkpt lat="25.855048187077045440673828125" lon="119.5713257230818271636962890625">
        <ele>26.799999237060546875</ele>
        <time>2025-05-24T10:27:51.000Z</time>
        <extensions>
          <ns3:TrackPointExtension>
            <ns3:hr>95</ns3:hr>
          </ns3:TrackPointExtension>
        </extensions>
      </trkpt>
      <trkpt lat="25.855066291987895965576171875" lon="119.57129730843007564544677734375">
        <ele>26.799999237060546875</ele>
        <time>2025-05-24T10:27:55.000Z</time>
        <extensions>
          <ns3:TrackPointExtension>
            <ns3:hr>95</ns3:hr>
          </ns3:TrackPointExtension>
        </extensions>
      </trkpt>
      <trkpt lat="25.85508649237453937530517578125" lon="119.57129378803074359893798828125">
        <ele>26.799999237060546875</ele>
        <time>2025-05-24T10:27:56.000Z</time>
        <extensions>
          <ns3:TrackPointExtension>
            <ns3:hr>94</ns3:hr>
          </ns3:TrackPointExtension>
        </extensions>
      </trkpt>
      <trkpt lat="25.85509990341961383819580078125" lon="119.571288339793682098388671875">
        <ele>27</ele>
        <time>2025-05-24T10:27:57.000Z</time>
        <extensions>
          <ns3:TrackPointExtension>
            <ns3:hr>95</ns3:hr>
          </ns3:TrackPointExtension>
        </extensions>
      </trkpt>
      <trkpt lat="25.85518791340291500091552734375" lon="119.57124936394393444061279296875">
        <ele>26.799999237060546875</ele>
        <time>2025-05-24T10:28:03.000Z</time>
        <extensions>
          <ns3:TrackPointExtension>
            <ns3:hr>94</ns3:hr>
          </ns3:TrackPointExtension>
        </extensions>
      </trkpt>
      <trkpt lat="25.8552304096519947052001953125" lon="119.57120963372290134429931640625">
        <ele>27.200000762939453125</ele>
        <time>2025-05-24T10:28:09.000Z</time>
        <extensions>
          <ns3:TrackPointExtension>
            <ns3:hr>94</ns3:hr>
          </ns3:TrackPointExtension>
        </extensions>
      </trkpt>
      <trkpt lat="25.8552599139511585235595703125" lon="119.5711719989776611328125">
        <ele>27</ele>
        <time>2025-05-24T10:28:14.000Z</time>
        <extensions>
          <ns3:TrackPointExtension>
            <ns3:hr>94</ns3:hr>
          </ns3:TrackPointExtension>
        </extensions>
      </trkpt>
      <trkpt lat="25.85532252676784992218017578125" lon="119.5711339451372623443603515625">
        <ele>27</ele>
        <time>2025-05-24T10:28:19.000Z</time>
        <extensions>
          <ns3:TrackPointExtension>
            <ns3:hr>95</ns3:hr>
          </ns3:TrackPointExtension>
        </extensions>
      </trkpt>
      <trkpt lat="25.85539008490741252899169921875" lon="119.5710890181362628936767578125">
        <ele>27</ele>
        <time>2025-05-24T10:28:24.000Z</time>
        <extensions>
          <ns3:TrackPointExtension>
            <ns3:hr>96</ns3:hr>
          </ns3:TrackPointExtension>
        </extensions>
      </trkpt>
      <trkpt lat="25.85542160086333751678466796875" lon="119.5710551552474498748779296875">
        <ele>27.200000762939453125</ele>
        <time>2025-05-24T10:28:30.000Z</time>
        <extensions>
          <ns3:TrackPointExtension>
            <ns3:hr>95</ns3:hr>
          </ns3:TrackPointExtension>
        </extensions>
      </trkpt>
      <trkpt lat="25.85546552203595638275146484375" lon="119.57100662402808666229248046875">
        <ele>27.3999996185302734375</ele>
        <time>2025-05-24T10:28:36.000Z</time>
        <extensions>
          <ns3:TrackPointExtension>
            <ns3:hr>94</ns3:hr>
          </ns3:TrackPointExtension>
        </extensions>
      </trkpt>
      <trkpt lat="25.85553408600389957427978515625" lon="119.57095650024712085723876953125">
        <ele>27.200000762939453125</ele>
        <time>2025-05-24T10:28:42.000Z</time>
        <extensions>
          <ns3:TrackPointExtension>
            <ns3:hr>94</ns3:hr>
          </ns3:TrackPointExtension>
        </extensions>
      </trkpt>
      <trkpt lat="25.85557021200656890869140625" lon="119.57091517746448516845703125">
        <ele>27.3999996185302734375</ele>
        <time>2025-05-24T10:28:47.000Z</time>
        <extensions>
          <ns3:TrackPointExtension>
            <ns3:hr>96</ns3:hr>
          </ns3:TrackPointExtension>
        </extensions>
      </trkpt>
      <trkpt lat="25.85557213984429836273193359375" lon="119.57090872339904308319091796875">
        <ele>27.3999996185302734375</ele>
        <time>2025-05-24T10:28:48.000Z</time>
        <extensions>
          <ns3:TrackPointExtension>
            <ns3:hr>96</ns3:hr>
          </ns3:TrackPointExtension>
        </extensions>
      </trkpt>
      <trkpt lat="25.855576582252979278564453125" lon="119.57089011557400226593017578125">
        <ele>27.3999996185302734375</ele>
        <time>2025-05-24T10:28:50.000Z</time>
        <extensions>
          <ns3:TrackPointExtension>
            <ns3:hr>96</ns3:hr>
          </ns3:TrackPointExtension>
        </extensions>
      </trkpt>
      <trkpt lat="25.85561438463628292083740234375" lon="119.5708741061389446258544921875">
        <ele>27.6000003814697265625</ele>
        <time>2025-05-24T10:28:53.000Z</time>
        <extensions>
          <ns3:TrackPointExtension>
            <ns3:hr>97</ns3:hr>
          </ns3:TrackPointExtension>
        </extensions>
      </trkpt>
      <trkpt lat="25.8556786738336086273193359375" lon="119.57083965651690959930419921875">
        <ele>27.3999996185302734375</ele>
        <time>2025-05-24T10:28:58.000Z</time>
        <extensions>
          <ns3:TrackPointExtension>
            <ns3:hr>96</ns3:hr>
          </ns3:TrackPointExtension>
        </extensions>
      </trkpt>
      <trkpt lat="25.855687223374843597412109375" lon="119.57081861793994903564453125">
        <ele>27.6000003814697265625</ele>
        <time>2025-05-24T10:29:02.000Z</time>
        <extensions>
          <ns3:TrackPointExtension>
            <ns3:hr>96</ns3:hr>
          </ns3:TrackPointExtension>
        </extensions>
      </trkpt>
      <trkpt lat="25.855689905583858489990234375" lon="119.57081057131290435791015625">
        <ele>27.799999237060546875</ele>
        <time>2025-05-24T10:29:03.000Z</time>
        <extensions>
          <ns3:TrackPointExtension>
            <ns3:hr>95</ns3:hr>
          </ns3:TrackPointExtension>
        </extensions>
      </trkpt>
      <trkpt lat="25.85570029914379119873046875" lon="119.57080093212425708770751953125">
        <ele>27.799999237060546875</ele>
        <time>2025-05-24T10:29:04.000Z</time>
        <extensions>
          <ns3:TrackPointExtension>
            <ns3:hr>95</ns3:hr>
          </ns3:TrackPointExtension>
        </extensions>
      </trkpt>
      <trkpt lat="25.85574044845998287200927734375" lon="119.57076891325414180755615234375">
        <ele>27.799999237060546875</ele>
        <time>2025-05-24T10:29:07.000Z</time>
        <extensions>
          <ns3:TrackPointExtension>
            <ns3:hr>95</ns3:hr>
          </ns3:TrackPointExtension>
        </extensions>
      </trkpt>
      <trkpt lat="25.85580012761056423187255859375" lon="119.57072633318603038787841796875">
        <ele>27.799999237060546875</ele>
        <time>2025-05-24T10:29:13.000Z</time>
        <extensions>
          <ns3:TrackPointExtension>
            <ns3:hr>97</ns3:hr>
          </ns3:TrackPointExtension>
        </extensions>
      </trkpt>
      <trkpt lat="25.85581102408468723297119140625" lon="119.57070169039070606231689453125">
        <ele>28</ele>
        <time>2025-05-24T10:29:16.000Z</time>
        <extensions>
          <ns3:TrackPointExtension>
            <ns3:hr>98</ns3:hr>
          </ns3:TrackPointExtension>
        </extensions>
      </trkpt>
      <trkpt lat="25.8558158017694950103759765625" lon="119.57067855633795261383056640625">
        <ele>28</ele>
        <time>2025-05-24T10:29:19.000Z</time>
        <extensions>
          <ns3:TrackPointExtension>
            <ns3:hr>99</ns3:hr>
          </ns3:TrackPointExtension>
        </extensions>
      </trkpt>
      <trkpt lat="25.85582359693944454193115234375" lon="119.57067319191992282867431640625">
        <ele>28</ele>
        <time>2025-05-24T10:29:20.000Z</time>
        <extensions>
          <ns3:TrackPointExtension>
            <ns3:hr>99</ns3:hr>
          </ns3:TrackPointExtension>
        </extensions>
      </trkpt>
      <trkpt lat="25.8558919094502925872802734375" lon="119.57065123133361339569091796875">
        <ele>28</ele>
        <time>2025-05-24T10:29:24.000Z</time>
        <extensions>
          <ns3:TrackPointExtension>
            <ns3:hr>100</ns3:hr>
          </ns3:TrackPointExtension>
        </extensions>
      </trkpt>
      <trkpt lat="25.85597162134945392608642578125" lon="119.57058954052627086639404296875">
        <ele>28.200000762939453125</ele>
        <time>2025-05-24T10:29:31.000Z</time>
        <extensions>
          <ns3:TrackPointExtension>
            <ns3:hr>100</ns3:hr>
          </ns3:TrackPointExtension>
        </extensions>
      </trkpt>
      <trkpt lat="25.85596994496881961822509765625" lon="119.57057512365281581878662109375">
        <ele>28.200000762939453125</ele>
        <time>2025-05-24T10:29:33.000Z</time>
        <extensions>
          <ns3:TrackPointExtension>
            <ns3:hr>99</ns3:hr>
          </ns3:TrackPointExtension>
        </extensions>
      </trkpt>
      <trkpt lat="25.85597631521522998809814453125" lon="119.570550732314586639404296875">
        <ele>28.200000762939453125</ele>
        <time>2025-05-24T10:29:36.000Z</time>
        <extensions>
          <ns3:TrackPointExtension>
            <ns3:hr>100</ns3:hr>
          </ns3:TrackPointExtension>
        </extensions>
      </trkpt>
      <trkpt lat="25.85602283477783203125" lon="119.57051628269255161285400390625">
        <ele>28.200000762939453125</ele>
        <time>2025-05-24T10:29:40.000Z</time>
        <extensions>
          <ns3:TrackPointExtension>
            <ns3:hr>100</ns3:hr>
          </ns3:TrackPointExtension>
        </extensions>
      </trkpt>
      <trkpt lat="25.8561071567237377166748046875" lon="119.57046599127352237701416015625">
        <ele>28.200000762939453125</ele>
        <time>2025-05-24T10:29:47.000Z</time>
        <extensions>
          <ns3:TrackPointExtension>
            <ns3:hr>100</ns3:hr>
          </ns3:TrackPointExtension>
        </extensions>
      </trkpt>
      <trkpt lat="25.85611025802791118621826171875" lon="119.57044386304914951324462890625">
        <ele>28.3999996185302734375</ele>
        <time>2025-05-24T10:29:50.000Z</time>
        <extensions>
          <ns3:TrackPointExtension>
            <ns3:hr>101</ns3:hr>
          </ns3:TrackPointExtension>
        </extensions>
      </trkpt>
      <trkpt lat="25.8561125211417675018310546875" lon="119.5704278536140918731689453125">
        <ele>28.3999996185302734375</ele>
        <time>2025-05-24T10:29:52.000Z</time>
        <extensions>
          <ns3:TrackPointExtension>
            <ns3:hr>102</ns3:hr>
          </ns3:TrackPointExtension>
        </extensions>
      </trkpt>
      <trkpt lat="25.85613389499485492706298828125" lon="119.57041268236935138702392578125">
        <ele>28.3999996185302734375</ele>
        <time>2025-05-24T10:29:54.000Z</time>
        <extensions>
          <ns3:TrackPointExtension>
            <ns3:hr>102</ns3:hr>
          </ns3:TrackPointExtension>
        </extensions>
      </trkpt>
      <trkpt lat="25.85616809315979480743408203125" lon="119.57038552500307559967041015625">
        <ele>28.3999996185302734375</ele>
        <time>2025-05-24T10:29:57.000Z</time>
        <extensions>
          <ns3:TrackPointExtension>
            <ns3:hr>102</ns3:hr>
          </ns3:TrackPointExtension>
        </extensions>
      </trkpt>
      <trkpt lat="25.85623942315578460693359375" lon="119.57033875398337841033935546875">
        <ele>28.3999996185302734375</ele>
        <time>2025-05-24T10:30:02.000Z</time>
        <extensions>
          <ns3:TrackPointExtension>
            <ns3:hr>101</ns3:hr>
          </ns3:TrackPointExtension>
        </extensions>
      </trkpt>
      <trkpt lat="25.85627052001655101776123046875" lon="119.5702930726110935211181640625">
        <ele>28.3999996185302734375</ele>
        <time>2025-05-24T10:30:09.000Z</time>
        <extensions>
          <ns3:TrackPointExtension>
            <ns3:hr>99</ns3:hr>
          </ns3:TrackPointExtension>
        </extensions>
      </trkpt>
      <trkpt lat="25.85630270652472972869873046875" lon="119.57027086056768894195556640625">
        <ele>28.3999996185302734375</ele>
        <time>2025-05-24T10:30:13.000Z</time>
        <extensions>
          <ns3:TrackPointExtension>
            <ns3:hr>99</ns3:hr>
          </ns3:TrackPointExtension>
        </extensions>
      </trkpt>
      <trkpt lat="25.85632634349167346954345703125" lon="119.570253007113933563232421875">
        <ele>28.6000003814697265625</ele>
        <time>2025-05-24T10:30:15.000Z</time>
        <extensions>
          <ns3:TrackPointExtension>
            <ns3:hr>98</ns3:hr>
          </ns3:TrackPointExtension>
        </extensions>
      </trkpt>
      <trkpt lat="25.85640479810535907745361328125" lon="119.57019894383847713470458984375">
        <ele>28.3999996185302734375</ele>
        <time>2025-05-24T10:30:21.000Z</time>
        <extensions>
          <ns3:TrackPointExtension>
            <ns3:hr>96</ns3:hr>
          </ns3:TrackPointExtension>
        </extensions>
      </trkpt>
      <trkpt lat="25.85644905455410480499267578125" lon="119.570143036544322967529296875">
        <ele>28.6000003814697265625</ele>
        <time>2025-05-24T10:30:27.000Z</time>
        <extensions>
          <ns3:TrackPointExtension>
            <ns3:hr>95</ns3:hr>
          </ns3:TrackPointExtension>
        </extensions>
      </trkpt>
      <trkpt lat="25.85647285915911197662353515625" lon="119.5701136998832225799560546875">
        <ele>28.6000003814697265625</ele>
        <time>2025-05-24T10:30:31.000Z</time>
        <extensions>
          <ns3:TrackPointExtension>
            <ns3:hr>96</ns3:hr>
          </ns3:TrackPointExtension>
        </extensions>
      </trkpt>
      <trkpt lat="25.8564840070903301239013671875" lon="119.57011110149323940277099609375">
        <ele>28.799999237060546875</ele>
        <time>2025-05-24T10:30:32.000Z</time>
        <extensions>
          <ns3:TrackPointExtension>
            <ns3:hr>96</ns3:hr>
          </ns3:TrackPointExtension>
        </extensions>
      </trkpt>
      <trkpt lat="25.8565391600131988525390625" lon="119.57008126191794872283935546875">
        <ele>28.6000003814697265625</ele>
        <time>2025-05-24T10:30:37.000Z</time>
        <extensions>
          <ns3:TrackPointExtension>
            <ns3:hr>94</ns3:hr>
          </ns3:TrackPointExtension>
        </extensions>
      </trkpt>
      <trkpt lat="25.85657176561653614044189453125" lon="119.57005075179040431976318359375">
        <ele>28.799999237060546875</ele>
        <time>2025-05-24T10:30:42.000Z</time>
        <extensions>
          <ns3:TrackPointExtension>
            <ns3:hr>94</ns3:hr>
          </ns3:TrackPointExtension>
        </extensions>
      </trkpt>
      <trkpt lat="25.85661971010267734527587890625" lon="119.5700147934257984161376953125">
        <ele>28.799999237060546875</ele>
        <time>2025-05-24T10:30:47.000Z</time>
        <extensions>
          <ns3:TrackPointExtension>
            <ns3:hr>96</ns3:hr>
          </ns3:TrackPointExtension>
        </extensions>
      </trkpt>
      <trkpt lat="25.8566617034375667572021484375" lon="119.5699636638164520263671875">
        <ele>28.799999237060546875</ele>
        <time>2025-05-24T10:30:53.000Z</time>
        <extensions>
          <ns3:TrackPointExtension>
            <ns3:hr>97</ns3:hr>
          </ns3:TrackPointExtension>
        </extensions>
      </trkpt>
      <trkpt lat="25.856664218008518218994140625" lon="119.56995385698974132537841796875">
        <ele>28.799999237060546875</ele>
        <time>2025-05-24T10:30:54.000Z</time>
        <extensions>
          <ns3:TrackPointExtension>
            <ns3:hr>97</ns3:hr>
          </ns3:TrackPointExtension>
        </extensions>
      </trkpt>
      <trkpt lat="25.85669565014541149139404296875" lon="119.5699360035359859466552734375">
        <ele>28.799999237060546875</ele>
        <time>2025-05-24T10:30:57.000Z</time>
        <extensions>
          <ns3:TrackPointExtension>
            <ns3:hr>97</ns3:hr>
          </ns3:TrackPointExtension>
        </extensions>
      </trkpt>
      <trkpt lat="25.85671610198915004730224609375" lon="119.5699153840541839599609375">
        <ele>28.799999237060546875</ele>
        <time>2025-05-24T10:30:59.000Z</time>
        <extensions>
          <ns3:TrackPointExtension>
            <ns3:hr>97</ns3:hr>
          </ns3:TrackPointExtension>
        </extensions>
      </trkpt>
      <trkpt lat="25.85677527822554111480712890625" lon="119.5698739774525165557861328125">
        <ele>29</ele>
        <time>2025-05-24T10:31:04.000Z</time>
        <extensions>
          <ns3:TrackPointExtension>
            <ns3:hr>97</ns3:hr>
          </ns3:TrackPointExtension>
        </extensions>
      </trkpt>
      <trkpt lat="25.85681886412203311920166015625" lon="119.56983290612697601318359375">
        <ele>28.799999237060546875</ele>
        <time>2025-05-24T10:31:09.000Z</time>
        <extensions>
          <ns3:TrackPointExtension>
            <ns3:hr>98</ns3:hr>
          </ns3:TrackPointExtension>
        </extensions>
      </trkpt>
      <trkpt lat="25.856830179691314697265625" lon="119.5698089338839054107666015625">
        <ele>28.799999237060546875</ele>
        <time>2025-05-24T10:31:12.000Z</time>
        <extensions>
          <ns3:TrackPointExtension>
            <ns3:hr>98</ns3:hr>
          </ns3:TrackPointExtension>
        </extensions>
      </trkpt>
      <trkpt lat="25.85683621466159820556640625" lon="119.5697891525924205780029296875">
        <ele>28.799999237060546875</ele>
        <time>2025-05-24T10:31:14.000Z</time>
        <extensions>
          <ns3:TrackPointExtension>
            <ns3:hr>98</ns3:hr>
          </ns3:TrackPointExtension>
        </extensions>
      </trkpt>
      <trkpt lat="25.8568489551544189453125" lon="119.56978471018373966217041015625">
        <ele>28.799999237060546875</ele>
        <time>2025-05-24T10:31:15.000Z</time>
        <extensions>
          <ns3:TrackPointExtension>
            <ns3:hr>98</ns3:hr>
          </ns3:TrackPointExtension>
        </extensions>
      </trkpt>
      <trkpt lat="25.85688156075775623321533203125" lon="119.56976115703582763671875">
        <ele>29</ele>
        <time>2025-05-24T10:31:19.000Z</time>
        <extensions>
          <ns3:TrackPointExtension>
            <ns3:hr>98</ns3:hr>
          </ns3:TrackPointExtension>
        </extensions>
      </trkpt>
      <trkpt lat="25.85690955631434917449951171875" lon="119.569744728505611419677734375">
        <ele>29</ele>
        <time>2025-05-24T10:31:24.000Z</time>
        <extensions>
          <ns3:TrackPointExtension>
            <ns3:hr>96</ns3:hr>
          </ns3:TrackPointExtension>
        </extensions>
      </trkpt>
      <trkpt lat="25.8569562435150146484375" lon="119.569689743220806121826171875">
        <ele>29</ele>
        <time>2025-05-24T10:31:30.000Z</time>
        <extensions>
          <ns3:TrackPointExtension>
            <ns3:hr>98</ns3:hr>
          </ns3:TrackPointExtension>
        </extensions>
      </trkpt>
      <trkpt lat="25.8569701574742794036865234375" lon="119.5696640945971012115478515625">
        <ele>28.799999237060546875</ele>
        <time>2025-05-24T10:31:33.000Z</time>
        <extensions>
          <ns3:TrackPointExtension>
            <ns3:hr>98</ns3:hr>
          </ns3:TrackPointExtension>
        </extensions>
      </trkpt>
      <trkpt lat="25.85698105394840240478515625" lon="119.56964473240077495574951171875">
        <ele>29</ele>
        <time>2025-05-24T10:31:35.000Z</time>
        <extensions>
          <ns3:TrackPointExtension>
            <ns3:hr>98</ns3:hr>
          </ns3:TrackPointExtension>
        </extensions>
      </trkpt>
      <trkpt lat="25.8569879271090030670166015625" lon="119.56961355172097682952880859375">
        <ele>28.799999237060546875</ele>
        <time>2025-05-24T10:31:37.000Z</time>
        <extensions>
          <ns3:TrackPointExtension>
            <ns3:hr>98</ns3:hr>
          </ns3:TrackPointExtension>
        </extensions>
      </trkpt>
      <trkpt lat="25.857040397822856903076171875" lon="119.56955219618976116180419921875">
        <ele>28.799999237060546875</ele>
        <time>2025-05-24T10:31:42.000Z</time>
        <extensions>
          <ns3:TrackPointExtension>
            <ns3:hr>98</ns3:hr>
          </ns3:TrackPointExtension>
        </extensions>
      </trkpt>
      <trkpt lat="25.85706110112369060516357421875" lon="119.56950039602816104888916015625">
        <ele>28.799999237060546875</ele>
        <time>2025-05-24T10:31:47.000Z</time>
        <extensions>
          <ns3:TrackPointExtension>
            <ns3:hr>99</ns3:hr>
          </ns3:TrackPointExtension>
        </extensions>
      </trkpt>
      <trkpt lat="25.8570995740592479705810546875" lon="119.569425880908966064453125">
        <ele>28.799999237060546875</ele>
        <time>2025-05-24T10:31:55.000Z</time>
        <extensions>
          <ns3:TrackPointExtension>
            <ns3:hr>98</ns3:hr>
          </ns3:TrackPointExtension>
        </extensions>
      </trkpt>
      <trkpt lat="25.85711172781884670257568359375" lon="119.569414816796779632568359375">
        <ele>28.799999237060546875</ele>
        <time>2025-05-24T10:31:56.000Z</time>
        <extensions>
          <ns3:TrackPointExtension>
            <ns3:hr>98</ns3:hr>
          </ns3:TrackPointExtension>
        </extensions>
      </trkpt>
      <trkpt lat="25.8571629412472248077392578125" lon="119.569374583661556243896484375">
        <ele>28.6000003814697265625</ele>
        <time>2025-05-24T10:32:00.000Z</time>
        <extensions>
          <ns3:TrackPointExtension>
            <ns3:hr>97</ns3:hr>
          </ns3:TrackPointExtension>
        </extensions>
      </trkpt>
      <trkpt lat="25.85722236894071102142333984375" lon="119.5693274773657321929931640625">
        <ele>28.6000003814697265625</ele>
        <time>2025-05-24T10:32:06.000Z</time>
        <extensions>
          <ns3:TrackPointExtension>
            <ns3:hr>97</ns3:hr>
          </ns3:TrackPointExtension>
        </extensions>
      </trkpt>
      <trkpt lat="25.8572527952492237091064453125" lon="119.5692738331854343414306640625">
        <ele>28.3999996185302734375</ele>
        <time>2025-05-24T10:32:12.000Z</time>
        <extensions>
          <ns3:TrackPointExtension>
            <ns3:hr>96</ns3:hr>
          </ns3:TrackPointExtension>
        </extensions>
      </trkpt>
      <trkpt lat="25.85727266035974025726318359375" lon="119.56923619844019412994384765625">
        <ele>28.200000762939453125</ele>
        <time>2025-05-24T10:32:16.000Z</time>
        <extensions>
          <ns3:TrackPointExtension>
            <ns3:hr>96</ns3:hr>
          </ns3:TrackPointExtension>
        </extensions>
      </trkpt>
      <trkpt lat="25.85731239058077335357666015625" lon="119.56921323202550411224365234375">
        <ele>28.200000762939453125</ele>
        <time>2025-05-24T10:32:19.000Z</time>
        <extensions>
          <ns3:TrackPointExtension>
            <ns3:hr>96</ns3:hr>
          </ns3:TrackPointExtension>
        </extensions>
      </trkpt>
      <trkpt lat="25.8573594130575656890869140625" lon="119.5691662095487117767333984375">
        <ele>28.200000762939453125</ele>
        <time>2025-05-24T10:32:24.000Z</time>
        <extensions>
          <ns3:TrackPointExtension>
            <ns3:hr>96</ns3:hr>
          </ns3:TrackPointExtension>
        </extensions>
      </trkpt>
      <trkpt lat="25.85739369504153728485107421875" lon="119.569096975028514862060546875">
        <ele>28.200000762939453125</ele>
        <time>2025-05-24T10:32:30.000Z</time>
        <extensions>
          <ns3:TrackPointExtension>
            <ns3:hr>95</ns3:hr>
          </ns3:TrackPointExtension>
        </extensions>
      </trkpt>
      <trkpt lat="25.8573969639837741851806640625" lon="119.56908666528761386871337890625">
        <ele>28.200000762939453125</ele>
        <time>2025-05-24T10:32:31.000Z</time>
        <extensions>
          <ns3:TrackPointExtension>
            <ns3:hr>95</ns3:hr>
          </ns3:TrackPointExtension>
        </extensions>
      </trkpt>
      <trkpt lat="25.857417918741703033447265625" lon="119.56903922371566295623779296875">
        <ele>28</ele>
        <time>2025-05-24T10:32:36.000Z</time>
        <extensions>
          <ns3:TrackPointExtension>
            <ns3:hr>95</ns3:hr>
          </ns3:TrackPointExtension>
        </extensions>
      </trkpt>
      <trkpt lat="25.85742772556841373443603515625" lon="119.569025225937366485595703125">
        <ele>27.799999237060546875</ele>
        <time>2025-05-24T10:32:37.000Z</time>
        <extensions>
          <ns3:TrackPointExtension>
            <ns3:hr>94</ns3:hr>
          </ns3:TrackPointExtension>
        </extensions>
      </trkpt>
      <trkpt lat="25.8574926853179931640625" lon="119.568971581757068634033203125">
        <ele>28</ele>
        <time>2025-05-24T10:32:42.000Z</time>
        <extensions>
          <ns3:TrackPointExtension>
            <ns3:hr>95</ns3:hr>
          </ns3:TrackPointExtension>
        </extensions>
      </trkpt>
      <trkpt lat="25.8575350977480411529541015625" lon="119.56891315989196300506591796875">
        <ele>27.799999237060546875</ele>
        <time>2025-05-24T10:32:48.000Z</time>
        <extensions>
          <ns3:TrackPointExtension>
            <ns3:hr>95</ns3:hr>
          </ns3:TrackPointExtension>
        </extensions>
      </trkpt>
      <trkpt lat="25.85753970779478549957275390625" lon="119.5689040236175060272216796875">
        <ele>27.799999237060546875</ele>
        <time>2025-05-24T10:32:49.000Z</time>
        <extensions>
          <ns3:TrackPointExtension>
            <ns3:hr>95</ns3:hr>
          </ns3:TrackPointExtension>
        </extensions>
      </trkpt>
      <trkpt lat="25.857566110789775848388671875" lon="119.56881844438612461090087890625">
        <ele>27.6000003814697265625</ele>
        <time>2025-05-24T10:32:56.000Z</time>
        <extensions>
          <ns3:TrackPointExtension>
            <ns3:hr>93</ns3:hr>
          </ns3:TrackPointExtension>
        </extensions>
      </trkpt>
      <trkpt lat="25.8575639314949512481689453125" lon="119.5688031055033206939697265625">
        <ele>27.6000003814697265625</ele>
        <time>2025-05-24T10:32:57.000Z</time>
        <extensions>
          <ns3:TrackPointExtension>
            <ns3:hr>93</ns3:hr>
          </ns3:TrackPointExtension>
        </extensions>
      </trkpt>
      <trkpt lat="25.85756451822817325592041015625" lon="119.56875625066459178924560546875">
        <ele>27.6000003814697265625</ele>
        <time>2025-05-24T10:33:01.000Z</time>
        <extensions>
          <ns3:TrackPointExtension>
            <ns3:hr>93</ns3:hr>
          </ns3:TrackPointExtension>
        </extensions>
      </trkpt>
      <trkpt lat="25.85757340304553508758544921875" lon="119.5687323622405529022216796875">
        <ele>27.3999996185302734375</ele>
        <time>2025-05-24T10:33:03.000Z</time>
        <extensions>
          <ns3:TrackPointExtension>
            <ns3:hr>93</ns3:hr>
          </ns3:TrackPointExtension>
        </extensions>
      </trkpt>
      <trkpt lat="25.85758262313902378082275390625" lon="119.56871937029063701629638671875">
        <ele>27.3999996185302734375</ele>
        <time>2025-05-24T10:33:04.000Z</time>
        <extensions>
          <ns3:TrackPointExtension>
            <ns3:hr>93</ns3:hr>
          </ns3:TrackPointExtension>
        </extensions>
      </trkpt>
      <trkpt lat="25.85763911716639995574951171875" lon="119.5686555840075016021728515625">
        <ele>27.3999996185302734375</ele>
        <time>2025-05-24T10:33:10.000Z</time>
        <extensions>
          <ns3:TrackPointExtension>
            <ns3:hr>92</ns3:hr>
          </ns3:TrackPointExtension>
        </extensions>
      </trkpt>
      <trkpt lat="25.8576796017587184906005859375" lon="119.5685938932001590728759765625">
        <ele>27.3999996185302734375</ele>
        <time>2025-05-24T10:33:16.000Z</time>
        <extensions>
          <ns3:TrackPointExtension>
            <ns3:hr>93</ns3:hr>
          </ns3:TrackPointExtension>
        </extensions>
      </trkpt>
      <trkpt lat="25.8576869778335094451904296875" lon="119.5685539953410625457763671875">
        <ele>27.3999996185302734375</ele>
        <time>2025-05-24T10:33:19.000Z</time>
        <extensions>
          <ns3:TrackPointExtension>
            <ns3:hr>92</ns3:hr>
          </ns3:TrackPointExtension>
        </extensions>
      </trkpt>
      <trkpt lat="25.8576920069754123687744140625" lon="119.56851602531969547271728515625">
        <ele>27.200000762939453125</ele>
        <time>2025-05-24T10:33:23.000Z</time>
        <extensions>
          <ns3:TrackPointExtension>
            <ns3:hr>93</ns3:hr>
          </ns3:TrackPointExtension>
        </extensions>
      </trkpt>
      <trkpt lat="25.85770198144018650054931640625" lon="119.56849724985659122467041015625">
        <ele>27.200000762939453125</ele>
        <time>2025-05-24T10:33:25.000Z</time>
        <extensions>
          <ns3:TrackPointExtension>
            <ns3:hr>93</ns3:hr>
          </ns3:TrackPointExtension>
        </extensions>
      </trkpt>
      <trkpt lat="25.85772712714970111846923828125" lon="119.56844897009432315826416015625">
        <ele>27.200000762939453125</ele>
        <time>2025-05-24T10:33:28.000Z</time>
        <extensions>
          <ns3:TrackPointExtension>
            <ns3:hr>93</ns3:hr>
          </ns3:TrackPointExtension>
        </extensions>
      </trkpt>
      <trkpt lat="25.85775914601981639862060546875" lon="119.56837856210768222808837890625">
        <ele>27.200000762939453125</ele>
        <time>2025-05-24T10:33:34.000Z</time>
        <extensions>
          <ns3:TrackPointExtension>
            <ns3:hr>93</ns3:hr>
          </ns3:TrackPointExtension>
        </extensions>
      </trkpt>
      <trkpt lat="25.857794769108295440673828125" lon="119.568283595144748687744140625">
        <ele>27</ele>
        <time>2025-05-24T10:33:41.000Z</time>
        <extensions>
          <ns3:TrackPointExtension>
            <ns3:hr>94</ns3:hr>
          </ns3:TrackPointExtension>
        </extensions>
      </trkpt>
      <trkpt lat="25.85780323483049869537353515625" lon="119.56820908002555370330810546875">
        <ele>26.799999237060546875</ele>
        <time>2025-05-24T10:33:48.000Z</time>
        <extensions>
          <ns3:TrackPointExtension>
            <ns3:hr>94</ns3:hr>
          </ns3:TrackPointExtension>
        </extensions>
      </trkpt>
      <trkpt lat="25.85780843161046504974365234375" lon="119.56819164566695690155029296875">
        <ele>26.799999237060546875</ele>
        <time>2025-05-24T10:33:50.000Z</time>
        <extensions>
          <ns3:TrackPointExtension>
            <ns3:hr>94</ns3:hr>
          </ns3:TrackPointExtension>
        </extensions>
      </trkpt>
      <trkpt lat="25.85783860646188259124755859375" lon="119.56813649274408817291259765625">
        <ele>26.799999237060546875</ele>
        <time>2025-05-24T10:33:54.000Z</time>
        <extensions>
          <ns3:TrackPointExtension>
            <ns3:hr>95</ns3:hr>
          </ns3:TrackPointExtension>
        </extensions>
      </trkpt>
      <trkpt lat="25.8578777499496936798095703125" lon="119.568052925169467926025390625">
        <ele>26.799999237060546875</ele>
        <time>2025-05-24T10:34:01.000Z</time>
        <extensions>
          <ns3:TrackPointExtension>
            <ns3:hr>95</ns3:hr>
          </ns3:TrackPointExtension>
        </extensions>
      </trkpt>
      <trkpt lat="25.8578948490321636199951171875" lon="119.56802107393741607666015625">
        <ele>26.6000003814697265625</ele>
        <time>2025-05-24T10:34:04.000Z</time>
        <extensions>
          <ns3:TrackPointExtension>
            <ns3:hr>95</ns3:hr>
          </ns3:TrackPointExtension>
        </extensions>
      </trkpt>
      <trkpt lat="25.85790264420211315155029296875" lon="119.56800766289234161376953125">
        <ele>26.6000003814697265625</ele>
        <time>2025-05-24T10:34:05.000Z</time>
        <extensions>
          <ns3:TrackPointExtension>
            <ns3:hr>94</ns3:hr>
          </ns3:TrackPointExtension>
        </extensions>
      </trkpt>
      <trkpt lat="25.85792980156838893890380859375" lon="119.567918814718723297119140625">
        <ele>26.3999996185302734375</ele>
        <time>2025-05-24T10:34:12.000Z</time>
        <extensions>
          <ns3:TrackPointExtension>
            <ns3:hr>95</ns3:hr>
          </ns3:TrackPointExtension>
        </extensions>
      </trkpt>
      <trkpt lat="25.8579500019550323486328125" lon="119.56786273978650569915771484375">
        <ele>26.200000762939453125</ele>
        <time>2025-05-24T10:34:18.000Z</time>
        <extensions>
          <ns3:TrackPointExtension>
            <ns3:hr>94</ns3:hr>
          </ns3:TrackPointExtension>
        </extensions>
      </trkpt>
      <trkpt lat="25.85795779712498188018798828125" lon="119.56782937981188297271728515625">
        <ele>26.200000762939453125</ele>
        <time>2025-05-24T10:34:20.000Z</time>
        <extensions>
          <ns3:TrackPointExtension>
            <ns3:hr>94</ns3:hr>
          </ns3:TrackPointExtension>
        </extensions>
      </trkpt>
      <trkpt lat="25.85799886845052242279052734375" lon="119.567749164998531341552734375">
        <ele>26.200000762939453125</ele>
        <time>2025-05-24T10:34:26.000Z</time>
        <extensions>
          <ns3:TrackPointExtension>
            <ns3:hr>94</ns3:hr>
          </ns3:TrackPointExtension>
        </extensions>
      </trkpt>
      <trkpt lat="25.85804195143282413482666015625" lon="119.56766928546130657196044921875">
        <ele>26</ele>
        <time>2025-05-24T10:34:33.000Z</time>
        <extensions>
          <ns3:TrackPointExtension>
            <ns3:hr>95</ns3:hr>
          </ns3:TrackPointExtension>
        </extensions>
      </trkpt>
      <trkpt lat="25.85805184207856655120849609375" lon="119.56761329434812068939208984375">
        <ele>26</ele>
        <time>2025-05-24T10:34:39.000Z</time>
        <extensions>
          <ns3:TrackPointExtension>
            <ns3:hr>95</ns3:hr>
          </ns3:TrackPointExtension>
        </extensions>
      </trkpt>
      <trkpt lat="25.8580641634762287139892578125" lon="119.5675255358219146728515625">
        <ele>25.799999237060546875</ele>
        <time>2025-05-24T10:34:45.000Z</time>
        <extensions>
          <ns3:TrackPointExtension>
            <ns3:hr>95</ns3:hr>
          </ns3:TrackPointExtension>
        </extensions>
      </trkpt>
      <trkpt lat="25.85812057368457317352294921875" lon="119.5674563013017177581787109375">
        <ele>25.799999237060546875</ele>
        <time>2025-05-24T10:34:51.000Z</time>
        <extensions>
          <ns3:TrackPointExtension>
            <ns3:hr>95</ns3:hr>
          </ns3:TrackPointExtension>
        </extensions>
      </trkpt>
      <trkpt lat="25.8581389300525188446044921875" lon="119.5674019865691661834716796875">
        <ele>25.799999237060546875</ele>
        <time>2025-05-24T10:34:57.000Z</time>
        <extensions>
          <ns3:TrackPointExtension>
            <ns3:hr>95</ns3:hr>
          </ns3:TrackPointExtension>
        </extensions>
      </trkpt>
      <trkpt lat="25.85814018733799457550048828125" lon="119.5673889108002185821533203125">
        <ele>25.799999237060546875</ele>
        <time>2025-05-24T10:34:58.000Z</time>
        <extensions>
          <ns3:TrackPointExtension>
            <ns3:hr>95</ns3:hr>
          </ns3:TrackPointExtension>
        </extensions>
      </trkpt>
      <trkpt lat="25.85813985206186771392822265625" lon="119.56734716892242431640625">
        <ele>25.6000003814697265625</ele>
        <time>2025-05-24T10:35:02.000Z</time>
        <extensions>
          <ns3:TrackPointExtension>
            <ns3:hr>95</ns3:hr>
          </ns3:TrackPointExtension>
        </extensions>
      </trkpt>
      <trkpt lat="25.85814052261412143707275390625" lon="119.5673392899334430694580078125">
        <ele>25.6000003814697265625</ele>
        <time>2025-05-24T10:35:03.000Z</time>
        <extensions>
          <ns3:TrackPointExtension>
            <ns3:hr>95</ns3:hr>
          </ns3:TrackPointExtension>
        </extensions>
      </trkpt>
      <trkpt lat="25.85817958228290081024169921875" lon="119.56725538708269596099853515625">
        <ele>25.6000003814697265625</ele>
        <time>2025-05-24T10:35:09.000Z</time>
        <extensions>
          <ns3:TrackPointExtension>
            <ns3:hr>95</ns3:hr>
          </ns3:TrackPointExtension>
        </extensions>
      </trkpt>
      <trkpt lat="25.85820908658206462860107421875" lon="119.56717961467802524566650390625">
        <ele>25.6000003814697265625</ele>
        <time>2025-05-24T10:35:15.000Z</time>
        <extensions>
          <ns3:TrackPointExtension>
            <ns3:hr>95</ns3:hr>
          </ns3:TrackPointExtension>
        </extensions>
      </trkpt>
      <trkpt lat="25.85823356173932552337646484375" lon="119.56712764687836170196533203125">
        <ele>25.6000003814697265625</ele>
        <time>2025-05-24T10:35:21.000Z</time>
        <extensions>
          <ns3:TrackPointExtension>
            <ns3:hr>95</ns3:hr>
          </ns3:TrackPointExtension>
        </extensions>
      </trkpt>
      <trkpt lat="25.8582405187189579010009765625" lon="119.56704801879823207855224609375">
        <ele>25.6000003814697265625</ele>
        <time>2025-05-24T10:35:27.000Z</time>
        <extensions>
          <ns3:TrackPointExtension>
            <ns3:hr>95</ns3:hr>
          </ns3:TrackPointExtension>
        </extensions>
      </trkpt>
      <trkpt lat="25.858297683298587799072265625" lon="119.56697995774447917938232421875">
        <ele>25.3999996185302734375</ele>
        <time>2025-05-24T10:35:33.000Z</time>
        <extensions>
          <ns3:TrackPointExtension>
            <ns3:hr>95</ns3:hr>
          </ns3:TrackPointExtension>
        </extensions>
      </trkpt>
      <trkpt lat="25.858321487903594970703125" lon="119.5669051073491573333740234375">
        <ele>25.200000762939453125</ele>
        <time>2025-05-24T10:35:39.000Z</time>
        <extensions>
          <ns3:TrackPointExtension>
            <ns3:hr>94</ns3:hr>
          </ns3:TrackPointExtension>
        </extensions>
      </trkpt>
      <trkpt lat="25.85832542739808559417724609375" lon="119.56684517674148082733154296875">
        <ele>25.200000762939453125</ele>
        <time>2025-05-24T10:35:45.000Z</time>
        <extensions>
          <ns3:TrackPointExtension>
            <ns3:hr>95</ns3:hr>
          </ns3:TrackPointExtension>
        </extensions>
      </trkpt>
      <trkpt lat="25.8583276905119419097900390625" lon="119.5668320171535015106201171875">
        <ele>25.200000762939453125</ele>
        <time>2025-05-24T10:35:46.000Z</time>
        <extensions>
          <ns3:TrackPointExtension>
            <ns3:hr>95</ns3:hr>
          </ns3:TrackPointExtension>
        </extensions>
      </trkpt>
      <trkpt lat="25.85836281068623065948486328125" lon="119.5667532272636890411376953125">
        <ele>25.200000762939453125</ele>
        <time>2025-05-24T10:35:51.000Z</time>
        <extensions>
          <ns3:TrackPointExtension>
            <ns3:hr>95</ns3:hr>
          </ns3:TrackPointExtension>
        </extensions>
      </trkpt>
      <trkpt lat="25.85839927196502685546875" lon="119.56667083315551280975341796875">
        <ele>25.200000762939453125</ele>
        <time>2025-05-24T10:35:58.000Z</time>
        <extensions>
          <ns3:TrackPointExtension>
            <ns3:hr>94</ns3:hr>
          </ns3:TrackPointExtension>
        </extensions>
      </trkpt>
      <trkpt lat="25.85841159336268901824951171875" lon="119.56662020646035671234130859375">
        <ele>25</ele>
        <time>2025-05-24T10:36:03.000Z</time>
        <extensions>
          <ns3:TrackPointExtension>
            <ns3:hr>95</ns3:hr>
          </ns3:TrackPointExtension>
        </extensions>
      </trkpt>
      <trkpt lat="25.858443863689899444580078125" lon="119.5665483735501766204833984375">
        <ele>25</ele>
        <time>2025-05-24T10:36:10.000Z</time>
        <extensions>
          <ns3:TrackPointExtension>
            <ns3:hr>96</ns3:hr>
          </ns3:TrackPointExtension>
        </extensions>
      </trkpt>
      <trkpt lat="25.858493484556674957275390625" lon="119.5664699189364910125732421875">
        <ele>25.200000762939453125</ele>
        <time>2025-05-24T10:36:16.000Z</time>
        <extensions>
          <ns3:TrackPointExtension>
            <ns3:hr>97</ns3:hr>
          </ns3:TrackPointExtension>
        </extensions>
      </trkpt>
      <trkpt lat="25.8584913052618503570556640625" lon="119.5664377324283123016357421875">
        <ele>25</ele>
        <time>2025-05-24T10:36:19.000Z</time>
        <extensions>
          <ns3:TrackPointExtension>
            <ns3:hr>96</ns3:hr>
          </ns3:TrackPointExtension>
        </extensions>
      </trkpt>
      <trkpt lat="25.85848937742412090301513671875" lon="119.5664239861071109771728515625">
        <ele>25</ele>
        <time>2025-05-24T10:36:21.000Z</time>
        <extensions>
          <ns3:TrackPointExtension>
            <ns3:hr>96</ns3:hr>
          </ns3:TrackPointExtension>
        </extensions>
      </trkpt>
      <trkpt lat="25.8585090748965740203857421875" lon="119.566384591162204742431640625">
        <ele>25</ele>
        <time>2025-05-24T10:36:25.000Z</time>
        <extensions>
          <ns3:TrackPointExtension>
            <ns3:hr>95</ns3:hr>
          </ns3:TrackPointExtension>
        </extensions>
      </trkpt>
      <trkpt lat="25.85852206684648990631103515625" lon="119.5663549192249774932861328125">
        <ele>24.799999237060546875</ele>
        <time>2025-05-24T10:36:27.000Z</time>
        <extensions>
          <ns3:TrackPointExtension>
            <ns3:hr>94</ns3:hr>
          </ns3:TrackPointExtension>
        </extensions>
      </trkpt>
      <trkpt lat="25.85856464691460132598876953125" lon="119.5662863552570343017578125">
        <ele>24.799999237060546875</ele>
        <time>2025-05-24T10:36:32.000Z</time>
        <extensions>
          <ns3:TrackPointExtension>
            <ns3:hr>93</ns3:hr>
          </ns3:TrackPointExtension>
        </extensions>
      </trkpt>
      <trkpt lat="25.8586259186267852783203125" lon="119.5662620477378368377685546875">
        <ele>24.6000003814697265625</ele>
        <time>2025-05-24T10:36:38.000Z</time>
        <extensions>
          <ns3:TrackPointExtension>
            <ns3:hr>94</ns3:hr>
          </ns3:TrackPointExtension>
        </extensions>
      </trkpt>
      <trkpt lat="25.85866145789623260498046875" lon="119.56627034582197666168212890625">
        <ele>24.6000003814697265625</ele>
        <time>2025-05-24T10:36:42.000Z</time>
        <extensions>
          <ns3:TrackPointExtension>
            <ns3:hr>94</ns3:hr>
          </ns3:TrackPointExtension>
        </extensions>
      </trkpt>
      <trkpt lat="25.85868869908154010772705078125" lon="119.56628744490444660186767578125">
        <ele>24.6000003814697265625</ele>
        <time>2025-05-24T10:36:44.000Z</time>
        <extensions>
          <ns3:TrackPointExtension>
            <ns3:hr>94</ns3:hr>
          </ns3:TrackPointExtension>
        </extensions>
      </trkpt>
      <trkpt lat="25.85875332355499267578125" lon="119.56633337773382663726806640625">
        <ele>24.3999996185302734375</ele>
        <time>2025-05-24T10:36:49.000Z</time>
        <extensions>
          <ns3:TrackPointExtension>
            <ns3:hr>94</ns3:hr>
          </ns3:TrackPointExtension>
        </extensions>
      </trkpt>
      <trkpt lat="25.8587987534701824188232421875" lon="119.56635517068207263946533203125">
        <ele>24.3999996185302734375</ele>
        <time>2025-05-24T10:36:54.000Z</time>
        <extensions>
          <ns3:TrackPointExtension>
            <ns3:hr>94</ns3:hr>
          </ns3:TrackPointExtension>
        </extensions>
      </trkpt>
      <trkpt lat="25.85880772210657596588134765625" lon="119.5663602836430072784423828125">
        <ele>24.3999996185302734375</ele>
        <time>2025-05-24T10:36:55.000Z</time>
        <extensions>
          <ns3:TrackPointExtension>
            <ns3:hr>94</ns3:hr>
          </ns3:TrackPointExtension>
        </extensions>
      </trkpt>
      <trkpt lat="25.85882683284580707550048828125" lon="119.56636883318424224853515625">
        <ele>24.3999996185302734375</ele>
        <time>2025-05-24T10:36:57.000Z</time>
        <extensions>
          <ns3:TrackPointExtension>
            <ns3:hr>94</ns3:hr>
          </ns3:TrackPointExtension>
        </extensions>
      </trkpt>
      <trkpt lat="25.8588564209640026092529296875" lon="119.56639959476888179779052734375">
        <ele>24.6000003814697265625</ele>
        <time>2025-05-24T10:37:00.000Z</time>
        <extensions>
          <ns3:TrackPointExtension>
            <ns3:hr>94</ns3:hr>
          </ns3:TrackPointExtension>
        </extensions>
      </trkpt>
      <trkpt lat="25.8589217998087406158447265625" lon="119.56643915735185146331787109375">
        <ele>24.200000762939453125</ele>
        <time>2025-05-24T10:37:06.000Z</time>
        <extensions>
          <ns3:TrackPointExtension>
            <ns3:hr>94</ns3:hr>
          </ns3:TrackPointExtension>
        </extensions>
      </trkpt>
      <trkpt lat="25.85894451476633548736572265625" lon="119.56645022146403789520263671875">
        <ele>24.6000003814697265625</ele>
        <time>2025-05-24T10:37:09.000Z</time>
        <extensions>
          <ns3:TrackPointExtension>
            <ns3:hr>95</ns3:hr>
          </ns3:TrackPointExtension>
        </extensions>
      </trkpt>
      <trkpt lat="25.859166719019412994384765625" lon="119.5665218867361545562744140625">
        <ele>24.200000762939453125</ele>
        <time>2025-05-24T10:39:20.000Z</time>
        <extensions>
          <ns3:TrackPointExtension>
            <ns3:hr>95</ns3:hr>
          </ns3:TrackPointExtension>
        </extensions>
      </trkpt>
      <trkpt lat="25.85917719639837741851806640625" lon="119.5665384829044342041015625">
        <ele>24.200000762939453125</ele>
        <time>2025-05-24T10:39:22.000Z</time>
        <extensions>
          <ns3:TrackPointExtension>
            <ns3:hr>95</ns3:hr>
          </ns3:TrackPointExtension>
        </extensions>
      </trkpt>
      <trkpt lat="25.8591916970908641815185546875" lon="119.56654317677021026611328125">
        <ele>24</ele>
        <time>2025-05-24T10:39:24.000Z</time>
        <extensions>
          <ns3:TrackPointExtension>
            <ns3:hr>94</ns3:hr>
          </ns3:TrackPointExtension>
        </extensions>
      </trkpt>
      <trkpt lat="25.8592218719422817230224609375" lon="119.56654527224600315093994140625">
        <ele>23.799999237060546875</ele>
        <time>2025-05-24T10:39:27.000Z</time>
        <extensions>
          <ns3:TrackPointExtension>
            <ns3:hr>94</ns3:hr>
          </ns3:TrackPointExtension>
        </extensions>
      </trkpt>
      <trkpt lat="25.859247185289859771728515625" lon="119.56654460169374942779541015625">
        <ele>23.799999237060546875</ele>
        <time>2025-05-24T10:39:29.000Z</time>
        <extensions>
          <ns3:TrackPointExtension>
            <ns3:hr>95</ns3:hr>
          </ns3:TrackPointExtension>
        </extensions>
      </trkpt>
      <trkpt lat="25.85929848253726959228515625" lon="119.56659439019858837127685546875">
        <ele>23.799999237060546875</ele>
        <time>2025-05-24T10:39:34.000Z</time>
        <extensions>
          <ns3:TrackPointExtension>
            <ns3:hr>94</ns3:hr>
          </ns3:TrackPointExtension>
        </extensions>
      </trkpt>
      <trkpt lat="25.859349109232425689697265625" lon="119.56662875600159168243408203125">
        <ele>23.799999237060546875</ele>
        <time>2025-05-24T10:39:39.000Z</time>
        <extensions>
          <ns3:TrackPointExtension>
            <ns3:hr>91</ns3:hr>
          </ns3:TrackPointExtension>
        </extensions>
      </trkpt>
      <trkpt lat="25.859368555247783660888671875" lon="119.56663143821060657501220703125">
        <ele>23.799999237060546875</ele>
        <time>2025-05-24T10:39:41.000Z</time>
        <extensions>
          <ns3:TrackPointExtension>
            <ns3:hr>89</ns3:hr>
          </ns3:TrackPointExtension>
        </extensions>
      </trkpt>
      <trkpt lat="25.85940015502274036407470703125" lon="119.56664283759891986846923828125">
        <ele>23.6000003814697265625</ele>
        <time>2025-05-24T10:39:45.000Z</time>
        <extensions>
          <ns3:TrackPointExtension>
            <ns3:hr>90</ns3:hr>
          </ns3:TrackPointExtension>
        </extensions>
      </trkpt>
      <trkpt lat="25.85941088385879993438720703125" lon="119.56665390171110630035400390625">
        <ele>23.6000003814697265625</ele>
        <time>2025-05-24T10:39:46.000Z</time>
        <extensions>
          <ns3:TrackPointExtension>
            <ns3:hr>90</ns3:hr>
          </ns3:TrackPointExtension>
        </extensions>
      </trkpt>
      <trkpt lat="25.859422199428081512451171875" lon="119.56666521728038787841796875">
        <ele>23.6000003814697265625</ele>
        <time>2025-05-24T10:39:47.000Z</time>
        <extensions>
          <ns3:TrackPointExtension>
            <ns3:hr>92</ns3:hr>
          </ns3:TrackPointExtension>
        </extensions>
      </trkpt>
      <trkpt lat="25.85944600403308868408203125" lon="119.566675610840320587158203125">
        <ele>23.6000003814697265625</ele>
        <time>2025-05-24T10:39:49.000Z</time>
        <extensions>
          <ns3:TrackPointExtension>
            <ns3:hr>95</ns3:hr>
          </ns3:TrackPointExtension>
        </extensions>
      </trkpt>
      <trkpt lat="25.859499312937259674072265625" lon="119.566707126796245574951171875">
        <ele>23.6000003814697265625</ele>
        <time>2025-05-24T10:39:53.000Z</time>
        <extensions>
          <ns3:TrackPointExtension>
            <ns3:hr>96</ns3:hr>
          </ns3:TrackPointExtension>
        </extensions>
      </trkpt>
      <trkpt lat="25.85957701317965984344482421875" lon="119.5667530596256256103515625">
        <ele>23.6000003814697265625</ele>
        <time>2025-05-24T10:40:00.000Z</time>
        <extensions>
          <ns3:TrackPointExtension>
            <ns3:hr>97</ns3:hr>
          </ns3:TrackPointExtension>
        </extensions>
      </trkpt>
      <trkpt lat="25.8596258796751499176025390625" lon="119.566749371588230133056640625">
        <ele>23.6000003814697265625</ele>
        <time>2025-05-24T10:40:06.000Z</time>
        <extensions>
          <ns3:TrackPointExtension>
            <ns3:hr>96</ns3:hr>
          </ns3:TrackPointExtension>
        </extensions>
      </trkpt>
      <trkpt lat="25.859697796404361724853515625" lon="119.566779546439647674560546875">
        <ele>23.3999996185302734375</ele>
        <time>2025-05-24T10:40:13.000Z</time>
        <extensions>
          <ns3:TrackPointExtension>
            <ns3:hr>96</ns3:hr>
          </ns3:TrackPointExtension>
        </extensions>
      </trkpt>
      <trkpt lat="25.85975588299334049224853515625" lon="119.5668038539588451385498046875">
        <ele>23.3999996185302734375</ele>
        <time>2025-05-24T10:40:18.000Z</time>
        <extensions>
          <ns3:TrackPointExtension>
            <ns3:hr>94</ns3:hr>
          </ns3:TrackPointExtension>
        </extensions>
      </trkpt>
      <trkpt lat="25.85980248637497425079345703125" lon="119.5668068714439868927001953125">
        <ele>23.3999996185302734375</ele>
        <time>2025-05-24T10:40:22.000Z</time>
        <extensions>
          <ns3:TrackPointExtension>
            <ns3:hr>95</ns3:hr>
          </ns3:TrackPointExtension>
        </extensions>
      </trkpt>
      <trkpt lat="25.85981572978198528289794921875" lon="119.56680066883563995361328125">
        <ele>23.3999996185302734375</ele>
        <time>2025-05-24T10:40:24.000Z</time>
        <extensions>
          <ns3:TrackPointExtension>
            <ns3:hr>95</ns3:hr>
          </ns3:TrackPointExtension>
        </extensions>
      </trkpt>
      <trkpt lat="25.85982277058064937591552734375" lon="119.56679907627403736114501953125">
        <ele>23.3999996185302734375</ele>
        <time>2025-05-24T10:40:25.000Z</time>
        <extensions>
          <ns3:TrackPointExtension>
            <ns3:hr>95</ns3:hr>
          </ns3:TrackPointExtension>
        </extensions>
      </trkpt>
      <trkpt lat="25.85983836092054843902587890625" lon="119.56679932773113250732421875">
        <ele>23.6000003814697265625</ele>
        <time>2025-05-24T10:40:27.000Z</time>
        <extensions>
          <ns3:TrackPointExtension>
            <ns3:hr>95</ns3:hr>
          </ns3:TrackPointExtension>
        </extensions>
      </trkpt>
      <trkpt lat="25.85988362319767475128173828125" lon="119.56680930219590663909912109375">
        <ele>23.6000003814697265625</ele>
        <time>2025-05-24T10:40:30.000Z</time>
        <extensions>
          <ns3:TrackPointExtension>
            <ns3:hr>95</ns3:hr>
          </ns3:TrackPointExtension>
        </extensions>
      </trkpt>
      <trkpt lat="25.85996878333389759063720703125" lon="119.5668001659214496612548828125">
        <ele>23.6000003814697265625</ele>
        <time>2025-05-24T10:40:37.000Z</time>
        <extensions>
          <ns3:TrackPointExtension>
            <ns3:hr>96</ns3:hr>
          </ns3:TrackPointExtension>
        </extensions>
      </trkpt>
      <trkpt lat="25.85998889990150928497314453125" lon="119.56678348593413829803466796875">
        <ele>23.6000003814697265625</ele>
        <time>2025-05-24T10:40:41.000Z</time>
        <extensions>
          <ns3:TrackPointExtension>
            <ns3:hr>96</ns3:hr>
          </ns3:TrackPointExtension>
        </extensions>
      </trkpt>
      <trkpt lat="25.8600161410868167877197265625" lon="119.5667683146893978118896484375">
        <ele>23.6000003814697265625</ele>
        <time>2025-05-24T10:40:44.000Z</time>
        <extensions>
          <ns3:TrackPointExtension>
            <ns3:hr>97</ns3:hr>
          </ns3:TrackPointExtension>
        </extensions>
      </trkpt>
      <trkpt lat="25.86006157100200653076171875" lon="119.5667664706707000732421875">
        <ele>23.6000003814697265625</ele>
        <time>2025-05-24T10:40:47.000Z</time>
        <extensions>
          <ns3:TrackPointExtension>
            <ns3:hr>98</ns3:hr>
          </ns3:TrackPointExtension>
        </extensions>
      </trkpt>
      <trkpt lat="25.8601214177906513214111328125" lon="119.56673855893313884735107421875">
        <ele>23.6000003814697265625</ele>
        <time>2025-05-24T10:40:52.000Z</time>
        <extensions>
          <ns3:TrackPointExtension>
            <ns3:hr>100</ns3:hr>
          </ns3:TrackPointExtension>
        </extensions>
      </trkpt>
      <trkpt lat="25.86015653796494007110595703125" lon="119.5667103119194507598876953125">
        <ele>23.3999996185302734375</ele>
        <time>2025-05-24T10:40:57.000Z</time>
        <extensions>
          <ns3:TrackPointExtension>
            <ns3:hr>98</ns3:hr>
          </ns3:TrackPointExtension>
        </extensions>
      </trkpt>
      <trkpt lat="25.86016491986811161041259765625" lon="119.5667032711207866668701171875">
        <ele>23.3999996185302734375</ele>
        <time>2025-05-24T10:40:58.000Z</time>
        <extensions>
          <ns3:TrackPointExtension>
            <ns3:hr>98</ns3:hr>
          </ns3:TrackPointExtension>
        </extensions>
      </trkpt>
      <trkpt lat="25.86018252186477184295654296875" lon="119.56668843515217304229736328125">
        <ele>23.3999996185302734375</ele>
        <time>2025-05-24T10:41:00.000Z</time>
        <extensions>
          <ns3:TrackPointExtension>
            <ns3:hr>97</ns3:hr>
          </ns3:TrackPointExtension>
        </extensions>
      </trkpt>
      <trkpt lat="25.860216133296489715576171875" lon="119.56667485646903514862060546875">
        <ele>23.3999996185302734375</ele>
        <time>2025-05-24T10:41:03.000Z</time>
        <extensions>
          <ns3:TrackPointExtension>
            <ns3:hr>96</ns3:hr>
          </ns3:TrackPointExtension>
        </extensions>
      </trkpt>
      <trkpt lat="25.86028419435024261474609375" lon="119.566633366048336029052734375">
        <ele>23.3999996185302734375</ele>
        <time>2025-05-24T10:41:09.000Z</time>
        <extensions>
          <ns3:TrackPointExtension>
            <ns3:hr>93</ns3:hr>
          </ns3:TrackPointExtension>
        </extensions>
      </trkpt>
      <trkpt lat="25.8602910675108432769775390625" lon="119.56662775017321109771728515625">
        <ele>23.3999996185302734375</ele>
        <time>2025-05-24T10:41:10.000Z</time>
        <extensions>
          <ns3:TrackPointExtension>
            <ns3:hr>93</ns3:hr>
          </ns3:TrackPointExtension>
        </extensions>
      </trkpt>
      <trkpt lat="25.86029685102403163909912109375" lon="119.56662096083164215087890625">
        <ele>23.3999996185302734375</ele>
        <time>2025-05-24T10:41:11.000Z</time>
        <extensions>
          <ns3:TrackPointExtension>
            <ns3:hr>92</ns3:hr>
          </ns3:TrackPointExtension>
        </extensions>
      </trkpt>
      <trkpt lat="25.86031612940132617950439453125" lon="119.566593468189239501953125">
        <ele>23.3999996185302734375</ele>
        <time>2025-05-24T10:41:14.000Z</time>
        <extensions>
          <ns3:TrackPointExtension>
            <ns3:hr>92</ns3:hr>
          </ns3:TrackPointExtension>
        </extensions>
      </trkpt>
      <trkpt lat="25.8603259362280368804931640625" lon="119.56658449955284595489501953125">
        <ele>23.3999996185302734375</ele>
        <time>2025-05-24T10:41:15.000Z</time>
        <extensions>
          <ns3:TrackPointExtension>
            <ns3:hr>92</ns3:hr>
          </ns3:TrackPointExtension>
        </extensions>
      </trkpt>
      <trkpt lat="25.860387124121189117431640625" lon="119.56657326780259609222412109375">
        <ele>23.3999996185302734375</ele>
        <time>2025-05-24T10:41:20.000Z</time>
        <extensions>
          <ns3:TrackPointExtension>
            <ns3:hr>94</ns3:hr>
          </ns3:TrackPointExtension>
        </extensions>
      </trkpt>
      <trkpt lat="25.860434062778949737548828125" lon="119.56655315123498439788818359375">
        <ele>23.3999996185302734375</ele>
        <time>2025-05-24T10:41:25.000Z</time>
        <extensions>
          <ns3:TrackPointExtension>
            <ns3:hr>95</ns3:hr>
          </ns3:TrackPointExtension>
        </extensions>
      </trkpt>
      <trkpt lat="25.86043766699731349945068359375" lon="119.56654585897922515869140625">
        <ele>23.3999996185302734375</ele>
        <time>2025-05-24T10:41:26.000Z</time>
        <extensions>
          <ns3:TrackPointExtension>
            <ns3:hr>95</ns3:hr>
          </ns3:TrackPointExtension>
        </extensions>
      </trkpt>
      <trkpt lat="25.86047035641968250274658203125" lon="119.56652306020259857177734375">
        <ele>23.3999996185302734375</ele>
        <time>2025-05-24T10:41:30.000Z</time>
        <extensions>
          <ns3:TrackPointExtension>
            <ns3:hr>94</ns3:hr>
          </ns3:TrackPointExtension>
        </extensions>
      </trkpt>
      <trkpt lat="25.86048460565507411956787109375" lon="119.5665128342807292938232421875">
        <ele>23.3999996185302734375</ele>
        <time>2025-05-24T10:41:31.000Z</time>
        <extensions>
          <ns3:TrackPointExtension>
            <ns3:hr>95</ns3:hr>
          </ns3:TrackPointExtension>
        </extensions>
      </trkpt>
      <trkpt lat="25.86054512299597263336181640625" lon="119.56649011932313442230224609375">
        <ele>23.3999996185302734375</ele>
        <time>2025-05-24T10:41:36.000Z</time>
        <extensions>
          <ns3:TrackPointExtension>
            <ns3:hr>94</ns3:hr>
          </ns3:TrackPointExtension>
        </extensions>
      </trkpt>
      <trkpt lat="25.8606045506894588470458984375" lon="119.56644217483699321746826171875">
        <ele>23.3999996185302734375</ele>
        <time>2025-05-24T10:41:42.000Z</time>
        <extensions>
          <ns3:TrackPointExtension>
            <ns3:hr>94</ns3:hr>
          </ns3:TrackPointExtension>
        </extensions>
      </trkpt>
      <trkpt lat="25.86062776856124401092529296875" lon="119.56641132943332195281982421875">
        <ele>23.3999996185302734375</ele>
        <time>2025-05-24T10:41:46.000Z</time>
        <extensions>
          <ns3:TrackPointExtension>
            <ns3:hr>94</ns3:hr>
          </ns3:TrackPointExtension>
        </extensions>
      </trkpt>
      <trkpt lat="25.8606364019215106964111328125" lon="119.56640076823532581329345703125">
        <ele>23.3999996185302734375</ele>
        <time>2025-05-24T10:41:48.000Z</time>
        <extensions>
          <ns3:TrackPointExtension>
            <ns3:hr>94</ns3:hr>
          </ns3:TrackPointExtension>
        </extensions>
      </trkpt>
      <trkpt lat="25.86070337332785129547119140625" lon="119.5663777180016040802001953125">
        <ele>23.3999996185302734375</ele>
        <time>2025-05-24T10:41:53.000Z</time>
        <extensions>
          <ns3:TrackPointExtension>
            <ns3:hr>94</ns3:hr>
          </ns3:TrackPointExtension>
        </extensions>
      </trkpt>
      <trkpt lat="25.8607473783195018768310546875" lon="119.566348381340503692626953125">
        <ele>23.3999996185302734375</ele>
        <time>2025-05-24T10:41:58.000Z</time>
        <extensions>
          <ns3:TrackPointExtension>
            <ns3:hr>94</ns3:hr>
          </ns3:TrackPointExtension>
        </extensions>
      </trkpt>
      <trkpt lat="25.86077143438160419464111328125" lon="119.56631963141262531280517578125">
        <ele>23.3999996185302734375</ele>
        <time>2025-05-24T10:42:02.000Z</time>
        <extensions>
          <ns3:TrackPointExtension>
            <ns3:hr>94</ns3:hr>
          </ns3:TrackPointExtension>
        </extensions>
      </trkpt>
      <trkpt lat="25.860790126025676727294921875" lon="119.56630446016788482666015625">
        <ele>23.3999996185302734375</ele>
        <time>2025-05-24T10:42:04.000Z</time>
        <extensions>
          <ns3:TrackPointExtension>
            <ns3:hr>95</ns3:hr>
          </ns3:TrackPointExtension>
        </extensions>
      </trkpt>
      <trkpt lat="25.86085609160363674163818359375" lon="119.566279985010623931884765625">
        <ele>23.200000762939453125</ele>
        <time>2025-05-24T10:42:09.000Z</time>
        <extensions>
          <ns3:TrackPointExtension>
            <ns3:hr>96</ns3:hr>
          </ns3:TrackPointExtension>
        </extensions>
      </trkpt>
      <trkpt lat="25.86090655066072940826416015625" lon="119.56626380793750286102294921875">
        <ele>23.200000762939453125</ele>
        <time>2025-05-24T10:42:14.000Z</time>
        <extensions>
          <ns3:TrackPointExtension>
            <ns3:hr>97</ns3:hr>
          </ns3:TrackPointExtension>
        </extensions>
      </trkpt>
      <trkpt lat="25.8609421737492084503173828125" lon="119.56625425256788730621337890625">
        <ele>23.200000762939453125</ele>
        <time>2025-05-24T10:42:18.000Z</time>
        <extensions>
          <ns3:TrackPointExtension>
            <ns3:hr>98</ns3:hr>
          </ns3:TrackPointExtension>
        </extensions>
      </trkpt>
      <trkpt lat="25.86096606217324733734130859375" lon="119.5662419311702251434326171875">
        <ele>23.200000762939453125</ele>
        <time>2025-05-24T10:42:20.000Z</time>
        <extensions>
          <ns3:TrackPointExtension>
            <ns3:hr>99</ns3:hr>
          </ns3:TrackPointExtension>
        </extensions>
      </trkpt>
      <trkpt lat="25.86103579960763454437255859375" lon="119.56623413600027561187744140625">
        <ele>23.200000762939453125</ele>
        <time>2025-05-24T10:42:26.000Z</time>
        <extensions>
          <ns3:TrackPointExtension>
            <ns3:hr>101</ns3:hr>
          </ns3:TrackPointExtension>
        </extensions>
      </trkpt>
      <trkpt lat="25.86110495030879974365234375" lon="119.56622256897389888763427734375">
        <ele>23</ele>
        <time>2025-05-24T10:42:32.000Z</time>
        <extensions>
          <ns3:TrackPointExtension>
            <ns3:hr>101</ns3:hr>
          </ns3:TrackPointExtension>
        </extensions>
      </trkpt>
      <trkpt lat="25.86114845238626003265380859375" lon="119.5662219822406768798828125">
        <ele>23.200000762939453125</ele>
        <time>2025-05-24T10:42:36.000Z</time>
        <extensions>
          <ns3:TrackPointExtension>
            <ns3:hr>101</ns3:hr>
          </ns3:TrackPointExtension>
        </extensions>
      </trkpt>
      <trkpt lat="25.861185081303119659423828125" lon="119.56621670164167881011962890625">
        <ele>23.200000762939453125</ele>
        <time>2025-05-24T10:42:41.000Z</time>
        <extensions>
          <ns3:TrackPointExtension>
            <ns3:hr>101</ns3:hr>
          </ns3:TrackPointExtension>
        </extensions>
      </trkpt>
      <trkpt lat="25.86126579903066158294677734375" lon="119.5662362314760684967041015625">
        <ele>23.200000762939453125</ele>
        <time>2025-05-24T10:42:46.000Z</time>
        <extensions>
          <ns3:TrackPointExtension>
            <ns3:hr>100</ns3:hr>
          </ns3:TrackPointExtension>
        </extensions>
      </trkpt>
      <trkpt lat="25.86131391115486621856689453125" lon="119.5662664063274860382080078125">
        <ele>23.200000762939453125</ele>
        <time>2025-05-24T10:42:51.000Z</time>
        <extensions>
          <ns3:TrackPointExtension>
            <ns3:hr>97</ns3:hr>
          </ns3:TrackPointExtension>
        </extensions>
      </trkpt>
      <trkpt lat="25.86131944321095943450927734375" lon="119.56626565195620059967041015625">
        <ele>23.200000762939453125</ele>
        <time>2025-05-24T10:42:52.000Z</time>
        <extensions>
          <ns3:TrackPointExtension>
            <ns3:hr>96</ns3:hr>
          </ns3:TrackPointExtension>
        </extensions>
      </trkpt>
      <trkpt lat="25.86137040518224239349365234375" lon="119.56628224812448024749755859375">
        <ele>23.3999996185302734375</ele>
        <time>2025-05-24T10:42:58.000Z</time>
        <extensions>
          <ns3:TrackPointExtension>
            <ns3:hr>94</ns3:hr>
          </ns3:TrackPointExtension>
        </extensions>
      </trkpt>
      <trkpt lat="25.86144827306270599365234375" lon="119.56632600165903568267822265625">
        <ele>23.200000762939453125</ele>
        <time>2025-05-24T10:43:05.000Z</time>
        <extensions>
          <ns3:TrackPointExtension>
            <ns3:hr>94</ns3:hr>
          </ns3:TrackPointExtension>
        </extensions>
      </trkpt>
      <trkpt lat="25.86152781732380390167236328125" lon="119.5663654804229736328125">
        <ele>23.3999996185302734375</ele>
        <time>2025-05-24T10:43:12.000Z</time>
        <extensions>
          <ns3:TrackPointExtension>
            <ns3:hr>94</ns3:hr>
          </ns3:TrackPointExtension>
        </extensions>
      </trkpt>
      <trkpt lat="25.86158213205635547637939453125" lon="119.566377215087413787841796875">
        <ele>23.200000762939453125</ele>
        <time>2025-05-24T10:43:17.000Z</time>
        <extensions>
          <ns3:TrackPointExtension>
            <ns3:hr>94</ns3:hr>
          </ns3:TrackPointExtension>
        </extensions>
      </trkpt>
      <trkpt lat="25.861631333827972412109375" lon="119.56639272160828113555908203125">
        <ele>23.200000762939453125</ele>
        <time>2025-05-24T10:43:22.000Z</time>
        <extensions>
          <ns3:TrackPointExtension>
            <ns3:hr>94</ns3:hr>
          </ns3:TrackPointExtension>
        </extensions>
      </trkpt>
      <trkpt lat="25.86168036796152591705322265625" lon="119.56642205826938152313232421875">
        <ele>23.200000762939453125</ele>
        <time>2025-05-24T10:43:28.000Z</time>
        <extensions>
          <ns3:TrackPointExtension>
            <ns3:hr>94</ns3:hr>
          </ns3:TrackPointExtension>
        </extensions>
      </trkpt>
      <trkpt lat="25.8617525361478328704833984375" lon="119.56646581180393695831298828125">
        <ele>23.200000762939453125</ele>
        <time>2025-05-24T10:43:35.000Z</time>
        <extensions>
          <ns3:TrackPointExtension>
            <ns3:hr>96</ns3:hr>
          </ns3:TrackPointExtension>
        </extensions>
      </trkpt>
      <trkpt lat="25.861793942749500274658203125" lon="119.56648274324834346771240234375">
        <ele>23.200000762939453125</ele>
        <time>2025-05-24T10:43:40.000Z</time>
        <extensions>
          <ns3:TrackPointExtension>
            <ns3:hr>96</ns3:hr>
          </ns3:TrackPointExtension>
        </extensions>
      </trkpt>
      <trkpt lat="25.86185219697654247283935546875" lon="119.5665037818253040313720703125">
        <ele>23</ele>
        <time>2025-05-24T10:43:45.000Z</time>
        <extensions>
          <ns3:TrackPointExtension>
            <ns3:hr>96</ns3:hr>
          </ns3:TrackPointExtension>
        </extensions>
      </trkpt>
      <trkpt lat="25.8619037456810474395751953125" lon="119.56646807491779327392578125">
        <ele>23</ele>
        <time>2025-05-24T10:43:51.000Z</time>
        <extensions>
          <ns3:TrackPointExtension>
            <ns3:hr>97</ns3:hr>
          </ns3:TrackPointExtension>
        </extensions>
      </trkpt>
      <trkpt lat="25.8619265444576740264892578125" lon="119.56645927391946315765380859375">
        <ele>23</ele>
        <time>2025-05-24T10:43:54.000Z</time>
        <extensions>
          <ns3:TrackPointExtension>
            <ns3:hr>97</ns3:hr>
          </ns3:TrackPointExtension>
        </extensions>
      </trkpt>
      <trkpt lat="25.8619771711528301239013671875" lon="119.5664370618760585784912109375">
        <ele>22.799999237060546875</ele>
        <time>2025-05-24T10:43:58.000Z</time>
        <extensions>
          <ns3:TrackPointExtension>
            <ns3:hr>97</ns3:hr>
          </ns3:TrackPointExtension>
        </extensions>
      </trkpt>
      <trkpt lat="25.862013883888721466064453125" lon="119.56638836301863193511962890625">
        <ele>22.799999237060546875</ele>
        <time>2025-05-24T10:44:03.000Z</time>
        <extensions>
          <ns3:TrackPointExtension>
            <ns3:hr>97</ns3:hr>
          </ns3:TrackPointExtension>
        </extensions>
      </trkpt>
      <trkpt lat="25.86203827522695064544677734375" lon="119.56633530557155609130859375">
        <ele>22.6000003814697265625</ele>
        <time>2025-05-24T10:44:08.000Z</time>
        <extensions>
          <ns3:TrackPointExtension>
            <ns3:hr>96</ns3:hr>
          </ns3:TrackPointExtension>
        </extensions>
      </trkpt>
      <trkpt lat="25.862038694322109222412109375" lon="119.56632415764033794403076171875">
        <ele>22.6000003814697265625</ele>
        <time>2025-05-24T10:44:09.000Z</time>
        <extensions>
          <ns3:TrackPointExtension>
            <ns3:hr>97</ns3:hr>
          </ns3:TrackPointExtension>
        </extensions>
      </trkpt>
      <trkpt lat="25.8620417118072509765625" lon="119.56630337052047252655029296875">
        <ele>22.3999996185302734375</ele>
        <time>2025-05-24T10:44:11.000Z</time>
        <extensions>
          <ns3:TrackPointExtension>
            <ns3:hr>96</ns3:hr>
          </ns3:TrackPointExtension>
        </extensions>
      </trkpt>
      <trkpt lat="25.86205822415649890899658203125" lon="119.566277973353862762451171875">
        <ele>22.3999996185302734375</ele>
        <time>2025-05-24T10:44:13.000Z</time>
        <extensions>
          <ns3:TrackPointExtension>
            <ns3:hr>96</ns3:hr>
          </ns3:TrackPointExtension>
        </extensions>
      </trkpt>
      <trkpt lat="25.862065851688385009765625" lon="119.5662680827081203460693359375">
        <ele>22.3999996185302734375</ele>
        <time>2025-05-24T10:44:14.000Z</time>
        <extensions>
          <ns3:TrackPointExtension>
            <ns3:hr>96</ns3:hr>
          </ns3:TrackPointExtension>
        </extensions>
      </trkpt>
      <trkpt lat="25.8620948530733585357666015625" lon="119.566224329173564910888671875">
        <ele>22.200000762939453125</ele>
        <time>2025-05-24T10:44:20.000Z</time>
        <extensions>
          <ns3:TrackPointExtension>
            <ns3:hr>96</ns3:hr>
          </ns3:TrackPointExtension>
        </extensions>
      </trkpt>
      <trkpt lat="25.86211555637419223785400390625" lon="119.566139169037342071533203125">
        <ele>22.200000762939453125</ele>
        <time>2025-05-24T10:44:27.000Z</time>
        <extensions>
          <ns3:TrackPointExtension>
            <ns3:hr>97</ns3:hr>
          </ns3:TrackPointExtension>
        </extensions>
      </trkpt>
      <trkpt lat="25.86215528659522533416748046875" lon="119.5660799928009510040283203125">
        <ele>22</ele>
        <time>2025-05-24T10:44:32.000Z</time>
        <extensions>
          <ns3:TrackPointExtension>
            <ns3:hr>97</ns3:hr>
          </ns3:TrackPointExtension>
        </extensions>
      </trkpt>
      <trkpt lat="25.862170793116092681884765625" lon="119.56603062339127063751220703125">
        <ele>21.799999237060546875</ele>
        <time>2025-05-24T10:44:37.000Z</time>
        <extensions>
          <ns3:TrackPointExtension>
            <ns3:hr>97</ns3:hr>
          </ns3:TrackPointExtension>
        </extensions>
      </trkpt>
      <trkpt lat="25.8621930889785289764404296875" lon="119.56596926786005496978759765625">
        <ele>21.799999237060546875</ele>
        <time>2025-05-24T10:44:42.000Z</time>
        <extensions>
          <ns3:TrackPointExtension>
            <ns3:hr>96</ns3:hr>
          </ns3:TrackPointExtension>
        </extensions>
      </trkpt>
      <trkpt lat="25.862213708460330963134765625" lon="119.56593976356089115142822265625">
        <ele>21.6000003814697265625</ele>
        <time>2025-05-24T10:44:45.000Z</time>
        <extensions>
          <ns3:TrackPointExtension>
            <ns3:hr>96</ns3:hr>
          </ns3:TrackPointExtension>
        </extensions>
      </trkpt>
      <trkpt lat="25.86222737096250057220458984375" lon="119.56591160036623477935791015625">
        <ele>21.6000003814697265625</ele>
        <time>2025-05-24T10:44:48.000Z</time>
        <extensions>
          <ns3:TrackPointExtension>
            <ns3:hr>96</ns3:hr>
          </ns3:TrackPointExtension>
        </extensions>
      </trkpt>
      <trkpt lat="25.86222619749605655670166015625" lon="119.56589265726506710052490234375">
        <ele>21.6000003814697265625</ele>
        <time>2025-05-24T10:44:50.000Z</time>
        <extensions>
          <ns3:TrackPointExtension>
            <ns3:hr>96</ns3:hr>
          </ns3:TrackPointExtension>
        </extensions>
      </trkpt>
      <trkpt lat="25.8622366748750209808349609375" lon="119.56586700864136219024658203125">
        <ele>21.3999996185302734375</ele>
        <time>2025-05-24T10:44:53.000Z</time>
        <extensions>
          <ns3:TrackPointExtension>
            <ns3:hr>96</ns3:hr>
          </ns3:TrackPointExtension>
        </extensions>
      </trkpt>
      <trkpt lat="25.862261988222599029541015625" lon="119.56581939943134784698486328125">
        <ele>21.200000762939453125</ele>
        <time>2025-05-24T10:44:58.000Z</time>
        <extensions>
          <ns3:TrackPointExtension>
            <ns3:hr>95</ns3:hr>
          </ns3:TrackPointExtension>
        </extensions>
      </trkpt>
      <trkpt lat="25.86226978339254856109619140625" lon="119.56576441414654254913330078125">
        <ele>21.200000762939453125</ele>
        <time>2025-05-24T10:45:03.000Z</time>
        <extensions>
          <ns3:TrackPointExtension>
            <ns3:hr>94</ns3:hr>
          </ns3:TrackPointExtension>
        </extensions>
      </trkpt>
      <trkpt lat="25.86228939704596996307373046875" lon="119.5657205767929553985595703125">
        <ele>21.200000762939453125</ele>
        <time>2025-05-24T10:45:08.000Z</time>
        <extensions>
          <ns3:TrackPointExtension>
            <ns3:hr>94</ns3:hr>
          </ns3:TrackPointExtension>
        </extensions>
      </trkpt>
      <trkpt lat="25.86232678033411502838134765625" lon="119.56562644802033901214599609375">
        <ele>21.200000762939453125</ele>
        <time>2025-05-24T10:45:16.000Z</time>
        <extensions>
          <ns3:TrackPointExtension>
            <ns3:hr>92</ns3:hr>
          </ns3:TrackPointExtension>
        </extensions>
      </trkpt>
      <trkpt lat="25.86234681308269500732421875" lon="119.56559325568377971649169921875">
        <ele>21</ele>
        <time>2025-05-24T10:45:21.000Z</time>
        <extensions>
          <ns3:TrackPointExtension>
            <ns3:hr>90</ns3:hr>
          </ns3:TrackPointExtension>
        </extensions>
      </trkpt>
      <trkpt lat="25.862345136702060699462890625" lon="119.565579257905483245849609375">
        <ele>21</ele>
        <time>2025-05-24T10:45:22.000Z</time>
        <extensions>
          <ns3:TrackPointExtension>
            <ns3:hr>90</ns3:hr>
          </ns3:TrackPointExtension>
        </extensions>
      </trkpt>
      <trkpt lat="25.862347818911075592041015625" lon="119.5655603148043155670166015625">
        <ele>21</ele>
        <time>2025-05-24T10:45:24.000Z</time>
        <extensions>
          <ns3:TrackPointExtension>
            <ns3:hr>91</ns3:hr>
          </ns3:TrackPointExtension>
        </extensions>
      </trkpt>
      <trkpt lat="25.8623791672289371490478515625" lon="119.5655264519155025482177734375">
        <ele>21</ele>
        <time>2025-05-24T10:45:27.000Z</time>
        <extensions>
          <ns3:TrackPointExtension>
            <ns3:hr>91</ns3:hr>
          </ns3:TrackPointExtension>
        </extensions>
      </trkpt>
      <trkpt lat="25.86244069039821624755859375" lon="119.5655173994600772857666015625">
        <ele>20.799999237060546875</ele>
        <time>2025-05-24T10:45:32.000Z</time>
        <extensions>
          <ns3:TrackPointExtension>
            <ns3:hr>90</ns3:hr>
          </ns3:TrackPointExtension>
        </extensions>
      </trkpt>
      <trkpt lat="25.8624998666346073150634765625" lon="119.565528966486454010009765625">
        <ele>20.799999237060546875</ele>
        <time>2025-05-24T10:45:38.000Z</time>
        <extensions>
          <ns3:TrackPointExtension>
            <ns3:hr>89</ns3:hr>
          </ns3:TrackPointExtension>
        </extensions>
      </trkpt>
      <trkpt lat="25.8625649102032184600830078125" lon="119.56555704586207866668701171875">
        <ele>20.6000003814697265625</ele>
        <time>2025-05-24T10:45:43.000Z</time>
        <extensions>
          <ns3:TrackPointExtension>
            <ns3:hr>86</ns3:hr>
          </ns3:TrackPointExtension>
        </extensions>
      </trkpt>
      <trkpt lat="25.86259835399687290191650390625" lon="119.5655754022300243377685546875">
        <ele>20.799999237060546875</ele>
        <time>2025-05-24T10:45:46.000Z</time>
        <extensions>
          <ns3:TrackPointExtension>
            <ns3:hr>85</ns3:hr>
          </ns3:TrackPointExtension>
        </extensions>
      </trkpt>
      <trkpt lat="25.8626477234065532684326171875" lon="119.56560247577726840972900390625">
        <ele>20.6000003814697265625</ele>
        <time>2025-05-24T10:45:51.000Z</time>
        <extensions>
          <ns3:TrackPointExtension>
            <ns3:hr>88</ns3:hr>
          </ns3:TrackPointExtension>
        </extensions>
      </trkpt>
      <trkpt lat="25.86266406811773777008056640625" lon="119.5656136237084865570068359375">
        <ele>20.6000003814697265625</ele>
        <time>2025-05-24T10:45:53.000Z</time>
        <extensions>
          <ns3:TrackPointExtension>
            <ns3:hr>92</ns3:hr>
          </ns3:TrackPointExtension>
        </extensions>
      </trkpt>
      <trkpt lat="25.86270245723426342010498046875" lon="119.565646313130855560302734375">
        <ele>20.6000003814697265625</ele>
        <time>2025-05-24T10:45:58.000Z</time>
        <extensions>
          <ns3:TrackPointExtension>
            <ns3:hr>93</ns3:hr>
          </ns3:TrackPointExtension>
        </extensions>
      </trkpt>
      <trkpt lat="25.862827599048614501953125" lon="119.56573189236223697662353515625">
        <ele>20.3999996185302734375</ele>
        <time>2025-05-24T10:46:12.000Z</time>
        <extensions>
          <ns3:TrackPointExtension>
            <ns3:hr>95</ns3:hr>
          </ns3:TrackPointExtension>
        </extensions>
      </trkpt>
      <trkpt lat="25.86294318549335002899169921875" lon="119.56578989513218402862548828125">
        <ele>20.200000762939453125</ele>
        <time>2025-05-24T10:46:25.000Z</time>
        <extensions>
          <ns3:TrackPointExtension>
            <ns3:hr>95</ns3:hr>
          </ns3:TrackPointExtension>
        </extensions>
      </trkpt>
      <trkpt lat="25.86307377554476261138916015625" lon="119.56584705971181392669677734375">
        <ele>20</ele>
        <time>2025-05-24T10:46:39.000Z</time>
        <extensions>
          <ns3:TrackPointExtension>
            <ns3:hr>94</ns3:hr>
          </ns3:TrackPointExtension>
        </extensions>
      </trkpt>
      <trkpt lat="25.8631972409784793853759765625" lon="119.5658737979829311370849609375">
        <ele>20</ele>
        <time>2025-05-24T10:46:52.000Z</time>
        <extensions>
          <ns3:TrackPointExtension>
            <ns3:hr>93</ns3:hr>
          </ns3:TrackPointExtension>
        </extensions>
      </trkpt>
      <trkpt lat="25.8632862567901611328125" lon="119.56590204499661922454833984375">
        <ele>20</ele>
        <time>2025-05-24T10:47:02.000Z</time>
        <extensions>
          <ns3:TrackPointExtension>
            <ns3:hr>95</ns3:hr>
          </ns3:TrackPointExtension>
        </extensions>
      </trkpt>
      <trkpt lat="25.8633129112422466278076171875" lon="119.56591428257524967193603515625">
        <ele>20</ele>
        <time>2025-05-24T10:47:07.000Z</time>
        <extensions>
          <ns3:TrackPointExtension>
            <ns3:hr>98</ns3:hr>
          </ns3:TrackPointExtension>
        </extensions>
      </trkpt>
      <trkpt lat="25.8633466064929962158203125" lon="119.5659294538199901580810546875">
        <ele>19.799999237060546875</ele>
        <time>2025-05-24T10:47:12.000Z</time>
        <extensions>
          <ns3:TrackPointExtension>
            <ns3:hr>98</ns3:hr>
          </ns3:TrackPointExtension>
        </extensions>
      </trkpt>
      <trkpt lat="25.86343889124691486358642578125" lon="119.5659867860376834869384765625">
        <ele>20</ele>
        <time>2025-05-24T10:47:22.000Z</time>
        <extensions>
          <ns3:TrackPointExtension>
            <ns3:hr>97</ns3:hr>
          </ns3:TrackPointExtension>
        </extensions>
      </trkpt>
      <trkpt lat="25.86347074247896671295166015625" lon="119.56599743105471134185791015625">
        <ele>19.799999237060546875</ele>
        <time>2025-05-24T10:47:27.000Z</time>
        <extensions>
          <ns3:TrackPointExtension>
            <ns3:hr>94</ns3:hr>
          </ns3:TrackPointExtension>
        </extensions>
      </trkpt>
      <trkpt lat="25.86347862146794795989990234375" lon="119.5660035498440265655517578125">
        <ele>19.799999237060546875</ele>
        <time>2025-05-24T10:47:28.000Z</time>
        <extensions>
          <ns3:TrackPointExtension>
            <ns3:hr>94</ns3:hr>
          </ns3:TrackPointExtension>
        </extensions>
      </trkpt>
      <trkpt lat="25.86354517377912998199462890625" lon="119.5660367421805858612060546875">
        <ele>19.799999237060546875</ele>
        <time>2025-05-24T10:47:34.000Z</time>
        <extensions>
          <ns3:TrackPointExtension>
            <ns3:hr>94</ns3:hr>
          </ns3:TrackPointExtension>
        </extensions>
      </trkpt>
      <trkpt lat="25.863652713596820831298828125" lon="119.56608460284769535064697265625">
        <ele>19.799999237060546875</ele>
        <time>2025-05-24T10:47:43.000Z</time>
        <extensions>
          <ns3:TrackPointExtension>
            <ns3:hr>93</ns3:hr>
          </ns3:TrackPointExtension>
        </extensions>
      </trkpt>
      <trkpt lat="25.8637239597737789154052734375" lon="119.5661148615181446075439453125">
        <ele>20</ele>
        <time>2025-05-24T10:47:50.000Z</time>
        <extensions>
          <ns3:TrackPointExtension>
            <ns3:hr>95</ns3:hr>
          </ns3:TrackPointExtension>
        </extensions>
      </trkpt>
      <trkpt lat="25.86378447711467742919921875" lon="119.5661581121385097503662109375">
        <ele>20</ele>
        <time>2025-05-24T10:47:56.000Z</time>
        <extensions>
          <ns3:TrackPointExtension>
            <ns3:hr>95</ns3:hr>
          </ns3:TrackPointExtension>
        </extensions>
      </trkpt>
      <trkpt lat="25.86382764391601085662841796875" lon="119.566180743277072906494140625">
        <ele>20.200000762939453125</ele>
        <time>2025-05-24T10:48:00.000Z</time>
        <extensions>
          <ns3:TrackPointExtension>
            <ns3:hr>95</ns3:hr>
          </ns3:TrackPointExtension>
        </extensions>
      </trkpt>
      <trkpt lat="25.86389436386525630950927734375" lon="119.566206894814968109130859375">
        <ele>20.200000762939453125</ele>
        <time>2025-05-24T10:48:07.000Z</time>
        <extensions>
          <ns3:TrackPointExtension>
            <ns3:hr>96</ns3:hr>
          </ns3:TrackPointExtension>
        </extensions>
      </trkpt>
      <trkpt lat="25.86397281847894191741943359375" lon="119.566247798502445220947265625">
        <ele>20.200000762939453125</ele>
        <time>2025-05-24T10:48:14.000Z</time>
        <extensions>
          <ns3:TrackPointExtension>
            <ns3:hr>97</ns3:hr>
          </ns3:TrackPointExtension>
        </extensions>
      </trkpt>
      <trkpt lat="25.86402629502117633819580078125" lon="119.56626380793750286102294921875">
        <ele>20.200000762939453125</ele>
        <time>2025-05-24T10:48:19.000Z</time>
        <extensions>
          <ns3:TrackPointExtension>
            <ns3:hr>96</ns3:hr>
          </ns3:TrackPointExtension>
        </extensions>
      </trkpt>
      <trkpt lat="25.86407440714538097381591796875" lon="119.56627369858324527740478515625">
        <ele>20.200000762939453125</ele>
        <time>2025-05-24T10:48:25.000Z</time>
        <extensions>
          <ns3:TrackPointExtension>
            <ns3:hr>93</ns3:hr>
          </ns3:TrackPointExtension>
        </extensions>
      </trkpt>
      <trkpt lat="25.86416878737509250640869140625" lon="119.56633505411446094512939453125">
        <ele>20.3999996185302734375</ele>
        <time>2025-05-24T10:48:34.000Z</time>
        <extensions>
          <ns3:TrackPointExtension>
            <ns3:hr>93</ns3:hr>
          </ns3:TrackPointExtension>
        </extensions>
      </trkpt>
      <trkpt lat="25.86422896943986415863037109375" lon="119.56635282374918460845947265625">
        <ele>20.3999996185302734375</ele>
        <time>2025-05-24T10:48:40.000Z</time>
        <extensions>
          <ns3:TrackPointExtension>
            <ns3:hr>93</ns3:hr>
          </ns3:TrackPointExtension>
        </extensions>
      </trkpt>
      <trkpt lat="25.864291079342365264892578125" lon="119.56637419760227203369140625">
        <ele>20.6000003814697265625</ele>
        <time>2025-05-24T10:48:46.000Z</time>
        <extensions>
          <ns3:TrackPointExtension>
            <ns3:hr>95</ns3:hr>
          </ns3:TrackPointExtension>
        </extensions>
      </trkpt>
      <trkpt lat="25.86436274461448192596435546875" lon="119.5664151012897491455078125">
        <ele>20.6000003814697265625</ele>
        <time>2025-05-24T10:48:53.000Z</time>
        <extensions>
          <ns3:TrackPointExtension>
            <ns3:hr>95</ns3:hr>
          </ns3:TrackPointExtension>
        </extensions>
      </trkpt>
      <trkpt lat="25.8644307218492031097412109375" lon="119.56644753925502300262451171875">
        <ele>20.6000003814697265625</ele>
        <time>2025-05-24T10:49:00.000Z</time>
        <extensions>
          <ns3:TrackPointExtension>
            <ns3:hr>95</ns3:hr>
          </ns3:TrackPointExtension>
        </extensions>
      </trkpt>
      <trkpt lat="25.8644972741603851318359375" lon="119.56648341380059719085693359375">
        <ele>20.6000003814697265625</ele>
        <time>2025-05-24T10:49:07.000Z</time>
        <extensions>
          <ns3:TrackPointExtension>
            <ns3:hr>95</ns3:hr>
          </ns3:TrackPointExtension>
        </extensions>
      </trkpt>
      <trkpt lat="25.8645450510084629058837890625" lon="119.56650788895785808563232421875">
        <ele>20.6000003814697265625</ele>
        <time>2025-05-24T10:49:13.000Z</time>
        <extensions>
          <ns3:TrackPointExtension>
            <ns3:hr>95</ns3:hr>
          </ns3:TrackPointExtension>
        </extensions>
      </trkpt>
      <trkpt lat="25.86460414342582225799560546875" lon="119.5665591023862361907958984375">
        <ele>20.6000003814697265625</ele>
        <time>2025-05-24T10:49:18.000Z</time>
        <extensions>
          <ns3:TrackPointExtension>
            <ns3:hr>95</ns3:hr>
          </ns3:TrackPointExtension>
        </extensions>
      </trkpt>
      <trkpt lat="25.8646610565483570098876953125" lon="119.56660545431077480316162109375">
        <ele>21</ele>
        <time>2025-05-24T10:49:25.000Z</time>
        <extensions>
          <ns3:TrackPointExtension>
            <ns3:hr>95</ns3:hr>
          </ns3:TrackPointExtension>
        </extensions>
      </trkpt>
      <trkpt lat="25.86467639543116092681884765625" lon="119.56662238575518131256103515625">
        <ele>21</ele>
        <time>2025-05-24T10:49:27.000Z</time>
        <extensions>
          <ns3:TrackPointExtension>
            <ns3:hr>94</ns3:hr>
          </ns3:TrackPointExtension>
        </extensions>
      </trkpt>
      <trkpt lat="25.86470103822648525238037109375" lon="119.56666664220392704010009765625">
        <ele>21</ele>
        <time>2025-05-24T10:49:30.000Z</time>
        <extensions>
          <ns3:TrackPointExtension>
            <ns3:hr>95</ns3:hr>
          </ns3:TrackPointExtension>
        </extensions>
      </trkpt>
      <trkpt lat="25.86473808623850345611572265625" lon="119.56673084758222103118896484375">
        <ele>21.200000762939453125</ele>
        <time>2025-05-24T10:49:37.000Z</time>
        <extensions>
          <ns3:TrackPointExtension>
            <ns3:hr>95</ns3:hr>
          </ns3:TrackPointExtension>
        </extensions>
      </trkpt>
      <trkpt lat="25.86475602351129055023193359375" lon="119.56676856614649295806884765625">
        <ele>21.200000762939453125</ele>
        <time>2025-05-24T10:49:45.000Z</time>
        <extensions>
          <ns3:TrackPointExtension>
            <ns3:hr>96</ns3:hr>
          </ns3:TrackPointExtension>
        </extensions>
      </trkpt>
      <trkpt lat="25.8647582866251468658447265625" lon="119.566786251962184906005859375">
        <ele>21.3999996185302734375</ele>
        <time>2025-05-24T10:49:53.000Z</time>
        <extensions>
          <ns3:TrackPointExtension>
            <ns3:hr>94</ns3:hr>
          </ns3:TrackPointExtension>
        </extensions>
      </trkpt>
      <trkpt lat="25.8647019602358341217041015625" lon="119.56685858778655529022216796875">
        <ele>21.3999996185302734375</ele>
        <time>2025-05-24T10:50:00.000Z</time>
        <extensions>
          <ns3:TrackPointExtension>
            <ns3:hr>96</ns3:hr>
          </ns3:TrackPointExtension>
        </extensions>
      </trkpt>
      <trkpt lat="25.8646595478057861328125" lon="119.5668984018266201019287109375">
        <ele>21.6000003814697265625</ele>
        <time>2025-05-24T10:50:05.000Z</time>
        <extensions>
          <ns3:TrackPointExtension>
            <ns3:hr>96</ns3:hr>
          </ns3:TrackPointExtension>
        </extensions>
      </trkpt>
      <trkpt lat="25.86465661413967609405517578125" lon="119.56690602935850620269775390625">
        <ele>21.6000003814697265625</ele>
        <time>2025-05-24T10:50:06.000Z</time>
        <extensions>
          <ns3:TrackPointExtension>
            <ns3:hr>96</ns3:hr>
          </ns3:TrackPointExtension>
        </extensions>
      </trkpt>
      <trkpt lat="25.86465091444551944732666015625" lon="119.5669181831181049346923828125">
        <ele>21.6000003814697265625</ele>
        <time>2025-05-24T10:50:07.000Z</time>
        <extensions>
          <ns3:TrackPointExtension>
            <ns3:hr>97</ns3:hr>
          </ns3:TrackPointExtension>
        </extensions>
      </trkpt>
      <trkpt lat="25.86464655585587024688720703125" lon="119.56693704240024089813232421875">
        <ele>21.6000003814697265625</ele>
        <time>2025-05-24T10:50:09.000Z</time>
        <extensions>
          <ns3:TrackPointExtension>
            <ns3:hr>96</ns3:hr>
          </ns3:TrackPointExtension>
        </extensions>
      </trkpt>
      <trkpt lat="25.86464152671396732330322265625" lon="119.56694961525499820709228515625">
        <ele>21.6000003814697265625</ele>
        <time>2025-05-24T10:50:10.000Z</time>
        <extensions>
          <ns3:TrackPointExtension>
            <ns3:hr>97</ns3:hr>
          </ns3:TrackPointExtension>
        </extensions>
      </trkpt>
      <trkpt lat="25.86463205516338348388671875" lon="119.56698884256184101104736328125">
        <ele>21.6000003814697265625</ele>
        <time>2025-05-24T10:50:13.000Z</time>
        <extensions>
          <ns3:TrackPointExtension>
            <ns3:hr>94</ns3:hr>
          </ns3:TrackPointExtension>
        </extensions>
      </trkpt>
      <trkpt lat="25.86461151950061321258544921875" lon="119.56702731549739837646484375">
        <ele>21.6000003814697265625</ele>
        <time>2025-05-24T10:50:16.000Z</time>
        <extensions>
          <ns3:TrackPointExtension>
            <ns3:hr>92</ns3:hr>
          </ns3:TrackPointExtension>
        </extensions>
      </trkpt>
      <trkpt lat="25.86457212455570697784423828125" lon="119.567098058760166168212890625">
        <ele>21.799999237060546875</ele>
        <time>2025-05-24T10:50:22.000Z</time>
        <extensions>
          <ns3:TrackPointExtension>
            <ns3:hr>92</ns3:hr>
          </ns3:TrackPointExtension>
        </extensions>
      </trkpt>
      <trkpt lat="25.86456902325153350830078125" lon="119.5671444945037364959716796875">
        <ele>22</ele>
        <time>2025-05-24T10:50:27.000Z</time>
        <extensions>
          <ns3:TrackPointExtension>
            <ns3:hr>93</ns3:hr>
          </ns3:TrackPointExtension>
        </extensions>
      </trkpt>
      <trkpt lat="25.86457329802215099334716796875" lon="119.56716167740523815155029296875">
        <ele>22</ele>
        <time>2025-05-24T10:50:29.000Z</time>
        <extensions>
          <ns3:TrackPointExtension>
            <ns3:hr>93</ns3:hr>
          </ns3:TrackPointExtension>
        </extensions>
      </trkpt>
      <trkpt lat="25.86457178927958011627197265625" lon="119.56718129105865955352783203125">
        <ele>22</ele>
        <time>2025-05-24T10:50:31.000Z</time>
        <extensions>
          <ns3:TrackPointExtension>
            <ns3:hr>94</ns3:hr>
          </ns3:TrackPointExtension>
        </extensions>
      </trkpt>
      <trkpt lat="25.86455334909260272979736328125" lon="119.56721046008169651031494140625">
        <ele>22</ele>
        <time>2025-05-24T10:50:33.000Z</time>
        <extensions>
          <ns3:TrackPointExtension>
            <ns3:hr>94</ns3:hr>
          </ns3:TrackPointExtension>
        </extensions>
      </trkpt>
      <trkpt lat="25.86453951895236968994140625" lon="119.567273072898387908935546875">
        <ele>22.200000762939453125</ele>
        <time>2025-05-24T10:50:38.000Z</time>
        <extensions>
          <ns3:TrackPointExtension>
            <ns3:hr>95</ns3:hr>
          </ns3:TrackPointExtension>
        </extensions>
      </trkpt>
      <trkpt lat="25.864554941654205322265625" lon="119.567318670451641082763671875">
        <ele>22.3999996185302734375</ele>
        <time>2025-05-24T10:50:43.000Z</time>
        <extensions>
          <ns3:TrackPointExtension>
            <ns3:hr>95</ns3:hr>
          </ns3:TrackPointExtension>
        </extensions>
      </trkpt>
      <trkpt lat="25.86456038989126682281494140625" lon="119.56732462160289287567138671875">
        <ele>22.3999996185302734375</ele>
        <time>2025-05-24T10:50:44.000Z</time>
        <extensions>
          <ns3:TrackPointExtension>
            <ns3:hr>95</ns3:hr>
          </ns3:TrackPointExtension>
        </extensions>
      </trkpt>
      <trkpt lat="25.8646157942712306976318359375" lon="119.56737197935581207275390625">
        <ele>22.6000003814697265625</ele>
        <time>2025-05-24T10:50:50.000Z</time>
        <extensions>
          <ns3:TrackPointExtension>
            <ns3:hr>93</ns3:hr>
          </ns3:TrackPointExtension>
        </extensions>
      </trkpt>
      <trkpt lat="25.864627026021480560302734375" lon="119.5673845522105693817138671875">
        <ele>22.6000003814697265625</ele>
        <time>2025-05-24T10:50:51.000Z</time>
        <extensions>
          <ns3:TrackPointExtension>
            <ns3:hr>93</ns3:hr>
          </ns3:TrackPointExtension>
        </extensions>
      </trkpt>
      <trkpt lat="25.864670611917972564697265625" lon="119.56740626133978366851806640625">
        <ele>22.6000003814697265625</ele>
        <time>2025-05-24T10:50:55.000Z</time>
        <extensions>
          <ns3:TrackPointExtension>
            <ns3:hr>94</ns3:hr>
          </ns3:TrackPointExtension>
        </extensions>
      </trkpt>
      <trkpt lat="25.864702127873897552490234375" lon="119.567427970468997955322265625">
        <ele>22.799999237060546875</ele>
        <time>2025-05-24T10:51:00.000Z</time>
        <extensions>
          <ns3:TrackPointExtension>
            <ns3:hr>94</ns3:hr>
          </ns3:TrackPointExtension>
        </extensions>
      </trkpt>
      <trkpt lat="25.86475468240678310394287109375" lon="119.567464850842952728271484375">
        <ele>23</ele>
        <time>2025-05-24T10:51:05.000Z</time>
        <extensions>
          <ns3:TrackPointExtension>
            <ns3:hr>93</ns3:hr>
          </ns3:TrackPointExtension>
        </extensions>
      </trkpt>
      <trkpt lat="25.86480815894901752471923828125" lon="119.56749645061790943145751953125">
        <ele>22.799999237060546875</ele>
        <time>2025-05-24T10:51:10.000Z</time>
        <extensions>
          <ns3:TrackPointExtension>
            <ns3:hr>93</ns3:hr>
          </ns3:TrackPointExtension>
        </extensions>
      </trkpt>
      <trkpt lat="25.86485342122614383697509765625" lon="119.56751187331974506378173828125">
        <ele>23</ele>
        <time>2025-05-24T10:51:15.000Z</time>
        <extensions>
          <ns3:TrackPointExtension>
            <ns3:hr>96</ns3:hr>
          </ns3:TrackPointExtension>
        </extensions>
      </trkpt>
      <trkpt lat="25.86492466740310192108154296875" lon="119.56753903068602085113525390625">
        <ele>23.200000762939453125</ele>
        <time>2025-05-24T10:51:22.000Z</time>
        <extensions>
          <ns3:TrackPointExtension>
            <ns3:hr>98</ns3:hr>
          </ns3:TrackPointExtension>
        </extensions>
      </trkpt>
      <trkpt lat="25.86498183198273181915283203125" lon="119.56756685860455036163330078125">
        <ele>23.3999996185302734375</ele>
        <time>2025-05-24T10:51:27.000Z</time>
        <extensions>
          <ns3:TrackPointExtension>
            <ns3:hr>98</ns3:hr>
          </ns3:TrackPointExtension>
        </extensions>
      </trkpt>
      <trkpt lat="25.86503899656236171722412109375" lon="119.56757180392742156982421875">
        <ele>23.200000762939453125</ele>
        <time>2025-05-24T10:51:33.000Z</time>
        <extensions>
          <ns3:TrackPointExtension>
            <ns3:hr>98</ns3:hr>
          </ns3:TrackPointExtension>
        </extensions>
      </trkpt>
      <trkpt lat="25.86509482003748416900634765625" lon="119.5676033198833465576171875">
        <ele>23.200000762939453125</ele>
        <time>2025-05-24T10:51:38.000Z</time>
        <extensions>
          <ns3:TrackPointExtension>
            <ns3:hr>98</ns3:hr>
          </ns3:TrackPointExtension>
        </extensions>
      </trkpt>
      <trkpt lat="25.865131951868534088134765625" lon="119.5676162280142307281494140625">
        <ele>23.3999996185302734375</ele>
        <time>2025-05-24T10:51:42.000Z</time>
        <extensions>
          <ns3:TrackPointExtension>
            <ns3:hr>97</ns3:hr>
          </ns3:TrackPointExtension>
        </extensions>
      </trkpt>
      <trkpt lat="25.8651475422084331512451171875" lon="119.56762402318418025970458984375">
        <ele>23.3999996185302734375</ele>
        <time>2025-05-24T10:51:44.000Z</time>
        <extensions>
          <ns3:TrackPointExtension>
            <ns3:hr>98</ns3:hr>
          </ns3:TrackPointExtension>
        </extensions>
      </trkpt>
      <trkpt lat="25.86515667848289012908935546875" lon="119.5676316507160663604736328125">
        <ele>23.3999996185302734375</ele>
        <time>2025-05-24T10:51:45.000Z</time>
        <extensions>
          <ns3:TrackPointExtension>
            <ns3:hr>97</ns3:hr>
          </ns3:TrackPointExtension>
        </extensions>
      </trkpt>
      <trkpt lat="25.86520261131227016448974609375" lon="119.56766844727098941802978515625">
        <ele>23.3999996185302734375</ele>
        <time>2025-05-24T10:51:49.000Z</time>
        <extensions>
          <ns3:TrackPointExtension>
            <ns3:hr>98</ns3:hr>
          </ns3:TrackPointExtension>
        </extensions>
      </trkpt>
      <trkpt lat="25.86526128463447093963623046875" lon="119.5676811039447784423828125">
        <ele>23.3999996185302734375</ele>
        <time>2025-05-24T10:51:54.000Z</time>
        <extensions>
          <ns3:TrackPointExtension>
            <ns3:hr>97</ns3:hr>
          </ns3:TrackPointExtension>
        </extensions>
      </trkpt>
      <trkpt lat="25.86530797183513641357421875" lon="119.5677003823220729827880859375">
        <ele>23.799999237060546875</ele>
        <time>2025-05-24T10:51:59.000Z</time>
        <extensions>
          <ns3:TrackPointExtension>
            <ns3:hr>97</ns3:hr>
          </ns3:TrackPointExtension>
        </extensions>
      </trkpt>
      <trkpt lat="25.8653373084962368011474609375" lon="119.56770951859652996063232421875">
        <ele>23.6000003814697265625</ele>
        <time>2025-05-24T10:52:02.000Z</time>
        <extensions>
          <ns3:TrackPointExtension>
            <ns3:hr>96</ns3:hr>
          </ns3:TrackPointExtension>
        </extensions>
      </trkpt>
      <trkpt lat="25.86540344171226024627685546875" lon="119.5677406154572963714599609375">
        <ele>23.6000003814697265625</ele>
        <time>2025-05-24T10:52:07.000Z</time>
        <extensions>
          <ns3:TrackPointExtension>
            <ns3:hr>95</ns3:hr>
          </ns3:TrackPointExtension>
        </extensions>
      </trkpt>
      <trkpt lat="25.8654352091252803802490234375" lon="119.56779442727565765380859375">
        <ele>23.799999237060546875</ele>
        <time>2025-05-24T10:52:12.000Z</time>
        <extensions>
          <ns3:TrackPointExtension>
            <ns3:hr>96</ns3:hr>
          </ns3:TrackPointExtension>
        </extensions>
      </trkpt>
      <trkpt lat="25.8654774539172649383544921875" lon="119.56780456937849521636962890625">
        <ele>24</ele>
        <time>2025-05-24T10:52:19.000Z</time>
        <extensions>
          <ns3:TrackPointExtension>
            <ns3:hr>97</ns3:hr>
          </ns3:TrackPointExtension>
        </extensions>
      </trkpt>
      <trkpt lat="25.86548591963946819305419921875" lon="119.5678126998245716094970703125">
        <ele>24</ele>
        <time>2025-05-24T10:52:20.000Z</time>
        <extensions>
          <ns3:TrackPointExtension>
            <ns3:hr>97</ns3:hr>
          </ns3:TrackPointExtension>
        </extensions>
      </trkpt>
    </trkseg>
  </trk>
</gpx>
