<?xml version="1.0" encoding="UTF-8"?>
<gpx creator="Garmin Connect" version="1.1"
  xsi:schemaLocation="http://www.topografix.com/GPX/1/1 http://www.topografix.com/GPX/11.xsd"
  xmlns:ns3="http://www.garmin.com/xmlschemas/TrackPointExtension/v1"
  xmlns="http://www.topografix.com/GPX/1/1"
  xmlns:xsi="http://www.w3.org/2001/XMLSchema-instance" xmlns:ns2="http://www.garmin.com/xmlschemas/GpxExtensions/v3">
  <metadata>
    <link href="connect.garmin.com">
      <text>Garmin Connect</text>
    </link>
    <time>2025-05-30T21:48:13.000Z</time>
  </metadata>
  <trk>
    <name>福州市 - 35分钟跑步有氧</name>
    <type>running</type>
    <trkseg>
      <trkpt lat="25.86626359261572360992431640625" lon="119.568321816623210906982421875">
        <ele>14.19999980926513671875</ele>
        <time>2025-05-30T21:48:13.000Z</time>
        <extensions>
          <ns3:TrackPointExtension>
            <ns3:atemp>26.0</ns3:atemp>
            <ns3:hr>97</ns3:hr>
            <ns3:cad>58</ns3:cad>
          </ns3:TrackPointExtension>
        </extensions>
      </trkpt>
      <trkpt lat="25.86623576469719409942626953125" lon="119.568294994533061981201171875">
        <ele>14.19999980926513671875</ele>
        <time>2025-05-30T21:48:14.000Z</time>
        <extensions>
          <ns3:TrackPointExtension>
            <ns3:atemp>26.0</ns3:atemp>
            <ns3:hr>97</ns3:hr>
            <ns3:cad>58</ns3:cad>
          </ns3:TrackPointExtension>
        </extensions>
      </trkpt>
      <trkpt lat="25.866233669221401214599609375" lon="119.568307735025882720947265625">
        <ele>14.19999980926513671875</ele>
        <time>2025-05-30T21:48:15.000Z</time>
        <extensions>
          <ns3:TrackPointExtension>
            <ns3:atemp>26.0</ns3:atemp>
            <ns3:hr>97</ns3:hr>
            <ns3:cad>58</ns3:cad>
          </ns3:TrackPointExtension>
        </extensions>
      </trkpt>
      <trkpt lat="25.8662259578704833984375" lon="119.56832676194608211517333984375">
        <ele>14.19999980926513671875</ele>
        <time>2025-05-30T21:48:16.000Z</time>
        <extensions>
          <ns3:TrackPointExtension>
            <ns3:atemp>26.0</ns3:atemp>
            <ns3:hr>97</ns3:hr>
            <ns3:cad>58</ns3:cad>
          </ns3:TrackPointExtension>
        </extensions>
      </trkpt>
      <trkpt lat="25.8662271313369274139404296875" lon="119.56834235228598117828369140625">
        <ele>14</ele>
        <time>2025-05-30T21:48:17.000Z</time>
        <extensions>
          <ns3:TrackPointExtension>
            <ns3:atemp>26.0</ns3:atemp>
            <ns3:hr>97</ns3:hr>
            <ns3:cad>58</ns3:cad>
          </ns3:TrackPointExtension>
        </extensions>
      </trkpt>
      <trkpt lat="25.8662281371653079986572265625" lon="119.56835660152137279510498046875">
        <ele>14</ele>
        <time>2025-05-30T21:48:18.000Z</time>
        <extensions>
          <ns3:TrackPointExtension>
            <ns3:atemp>26.0</ns3:atemp>
            <ns3:hr>97</ns3:hr>
            <ns3:cad>58</ns3:cad>
          </ns3:TrackPointExtension>
        </extensions>
      </trkpt>
      <trkpt lat="25.86621363647282123565673828125" lon="119.56837805919349193572998046875">
        <ele>14</ele>
        <time>2025-05-30T21:48:19.000Z</time>
        <extensions>
          <ns3:TrackPointExtension>
            <ns3:atemp>26.0</ns3:atemp>
            <ns3:hr>97</ns3:hr>
            <ns3:cad>58</ns3:cad>
          </ns3:TrackPointExtension>
        </extensions>
      </trkpt>
      <trkpt lat="25.86620860733091831207275390625" lon="119.56839566119015216827392578125">
        <ele>14</ele>
        <time>2025-05-30T21:48:20.000Z</time>
        <extensions>
          <ns3:TrackPointExtension>
            <ns3:atemp>26.0</ns3:atemp>
            <ns3:hr>98</ns3:hr>
            <ns3:cad>79</ns3:cad>
          </ns3:TrackPointExtension>
        </extensions>
      </trkpt>
      <trkpt lat="25.8662137202918529510498046875" lon="119.56841007806360721588134765625">
        <ele>14</ele>
        <time>2025-05-30T21:48:21.000Z</time>
        <extensions>
          <ns3:TrackPointExtension>
            <ns3:atemp>26.0</ns3:atemp>
            <ns3:hr>98</ns3:hr>
            <ns3:cad>79</ns3:cad>
          </ns3:TrackPointExtension>
        </extensions>
      </trkpt>
      <trkpt lat="25.8662029914557933807373046875" lon="119.5684262551367282867431640625">
        <ele>14</ele>
        <time>2025-05-30T21:48:22.000Z</time>
        <extensions>
          <ns3:TrackPointExtension>
            <ns3:atemp>26.0</ns3:atemp>
            <ns3:hr>98</ns3:hr>
            <ns3:cad>77</ns3:cad>
          </ns3:TrackPointExtension>
        </extensions>
      </trkpt>
      <trkpt lat="25.8661977946758270263671875" lon="119.5684396661818027496337890625">
        <ele>14</ele>
        <time>2025-05-30T21:48:23.000Z</time>
        <extensions>
          <ns3:TrackPointExtension>
            <ns3:atemp>26.0</ns3:atemp>
            <ns3:hr>98</ns3:hr>
            <ns3:cad>77</ns3:cad>
          </ns3:TrackPointExtension>
        </extensions>
      </trkpt>
      <trkpt lat="25.86620022542774677276611328125" lon="119.56844980828464031219482421875">
        <ele>14</ele>
        <time>2025-05-30T21:48:24.000Z</time>
        <extensions>
          <ns3:TrackPointExtension>
            <ns3:atemp>26.0</ns3:atemp>
            <ns3:hr>99</ns3:hr>
            <ns3:cad>79</ns3:cad>
          </ns3:TrackPointExtension>
        </extensions>
      </trkpt>
      <trkpt lat="25.86619385518133640289306640625" lon="119.5684718526899814605712890625">
        <ele>14</ele>
        <time>2025-05-30T21:48:25.000Z</time>
        <extensions>
          <ns3:TrackPointExtension>
            <ns3:atemp>26.0</ns3:atemp>
            <ns3:hr>99</ns3:hr>
            <ns3:cad>79</ns3:cad>
          </ns3:TrackPointExtension>
        </extensions>
      </trkpt>
      <trkpt lat="25.86618773639202117919921875" lon="119.56848886795341968536376953125">
        <ele>14</ele>
        <time>2025-05-30T21:48:26.000Z</time>
        <extensions>
          <ns3:TrackPointExtension>
            <ns3:atemp>26.0</ns3:atemp>
            <ns3:hr>100</ns3:hr>
            <ns3:cad>80</ns3:cad>
          </ns3:TrackPointExtension>
        </extensions>
      </trkpt>
      <trkpt lat="25.866187401115894317626953125" lon="119.5684996806085109710693359375">
        <ele>14.19999980926513671875</ele>
        <time>2025-05-30T21:48:27.000Z</time>
        <extensions>
          <ns3:TrackPointExtension>
            <ns3:atemp>26.0</ns3:atemp>
            <ns3:hr>101</ns3:hr>
            <ns3:cad>80</ns3:cad>
          </ns3:TrackPointExtension>
        </extensions>
      </trkpt>
      <trkpt lat="25.86617474444210529327392578125" lon="119.56852206028997898101806640625">
        <ele>14.19999980926513671875</ele>
        <time>2025-05-30T21:48:28.000Z</time>
        <extensions>
          <ns3:TrackPointExtension>
            <ns3:atemp>26.0</ns3:atemp>
            <ns3:hr>102</ns3:hr>
            <ns3:cad>79</ns3:cad>
          </ns3:TrackPointExtension>
        </extensions>
      </trkpt>
      <trkpt lat="25.86616736836731433868408203125" lon="119.568535722792148590087890625">
        <ele>14.19999980926513671875</ele>
        <time>2025-05-30T21:48:29.000Z</time>
        <extensions>
          <ns3:TrackPointExtension>
            <ns3:atemp>26.0</ns3:atemp>
            <ns3:hr>103</ns3:hr>
            <ns3:cad>78</ns3:cad>
          </ns3:TrackPointExtension>
        </extensions>
      </trkpt>
      <trkpt lat="25.86617030203342437744140625" lon="119.5685466192662715911865234375">
        <ele>14.19999980926513671875</ele>
        <time>2025-05-30T21:48:30.000Z</time>
        <extensions>
          <ns3:TrackPointExtension>
            <ns3:atemp>26.0</ns3:atemp>
            <ns3:hr>104</ns3:hr>
            <ns3:cad>77</ns3:cad>
          </ns3:TrackPointExtension>
        </extensions>
      </trkpt>
      <trkpt lat="25.8661600761115550994873046875" lon="119.5685694180428981781005859375">
        <ele>14.19999980926513671875</ele>
        <time>2025-05-30T21:48:31.000Z</time>
        <extensions>
          <ns3:TrackPointExtension>
            <ns3:atemp>26.0</ns3:atemp>
            <ns3:hr>105</ns3:hr>
            <ns3:cad>77</ns3:cad>
          </ns3:TrackPointExtension>
        </extensions>
      </trkpt>
      <trkpt lat="25.866151861846446990966796875" lon="119.568583332002162933349609375">
        <ele>14.19999980926513671875</ele>
        <time>2025-05-30T21:48:32.000Z</time>
        <extensions>
          <ns3:TrackPointExtension>
            <ns3:atemp>26.0</ns3:atemp>
            <ns3:hr>106</ns3:hr>
            <ns3:cad>78</ns3:cad>
          </ns3:TrackPointExtension>
        </extensions>
      </trkpt>
      <trkpt lat="25.86615395732223987579345703125" lon="119.5685930550098419189453125">
        <ele>14.19999980926513671875</ele>
        <time>2025-05-30T21:48:33.000Z</time>
        <extensions>
          <ns3:TrackPointExtension>
            <ns3:atemp>26.0</ns3:atemp>
            <ns3:hr>106</ns3:hr>
            <ns3:cad>80</ns3:cad>
          </ns3:TrackPointExtension>
        </extensions>
      </trkpt>
      <trkpt lat="25.86614222265779972076416015625" lon="119.5686093159019947052001953125">
        <ele>14.19999980926513671875</ele>
        <time>2025-05-30T21:48:34.000Z</time>
        <extensions>
          <ns3:TrackPointExtension>
            <ns3:atemp>26.0</ns3:atemp>
            <ns3:hr>106</ns3:hr>
            <ns3:cad>80</ns3:cad>
          </ns3:TrackPointExtension>
        </extensions>
      </trkpt>
      <trkpt lat="25.86612747050821781158447265625" lon="119.56862431950867176055908203125">
        <ele>14.3999996185302734375</ele>
        <time>2025-05-30T21:48:35.000Z</time>
        <extensions>
          <ns3:TrackPointExtension>
            <ns3:atemp>26.0</ns3:atemp>
            <ns3:hr>107</ns3:hr>
            <ns3:cad>80</ns3:cad>
          </ns3:TrackPointExtension>
        </extensions>
      </trkpt>
      <trkpt lat="25.86612747050821781158447265625" lon="119.5686364732682704925537109375">
        <ele>14.3999996185302734375</ele>
        <time>2025-05-30T21:48:36.000Z</time>
        <extensions>
          <ns3:TrackPointExtension>
            <ns3:atemp>26.0</ns3:atemp>
            <ns3:hr>107</ns3:hr>
            <ns3:cad>80</ns3:cad>
          </ns3:TrackPointExtension>
        </extensions>
      </trkpt>
      <trkpt lat="25.86611573584377765655517578125" lon="119.56865734420716762542724609375">
        <ele>14.3999996185302734375</ele>
        <time>2025-05-30T21:48:37.000Z</time>
        <extensions>
          <ns3:TrackPointExtension>
            <ns3:atemp>26.0</ns3:atemp>
            <ns3:hr>107</ns3:hr>
            <ns3:cad>80</ns3:cad>
          </ns3:TrackPointExtension>
        </extensions>
      </trkpt>
      <trkpt lat="25.866104923188686370849609375" lon="119.56867142580449581146240234375">
        <ele>14.3999996185302734375</ele>
        <time>2025-05-30T21:48:38.000Z</time>
        <extensions>
          <ns3:TrackPointExtension>
            <ns3:atemp>26.0</ns3:atemp>
            <ns3:hr>108</ns3:hr>
            <ns3:cad>79</ns3:cad>
          </ns3:TrackPointExtension>
        </extensions>
      </trkpt>
      <trkpt lat="25.8661060966551303863525390625" lon="119.5686820708215236663818359375">
        <ele>14.3999996185302734375</ele>
        <time>2025-05-30T21:48:39.000Z</time>
        <extensions>
          <ns3:TrackPointExtension>
            <ns3:atemp>26.0</ns3:atemp>
            <ns3:hr>108</ns3:hr>
            <ns3:cad>79</ns3:cad>
          </ns3:TrackPointExtension>
        </extensions>
      </trkpt>
      <trkpt lat="25.866094529628753662109375" lon="119.56870025955140590667724609375">
        <ele>14.3999996185302734375</ele>
        <time>2025-05-30T21:48:40.000Z</time>
        <extensions>
          <ns3:TrackPointExtension>
            <ns3:atemp>26.0</ns3:atemp>
            <ns3:hr>108</ns3:hr>
            <ns3:cad>79</ns3:cad>
          </ns3:TrackPointExtension>
        </extensions>
      </trkpt>
      <trkpt lat="25.86608313024044036865234375" lon="119.5687139220535755157470703125">
        <ele>14.3999996185302734375</ele>
        <time>2025-05-30T21:48:41.000Z</time>
        <extensions>
          <ns3:TrackPointExtension>
            <ns3:atemp>26.0</ns3:atemp>
            <ns3:hr>108</ns3:hr>
            <ns3:cad>80</ns3:cad>
          </ns3:TrackPointExtension>
        </extensions>
      </trkpt>
      <trkpt lat="25.866085477173328399658203125" lon="119.568723477423191070556640625">
        <ele>14.3999996185302734375</ele>
        <time>2025-05-30T21:48:42.000Z</time>
        <extensions>
          <ns3:TrackPointExtension>
            <ns3:atemp>26.0</ns3:atemp>
            <ns3:hr>107</ns3:hr>
            <ns3:cad>80</ns3:cad>
          </ns3:TrackPointExtension>
        </extensions>
      </trkpt>
      <trkpt lat="25.8660742454230785369873046875" lon="119.56874527037143707275390625">
        <ele>14.3999996185302734375</ele>
        <time>2025-05-30T21:48:43.000Z</time>
        <extensions>
          <ns3:TrackPointExtension>
            <ns3:atemp>26.0</ns3:atemp>
            <ns3:hr>108</ns3:hr>
            <ns3:cad>80</ns3:cad>
          </ns3:TrackPointExtension>
        </extensions>
      </trkpt>
      <trkpt lat="25.86606645025312900543212890625" lon="119.5687598548829555511474609375">
        <ele>14.3999996185302734375</ele>
        <time>2025-05-30T21:48:44.000Z</time>
        <extensions>
          <ns3:TrackPointExtension>
            <ns3:atemp>26.0</ns3:atemp>
            <ns3:hr>108</ns3:hr>
            <ns3:cad>80</ns3:cad>
          </ns3:TrackPointExtension>
        </extensions>
      </trkpt>
      <trkpt lat="25.86606695316731929779052734375" lon="119.56876982934772968292236328125">
        <ele>14.3999996185302734375</ele>
        <time>2025-05-30T21:48:45.000Z</time>
        <extensions>
          <ns3:TrackPointExtension>
            <ns3:atemp>26.0</ns3:atemp>
            <ns3:hr>107</ns3:hr>
            <ns3:cad>80</ns3:cad>
          </ns3:TrackPointExtension>
        </extensions>
      </trkpt>
      <trkpt lat="25.86605689488351345062255859375" lon="119.568787850439548492431640625">
        <ele>14.3999996185302734375</ele>
        <time>2025-05-30T21:48:46.000Z</time>
        <extensions>
          <ns3:TrackPointExtension>
            <ns3:atemp>26.0</ns3:atemp>
            <ns3:hr>108</ns3:hr>
            <ns3:cad>80</ns3:cad>
          </ns3:TrackPointExtension>
        </extensions>
      </trkpt>
      <trkpt lat="25.86604826152324676513671875" lon="119.56880235113203525543212890625">
        <ele>14.3999996185302734375</ele>
        <time>2025-05-30T21:48:47.000Z</time>
        <extensions>
          <ns3:TrackPointExtension>
            <ns3:atemp>26.0</ns3:atemp>
            <ns3:hr>108</ns3:hr>
            <ns3:cad>80</ns3:cad>
          </ns3:TrackPointExtension>
        </extensions>
      </trkpt>
      <trkpt lat="25.8660501055419445037841796875" lon="119.568810649216175079345703125">
        <ele>14.6000003814697265625</ele>
        <time>2025-05-30T21:48:48.000Z</time>
        <extensions>
          <ns3:TrackPointExtension>
            <ns3:atemp>26.0</ns3:atemp>
            <ns3:hr>109</ns3:hr>
            <ns3:cad>80</ns3:cad>
          </ns3:TrackPointExtension>
        </extensions>
      </trkpt>
      <trkpt lat="25.86604021489620208740234375" lon="119.56883369944989681243896484375">
        <ele>14.6000003814697265625</ele>
        <time>2025-05-30T21:48:49.000Z</time>
        <extensions>
          <ns3:TrackPointExtension>
            <ns3:atemp>26.0</ns3:atemp>
            <ns3:hr>109</ns3:hr>
            <ns3:cad>81</ns3:cad>
          </ns3:TrackPointExtension>
        </extensions>
      </trkpt>
      <trkpt lat="25.8660303242504596710205078125" lon="119.5688480325043201446533203125">
        <ele>14.6000003814697265625</ele>
        <time>2025-05-30T21:48:50.000Z</time>
        <extensions>
          <ns3:TrackPointExtension>
            <ns3:atemp>26.0</ns3:atemp>
            <ns3:hr>109</ns3:hr>
            <ns3:cad>81</ns3:cad>
          </ns3:TrackPointExtension>
        </extensions>
      </trkpt>
      <trkpt lat="25.86602940224111080169677734375" lon="119.5688647963106632232666015625">
        <ele>14.6000003814697265625</ele>
        <time>2025-05-30T21:48:51.000Z</time>
        <extensions>
          <ns3:TrackPointExtension>
            <ns3:atemp>26.0</ns3:atemp>
            <ns3:hr>110</ns3:hr>
            <ns3:cad>80</ns3:cad>
          </ns3:TrackPointExtension>
        </extensions>
      </trkpt>
      <trkpt lat="25.866013728082180023193359375" lon="119.568884409964084625244140625">
        <ele>14.6000003814697265625</ele>
        <time>2025-05-30T21:48:52.000Z</time>
        <extensions>
          <ns3:TrackPointExtension>
            <ns3:atemp>26.0</ns3:atemp>
            <ns3:hr>111</ns3:hr>
            <ns3:cad>79</ns3:cad>
          </ns3:TrackPointExtension>
        </extensions>
      </trkpt>
      <trkpt lat="25.8660108782351016998291015625" lon="119.568894468247890472412109375">
        <ele>14.6000003814697265625</ele>
        <time>2025-05-30T21:48:53.000Z</time>
        <extensions>
          <ns3:TrackPointExtension>
            <ns3:atemp>26.0</ns3:atemp>
            <ns3:hr>111</ns3:hr>
            <ns3:cad>79</ns3:cad>
          </ns3:TrackPointExtension>
        </extensions>
      </trkpt>
      <trkpt lat="25.86600576527416706085205078125" lon="119.5689154230058193206787109375">
        <ele>14.6000003814697265625</ele>
        <time>2025-05-30T21:48:54.000Z</time>
        <extensions>
          <ns3:TrackPointExtension>
            <ns3:atemp>26.0</ns3:atemp>
            <ns3:hr>111</ns3:hr>
            <ns3:cad>80</ns3:cad>
          </ns3:TrackPointExtension>
        </extensions>
      </trkpt>
      <trkpt lat="25.8659912645816802978515625" lon="119.5689318515360355377197265625">
        <ele>14.6000003814697265625</ele>
        <time>2025-05-30T21:48:55.000Z</time>
        <extensions>
          <ns3:TrackPointExtension>
            <ns3:atemp>26.0</ns3:atemp>
            <ns3:hr>110</ns3:hr>
            <ns3:cad>81</ns3:cad>
          </ns3:TrackPointExtension>
        </extensions>
      </trkpt>
      <trkpt lat="25.865995623171329498291015625" lon="119.56894149072468280792236328125">
        <ele>14.80000019073486328125</ele>
        <time>2025-05-30T21:48:56.000Z</time>
        <extensions>
          <ns3:TrackPointExtension>
            <ns3:atemp>26.0</ns3:atemp>
            <ns3:hr>110</ns3:hr>
            <ns3:cad>82</ns3:cad>
          </ns3:TrackPointExtension>
        </extensions>
      </trkpt>
      <trkpt lat="25.86599151603877544403076171875" lon="119.56896009854972362518310546875">
        <ele>14.80000019073486328125</ele>
        <time>2025-05-30T21:48:57.000Z</time>
        <extensions>
          <ns3:TrackPointExtension>
            <ns3:atemp>26.0</ns3:atemp>
            <ns3:hr>110</ns3:hr>
            <ns3:cad>82</ns3:cad>
          </ns3:TrackPointExtension>
        </extensions>
      </trkpt>
      <trkpt lat="25.8659786917269229888916015625" lon="119.56897719763219356536865234375">
        <ele>14.80000019073486328125</ele>
        <time>2025-05-30T21:48:58.000Z</time>
        <extensions>
          <ns3:TrackPointExtension>
            <ns3:atemp>26.0</ns3:atemp>
            <ns3:hr>111</ns3:hr>
            <ns3:cad>82</ns3:cad>
          </ns3:TrackPointExtension>
        </extensions>
      </trkpt>
      <trkpt lat="25.86598279885947704315185546875" lon="119.56898625008761882781982421875">
        <ele>14.80000019073486328125</ele>
        <time>2025-05-30T21:48:59.000Z</time>
        <extensions>
          <ns3:TrackPointExtension>
            <ns3:atemp>26.0</ns3:atemp>
            <ns3:hr>110</ns3:hr>
            <ns3:cad>82</ns3:cad>
          </ns3:TrackPointExtension>
        </extensions>
      </trkpt>
      <trkpt lat="25.8659800328314304351806640625" lon="119.56900368444621562957763671875">
        <ele>14.80000019073486328125</ele>
        <time>2025-05-30T21:49:00.000Z</time>
        <extensions>
          <ns3:TrackPointExtension>
            <ns3:atemp>26.0</ns3:atemp>
            <ns3:hr>111</ns3:hr>
            <ns3:cad>81</ns3:cad>
          </ns3:TrackPointExtension>
        </extensions>
      </trkpt>
      <trkpt lat="25.865964777767658233642578125" lon="119.56902028061449527740478515625">
        <ele>14.80000019073486328125</ele>
        <time>2025-05-30T21:49:01.000Z</time>
        <extensions>
          <ns3:TrackPointExtension>
            <ns3:atemp>26.0</ns3:atemp>
            <ns3:hr>111</ns3:hr>
            <ns3:cad>80</ns3:cad>
          </ns3:TrackPointExtension>
        </extensions>
      </trkpt>
      <trkpt lat="25.86596201173961162567138671875" lon="119.56903251819312572479248046875">
        <ele>14.80000019073486328125</ele>
        <time>2025-05-30T21:49:02.000Z</time>
        <extensions>
          <ns3:TrackPointExtension>
            <ns3:atemp>26.0</ns3:atemp>
            <ns3:hr>111</ns3:hr>
            <ns3:cad>79</ns3:cad>
          </ns3:TrackPointExtension>
        </extensions>
      </trkpt>
      <trkpt lat="25.8659558929502964019775390625" lon="119.56905330531299114227294921875">
        <ele>14.80000019073486328125</ele>
        <time>2025-05-30T21:49:03.000Z</time>
        <extensions>
          <ns3:TrackPointExtension>
            <ns3:atemp>26.0</ns3:atemp>
            <ns3:hr>111</ns3:hr>
            <ns3:cad>79</ns3:cad>
          </ns3:TrackPointExtension>
        </extensions>
      </trkpt>
      <trkpt lat="25.865944325923919677734375" lon="119.5690706558525562286376953125">
        <ele>14.80000019073486328125</ele>
        <time>2025-05-30T21:49:04.000Z</time>
        <extensions>
          <ns3:TrackPointExtension>
            <ns3:atemp>26.0</ns3:atemp>
            <ns3:hr>111</ns3:hr>
            <ns3:cad>79</ns3:cad>
          </ns3:TrackPointExtension>
        </extensions>
      </trkpt>
      <trkpt lat="25.86594491265714168548583984375" lon="119.56908197142183780670166015625">
        <ele>15</ele>
        <time>2025-05-30T21:49:05.000Z</time>
        <extensions>
          <ns3:TrackPointExtension>
            <ns3:atemp>26.0</ns3:atemp>
            <ns3:hr>110</ns3:hr>
            <ns3:cad>79</ns3:cad>
          </ns3:TrackPointExtension>
        </extensions>
      </trkpt>
      <trkpt lat="25.86593250744044780731201171875" lon="119.56910510547459125518798828125">
        <ele>15</ele>
        <time>2025-05-30T21:49:06.000Z</time>
        <extensions>
          <ns3:TrackPointExtension>
            <ns3:atemp>26.0</ns3:atemp>
            <ns3:hr>110</ns3:hr>
            <ns3:cad>79</ns3:cad>
          </ns3:TrackPointExtension>
        </extensions>
      </trkpt>
      <trkpt lat="25.865919180214405059814453125" lon="119.56911918707191944122314453125">
        <ele>15</ele>
        <time>2025-05-30T21:49:07.000Z</time>
        <extensions>
          <ns3:TrackPointExtension>
            <ns3:atemp>26.0</ns3:atemp>
            <ns3:hr>109</ns3:hr>
            <ns3:cad>80</ns3:cad>
          </ns3:TrackPointExtension>
        </extensions>
      </trkpt>
      <trkpt lat="25.865920521318912506103515625" lon="119.56913159228861331939697265625">
        <ele>15</ele>
        <time>2025-05-30T21:49:08.000Z</time>
        <extensions>
          <ns3:TrackPointExtension>
            <ns3:atemp>26.0</ns3:atemp>
            <ns3:hr>109</ns3:hr>
            <ns3:cad>80</ns3:cad>
          </ns3:TrackPointExtension>
        </extensions>
      </trkpt>
      <trkpt lat="25.86590937338769435882568359375" lon="119.5691564865410327911376953125">
        <ele>15</ele>
        <time>2025-05-30T21:49:09.000Z</time>
        <extensions>
          <ns3:TrackPointExtension>
            <ns3:atemp>26.0</ns3:atemp>
            <ns3:hr>109</ns3:hr>
            <ns3:cad>80</ns3:cad>
          </ns3:TrackPointExtension>
        </extensions>
      </trkpt>
      <trkpt lat="25.86589612998068332672119140625" lon="119.569172076880931854248046875">
        <ele>15</ele>
        <time>2025-05-30T21:49:10.000Z</time>
        <extensions>
          <ns3:TrackPointExtension>
            <ns3:atemp>26.0</ns3:atemp>
            <ns3:hr>109</ns3:hr>
            <ns3:cad>80</ns3:cad>
          </ns3:TrackPointExtension>
        </extensions>
      </trkpt>
      <trkpt lat="25.8658992312848567962646484375" lon="119.56918372772634029388427734375">
        <ele>15</ele>
        <time>2025-05-30T21:49:11.000Z</time>
        <extensions>
          <ns3:TrackPointExtension>
            <ns3:atemp>26.0</ns3:atemp>
            <ns3:hr>109</ns3:hr>
            <ns3:cad>81</ns3:cad>
          </ns3:TrackPointExtension>
        </extensions>
      </trkpt>
      <trkpt lat="25.86588858626782894134521484375" lon="119.5692061074078083038330078125">
        <ele>15</ele>
        <time>2025-05-30T21:49:12.000Z</time>
        <extensions>
          <ns3:TrackPointExtension>
            <ns3:atemp>26.0</ns3:atemp>
            <ns3:hr>108</ns3:hr>
            <ns3:cad>81</ns3:cad>
          </ns3:TrackPointExtension>
        </extensions>
      </trkpt>
      <trkpt lat="25.865878276526927947998046875" lon="119.5692188479006290435791015625">
        <ele>15</ele>
        <time>2025-05-30T21:49:13.000Z</time>
        <extensions>
          <ns3:TrackPointExtension>
            <ns3:atemp>26.0</ns3:atemp>
            <ns3:hr>109</ns3:hr>
            <ns3:cad>81</ns3:cad>
          </ns3:TrackPointExtension>
        </extensions>
      </trkpt>
      <trkpt lat="25.865881629288196563720703125" lon="119.5692322589457035064697265625">
        <ele>15.19999980926513671875</ele>
        <time>2025-05-30T21:49:14.000Z</time>
        <extensions>
          <ns3:TrackPointExtension>
            <ns3:atemp>26.0</ns3:atemp>
            <ns3:hr>109</ns3:hr>
            <ns3:cad>81</ns3:cad>
          </ns3:TrackPointExtension>
        </extensions>
      </trkpt>
      <trkpt lat="25.86587123572826385498046875" lon="119.5692527107894420623779296875">
        <ele>15.19999980926513671875</ele>
        <time>2025-05-30T21:49:15.000Z</time>
        <extensions>
          <ns3:TrackPointExtension>
            <ns3:atemp>26.0</ns3:atemp>
            <ns3:hr>110</ns3:hr>
            <ns3:cad>80</ns3:cad>
          </ns3:TrackPointExtension>
        </extensions>
      </trkpt>
      <trkpt lat="25.8658623509109020233154296875" lon="119.56926452927291393280029296875">
        <ele>15</ele>
        <time>2025-05-30T21:49:16.000Z</time>
        <extensions>
          <ns3:TrackPointExtension>
            <ns3:atemp>26.0</ns3:atemp>
            <ns3:hr>110</ns3:hr>
            <ns3:cad>80</ns3:cad>
          </ns3:TrackPointExtension>
        </extensions>
      </trkpt>
      <trkpt lat="25.86586159653961658477783203125" lon="119.5692775212228298187255859375">
        <ele>15</ele>
        <time>2025-05-30T21:49:17.000Z</time>
        <extensions>
          <ns3:TrackPointExtension>
            <ns3:atemp>26.0</ns3:atemp>
            <ns3:hr>111</ns3:hr>
            <ns3:cad>80</ns3:cad>
          </ns3:TrackPointExtension>
        </extensions>
      </trkpt>
      <trkpt lat="25.86584902368485927581787109375" lon="119.56929705105721950531005859375">
        <ele>15</ele>
        <time>2025-05-30T21:49:18.000Z</time>
        <extensions>
          <ns3:TrackPointExtension>
            <ns3:atemp>26.0</ns3:atemp>
            <ns3:hr>111</ns3:hr>
            <ns3:cad>80</ns3:cad>
          </ns3:TrackPointExtension>
        </extensions>
      </trkpt>
      <trkpt lat="25.86584399454295635223388671875" lon="119.5693144015967845916748046875">
        <ele>15.19999980926513671875</ele>
        <time>2025-05-30T21:49:19.000Z</time>
        <extensions>
          <ns3:TrackPointExtension>
            <ns3:atemp>26.0</ns3:atemp>
            <ns3:hr>112</ns3:hr>
            <ns3:cad>80</ns3:cad>
          </ns3:TrackPointExtension>
        </extensions>
      </trkpt>
      <trkpt lat="25.86584181524813175201416015625" lon="119.569332338869571685791015625">
        <ele>15.19999980926513671875</ele>
        <time>2025-05-30T21:49:20.000Z</time>
        <extensions>
          <ns3:TrackPointExtension>
            <ns3:atemp>26.0</ns3:atemp>
            <ns3:hr>112</ns3:hr>
            <ns3:cad>80</ns3:cad>
          </ns3:TrackPointExtension>
        </extensions>
      </trkpt>
      <trkpt lat="25.86582840420305728912353515625" lon="119.56935203634202480316162109375">
        <ele>15.19999980926513671875</ele>
        <time>2025-05-30T21:49:21.000Z</time>
        <extensions>
          <ns3:TrackPointExtension>
            <ns3:atemp>26.0</ns3:atemp>
            <ns3:hr>112</ns3:hr>
            <ns3:cad>80</ns3:cad>
          </ns3:TrackPointExtension>
        </extensions>
      </trkpt>
      <trkpt lat="25.8658276498317718505859375" lon="119.56936444155871868133544921875">
        <ele>15.19999980926513671875</ele>
        <time>2025-05-30T21:49:22.000Z</time>
        <extensions>
          <ns3:TrackPointExtension>
            <ns3:atemp>26.0</ns3:atemp>
            <ns3:hr>112</ns3:hr>
            <ns3:cad>80</ns3:cad>
          </ns3:TrackPointExtension>
        </extensions>
      </trkpt>
      <trkpt lat="25.865825302898883819580078125" lon="119.56938221119344234466552734375">
        <ele>15.19999980926513671875</ele>
        <time>2025-05-30T21:49:23.000Z</time>
        <extensions>
          <ns3:TrackPointExtension>
            <ns3:atemp>26.0</ns3:atemp>
            <ns3:hr>112</ns3:hr>
            <ns3:cad>80</ns3:cad>
          </ns3:TrackPointExtension>
        </extensions>
      </trkpt>
      <trkpt lat="25.86580979637801647186279296875" lon="119.56939964555203914642333984375">
        <ele>15.19999980926513671875</ele>
        <time>2025-05-30T21:49:24.000Z</time>
        <extensions>
          <ns3:TrackPointExtension>
            <ns3:atemp>26.0</ns3:atemp>
            <ns3:hr>113</ns3:hr>
            <ns3:cad>80</ns3:cad>
          </ns3:TrackPointExtension>
        </extensions>
      </trkpt>
      <trkpt lat="25.8658061921596527099609375" lon="119.5694111287593841552734375">
        <ele>15.19999980926513671875</ele>
        <time>2025-05-30T21:49:25.000Z</time>
        <extensions>
          <ns3:TrackPointExtension>
            <ns3:atemp>26.0</ns3:atemp>
            <ns3:hr>113</ns3:hr>
            <ns3:cad>81</ns3:cad>
          </ns3:TrackPointExtension>
        </extensions>
      </trkpt>
      <trkpt lat="25.86579990573227405548095703125" lon="119.56942797638475894927978515625">
        <ele>15.19999980926513671875</ele>
        <time>2025-05-30T21:49:26.000Z</time>
        <extensions>
          <ns3:TrackPointExtension>
            <ns3:atemp>26.0</ns3:atemp>
            <ns3:hr>114</ns3:hr>
            <ns3:cad>81</ns3:cad>
          </ns3:TrackPointExtension>
        </extensions>
      </trkpt>
      <trkpt lat="25.86578733287751674652099609375" lon="119.56944155506789684295654296875">
        <ele>15.3999996185302734375</ele>
        <time>2025-05-30T21:49:27.000Z</time>
        <extensions>
          <ns3:TrackPointExtension>
            <ns3:atemp>26.0</ns3:atemp>
            <ns3:hr>114</ns3:hr>
            <ns3:cad>81</ns3:cad>
          </ns3:TrackPointExtension>
        </extensions>
      </trkpt>
      <trkpt lat="25.8657805435359477996826171875" lon="119.56945345737040042877197265625">
        <ele>15.3999996185302734375</ele>
        <time>2025-05-30T21:49:28.000Z</time>
        <extensions>
          <ns3:TrackPointExtension>
            <ns3:atemp>26.0</ns3:atemp>
            <ns3:hr>114</ns3:hr>
            <ns3:cad>80</ns3:cad>
          </ns3:TrackPointExtension>
        </extensions>
      </trkpt>
      <trkpt lat="25.86576998233795166015625" lon="119.569471143186092376708984375">
        <ele>15.6000003814697265625</ele>
        <time>2025-05-30T21:49:29.000Z</time>
        <extensions>
          <ns3:TrackPointExtension>
            <ns3:atemp>26.0</ns3:atemp>
            <ns3:hr>114</ns3:hr>
            <ns3:cad>80</ns3:cad>
          </ns3:TrackPointExtension>
        </extensions>
      </trkpt>
      <trkpt lat="25.86576067842543125152587890625" lon="119.5694870688021183013916015625">
        <ele>15.6000003814697265625</ele>
        <time>2025-05-30T21:49:30.000Z</time>
        <extensions>
          <ns3:TrackPointExtension>
            <ns3:atemp>26.0</ns3:atemp>
            <ns3:hr>114</ns3:hr>
            <ns3:cad>81</ns3:cad>
          </ns3:TrackPointExtension>
        </extensions>
      </trkpt>
      <trkpt lat="25.86576260626316070556640625" lon="119.5695023238658905029296875">
        <ele>15.6000003814697265625</ele>
        <time>2025-05-30T21:49:31.000Z</time>
        <extensions>
          <ns3:TrackPointExtension>
            <ns3:atemp>26.0</ns3:atemp>
            <ns3:hr>115</ns3:hr>
            <ns3:cad>81</ns3:cad>
          </ns3:TrackPointExtension>
        </extensions>
      </trkpt>
      <trkpt lat="25.8657538890838623046875" lon="119.5695226080715656280517578125">
        <ele>15.6000003814697265625</ele>
        <time>2025-05-30T21:49:32.000Z</time>
        <extensions>
          <ns3:TrackPointExtension>
            <ns3:atemp>26.0</ns3:atemp>
            <ns3:hr>116</ns3:hr>
            <ns3:cad>81</ns3:cad>
          </ns3:TrackPointExtension>
        </extensions>
      </trkpt>
      <trkpt lat="25.86574408225715160369873046875" lon="119.56953811459243297576904296875">
        <ele>15.6000003814697265625</ele>
        <time>2025-05-30T21:49:33.000Z</time>
        <extensions>
          <ns3:TrackPointExtension>
            <ns3:atemp>26.0</ns3:atemp>
            <ns3:hr>116</ns3:hr>
            <ns3:cad>81</ns3:cad>
          </ns3:TrackPointExtension>
        </extensions>
      </trkpt>
      <trkpt lat="25.86574424989521503448486328125" lon="119.56954800523817539215087890625">
        <ele>15.6000003814697265625</ele>
        <time>2025-05-30T21:49:34.000Z</time>
        <extensions>
          <ns3:TrackPointExtension>
            <ns3:atemp>26.0</ns3:atemp>
            <ns3:hr>116</ns3:hr>
            <ns3:cad>81</ns3:cad>
          </ns3:TrackPointExtension>
        </extensions>
      </trkpt>
      <trkpt lat="25.86573444306850433349609375" lon="119.56957248039543628692626953125">
        <ele>15.6000003814697265625</ele>
        <time>2025-05-30T21:49:35.000Z</time>
        <extensions>
          <ns3:TrackPointExtension>
            <ns3:atemp>26.0</ns3:atemp>
            <ns3:hr>115</ns3:hr>
            <ns3:cad>81</ns3:cad>
          </ns3:TrackPointExtension>
        </extensions>
      </trkpt>
      <trkpt lat="25.86572480387985706329345703125" lon="119.5695889927446842193603515625">
        <ele>15.6000003814697265625</ele>
        <time>2025-05-30T21:49:36.000Z</time>
        <extensions>
          <ns3:TrackPointExtension>
            <ns3:atemp>26.0</ns3:atemp>
            <ns3:hr>115</ns3:hr>
            <ns3:cad>81</ns3:cad>
          </ns3:TrackPointExtension>
        </extensions>
      </trkpt>
      <trkpt lat="25.86572463624179363250732421875" lon="119.56960500217974185943603515625">
        <ele>15.6000003814697265625</ele>
        <time>2025-05-30T21:49:37.000Z</time>
        <extensions>
          <ns3:TrackPointExtension>
            <ns3:atemp>26.0</ns3:atemp>
            <ns3:hr>115</ns3:hr>
            <ns3:cad>80</ns3:cad>
          </ns3:TrackPointExtension>
        </extensions>
      </trkpt>
      <trkpt lat="25.86571474559605121612548828125" lon="119.569624364376068115234375">
        <ele>15.80000019073486328125</ele>
        <time>2025-05-30T21:49:38.000Z</time>
        <extensions>
          <ns3:TrackPointExtension>
            <ns3:atemp>26.0</ns3:atemp>
            <ns3:hr>115</ns3:hr>
            <ns3:cad>80</ns3:cad>
          </ns3:TrackPointExtension>
        </extensions>
      </trkpt>
      <trkpt lat="25.8657061122357845306396484375" lon="119.5696391165256500244140625">
        <ele>15.80000019073486328125</ele>
        <time>2025-05-30T21:49:39.000Z</time>
        <extensions>
          <ns3:TrackPointExtension>
            <ns3:atemp>26.0</ns3:atemp>
            <ns3:hr>115</ns3:hr>
            <ns3:cad>80</ns3:cad>
          </ns3:TrackPointExtension>
        </extensions>
      </trkpt>
      <trkpt lat="25.8657061122357845306396484375" lon="119.56965319812297821044921875">
        <ele>15.80000019073486328125</ele>
        <time>2025-05-30T21:49:40.000Z</time>
        <extensions>
          <ns3:TrackPointExtension>
            <ns3:atemp>26.0</ns3:atemp>
            <ns3:hr>115</ns3:hr>
            <ns3:cad>80</ns3:cad>
          </ns3:TrackPointExtension>
        </extensions>
      </trkpt>
      <trkpt lat="25.865692533552646636962890625" lon="119.5696781761944293975830078125">
        <ele>15.80000019073486328125</ele>
        <time>2025-05-30T21:49:41.000Z</time>
        <extensions>
          <ns3:TrackPointExtension>
            <ns3:atemp>26.0</ns3:atemp>
            <ns3:hr>115</ns3:hr>
            <ns3:cad>80</ns3:cad>
          </ns3:TrackPointExtension>
        </extensions>
      </trkpt>
      <trkpt lat="25.865685157477855682373046875" lon="119.56969217397272586822509765625">
        <ele>15.6000003814697265625</ele>
        <time>2025-05-30T21:49:42.000Z</time>
        <extensions>
          <ns3:TrackPointExtension>
            <ns3:atemp>26.0</ns3:atemp>
            <ns3:hr>116</ns3:hr>
            <ns3:cad>80</ns3:cad>
          </ns3:TrackPointExtension>
        </extensions>
      </trkpt>
      <trkpt lat="25.86568758822977542877197265625" lon="119.5697070099413394927978515625">
        <ele>15.6000003814697265625</ele>
        <time>2025-05-30T21:49:43.000Z</time>
        <extensions>
          <ns3:TrackPointExtension>
            <ns3:atemp>26.0</ns3:atemp>
            <ns3:hr>116</ns3:hr>
            <ns3:cad>80</ns3:cad>
          </ns3:TrackPointExtension>
        </extensions>
      </trkpt>
      <trkpt lat="25.865680463612079620361328125" lon="119.569723270833492279052734375">
        <ele>15.6000003814697265625</ele>
        <time>2025-05-30T21:49:44.000Z</time>
        <extensions>
          <ns3:TrackPointExtension>
            <ns3:atemp>26.0</ns3:atemp>
            <ns3:hr>116</ns3:hr>
            <ns3:cad>80</ns3:cad>
          </ns3:TrackPointExtension>
        </extensions>
      </trkpt>
      <trkpt lat="25.8656782843172550201416015625" lon="119.5697356760501861572265625">
        <ele>15.6000003814697265625</ele>
        <time>2025-05-30T21:49:45.000Z</time>
        <extensions>
          <ns3:TrackPointExtension>
            <ns3:atemp>26.0</ns3:atemp>
            <ns3:hr>116</ns3:hr>
            <ns3:cad>80</ns3:cad>
          </ns3:TrackPointExtension>
        </extensions>
      </trkpt>
      <trkpt lat="25.8656688965857028961181640625" lon="119.56975654698908329010009765625">
        <ele>15.6000003814697265625</ele>
        <time>2025-05-30T21:49:46.000Z</time>
        <extensions>
          <ns3:TrackPointExtension>
            <ns3:atemp>26.0</ns3:atemp>
            <ns3:hr>116</ns3:hr>
            <ns3:cad>82</ns3:cad>
          </ns3:TrackPointExtension>
        </extensions>
      </trkpt>
      <trkpt lat="25.86565825156867504119873046875" lon="119.56977331079542636871337890625">
        <ele>15.80000019073486328125</ele>
        <time>2025-05-30T21:49:47.000Z</time>
        <extensions>
          <ns3:TrackPointExtension>
            <ns3:atemp>26.0</ns3:atemp>
            <ns3:hr>116</ns3:hr>
            <ns3:cad>82</ns3:cad>
          </ns3:TrackPointExtension>
        </extensions>
      </trkpt>
      <trkpt lat="25.865657329559326171875" lon="119.56979124806821346282958984375">
        <ele>15.80000019073486328125</ele>
        <time>2025-05-30T21:49:48.000Z</time>
        <extensions>
          <ns3:TrackPointExtension>
            <ns3:atemp>26.0</ns3:atemp>
            <ns3:hr>116</ns3:hr>
            <ns3:cad>82</ns3:cad>
          </ns3:TrackPointExtension>
        </extensions>
      </trkpt>
      <trkpt lat="25.8656464330852031707763671875" lon="119.56981337629258632659912109375">
        <ele>15.80000019073486328125</ele>
        <time>2025-05-30T21:49:49.000Z</time>
        <extensions>
          <ns3:TrackPointExtension>
            <ns3:atemp>26.0</ns3:atemp>
            <ns3:hr>116</ns3:hr>
            <ns3:cad>82</ns3:cad>
          </ns3:TrackPointExtension>
        </extensions>
      </trkpt>
      <trkpt lat="25.86563595570623874664306640625" lon="119.56982812844216823577880859375">
        <ele>15.80000019073486328125</ele>
        <time>2025-05-30T21:49:50.000Z</time>
        <extensions>
          <ns3:TrackPointExtension>
            <ns3:atemp>26.0</ns3:atemp>
            <ns3:hr>116</ns3:hr>
            <ns3:cad>82</ns3:cad>
          </ns3:TrackPointExtension>
        </extensions>
      </trkpt>
      <trkpt lat="25.8656424097716808319091796875" lon="119.56984036602079868316650390625">
        <ele>16</ele>
        <time>2025-05-30T21:49:51.000Z</time>
        <extensions>
          <ns3:TrackPointExtension>
            <ns3:atemp>26.0</ns3:atemp>
            <ns3:hr>116</ns3:hr>
            <ns3:cad>82</ns3:cad>
          </ns3:TrackPointExtension>
        </extensions>
      </trkpt>
      <trkpt lat="25.86563654243946075439453125" lon="119.5698592253029346466064453125">
        <ele>16</ele>
        <time>2025-05-30T21:49:52.000Z</time>
        <extensions>
          <ns3:TrackPointExtension>
            <ns3:atemp>26.0</ns3:atemp>
            <ns3:hr>116</ns3:hr>
            <ns3:cad>82</ns3:cad>
          </ns3:TrackPointExtension>
        </extensions>
      </trkpt>
      <trkpt lat="25.86562857963144779205322265625" lon="119.56987355835735797882080078125">
        <ele>15.80000019073486328125</ele>
        <time>2025-05-30T21:49:53.000Z</time>
        <extensions>
          <ns3:TrackPointExtension>
            <ns3:atemp>26.0</ns3:atemp>
            <ns3:hr>117</ns3:hr>
            <ns3:cad>81</ns3:cad>
          </ns3:TrackPointExtension>
        </extensions>
      </trkpt>
      <trkpt lat="25.865628831088542938232421875" lon="119.56988864578306674957275390625">
        <ele>15.80000019073486328125</ele>
        <time>2025-05-30T21:49:54.000Z</time>
        <extensions>
          <ns3:TrackPointExtension>
            <ns3:atemp>26.0</ns3:atemp>
            <ns3:hr>117</ns3:hr>
            <ns3:cad>81</ns3:cad>
          </ns3:TrackPointExtension>
        </extensions>
      </trkpt>
      <trkpt lat="25.8656155876815319061279296875" lon="119.56990524195134639739990234375">
        <ele>15.80000019073486328125</ele>
        <time>2025-05-30T21:49:55.000Z</time>
        <extensions>
          <ns3:TrackPointExtension>
            <ns3:atemp>26.0</ns3:atemp>
            <ns3:hr>117</ns3:hr>
            <ns3:cad>81</ns3:cad>
          </ns3:TrackPointExtension>
        </extensions>
      </trkpt>
      <trkpt lat="25.86561097763478755950927734375" lon="119.56991932354867458343505859375">
        <ele>15.80000019073486328125</ele>
        <time>2025-05-30T21:49:56.000Z</time>
        <extensions>
          <ns3:TrackPointExtension>
            <ns3:atemp>26.0</ns3:atemp>
            <ns3:hr>117</ns3:hr>
            <ns3:cad>81</ns3:cad>
          </ns3:TrackPointExtension>
        </extensions>
      </trkpt>
      <trkpt lat="25.86560494266450405120849609375" lon="119.5699373446404933929443359375">
        <ele>15.80000019073486328125</ele>
        <time>2025-05-30T21:49:57.000Z</time>
        <extensions>
          <ns3:TrackPointExtension>
            <ns3:atemp>26.0</ns3:atemp>
            <ns3:hr>118</ns3:hr>
            <ns3:cad>81</ns3:cad>
          </ns3:TrackPointExtension>
        </extensions>
      </trkpt>
      <trkpt lat="25.8655864186584949493408203125" lon="119.56995368935167789459228515625">
        <ele>16</ele>
        <time>2025-05-30T21:49:58.000Z</time>
        <extensions>
          <ns3:TrackPointExtension>
            <ns3:atemp>26.0</ns3:atemp>
            <ns3:hr>118</ns3:hr>
            <ns3:cad>81</ns3:cad>
          </ns3:TrackPointExtension>
        </extensions>
      </trkpt>
      <trkpt lat="25.86558633483946323394775390625" lon="119.569965340197086334228515625">
        <ele>16</ele>
        <time>2025-05-30T21:49:59.000Z</time>
        <extensions>
          <ns3:TrackPointExtension>
            <ns3:atemp>26.0</ns3:atemp>
            <ns3:hr>118</ns3:hr>
            <ns3:cad>81</ns3:cad>
          </ns3:TrackPointExtension>
        </extensions>
      </trkpt>
      <trkpt lat="25.86557292379438877105712890625" lon="119.56998805515468120574951171875">
        <ele>16.200000762939453125</ele>
        <time>2025-05-30T21:50:00.000Z</time>
        <extensions>
          <ns3:TrackPointExtension>
            <ns3:atemp>26.0</ns3:atemp>
            <ns3:hr>119</ns3:hr>
            <ns3:cad>81</ns3:cad>
          </ns3:TrackPointExtension>
        </extensions>
      </trkpt>
      <trkpt lat="25.8655585907399654388427734375" lon="119.570007584989070892333984375">
        <ele>16.200000762939453125</ele>
        <time>2025-05-30T21:50:01.000Z</time>
        <extensions>
          <ns3:TrackPointExtension>
            <ns3:atemp>26.0</ns3:atemp>
            <ns3:hr>119</ns3:hr>
            <ns3:cad>81</ns3:cad>
          </ns3:TrackPointExtension>
        </extensions>
      </trkpt>
      <trkpt lat="25.86555733345448970794677734375" lon="119.57002342678606510162353515625">
        <ele>16.200000762939453125</ele>
        <time>2025-05-30T21:50:02.000Z</time>
        <extensions>
          <ns3:TrackPointExtension>
            <ns3:atemp>26.0</ns3:atemp>
            <ns3:hr>119</ns3:hr>
            <ns3:cad>81</ns3:cad>
          </ns3:TrackPointExtension>
        </extensions>
      </trkpt>
      <trkpt lat="25.86554392240941524505615234375" lon="119.57004153169691562652587890625">
        <ele>16</ele>
        <time>2025-05-30T21:50:03.000Z</time>
        <extensions>
          <ns3:TrackPointExtension>
            <ns3:atemp>26.0</ns3:atemp>
            <ns3:hr>119</ns3:hr>
            <ns3:cad>82</ns3:cad>
          </ns3:TrackPointExtension>
        </extensions>
      </trkpt>
      <trkpt lat="25.865540318191051483154296875" lon="119.57005494274199008941650390625">
        <ele>16</ele>
        <time>2025-05-30T21:50:04.000Z</time>
        <extensions>
          <ns3:TrackPointExtension>
            <ns3:atemp>26.0</ns3:atemp>
            <ns3:hr>119</ns3:hr>
            <ns3:cad>82</ns3:cad>
          </ns3:TrackPointExtension>
        </extensions>
      </trkpt>
      <trkpt lat="25.86553654633462429046630859375" lon="119.5700738020241260528564453125">
        <ele>16</ele>
        <time>2025-05-30T21:50:05.000Z</time>
        <extensions>
          <ns3:TrackPointExtension>
            <ns3:atemp>26.0</ns3:atemp>
            <ns3:hr>119</ns3:hr>
            <ns3:cad>82</ns3:cad>
          </ns3:TrackPointExtension>
        </extensions>
      </trkpt>
      <trkpt lat="25.86552447639405727386474609375" lon="119.57009148783981800079345703125">
        <ele>16</ele>
        <time>2025-05-30T21:50:06.000Z</time>
        <extensions>
          <ns3:TrackPointExtension>
            <ns3:atemp>26.0</ns3:atemp>
            <ns3:hr>119</ns3:hr>
            <ns3:cad>82</ns3:cad>
          </ns3:TrackPointExtension>
        </extensions>
      </trkpt>
      <trkpt lat="25.86552715860307216644287109375" lon="119.57010422833263874053955078125">
        <ele>16.200000762939453125</ele>
        <time>2025-05-30T21:50:07.000Z</time>
        <extensions>
          <ns3:TrackPointExtension>
            <ns3:atemp>26.0</ns3:atemp>
            <ns3:hr>119</ns3:hr>
            <ns3:cad>83</ns3:cad>
          </ns3:TrackPointExtension>
        </extensions>
      </trkpt>
      <trkpt lat="25.86551609449088573455810546875" lon="119.5701277814805507659912109375">
        <ele>16.200000762939453125</ele>
        <time>2025-05-30T21:50:08.000Z</time>
        <extensions>
          <ns3:TrackPointExtension>
            <ns3:atemp>26.0</ns3:atemp>
            <ns3:hr>119</ns3:hr>
            <ns3:cad>83</ns3:cad>
          </ns3:TrackPointExtension>
        </extensions>
      </trkpt>
      <trkpt lat="25.86550938896834850311279296875" lon="119.57014161162078380584716796875">
        <ele>16.200000762939453125</ele>
        <time>2025-05-30T21:50:09.000Z</time>
        <extensions>
          <ns3:TrackPointExtension>
            <ns3:atemp>26.0</ns3:atemp>
            <ns3:hr>120</ns3:hr>
            <ns3:cad>83</ns3:cad>
          </ns3:TrackPointExtension>
        </extensions>
      </trkpt>
      <trkpt lat="25.8655071258544921875" lon="119.57015938125550746917724609375">
        <ele>16.200000762939453125</ele>
        <time>2025-05-30T21:50:10.000Z</time>
        <extensions>
          <ns3:TrackPointExtension>
            <ns3:atemp>26.0</ns3:atemp>
            <ns3:hr>120</ns3:hr>
            <ns3:cad>82</ns3:cad>
          </ns3:TrackPointExtension>
        </extensions>
      </trkpt>
      <trkpt lat="25.865494050085544586181640625" lon="119.57017782144248485565185546875">
        <ele>16.200000762939453125</ele>
        <time>2025-05-30T21:50:11.000Z</time>
        <extensions>
          <ns3:TrackPointExtension>
            <ns3:atemp>26.0</ns3:atemp>
            <ns3:hr>120</ns3:hr>
            <ns3:cad>82</ns3:cad>
          </ns3:TrackPointExtension>
        </extensions>
      </trkpt>
      <trkpt lat="25.86549974977970123291015625" lon="119.57019106484949588775634765625">
        <ele>16.200000762939453125</ele>
        <time>2025-05-30T21:50:12.000Z</time>
        <extensions>
          <ns3:TrackPointExtension>
            <ns3:atemp>26.0</ns3:atemp>
            <ns3:hr>120</ns3:hr>
            <ns3:cad>82</ns3:cad>
          </ns3:TrackPointExtension>
        </extensions>
      </trkpt>
      <trkpt lat="25.8654870092868804931640625" lon="119.5702157914638519287109375">
        <ele>16.200000762939453125</ele>
        <time>2025-05-30T21:50:13.000Z</time>
        <extensions>
          <ns3:TrackPointExtension>
            <ns3:atemp>26.0</ns3:atemp>
            <ns3:hr>119</ns3:hr>
            <ns3:cad>82</ns3:cad>
          </ns3:TrackPointExtension>
        </extensions>
      </trkpt>
      <trkpt lat="25.86547686718404293060302734375" lon="119.5702318847179412841796875">
        <ele>16.200000762939453125</ele>
        <time>2025-05-30T21:50:14.000Z</time>
        <extensions>
          <ns3:TrackPointExtension>
            <ns3:atemp>26.0</ns3:atemp>
            <ns3:hr>119</ns3:hr>
            <ns3:cad>83</ns3:cad>
          </ns3:TrackPointExtension>
        </extensions>
      </trkpt>
      <trkpt lat="25.86547435261309146881103515625" lon="119.57024940289556980133056640625">
        <ele>16.200000762939453125</ele>
        <time>2025-05-30T21:50:15.000Z</time>
        <extensions>
          <ns3:TrackPointExtension>
            <ns3:atemp>26.0</ns3:atemp>
            <ns3:hr>119</ns3:hr>
            <ns3:cad>84</ns3:cad>
          </ns3:TrackPointExtension>
        </extensions>
      </trkpt>
      <trkpt lat="25.86545809172093868255615234375" lon="119.57026817835867404937744140625">
        <ele>16.3999996185302734375</ele>
        <time>2025-05-30T21:50:16.000Z</time>
        <extensions>
          <ns3:TrackPointExtension>
            <ns3:atemp>26.0</ns3:atemp>
            <ns3:hr>119</ns3:hr>
            <ns3:cad>84</ns3:cad>
          </ns3:TrackPointExtension>
        </extensions>
      </trkpt>
      <trkpt lat="25.8654590137302875518798828125" lon="119.57027907483279705047607421875">
        <ele>16.3999996185302734375</ele>
        <time>2025-05-30T21:50:17.000Z</time>
        <extensions>
          <ns3:TrackPointExtension>
            <ns3:atemp>26.0</ns3:atemp>
            <ns3:hr>119</ns3:hr>
            <ns3:cad>84</ns3:cad>
          </ns3:TrackPointExtension>
        </extensions>
      </trkpt>
      <trkpt lat="25.8654492907226085662841796875" lon="119.57030254416167736053466796875">
        <ele>16.3999996185302734375</ele>
        <time>2025-05-30T21:50:18.000Z</time>
        <extensions>
          <ns3:TrackPointExtension>
            <ns3:atemp>26.0</ns3:atemp>
            <ns3:hr>119</ns3:hr>
            <ns3:cad>83</ns3:cad>
          </ns3:TrackPointExtension>
        </extensions>
      </trkpt>
      <trkpt lat="25.8654372207820415496826171875" lon="119.57031880505383014678955078125">
        <ele>16.3999996185302734375</ele>
        <time>2025-05-30T21:50:19.000Z</time>
        <extensions>
          <ns3:TrackPointExtension>
            <ns3:atemp>26.0</ns3:atemp>
            <ns3:hr>118</ns3:hr>
            <ns3:cad>83</ns3:cad>
          </ns3:TrackPointExtension>
        </extensions>
      </trkpt>
      <trkpt lat="25.86543428711593151092529296875" lon="119.57033439539372920989990234375">
        <ele>16.6000003814697265625</ele>
        <time>2025-05-30T21:50:20.000Z</time>
        <extensions>
          <ns3:TrackPointExtension>
            <ns3:atemp>26.0</ns3:atemp>
            <ns3:hr>118</ns3:hr>
            <ns3:cad>83</ns3:cad>
          </ns3:TrackPointExtension>
        </extensions>
      </trkpt>
      <trkpt lat="25.865419618785381317138671875" lon="119.57035602070391178131103515625">
        <ele>16.6000003814697265625</ele>
        <time>2025-05-30T21:50:21.000Z</time>
        <extensions>
          <ns3:TrackPointExtension>
            <ns3:atemp>26.0</ns3:atemp>
            <ns3:hr>118</ns3:hr>
            <ns3:cad>83</ns3:cad>
          </ns3:TrackPointExtension>
        </extensions>
      </trkpt>
      <trkpt lat="25.86541852913796901702880859375" lon="119.57036532461643218994140625">
        <ele>16.6000003814697265625</ele>
        <time>2025-05-30T21:50:22.000Z</time>
        <extensions>
          <ns3:TrackPointExtension>
            <ns3:atemp>26.0</ns3:atemp>
            <ns3:hr>118</ns3:hr>
            <ns3:cad>83</ns3:cad>
          </ns3:TrackPointExtension>
        </extensions>
      </trkpt>
      <trkpt lat="25.86541316471993923187255859375" lon="119.57038351334631443023681640625">
        <ele>16.3999996185302734375</ele>
        <time>2025-05-30T21:50:23.000Z</time>
        <extensions>
          <ns3:TrackPointExtension>
            <ns3:atemp>26.0</ns3:atemp>
            <ns3:hr>118</ns3:hr>
            <ns3:cad>83</ns3:cad>
          </ns3:TrackPointExtension>
        </extensions>
      </trkpt>
      <trkpt lat="25.865400172770023345947265625" lon="119.57039943896234035491943359375">
        <ele>16.6000003814697265625</ele>
        <time>2025-05-30T21:50:24.000Z</time>
        <extensions>
          <ns3:TrackPointExtension>
            <ns3:atemp>26.0</ns3:atemp>
            <ns3:hr>118</ns3:hr>
            <ns3:cad>83</ns3:cad>
          </ns3:TrackPointExtension>
        </extensions>
      </trkpt>
      <trkpt lat="25.86540344171226024627685546875" lon="119.57040882669389247894287109375">
        <ele>16.6000003814697265625</ele>
        <time>2025-05-30T21:50:25.000Z</time>
        <extensions>
          <ns3:TrackPointExtension>
            <ns3:atemp>26.0</ns3:atemp>
            <ns3:hr>118</ns3:hr>
            <ns3:cad>83</ns3:cad>
          </ns3:TrackPointExtension>
        </extensions>
      </trkpt>
      <trkpt lat="25.8653936348855495452880859375" lon="119.570430703461170196533203125">
        <ele>16.6000003814697265625</ele>
        <time>2025-05-30T21:50:26.000Z</time>
        <extensions>
          <ns3:TrackPointExtension>
            <ns3:atemp>26.0</ns3:atemp>
            <ns3:hr>118</ns3:hr>
            <ns3:cad>83</ns3:cad>
          </ns3:TrackPointExtension>
        </extensions>
      </trkpt>
      <trkpt lat="25.86538198404014110565185546875" lon="119.57044704817235469818115234375">
        <ele>16.6000003814697265625</ele>
        <time>2025-05-30T21:50:27.000Z</time>
        <extensions>
          <ns3:TrackPointExtension>
            <ns3:atemp>26.0</ns3:atemp>
            <ns3:hr>117</ns3:hr>
            <ns3:cad>83</ns3:cad>
          </ns3:TrackPointExtension>
        </extensions>
      </trkpt>
      <trkpt lat="25.8653812296688556671142578125" lon="119.57046498544514179229736328125">
        <ele>16.6000003814697265625</ele>
        <time>2025-05-30T21:50:28.000Z</time>
        <extensions>
          <ns3:TrackPointExtension>
            <ns3:atemp>26.0</ns3:atemp>
            <ns3:hr>118</ns3:hr>
            <ns3:cad>83</ns3:cad>
          </ns3:TrackPointExtension>
        </extensions>
      </trkpt>
      <trkpt lat="25.86536488495767116546630859375" lon="119.57048526965081691741943359375">
        <ele>16.6000003814697265625</ele>
        <time>2025-05-30T21:50:29.000Z</time>
        <extensions>
          <ns3:TrackPointExtension>
            <ns3:atemp>26.0</ns3:atemp>
            <ns3:hr>118</ns3:hr>
            <ns3:cad>82</ns3:cad>
          </ns3:TrackPointExtension>
        </extensions>
      </trkpt>
      <trkpt lat="25.8653497137129306793212890625" lon="119.5704905502498149871826171875">
        <ele>16.6000003814697265625</ele>
        <time>2025-05-30T21:50:30.000Z</time>
        <extensions>
          <ns3:TrackPointExtension>
            <ns3:atemp>26.0</ns3:atemp>
            <ns3:hr>118</ns3:hr>
            <ns3:cad>82</ns3:cad>
          </ns3:TrackPointExtension>
        </extensions>
      </trkpt>
      <trkpt lat="25.865329094231128692626953125" lon="119.57049599848687648773193359375">
        <ele>16.6000003814697265625</ele>
        <time>2025-05-30T21:50:31.000Z</time>
        <extensions>
          <ns3:TrackPointExtension>
            <ns3:atemp>26.0</ns3:atemp>
            <ns3:hr>118</ns3:hr>
            <ns3:cad>82</ns3:cad>
          </ns3:TrackPointExtension>
        </extensions>
      </trkpt>
      <trkpt lat="25.86530872620642185211181640625" lon="119.570488035678863525390625">
        <ele>16.6000003814697265625</ele>
        <time>2025-05-30T21:50:32.000Z</time>
        <extensions>
          <ns3:TrackPointExtension>
            <ns3:atemp>26.0</ns3:atemp>
            <ns3:hr>118</ns3:hr>
            <ns3:cad>81</ns3:cad>
          </ns3:TrackPointExtension>
        </extensions>
      </trkpt>
      <trkpt lat="25.8652910403907299041748046875" lon="119.57049163989722728729248046875">
        <ele>16.6000003814697265625</ele>
        <time>2025-05-30T21:50:33.000Z</time>
        <extensions>
          <ns3:TrackPointExtension>
            <ns3:atemp>26.0</ns3:atemp>
            <ns3:hr>118</ns3:hr>
            <ns3:cad>81</ns3:cad>
          </ns3:TrackPointExtension>
        </extensions>
      </trkpt>
      <trkpt lat="25.86526581086218357086181640625" lon="119.570486359298229217529296875">
        <ele>16.799999237060546875</ele>
        <time>2025-05-30T21:50:34.000Z</time>
        <extensions>
          <ns3:TrackPointExtension>
            <ns3:atemp>26.0</ns3:atemp>
            <ns3:hr>119</ns3:hr>
            <ns3:cad>81</ns3:cad>
          </ns3:TrackPointExtension>
        </extensions>
      </trkpt>
      <trkpt lat="25.8652501367032527923583984375" lon="119.57047990523278713226318359375">
        <ele>16.6000003814697265625</ele>
        <time>2025-05-30T21:50:35.000Z</time>
        <extensions>
          <ns3:TrackPointExtension>
            <ns3:atemp>26.0</ns3:atemp>
            <ns3:hr>119</ns3:hr>
            <ns3:cad>82</ns3:cad>
          </ns3:TrackPointExtension>
        </extensions>
      </trkpt>
      <trkpt lat="25.86523278616368770599365234375" lon="119.5704757981002330780029296875">
        <ele>16.6000003814697265625</ele>
        <time>2025-05-30T21:50:36.000Z</time>
        <extensions>
          <ns3:TrackPointExtension>
            <ns3:atemp>26.0</ns3:atemp>
            <ns3:hr>119</ns3:hr>
            <ns3:cad>82</ns3:cad>
          </ns3:TrackPointExtension>
        </extensions>
      </trkpt>
      <trkpt lat="25.86521367542445659637451171875" lon="119.5704625546932220458984375">
        <ele>16.6000003814697265625</ele>
        <time>2025-05-30T21:50:37.000Z</time>
        <extensions>
          <ns3:TrackPointExtension>
            <ns3:atemp>26.0</ns3:atemp>
            <ns3:hr>118</ns3:hr>
            <ns3:cad>82</ns3:cad>
          </ns3:TrackPointExtension>
        </extensions>
      </trkpt>
      <trkpt lat="25.86520210839807987213134765625" lon="119.570461213588714599609375">
        <ele>16.6000003814697265625</ele>
        <time>2025-05-30T21:50:38.000Z</time>
        <extensions>
          <ns3:TrackPointExtension>
            <ns3:atemp>26.0</ns3:atemp>
            <ns3:hr>118</ns3:hr>
            <ns3:cad>83</ns3:cad>
          </ns3:TrackPointExtension>
        </extensions>
      </trkpt>
      <trkpt lat="25.86517796851694583892822265625" lon="119.57045174203813076019287109375">
        <ele>16.6000003814697265625</ele>
        <time>2025-05-30T21:50:39.000Z</time>
        <extensions>
          <ns3:TrackPointExtension>
            <ns3:atemp>26.0</ns3:atemp>
            <ns3:hr>119</ns3:hr>
            <ns3:cad>84</ns3:cad>
          </ns3:TrackPointExtension>
        </extensions>
      </trkpt>
      <trkpt lat="25.86516288109123706817626953125" lon="119.5704479701817035675048828125">
        <ele>16.799999237060546875</ele>
        <time>2025-05-30T21:50:40.000Z</time>
        <extensions>
          <ns3:TrackPointExtension>
            <ns3:atemp>26.0</ns3:atemp>
            <ns3:hr>119</ns3:hr>
            <ns3:cad>84</ns3:cad>
          </ns3:TrackPointExtension>
        </extensions>
      </trkpt>
      <trkpt lat="25.86514242924749851226806640625" lon="119.57044688053429126739501953125">
        <ele>16.799999237060546875</ele>
        <time>2025-05-30T21:50:41.000Z</time>
        <extensions>
          <ns3:TrackPointExtension>
            <ns3:atemp>26.0</ns3:atemp>
            <ns3:hr>119</ns3:hr>
            <ns3:cad>84</ns3:cad>
          </ns3:TrackPointExtension>
        </extensions>
      </trkpt>
      <trkpt lat="25.86512415669858455657958984375" lon="119.57043665461242198944091796875">
        <ele>16.799999237060546875</ele>
        <time>2025-05-30T21:50:42.000Z</time>
        <extensions>
          <ns3:TrackPointExtension>
            <ns3:atemp>26.0</ns3:atemp>
            <ns3:hr>119</ns3:hr>
            <ns3:cad>84</ns3:cad>
          </ns3:TrackPointExtension>
        </extensions>
      </trkpt>
      <trkpt lat="25.865112505853176116943359375" lon="119.5704375766217708587646484375">
        <ele>16.799999237060546875</ele>
        <time>2025-05-30T21:50:43.000Z</time>
        <extensions>
          <ns3:TrackPointExtension>
            <ns3:atemp>26.0</ns3:atemp>
            <ns3:hr>119</ns3:hr>
            <ns3:cad>83</ns3:cad>
          </ns3:TrackPointExtension>
        </extensions>
      </trkpt>
      <trkpt lat="25.86509129963815212249755859375" lon="119.570430032908916473388671875">
        <ele>16.799999237060546875</ele>
        <time>2025-05-30T21:50:44.000Z</time>
        <extensions>
          <ns3:TrackPointExtension>
            <ns3:atemp>26.0</ns3:atemp>
            <ns3:hr>119</ns3:hr>
            <ns3:cad>84</ns3:cad>
          </ns3:TrackPointExtension>
        </extensions>
      </trkpt>
      <trkpt lat="25.86507596075534820556640625" lon="119.57042357884347438812255859375">
        <ele>16.6000003814697265625</ele>
        <time>2025-05-30T21:50:45.000Z</time>
        <extensions>
          <ns3:TrackPointExtension>
            <ns3:atemp>26.0</ns3:atemp>
            <ns3:hr>119</ns3:hr>
            <ns3:cad>83</ns3:cad>
          </ns3:TrackPointExtension>
        </extensions>
      </trkpt>
      <trkpt lat="25.86506246589124202728271484375" lon="119.57042156718671321868896484375">
        <ele>16.6000003814697265625</ele>
        <time>2025-05-30T21:50:46.000Z</time>
        <extensions>
          <ns3:TrackPointExtension>
            <ns3:atemp>26.0</ns3:atemp>
            <ns3:hr>119</ns3:hr>
            <ns3:cad>83</ns3:cad>
          </ns3:TrackPointExtension>
        </extensions>
      </trkpt>
      <trkpt lat="25.86504100821912288665771484375" lon="119.570415280759334564208984375">
        <ele>16.799999237060546875</ele>
        <time>2025-05-30T21:50:47.000Z</time>
        <extensions>
          <ns3:TrackPointExtension>
            <ns3:atemp>26.0</ns3:atemp>
            <ns3:hr>119</ns3:hr>
            <ns3:cad>83</ns3:cad>
          </ns3:TrackPointExtension>
        </extensions>
      </trkpt>
      <trkpt lat="25.865024663507938385009765625" lon="119.57040958106517791748046875">
        <ele>16.799999237060546875</ele>
        <time>2025-05-30T21:50:48.000Z</time>
        <extensions>
          <ns3:TrackPointExtension>
            <ns3:atemp>26.0</ns3:atemp>
            <ns3:hr>119</ns3:hr>
            <ns3:cad>83</ns3:cad>
          </ns3:TrackPointExtension>
        </extensions>
      </trkpt>
      <trkpt lat="25.86501133628189563751220703125" lon="119.57040983252227306365966796875">
        <ele>16.799999237060546875</ele>
        <time>2025-05-30T21:50:49.000Z</time>
        <extensions>
          <ns3:TrackPointExtension>
            <ns3:atemp>26.0</ns3:atemp>
            <ns3:hr>119</ns3:hr>
            <ns3:cad>83</ns3:cad>
          </ns3:TrackPointExtension>
        </extensions>
      </trkpt>
      <trkpt lat="25.8649899624288082122802734375" lon="119.57040287554264068603515625">
        <ele>16.799999237060546875</ele>
        <time>2025-05-30T21:50:50.000Z</time>
        <extensions>
          <ns3:TrackPointExtension>
            <ns3:atemp>26.0</ns3:atemp>
            <ns3:hr>119</ns3:hr>
            <ns3:cad>83</ns3:cad>
          </ns3:TrackPointExtension>
        </extensions>
      </trkpt>
      <trkpt lat="25.8649735338985919952392578125" lon="119.57039793021976947784423828125">
        <ele>16.799999237060546875</ele>
        <time>2025-05-30T21:50:51.000Z</time>
        <extensions>
          <ns3:TrackPointExtension>
            <ns3:atemp>26.0</ns3:atemp>
            <ns3:hr>119</ns3:hr>
            <ns3:cad>82</ns3:cad>
          </ns3:TrackPointExtension>
        </extensions>
      </trkpt>
      <trkpt lat="25.8649591170251369476318359375" lon="119.5703996904194355010986328125">
        <ele>16.799999237060546875</ele>
        <time>2025-05-30T21:50:52.000Z</time>
        <extensions>
          <ns3:TrackPointExtension>
            <ns3:atemp>26.0</ns3:atemp>
            <ns3:hr>119</ns3:hr>
            <ns3:cad>81</ns3:cad>
          </ns3:TrackPointExtension>
        </extensions>
      </trkpt>
      <trkpt lat="25.864938162267208099365234375" lon="119.57039155997335910797119140625">
        <ele>16.6000003814697265625</ele>
        <time>2025-05-30T21:50:53.000Z</time>
        <extensions>
          <ns3:TrackPointExtension>
            <ns3:atemp>26.0</ns3:atemp>
            <ns3:hr>119</ns3:hr>
            <ns3:cad>80</ns3:cad>
          </ns3:TrackPointExtension>
        </extensions>
      </trkpt>
      <trkpt lat="25.8649225719273090362548828125" lon="119.57038720138370990753173828125">
        <ele>16.6000003814697265625</ele>
        <time>2025-05-30T21:50:54.000Z</time>
        <extensions>
          <ns3:TrackPointExtension>
            <ns3:atemp>26.0</ns3:atemp>
            <ns3:hr>120</ns3:hr>
            <ns3:cad>80</ns3:cad>
          </ns3:TrackPointExtension>
        </extensions>
      </trkpt>
      <trkpt lat="25.86490320973098278045654296875" lon="119.5703846029937267303466796875">
        <ele>16.6000003814697265625</ele>
        <time>2025-05-30T21:50:55.000Z</time>
        <extensions>
          <ns3:TrackPointExtension>
            <ns3:atemp>26.0</ns3:atemp>
            <ns3:hr>119</ns3:hr>
            <ns3:cad>81</ns3:cad>
          </ns3:TrackPointExtension>
        </extensions>
      </trkpt>
      <trkpt lat="25.86488409899175167083740234375" lon="119.57037395797669887542724609375">
        <ele>16.6000003814697265625</ele>
        <time>2025-05-30T21:50:56.000Z</time>
        <extensions>
          <ns3:TrackPointExtension>
            <ns3:atemp>26.0</ns3:atemp>
            <ns3:hr>119</ns3:hr>
            <ns3:cad>81</ns3:cad>
          </ns3:TrackPointExtension>
        </extensions>
      </trkpt>
      <trkpt lat="25.86487035267055034637451171875" lon="119.57037194631993770599365234375">
        <ele>16.6000003814697265625</ele>
        <time>2025-05-30T21:50:57.000Z</time>
        <extensions>
          <ns3:TrackPointExtension>
            <ns3:atemp>26.0</ns3:atemp>
            <ns3:hr>119</ns3:hr>
            <ns3:cad>81</ns3:cad>
          </ns3:TrackPointExtension>
        </extensions>
      </trkpt>
      <trkpt lat="25.864852331578731536865234375" lon="119.57036926411092281341552734375">
        <ele>16.6000003814697265625</ele>
        <time>2025-05-30T21:50:58.000Z</time>
        <extensions>
          <ns3:TrackPointExtension>
            <ns3:atemp>26.0</ns3:atemp>
            <ns3:hr>120</ns3:hr>
            <ns3:cad>80</ns3:cad>
          </ns3:TrackPointExtension>
        </extensions>
      </trkpt>
      <trkpt lat="25.8648330532014369964599609375" lon="119.57035954110324382781982421875">
        <ele>16.6000003814697265625</ele>
        <time>2025-05-30T21:50:59.000Z</time>
        <extensions>
          <ns3:TrackPointExtension>
            <ns3:atemp>26.0</ns3:atemp>
            <ns3:hr>120</ns3:hr>
            <ns3:cad>80</ns3:cad>
          </ns3:TrackPointExtension>
        </extensions>
      </trkpt>
      <trkpt lat="25.86482274346053600311279296875" lon="119.57036272622644901275634765625">
        <ele>16.6000003814697265625</ele>
        <time>2025-05-30T21:51:00.000Z</time>
        <extensions>
          <ns3:TrackPointExtension>
            <ns3:atemp>26.0</ns3:atemp>
            <ns3:hr>120</ns3:hr>
            <ns3:cad>80</ns3:cad>
          </ns3:TrackPointExtension>
        </extensions>
      </trkpt>
      <trkpt lat="25.86479927413165569305419921875" lon="119.5703594572842121124267578125">
        <ele>16.799999237060546875</ele>
        <time>2025-05-30T21:51:01.000Z</time>
        <extensions>
          <ns3:TrackPointExtension>
            <ns3:atemp>26.0</ns3:atemp>
            <ns3:hr>120</ns3:hr>
            <ns3:cad>80</ns3:cad>
          </ns3:TrackPointExtension>
        </extensions>
      </trkpt>
      <trkpt lat="25.86478519253432750701904296875" lon="119.57035099156200885772705078125">
        <ele>16.799999237060546875</ele>
        <time>2025-05-30T21:51:02.000Z</time>
        <extensions>
          <ns3:TrackPointExtension>
            <ns3:atemp>26.0</ns3:atemp>
            <ns3:hr>120</ns3:hr>
            <ns3:cad>80</ns3:cad>
          </ns3:TrackPointExtension>
        </extensions>
      </trkpt>
      <trkpt lat="25.8647703565657138824462890625" lon="119.570349566638469696044921875">
        <ele>16.799999237060546875</ele>
        <time>2025-05-30T21:51:03.000Z</time>
        <extensions>
          <ns3:TrackPointExtension>
            <ns3:atemp>26.0</ns3:atemp>
            <ns3:hr>120</ns3:hr>
            <ns3:cad>81</ns3:cad>
          </ns3:TrackPointExtension>
        </extensions>
      </trkpt>
      <trkpt lat="25.864749066531658172607421875" lon="119.57033758051693439483642578125">
        <ele>16.799999237060546875</ele>
        <time>2025-05-30T21:51:04.000Z</time>
        <extensions>
          <ns3:TrackPointExtension>
            <ns3:atemp>26.0</ns3:atemp>
            <ns3:hr>120</ns3:hr>
            <ns3:cad>81</ns3:cad>
          </ns3:TrackPointExtension>
        </extensions>
      </trkpt>
      <trkpt lat="25.8647368289530277252197265625" lon="119.57033422775566577911376953125">
        <ele>16.799999237060546875</ele>
        <time>2025-05-30T21:51:05.000Z</time>
        <extensions>
          <ns3:TrackPointExtension>
            <ns3:atemp>26.0</ns3:atemp>
            <ns3:hr>120</ns3:hr>
            <ns3:cad>82</ns3:cad>
          </ns3:TrackPointExtension>
        </extensions>
      </trkpt>
      <trkpt lat="25.864721238613128662109375" lon="119.5703359879553318023681640625">
        <ele>17</ele>
        <time>2025-05-30T21:51:06.000Z</time>
        <extensions>
          <ns3:TrackPointExtension>
            <ns3:atemp>26.0</ns3:atemp>
            <ns3:hr>121</ns3:hr>
            <ns3:cad>82</ns3:cad>
          </ns3:TrackPointExtension>
        </extensions>
      </trkpt>
      <trkpt lat="25.86470087058842182159423828125" lon="119.57032567821443080902099609375">
        <ele>16.799999237060546875</ele>
        <time>2025-05-30T21:51:07.000Z</time>
        <extensions>
          <ns3:TrackPointExtension>
            <ns3:atemp>26.0</ns3:atemp>
            <ns3:hr>120</ns3:hr>
            <ns3:cad>81</ns3:cad>
          </ns3:TrackPointExtension>
        </extensions>
      </trkpt>
      <trkpt lat="25.86468528024852275848388671875" lon="119.570323415100574493408203125">
        <ele>16.799999237060546875</ele>
        <time>2025-05-30T21:51:08.000Z</time>
        <extensions>
          <ns3:TrackPointExtension>
            <ns3:atemp>26.0</ns3:atemp>
            <ns3:hr>120</ns3:hr>
            <ns3:cad>81</ns3:cad>
          </ns3:TrackPointExtension>
        </extensions>
      </trkpt>
      <trkpt lat="25.86466960608959197998046875" lon="119.57032567821443080902099609375">
        <ele>16.799999237060546875</ele>
        <time>2025-05-30T21:51:09.000Z</time>
        <extensions>
          <ns3:TrackPointExtension>
            <ns3:atemp>26.0</ns3:atemp>
            <ns3:hr>121</ns3:hr>
            <ns3:cad>81</ns3:cad>
          </ns3:TrackPointExtension>
        </extensions>
      </trkpt>
      <trkpt lat="25.86464605294167995452880859375" lon="119.5703279413282871246337890625">
        <ele>16.799999237060546875</ele>
        <time>2025-05-30T21:51:10.000Z</time>
        <extensions>
          <ns3:TrackPointExtension>
            <ns3:atemp>26.0</ns3:atemp>
            <ns3:hr>120</ns3:hr>
            <ns3:cad>81</ns3:cad>
          </ns3:TrackPointExtension>
        </extensions>
      </trkpt>
      <trkpt lat="25.864633060991764068603515625" lon="119.57033540122210979461669921875">
        <ele>16.799999237060546875</ele>
        <time>2025-05-30T21:51:11.000Z</time>
        <extensions>
          <ns3:TrackPointExtension>
            <ns3:atemp>26.0</ns3:atemp>
            <ns3:hr>120</ns3:hr>
            <ns3:cad>81</ns3:cad>
          </ns3:TrackPointExtension>
        </extensions>
      </trkpt>
      <trkpt lat="25.86460917256772518157958984375" lon="119.57033338956534862518310546875">
        <ele>16.799999237060546875</ele>
        <time>2025-05-30T21:51:12.000Z</time>
        <extensions>
          <ns3:TrackPointExtension>
            <ns3:atemp>26.0</ns3:atemp>
            <ns3:hr>120</ns3:hr>
            <ns3:cad>81</ns3:cad>
          </ns3:TrackPointExtension>
        </extensions>
      </trkpt>
      <trkpt lat="25.86459358222782611846923828125" lon="119.57032978534698486328125">
        <ele>16.799999237060546875</ele>
        <time>2025-05-30T21:51:13.000Z</time>
        <extensions>
          <ns3:TrackPointExtension>
            <ns3:atemp>26.0</ns3:atemp>
            <ns3:hr>121</ns3:hr>
            <ns3:cad>81</ns3:cad>
          </ns3:TrackPointExtension>
        </extensions>
      </trkpt>
      <trkpt lat="25.864579416811466217041015625" lon="119.57033255137503147125244140625">
        <ele>16.799999237060546875</ele>
        <time>2025-05-30T21:51:14.000Z</time>
        <extensions>
          <ns3:TrackPointExtension>
            <ns3:atemp>26.0</ns3:atemp>
            <ns3:hr>120</ns3:hr>
            <ns3:cad>81</ns3:cad>
          </ns3:TrackPointExtension>
        </extensions>
      </trkpt>
      <trkpt lat="25.86455502547323703765869140625" lon="119.570332802832126617431640625">
        <ele>16.799999237060546875</ele>
        <time>2025-05-30T21:51:15.000Z</time>
        <extensions>
          <ns3:TrackPointExtension>
            <ns3:atemp>25.0</ns3:atemp>
            <ns3:hr>120</ns3:hr>
            <ns3:cad>82</ns3:cad>
          </ns3:TrackPointExtension>
        </extensions>
      </trkpt>
      <trkpt lat="25.8645423687994480133056640625" lon="119.5703376643359661102294921875">
        <ele>16.799999237060546875</ele>
        <time>2025-05-30T21:51:16.000Z</time>
        <extensions>
          <ns3:TrackPointExtension>
            <ns3:atemp>26.0</ns3:atemp>
            <ns3:hr>121</ns3:hr>
            <ns3:cad>82</ns3:cad>
          </ns3:TrackPointExtension>
        </extensions>
      </trkpt>
      <trkpt lat="25.86452920921146869659423828125" lon="119.5703463815152645111083984375">
        <ele>16.799999237060546875</ele>
        <time>2025-05-30T21:51:17.000Z</time>
        <extensions>
          <ns3:TrackPointExtension>
            <ns3:atemp>26.0</ns3:atemp>
            <ns3:hr>121</ns3:hr>
            <ns3:cad>83</ns3:cad>
          </ns3:TrackPointExtension>
        </extensions>
      </trkpt>
      <trkpt lat="25.8645075000822544097900390625" lon="119.5703490637242794036865234375">
        <ele>16.799999237060546875</ele>
        <time>2025-05-30T21:51:18.000Z</time>
        <extensions>
          <ns3:TrackPointExtension>
            <ns3:atemp>25.0</ns3:atemp>
            <ns3:hr>121</ns3:hr>
            <ns3:cad>83</ns3:cad>
          </ns3:TrackPointExtension>
        </extensions>
      </trkpt>
      <trkpt lat="25.8644940890371799468994140625" lon="119.57035819999873638153076171875">
        <ele>16.799999237060546875</ele>
        <time>2025-05-30T21:51:19.000Z</time>
        <extensions>
          <ns3:TrackPointExtension>
            <ns3:atemp>26.0</ns3:atemp>
            <ns3:hr>121</ns3:hr>
            <ns3:cad>82</ns3:cad>
          </ns3:TrackPointExtension>
        </extensions>
      </trkpt>
      <trkpt lat="25.86447774432599544525146484375" lon="119.57037026993930339813232421875">
        <ele>16.799999237060546875</ele>
        <time>2025-05-30T21:51:20.000Z</time>
        <extensions>
          <ns3:TrackPointExtension>
            <ns3:atemp>25.0</ns3:atemp>
            <ns3:hr>121</ns3:hr>
            <ns3:cad>81</ns3:cad>
          </ns3:TrackPointExtension>
        </extensions>
      </trkpt>
      <trkpt lat="25.864458717405796051025390625" lon="119.57037429325282573699951171875">
        <ele>16.799999237060546875</ele>
        <time>2025-05-30T21:51:21.000Z</time>
        <extensions>
          <ns3:TrackPointExtension>
            <ns3:atemp>25.0</ns3:atemp>
            <ns3:hr>122</ns3:hr>
            <ns3:cad>81</ns3:cad>
          </ns3:TrackPointExtension>
        </extensions>
      </trkpt>
      <trkpt lat="25.864453352987766265869140625" lon="119.57039273343980312347412109375">
        <ele>17</ele>
        <time>2025-05-30T21:51:22.000Z</time>
        <extensions>
          <ns3:TrackPointExtension>
            <ns3:atemp>26.0</ns3:atemp>
            <ns3:hr>122</ns3:hr>
            <ns3:cad>81</ns3:cad>
          </ns3:TrackPointExtension>
        </extensions>
      </trkpt>
      <trkpt lat="25.86443633772432804107666015625" lon="119.57040346227586269378662109375">
        <ele>17</ele>
        <time>2025-05-30T21:51:23.000Z</time>
        <extensions>
          <ns3:TrackPointExtension>
            <ns3:atemp>25.0</ns3:atemp>
            <ns3:hr>122</ns3:hr>
            <ns3:cad>82</ns3:cad>
          </ns3:TrackPointExtension>
        </extensions>
      </trkpt>
      <trkpt lat="25.8644230104982852935791015625" lon="119.57041117362678050994873046875">
        <ele>17</ele>
        <time>2025-05-30T21:51:24.000Z</time>
        <extensions>
          <ns3:TrackPointExtension>
            <ns3:atemp>25.0</ns3:atemp>
            <ns3:hr>122</ns3:hr>
            <ns3:cad>82</ns3:cad>
          </ns3:TrackPointExtension>
        </extensions>
      </trkpt>
      <trkpt lat="25.86441504769027233123779296875" lon="119.57042039372026920318603515625">
        <ele>17</ele>
        <time>2025-05-30T21:51:25.000Z</time>
        <extensions>
          <ns3:TrackPointExtension>
            <ns3:atemp>25.0</ns3:atemp>
            <ns3:hr>122</ns3:hr>
            <ns3:cad>82</ns3:cad>
          </ns3:TrackPointExtension>
        </extensions>
      </trkpt>
      <trkpt lat="25.8643975295126438140869140625" lon="119.5704302005469799041748046875">
        <ele>17.200000762939453125</ele>
        <time>2025-05-30T21:51:26.000Z</time>
        <extensions>
          <ns3:TrackPointExtension>
            <ns3:atemp>25.0</ns3:atemp>
            <ns3:hr>121</ns3:hr>
            <ns3:cad>81</ns3:cad>
          </ns3:TrackPointExtension>
        </extensions>
      </trkpt>
      <trkpt lat="25.8643807657063007354736328125" lon="119.5704429410398006439208984375">
        <ele>17.200000762939453125</ele>
        <time>2025-05-30T21:51:27.000Z</time>
        <extensions>
          <ns3:TrackPointExtension>
            <ns3:atemp>26.0</ns3:atemp>
            <ns3:hr>122</ns3:hr>
            <ns3:cad>81</ns3:cad>
          </ns3:TrackPointExtension>
        </extensions>
      </trkpt>
      <trkpt lat="25.86437380872666835784912109375" lon="119.57044855691492557525634765625">
        <ele>17.200000762939453125</ele>
        <time>2025-05-30T21:51:28.000Z</time>
        <extensions>
          <ns3:TrackPointExtension>
            <ns3:atemp>25.0</ns3:atemp>
            <ns3:hr>122</ns3:hr>
            <ns3:cad>81</ns3:cad>
          </ns3:TrackPointExtension>
        </extensions>
      </trkpt>
      <trkpt lat="25.8643599785864353179931640625" lon="119.5704580284655094146728515625">
        <ele>17.200000762939453125</ele>
        <time>2025-05-30T21:51:29.000Z</time>
        <extensions>
          <ns3:TrackPointExtension>
            <ns3:atemp>25.0</ns3:atemp>
            <ns3:hr>122</ns3:hr>
            <ns3:cad>81</ns3:cad>
          </ns3:TrackPointExtension>
        </extensions>
      </trkpt>
      <trkpt lat="25.864354111254215240478515625" lon="119.5704684220254421234130859375">
        <ele>17.200000762939453125</ele>
        <time>2025-05-30T21:51:30.000Z</time>
        <extensions>
          <ns3:TrackPointExtension>
            <ns3:atemp>25.0</ns3:atemp>
            <ns3:hr>122</ns3:hr>
            <ns3:cad>81</ns3:cad>
          </ns3:TrackPointExtension>
        </extensions>
      </trkpt>
      <trkpt lat="25.86434178985655307769775390625" lon="119.5704804919660091400146484375">
        <ele>17.200000762939453125</ele>
        <time>2025-05-30T21:51:31.000Z</time>
        <extensions>
          <ns3:TrackPointExtension>
            <ns3:atemp>25.0</ns3:atemp>
            <ns3:hr>123</ns3:hr>
            <ns3:cad>81</ns3:cad>
          </ns3:TrackPointExtension>
        </extensions>
      </trkpt>
      <trkpt lat="25.86433441378176212310791015625" lon="119.5704925619065761566162109375">
        <ele>17.200000762939453125</ele>
        <time>2025-05-30T21:51:32.000Z</time>
        <extensions>
          <ns3:TrackPointExtension>
            <ns3:atemp>25.0</ns3:atemp>
            <ns3:hr>123</ns3:hr>
            <ns3:cad>81</ns3:cad>
          </ns3:TrackPointExtension>
        </extensions>
      </trkpt>
      <trkpt lat="25.86432536132633686065673828125" lon="119.57050002180039882659912109375">
        <ele>17.3999996185302734375</ele>
        <time>2025-05-30T21:51:33.000Z</time>
        <extensions>
          <ns3:TrackPointExtension>
            <ns3:atemp>25.0</ns3:atemp>
            <ns3:hr>123</ns3:hr>
            <ns3:cad>81</ns3:cad>
          </ns3:TrackPointExtension>
        </extensions>
      </trkpt>
      <trkpt lat="25.864317230880260467529296875" lon="119.5705076493322849273681640625">
        <ele>17.3999996185302734375</ele>
        <time>2025-05-30T21:51:34.000Z</time>
        <extensions>
          <ns3:TrackPointExtension>
            <ns3:atemp>25.0</ns3:atemp>
            <ns3:hr>123</ns3:hr>
            <ns3:cad>81</ns3:cad>
          </ns3:TrackPointExtension>
        </extensions>
      </trkpt>
      <trkpt lat="25.8643080107867717742919921875" lon="119.5705153606832027435302734375">
        <ele>17.3999996185302734375</ele>
        <time>2025-05-30T21:51:35.000Z</time>
        <extensions>
          <ns3:TrackPointExtension>
            <ns3:atemp>25.0</ns3:atemp>
            <ns3:hr>124</ns3:hr>
            <ns3:cad>81</ns3:cad>
          </ns3:TrackPointExtension>
        </extensions>
      </trkpt>
      <trkpt lat="25.8642999641597270965576171875" lon="119.570521228015422821044921875">
        <ele>17.3999996185302734375</ele>
        <time>2025-05-30T21:51:36.000Z</time>
        <extensions>
          <ns3:TrackPointExtension>
            <ns3:atemp>25.0</ns3:atemp>
            <ns3:hr>124</ns3:hr>
            <ns3:cad>77</ns3:cad>
          </ns3:TrackPointExtension>
        </extensions>
      </trkpt>
      <trkpt lat="25.86429099552333354949951171875" lon="119.57052717916667461395263671875">
        <ele>17.3999996185302734375</ele>
        <time>2025-05-30T21:51:37.000Z</time>
        <extensions>
          <ns3:TrackPointExtension>
            <ns3:atemp>25.0</ns3:atemp>
            <ns3:hr>124</ns3:hr>
            <ns3:cad>77</ns3:cad>
          </ns3:TrackPointExtension>
        </extensions>
      </trkpt>
      <trkpt lat="25.864284373819828033447265625" lon="119.5705374889075756072998046875">
        <ele>17.3999996185302734375</ele>
        <time>2025-05-30T21:51:38.000Z</time>
        <extensions>
          <ns3:TrackPointExtension>
            <ns3:atemp>25.0</ns3:atemp>
            <ns3:hr>124</ns3:hr>
            <ns3:cad>77</ns3:cad>
          </ns3:TrackPointExtension>
        </extensions>
      </trkpt>
      <trkpt lat="25.8642773330211639404296875" lon="119.57054503262042999267578125">
        <ele>17.3999996185302734375</ele>
        <time>2025-05-30T21:51:39.000Z</time>
        <extensions>
          <ns3:TrackPointExtension>
            <ns3:atemp>25.0</ns3:atemp>
            <ns3:hr>125</ns3:hr>
            <ns3:cad>77</ns3:cad>
          </ns3:TrackPointExtension>
        </extensions>
      </trkpt>
      <trkpt lat="25.86426836438477039337158203125" lon="119.57055735401809215545654296875">
        <ele>17.3999996185302734375</ele>
        <time>2025-05-30T21:51:40.000Z</time>
        <extensions>
          <ns3:TrackPointExtension>
            <ns3:atemp>25.0</ns3:atemp>
            <ns3:hr>124</ns3:hr>
            <ns3:cad>64</ns3:cad>
          </ns3:TrackPointExtension>
        </extensions>
      </trkpt>
      <trkpt lat="25.8642630837857723236083984375" lon="119.57056556828320026397705078125">
        <ele>17.3999996185302734375</ele>
        <time>2025-05-30T21:51:41.000Z</time>
        <extensions>
          <ns3:TrackPointExtension>
            <ns3:atemp>25.0</ns3:atemp>
            <ns3:hr>124</ns3:hr>
            <ns3:cad>59</ns3:cad>
          </ns3:TrackPointExtension>
        </extensions>
      </trkpt>
      <trkpt lat="25.8642547018826007843017578125" lon="119.57057311199605464935302734375">
        <ele>17.200000762939453125</ele>
        <time>2025-05-30T21:51:42.000Z</time>
        <extensions>
          <ns3:TrackPointExtension>
            <ns3:atemp>25.0</ns3:atemp>
            <ns3:hr>125</ns3:hr>
            <ns3:cad>59</ns3:cad>
          </ns3:TrackPointExtension>
        </extensions>
      </trkpt>
      <trkpt lat="25.86424984037876129150390625" lon="119.57057856023311614990234375">
        <ele>17.200000762939453125</ele>
        <time>2025-05-30T21:51:43.000Z</time>
        <extensions>
          <ns3:TrackPointExtension>
            <ns3:atemp>25.0</ns3:atemp>
            <ns3:hr>124</ns3:hr>
            <ns3:cad>59</ns3:cad>
          </ns3:TrackPointExtension>
        </extensions>
      </trkpt>
      <trkpt lat="25.86423374712467193603515625" lon="119.57059373147785663604736328125">
        <ele>17.200000762939453125</ele>
        <time>2025-05-30T21:51:44.000Z</time>
        <extensions>
          <ns3:TrackPointExtension>
            <ns3:atemp>25.0</ns3:atemp>
            <ns3:hr>124</ns3:hr>
            <ns3:cad>59</ns3:cad>
          </ns3:TrackPointExtension>
        </extensions>
      </trkpt>
      <trkpt lat="25.86422167718410491943359375" lon="119.5706072263419628143310546875">
        <ele>17.200000762939453125</ele>
        <time>2025-05-30T21:51:45.000Z</time>
        <extensions>
          <ns3:TrackPointExtension>
            <ns3:atemp>25.0</ns3:atemp>
            <ns3:hr>124</ns3:hr>
            <ns3:cad>60</ns3:cad>
          </ns3:TrackPointExtension>
        </extensions>
      </trkpt>
      <trkpt lat="25.86421237327158451080322265625" lon="119.57062776200473308563232421875">
        <ele>17.200000762939453125</ele>
        <time>2025-05-30T21:51:46.000Z</time>
        <extensions>
          <ns3:TrackPointExtension>
            <ns3:atemp>25.0</ns3:atemp>
            <ns3:hr>124</ns3:hr>
            <ns3:cad>60</ns3:cad>
          </ns3:TrackPointExtension>
        </extensions>
      </trkpt>
      <trkpt lat="25.86419376544654369354248046875" lon="119.57064486108720302581787109375">
        <ele>17.200000762939453125</ele>
        <time>2025-05-30T21:51:47.000Z</time>
        <extensions>
          <ns3:TrackPointExtension>
            <ns3:atemp>25.0</ns3:atemp>
            <ns3:hr>123</ns3:hr>
            <ns3:cad>60</ns3:cad>
          </ns3:TrackPointExtension>
        </extensions>
      </trkpt>
      <trkpt lat="25.86418471299111843109130859375" lon="119.57066196016967296600341796875">
        <ele>17.3999996185302734375</ele>
        <time>2025-05-30T21:51:48.000Z</time>
        <extensions>
          <ns3:TrackPointExtension>
            <ns3:atemp>25.0</ns3:atemp>
            <ns3:hr>122</ns3:hr>
            <ns3:cad>0</ns3:cad>
          </ns3:TrackPointExtension>
        </extensions>
      </trkpt>
      <trkpt lat="25.864160321652889251708984375" lon="119.5706836692988872528076171875">
        <ele>17.3999996185302734375</ele>
        <time>2025-05-30T21:51:49.000Z</time>
        <extensions>
          <ns3:TrackPointExtension>
            <ns3:atemp>25.0</ns3:atemp>
            <ns3:hr>122</ns3:hr>
            <ns3:cad>0</ns3:cad>
          </ns3:TrackPointExtension>
        </extensions>
      </trkpt>
      <trkpt lat="25.8641470782458782196044921875" lon="119.570700936019420623779296875">
        <ele>17.3999996185302734375</ele>
        <time>2025-05-30T21:51:50.000Z</time>
        <extensions>
          <ns3:TrackPointExtension>
            <ns3:atemp>25.0</ns3:atemp>
            <ns3:hr>122</ns3:hr>
            <ns3:cad>83</ns3:cad>
          </ns3:TrackPointExtension>
        </extensions>
      </trkpt>
      <trkpt lat="25.86413693614304065704345703125" lon="119.57072013057768344879150390625">
        <ele>17.3999996185302734375</ele>
        <time>2025-05-30T21:51:51.000Z</time>
        <extensions>
          <ns3:TrackPointExtension>
            <ns3:atemp>25.0</ns3:atemp>
            <ns3:hr>121</ns3:hr>
            <ns3:cad>83</ns3:cad>
          </ns3:TrackPointExtension>
        </extensions>
      </trkpt>
      <trkpt lat="25.86412033997476100921630859375" lon="119.57073278725147247314453125">
        <ele>17.3999996185302734375</ele>
        <time>2025-05-30T21:51:52.000Z</time>
        <extensions>
          <ns3:TrackPointExtension>
            <ns3:atemp>25.0</ns3:atemp>
            <ns3:hr>120</ns3:hr>
            <ns3:cad>85</ns3:cad>
          </ns3:TrackPointExtension>
        </extensions>
      </trkpt>
      <trkpt lat="25.86411036550998687744140625" lon="119.57074946723878383636474609375">
        <ele>17.3999996185302734375</ele>
        <time>2025-05-30T21:51:53.000Z</time>
        <extensions>
          <ns3:TrackPointExtension>
            <ns3:atemp>25.0</ns3:atemp>
            <ns3:hr>120</ns3:hr>
            <ns3:cad>85</ns3:cad>
          </ns3:TrackPointExtension>
        </extensions>
      </trkpt>
      <trkpt lat="25.864088572561740875244140625" lon="119.57076136954128742218017578125">
        <ele>17.3999996185302734375</ele>
        <time>2025-05-30T21:51:54.000Z</time>
        <extensions>
          <ns3:TrackPointExtension>
            <ns3:atemp>25.0</ns3:atemp>
            <ns3:hr>119</ns3:hr>
            <ns3:cad>85</ns3:cad>
          </ns3:TrackPointExtension>
        </extensions>
      </trkpt>
      <trkpt lat="25.8640759997069835662841796875" lon="119.570770002901554107666015625">
        <ele>17.3999996185302734375</ele>
        <time>2025-05-30T21:51:55.000Z</time>
        <extensions>
          <ns3:TrackPointExtension>
            <ns3:atemp>25.0</ns3:atemp>
            <ns3:hr>119</ns3:hr>
            <ns3:cad>84</ns3:cad>
          </ns3:TrackPointExtension>
        </extensions>
      </trkpt>
      <trkpt lat="25.864065773785114288330078125" lon="119.57078517414629459381103515625">
        <ele>17.3999996185302734375</ele>
        <time>2025-05-30T21:51:56.000Z</time>
        <extensions>
          <ns3:TrackPointExtension>
            <ns3:atemp>25.0</ns3:atemp>
            <ns3:hr>119</ns3:hr>
            <ns3:cad>84</ns3:cad>
          </ns3:TrackPointExtension>
        </extensions>
      </trkpt>
      <trkpt lat="25.8640471659600734710693359375" lon="119.57079741172492504119873046875">
        <ele>17.3999996185302734375</ele>
        <time>2025-05-30T21:51:57.000Z</time>
        <extensions>
          <ns3:TrackPointExtension>
            <ns3:atemp>26.0</ns3:atemp>
            <ns3:hr>119</ns3:hr>
            <ns3:cad>84</ns3:cad>
          </ns3:TrackPointExtension>
        </extensions>
      </trkpt>
      <trkpt lat="25.86403953842818737030029296875" lon="119.57080788910388946533203125">
        <ele>17.3999996185302734375</ele>
        <time>2025-05-30T21:51:58.000Z</time>
        <extensions>
          <ns3:TrackPointExtension>
            <ns3:atemp>25.0</ns3:atemp>
            <ns3:hr>119</ns3:hr>
            <ns3:cad>84</ns3:cad>
          </ns3:TrackPointExtension>
        </extensions>
      </trkpt>
      <trkpt lat="25.8640216849744319915771484375" lon="119.57081953994929790496826171875">
        <ele>17.3999996185302734375</ele>
        <time>2025-05-30T21:51:59.000Z</time>
        <extensions>
          <ns3:TrackPointExtension>
            <ns3:atemp>26.0</ns3:atemp>
            <ns3:hr>119</ns3:hr>
            <ns3:cad>84</ns3:cad>
          </ns3:TrackPointExtension>
        </extensions>
      </trkpt>
      <trkpt lat="25.86401204578578472137451171875" lon="119.57083194516599178314208984375">
        <ele>17.3999996185302734375</ele>
        <time>2025-05-30T21:52:00.000Z</time>
        <extensions>
          <ns3:TrackPointExtension>
            <ns3:atemp>25.0</ns3:atemp>
            <ns3:hr>120</ns3:hr>
            <ns3:cad>84</ns3:cad>
          </ns3:TrackPointExtension>
        </extensions>
      </trkpt>
      <trkpt lat="25.8639992214739322662353515625" lon="119.57084946334362030029296875">
        <ele>17.6000003814697265625</ele>
        <time>2025-05-30T21:52:01.000Z</time>
        <extensions>
          <ns3:TrackPointExtension>
            <ns3:atemp>25.0</ns3:atemp>
            <ns3:hr>120</ns3:hr>
            <ns3:cad>84</ns3:cad>
          </ns3:TrackPointExtension>
        </extensions>
      </trkpt>
      <trkpt lat="25.8639858104288578033447265625" lon="119.570860527455806732177734375">
        <ele>17.6000003814697265625</ele>
        <time>2025-05-30T21:52:02.000Z</time>
        <extensions>
          <ns3:TrackPointExtension>
            <ns3:atemp>25.0</ns3:atemp>
            <ns3:hr>120</ns3:hr>
            <ns3:cad>84</ns3:cad>
          </ns3:TrackPointExtension>
        </extensions>
      </trkpt>
      <trkpt lat="25.86397633887827396392822265625" lon="119.5708761177957057952880859375">
        <ele>17.6000003814697265625</ele>
        <time>2025-05-30T21:52:03.000Z</time>
        <extensions>
          <ns3:TrackPointExtension>
            <ns3:atemp>25.0</ns3:atemp>
            <ns3:hr>121</ns3:hr>
            <ns3:cad>84</ns3:cad>
          </ns3:TrackPointExtension>
        </extensions>
      </trkpt>
      <trkpt lat="25.86395571939647197723388671875" lon="119.57088701426982879638671875">
        <ele>17.3999996185302734375</ele>
        <time>2025-05-30T21:52:04.000Z</time>
        <extensions>
          <ns3:TrackPointExtension>
            <ns3:atemp>25.0</ns3:atemp>
            <ns3:hr>121</ns3:hr>
            <ns3:cad>84</ns3:cad>
          </ns3:TrackPointExtension>
        </extensions>
      </trkpt>
      <trkpt lat="25.86394867859780788421630859375" lon="119.570899419486522674560546875">
        <ele>17.3999996185302734375</ele>
        <time>2025-05-30T21:52:05.000Z</time>
        <extensions>
          <ns3:TrackPointExtension>
            <ns3:atemp>25.0</ns3:atemp>
            <ns3:hr>121</ns3:hr>
            <ns3:cad>84</ns3:cad>
          </ns3:TrackPointExtension>
        </extensions>
      </trkpt>
      <trkpt lat="25.8639366924762725830078125" lon="119.57091651856899261474609375">
        <ele>17.3999996185302734375</ele>
        <time>2025-05-30T21:52:06.000Z</time>
        <extensions>
          <ns3:TrackPointExtension>
            <ns3:atemp>25.0</ns3:atemp>
            <ns3:hr>120</ns3:hr>
            <ns3:cad>85</ns3:cad>
          </ns3:TrackPointExtension>
        </extensions>
      </trkpt>
      <trkpt lat="25.86392101831734180450439453125" lon="119.57092632539570331573486328125">
        <ele>17.3999996185302734375</ele>
        <time>2025-05-30T21:52:07.000Z</time>
        <extensions>
          <ns3:TrackPointExtension>
            <ns3:atemp>25.0</ns3:atemp>
            <ns3:hr>121</ns3:hr>
            <ns3:cad>85</ns3:cad>
          </ns3:TrackPointExtension>
        </extensions>
      </trkpt>
      <trkpt lat="25.86390827782452106475830078125" lon="119.57093956880271434783935546875">
        <ele>17.200000762939453125</ele>
        <time>2025-05-30T21:52:08.000Z</time>
        <extensions>
          <ns3:TrackPointExtension>
            <ns3:atemp>25.0</ns3:atemp>
            <ns3:hr>121</ns3:hr>
            <ns3:cad>84</ns3:cad>
          </ns3:TrackPointExtension>
        </extensions>
      </trkpt>
      <trkpt lat="25.86389017291367053985595703125" lon="119.57095541059970855712890625">
        <ele>17.200000762939453125</ele>
        <time>2025-05-30T21:52:09.000Z</time>
        <extensions>
          <ns3:TrackPointExtension>
            <ns3:atemp>25.0</ns3:atemp>
            <ns3:hr>120</ns3:hr>
            <ns3:cad>84</ns3:cad>
          </ns3:TrackPointExtension>
        </extensions>
      </trkpt>
      <trkpt lat="25.86387977935373783111572265625" lon="119.57096756435930728912353515625">
        <ele>17.3999996185302734375</ele>
        <time>2025-05-30T21:52:10.000Z</time>
        <extensions>
          <ns3:TrackPointExtension>
            <ns3:atemp>25.0</ns3:atemp>
            <ns3:hr>120</ns3:hr>
            <ns3:cad>83</ns3:cad>
          </ns3:TrackPointExtension>
        </extensions>
      </trkpt>
      <trkpt lat="25.8638656139373779296875" lon="119.5709857530891895294189453125">
        <ele>17.3999996185302734375</ele>
        <time>2025-05-30T21:52:11.000Z</time>
        <extensions>
          <ns3:TrackPointExtension>
            <ns3:atemp>25.0</ns3:atemp>
            <ns3:hr>120</ns3:hr>
            <ns3:cad>83</ns3:cad>
          </ns3:TrackPointExtension>
        </extensions>
      </trkpt>
      <trkpt lat="25.8638516999781131744384765625" lon="119.5709984935820102691650390625">
        <ele>17.3999996185302734375</ele>
        <time>2025-05-30T21:52:12.000Z</time>
        <extensions>
          <ns3:TrackPointExtension>
            <ns3:atemp>25.0</ns3:atemp>
            <ns3:hr>120</ns3:hr>
            <ns3:cad>84</ns3:cad>
          </ns3:TrackPointExtension>
        </extensions>
      </trkpt>
      <trkpt lat="25.8638476766645908355712890625" lon="119.571018107235431671142578125">
        <ele>17.3999996185302734375</ele>
        <time>2025-05-30T21:52:13.000Z</time>
        <extensions>
          <ns3:TrackPointExtension>
            <ns3:atemp>25.0</ns3:atemp>
            <ns3:hr>120</ns3:hr>
            <ns3:cad>84</ns3:cad>
          </ns3:TrackPointExtension>
        </extensions>
      </trkpt>
      <trkpt lat="25.86382881738245487213134765625" lon="119.57102942280471324920654296875">
        <ele>17.3999996185302734375</ele>
        <time>2025-05-30T21:52:14.000Z</time>
        <extensions>
          <ns3:TrackPointExtension>
            <ns3:atemp>25.0</ns3:atemp>
            <ns3:hr>121</ns3:hr>
            <ns3:cad>84</ns3:cad>
          </ns3:TrackPointExtension>
        </extensions>
      </trkpt>
      <trkpt lat="25.86381607688963413238525390625" lon="119.5710404030978679656982421875">
        <ele>17.3999996185302734375</ele>
        <time>2025-05-30T21:52:15.000Z</time>
        <extensions>
          <ns3:TrackPointExtension>
            <ns3:atemp>25.0</ns3:atemp>
            <ns3:hr>121</ns3:hr>
            <ns3:cad>85</ns3:cad>
          </ns3:TrackPointExtension>
        </extensions>
      </trkpt>
      <trkpt lat="25.86379948072135448455810546875" lon="119.57105607725679874420166015625">
        <ele>17.3999996185302734375</ele>
        <time>2025-05-30T21:52:16.000Z</time>
        <extensions>
          <ns3:TrackPointExtension>
            <ns3:atemp>25.0</ns3:atemp>
            <ns3:hr>121</ns3:hr>
            <ns3:cad>85</ns3:cad>
          </ns3:TrackPointExtension>
        </extensions>
      </trkpt>
      <trkpt lat="25.86378690786659717559814453125" lon="119.57106580026447772979736328125">
        <ele>17.3999996185302734375</ele>
        <time>2025-05-30T21:52:17.000Z</time>
        <extensions>
          <ns3:TrackPointExtension>
            <ns3:atemp>25.0</ns3:atemp>
            <ns3:hr>121</ns3:hr>
            <ns3:cad>85</ns3:cad>
          </ns3:TrackPointExtension>
        </extensions>
      </trkpt>
      <trkpt lat="25.8637809567153453826904296875" lon="119.57108407281339168548583984375">
        <ele>17.6000003814697265625</ele>
        <time>2025-05-30T21:52:18.000Z</time>
        <extensions>
          <ns3:TrackPointExtension>
            <ns3:atemp>25.0</ns3:atemp>
            <ns3:hr>120</ns3:hr>
            <ns3:cad>85</ns3:cad>
          </ns3:TrackPointExtension>
        </extensions>
      </trkpt>
      <trkpt lat="25.86376762948930263519287109375" lon="119.57109278999269008636474609375">
        <ele>17.6000003814697265625</ele>
        <time>2025-05-30T21:52:19.000Z</time>
        <extensions>
          <ns3:TrackPointExtension>
            <ns3:atemp>25.0</ns3:atemp>
            <ns3:hr>121</ns3:hr>
            <ns3:cad>85</ns3:cad>
          </ns3:TrackPointExtension>
        </extensions>
      </trkpt>
      <trkpt lat="25.86376394145190715789794921875" lon="119.5711064524948596954345703125">
        <ele>17.6000003814697265625</ele>
        <time>2025-05-30T21:52:20.000Z</time>
        <extensions>
          <ns3:TrackPointExtension>
            <ns3:atemp>25.0</ns3:atemp>
            <ns3:hr>122</ns3:hr>
            <ns3:cad>84</ns3:cad>
          </ns3:TrackPointExtension>
        </extensions>
      </trkpt>
      <trkpt lat="25.86374851875007152557373046875" lon="119.57112179137766361236572265625">
        <ele>17.3999996185302734375</ele>
        <time>2025-05-30T21:52:21.000Z</time>
        <extensions>
          <ns3:TrackPointExtension>
            <ns3:atemp>25.0</ns3:atemp>
            <ns3:hr>122</ns3:hr>
            <ns3:cad>84</ns3:cad>
          </ns3:TrackPointExtension>
        </extensions>
      </trkpt>
      <trkpt lat="25.863734520971775054931640625" lon="119.5711342804133892059326171875">
        <ele>17.3999996185302734375</ele>
        <time>2025-05-30T21:52:22.000Z</time>
        <extensions>
          <ns3:TrackPointExtension>
            <ns3:atemp>25.0</ns3:atemp>
            <ns3:hr>122</ns3:hr>
            <ns3:cad>84</ns3:cad>
          </ns3:TrackPointExtension>
        </extensions>
      </trkpt>
      <trkpt lat="25.86372773163020610809326171875" lon="119.5711493678390979766845703125">
        <ele>17.3999996185302734375</ele>
        <time>2025-05-30T21:52:23.000Z</time>
        <extensions>
          <ns3:TrackPointExtension>
            <ns3:atemp>25.0</ns3:atemp>
            <ns3:hr>121</ns3:hr>
            <ns3:cad>84</ns3:cad>
          </ns3:TrackPointExtension>
        </extensions>
      </trkpt>
      <trkpt lat="25.8637048490345478057861328125" lon="119.5711627788841724395751953125">
        <ele>17.3999996185302734375</ele>
        <time>2025-05-30T21:52:24.000Z</time>
        <extensions>
          <ns3:TrackPointExtension>
            <ns3:atemp>25.0</ns3:atemp>
            <ns3:hr>121</ns3:hr>
            <ns3:cad>84</ns3:cad>
          </ns3:TrackPointExtension>
        </extensions>
      </trkpt>
      <trkpt lat="25.863700322806835174560546875" lon="119.57117258571088314056396484375">
        <ele>17.3999996185302734375</ele>
        <time>2025-05-30T21:52:25.000Z</time>
        <extensions>
          <ns3:TrackPointExtension>
            <ns3:atemp>25.0</ns3:atemp>
            <ns3:hr>122</ns3:hr>
            <ns3:cad>84</ns3:cad>
          </ns3:TrackPointExtension>
        </extensions>
      </trkpt>
      <trkpt lat="25.86368598975241184234619140625" lon="119.5711882598698139190673828125">
        <ele>17.3999996185302734375</ele>
        <time>2025-05-30T21:52:26.000Z</time>
        <extensions>
          <ns3:TrackPointExtension>
            <ns3:atemp>25.0</ns3:atemp>
            <ns3:hr>122</ns3:hr>
            <ns3:cad>84</ns3:cad>
          </ns3:TrackPointExtension>
        </extensions>
      </trkpt>
      <trkpt lat="25.86367190815508365631103515625" lon="119.57119739614427089691162109375">
        <ele>17.3999996185302734375</ele>
        <time>2025-05-30T21:52:27.000Z</time>
        <extensions>
          <ns3:TrackPointExtension>
            <ns3:atemp>25.0</ns3:atemp>
            <ns3:hr>122</ns3:hr>
            <ns3:cad>84</ns3:cad>
          </ns3:TrackPointExtension>
        </extensions>
      </trkpt>
      <trkpt lat="25.86366570554673671722412109375" lon="119.57120762206614017486572265625">
        <ele>17.3999996185302734375</ele>
        <time>2025-05-30T21:52:28.000Z</time>
        <extensions>
          <ns3:TrackPointExtension>
            <ns3:atemp>25.0</ns3:atemp>
            <ns3:hr>122</ns3:hr>
            <ns3:cad>84</ns3:cad>
          </ns3:TrackPointExtension>
        </extensions>
      </trkpt>
      <trkpt lat="25.86365162394940853118896484375" lon="119.57122363150119781494140625">
        <ele>17.3999996185302734375</ele>
        <time>2025-05-30T21:52:29.000Z</time>
        <extensions>
          <ns3:TrackPointExtension>
            <ns3:atemp>25.0</ns3:atemp>
            <ns3:hr>123</ns3:hr>
            <ns3:cad>84</ns3:cad>
          </ns3:TrackPointExtension>
        </extensions>
      </trkpt>
      <trkpt lat="25.86364190094172954559326171875" lon="119.5712345279753208160400390625">
        <ele>17.3999996185302734375</ele>
        <time>2025-05-30T21:52:30.000Z</time>
        <extensions>
          <ns3:TrackPointExtension>
            <ns3:atemp>25.0</ns3:atemp>
            <ns3:hr>123</ns3:hr>
            <ns3:cad>84</ns3:cad>
          </ns3:TrackPointExtension>
        </extensions>
      </trkpt>
      <trkpt lat="25.8636274002492427825927734375" lon="119.5712563209235668182373046875">
        <ele>17.3999996185302734375</ele>
        <time>2025-05-30T21:52:31.000Z</time>
        <extensions>
          <ns3:TrackPointExtension>
            <ns3:atemp>25.0</ns3:atemp>
            <ns3:hr>123</ns3:hr>
            <ns3:cad>83</ns3:cad>
          </ns3:TrackPointExtension>
        </extensions>
      </trkpt>
      <trkpt lat="25.86361172609031200408935546875" lon="119.57127601839601993560791015625">
        <ele>17.3999996185302734375</ele>
        <time>2025-05-30T21:52:32.000Z</time>
        <extensions>
          <ns3:TrackPointExtension>
            <ns3:atemp>25.0</ns3:atemp>
            <ns3:hr>123</ns3:hr>
            <ns3:cad>83</ns3:cad>
          </ns3:TrackPointExtension>
        </extensions>
      </trkpt>
      <trkpt lat="25.863605104386806488037109375" lon="119.57129211165010929107666015625">
        <ele>17.3999996185302734375</ele>
        <time>2025-05-30T21:52:33.000Z</time>
        <extensions>
          <ns3:TrackPointExtension>
            <ns3:atemp>25.0</ns3:atemp>
            <ns3:hr>123</ns3:hr>
            <ns3:cad>83</ns3:cad>
          </ns3:TrackPointExtension>
        </extensions>
      </trkpt>
      <trkpt lat="25.86358674801886081695556640625" lon="119.57131658680737018585205078125">
        <ele>17.3999996185302734375</ele>
        <time>2025-05-30T21:52:34.000Z</time>
        <extensions>
          <ns3:TrackPointExtension>
            <ns3:atemp>25.0</ns3:atemp>
            <ns3:hr>123</ns3:hr>
            <ns3:cad>83</ns3:cad>
          </ns3:TrackPointExtension>
        </extensions>
      </trkpt>
      <trkpt lat="25.8635771088302135467529296875" lon="119.5713260583579540252685546875">
        <ele>17.3999996185302734375</ele>
        <time>2025-05-30T21:52:35.000Z</time>
        <extensions>
          <ns3:TrackPointExtension>
            <ns3:atemp>25.0</ns3:atemp>
            <ns3:hr>123</ns3:hr>
            <ns3:cad>84</ns3:cad>
          </ns3:TrackPointExtension>
        </extensions>
      </trkpt>
      <trkpt lat="25.863564200699329376220703125" lon="119.5713475160300731658935546875">
        <ele>17.3999996185302734375</ele>
        <time>2025-05-30T21:52:36.000Z</time>
        <extensions>
          <ns3:TrackPointExtension>
            <ns3:atemp>25.0</ns3:atemp>
            <ns3:hr>123</ns3:hr>
            <ns3:cad>84</ns3:cad>
          </ns3:TrackPointExtension>
        </extensions>
      </trkpt>
      <trkpt lat="25.863555483520030975341796875" lon="119.57135908305644989013671875">
        <ele>17.3999996185302734375</ele>
        <time>2025-05-30T21:52:37.000Z</time>
        <extensions>
          <ns3:TrackPointExtension>
            <ns3:atemp>25.0</ns3:atemp>
            <ns3:hr>123</ns3:hr>
            <ns3:cad>84</ns3:cad>
          </ns3:TrackPointExtension>
        </extensions>
      </trkpt>
      <trkpt lat="25.86354483850300312042236328125" lon="119.57137425430119037628173828125">
        <ele>17.3999996185302734375</ele>
        <time>2025-05-30T21:52:38.000Z</time>
        <extensions>
          <ns3:TrackPointExtension>
            <ns3:atemp>25.0</ns3:atemp>
            <ns3:hr>123</ns3:hr>
            <ns3:cad>84</ns3:cad>
          </ns3:TrackPointExtension>
        </extensions>
      </trkpt>
      <trkpt lat="25.86352966725826263427734375" lon="119.57139101810753345489501953125">
        <ele>17.3999996185302734375</ele>
        <time>2025-05-30T21:52:39.000Z</time>
        <extensions>
          <ns3:TrackPointExtension>
            <ns3:atemp>25.0</ns3:atemp>
            <ns3:hr>123</ns3:hr>
            <ns3:cad>84</ns3:cad>
          </ns3:TrackPointExtension>
        </extensions>
      </trkpt>
      <trkpt lat="25.86352572776377201080322265625" lon="119.5714004896581172943115234375">
        <ele>17.3999996185302734375</ele>
        <time>2025-05-30T21:52:40.000Z</time>
        <extensions>
          <ns3:TrackPointExtension>
            <ns3:atemp>25.0</ns3:atemp>
            <ns3:hr>123</ns3:hr>
            <ns3:cad>84</ns3:cad>
          </ns3:TrackPointExtension>
        </extensions>
      </trkpt>
      <trkpt lat="25.863511562347412109375" lon="119.5714236237108707427978515625">
        <ele>17.3999996185302734375</ele>
        <time>2025-05-30T21:52:41.000Z</time>
        <extensions>
          <ns3:TrackPointExtension>
            <ns3:atemp>25.0</ns3:atemp>
            <ns3:hr>123</ns3:hr>
            <ns3:cad>85</ns3:cad>
          </ns3:TrackPointExtension>
        </extensions>
      </trkpt>
      <trkpt lat="25.86348951794207096099853515625" lon="119.571435861289501190185546875">
        <ele>17.3999996185302734375</ele>
        <time>2025-05-30T21:52:42.000Z</time>
        <extensions>
          <ns3:TrackPointExtension>
            <ns3:atemp>25.0</ns3:atemp>
            <ns3:hr>124</ns3:hr>
            <ns3:cad>85</ns3:cad>
          </ns3:TrackPointExtension>
        </extensions>
      </trkpt>
      <trkpt lat="25.86347912438213825225830078125" lon="119.5714434050023555755615234375">
        <ele>17.6000003814697265625</ele>
        <time>2025-05-30T21:52:43.000Z</time>
        <extensions>
          <ns3:TrackPointExtension>
            <ns3:atemp>25.0</ns3:atemp>
            <ns3:hr>123</ns3:hr>
            <ns3:cad>85</ns3:cad>
          </ns3:TrackPointExtension>
        </extensions>
      </trkpt>
      <trkpt lat="25.86345481686294078826904296875" lon="119.57145991735160350799560546875">
        <ele>17.6000003814697265625</ele>
        <time>2025-05-30T21:52:44.000Z</time>
        <extensions>
          <ns3:TrackPointExtension>
            <ns3:atemp>25.0</ns3:atemp>
            <ns3:hr>123</ns3:hr>
            <ns3:cad>85</ns3:cad>
          </ns3:TrackPointExtension>
        </extensions>
      </trkpt>
      <trkpt lat="25.8634349517524242401123046875" lon="119.57146511413156986236572265625">
        <ele>17.6000003814697265625</ele>
        <time>2025-05-30T21:52:45.000Z</time>
        <extensions>
          <ns3:TrackPointExtension>
            <ns3:atemp>25.0</ns3:atemp>
            <ns3:hr>124</ns3:hr>
            <ns3:cad>83</ns3:cad>
          </ns3:TrackPointExtension>
        </extensions>
      </trkpt>
      <trkpt lat="25.86342036724090576171875" lon="119.57147114910185337066650390625">
        <ele>17.6000003814697265625</ele>
        <time>2025-05-30T21:52:46.000Z</time>
        <extensions>
          <ns3:TrackPointExtension>
            <ns3:atemp>25.0</ns3:atemp>
            <ns3:hr>124</ns3:hr>
            <ns3:cad>82</ns3:cad>
          </ns3:TrackPointExtension>
        </extensions>
      </trkpt>
      <trkpt lat="25.8634017594158649444580078125" lon="119.571485482156276702880859375">
        <ele>17.6000003814697265625</ele>
        <time>2025-05-30T21:52:47.000Z</time>
        <extensions>
          <ns3:TrackPointExtension>
            <ns3:atemp>25.0</ns3:atemp>
            <ns3:hr>124</ns3:hr>
            <ns3:cad>82</ns3:cad>
          </ns3:TrackPointExtension>
        </extensions>
      </trkpt>
      <trkpt lat="25.863393209874629974365234375" lon="119.571501575410366058349609375">
        <ele>17.6000003814697265625</ele>
        <time>2025-05-30T21:52:48.000Z</time>
        <extensions>
          <ns3:TrackPointExtension>
            <ns3:atemp>25.0</ns3:atemp>
            <ns3:hr>124</ns3:hr>
            <ns3:cad>82</ns3:cad>
          </ns3:TrackPointExtension>
        </extensions>
      </trkpt>
      <trkpt lat="25.86337401531636714935302734375" lon="119.57151792012155055999755859375">
        <ele>17.6000003814697265625</ele>
        <time>2025-05-30T21:52:49.000Z</time>
        <extensions>
          <ns3:TrackPointExtension>
            <ns3:atemp>25.0</ns3:atemp>
            <ns3:hr>124</ns3:hr>
            <ns3:cad>83</ns3:cad>
          </ns3:TrackPointExtension>
        </extensions>
      </trkpt>
      <trkpt lat="25.863364040851593017578125" lon="119.57153116352856159210205078125">
        <ele>17.6000003814697265625</ele>
        <time>2025-05-30T21:52:50.000Z</time>
        <extensions>
          <ns3:TrackPointExtension>
            <ns3:atemp>25.0</ns3:atemp>
            <ns3:hr>124</ns3:hr>
            <ns3:cad>83</ns3:cad>
          </ns3:TrackPointExtension>
        </extensions>
      </trkpt>
      <trkpt lat="25.8633514679968357086181640625" lon="119.57154415547847747802734375">
        <ele>17.6000003814697265625</ele>
        <time>2025-05-30T21:52:51.000Z</time>
        <extensions>
          <ns3:TrackPointExtension>
            <ns3:atemp>25.0</ns3:atemp>
            <ns3:hr>123</ns3:hr>
            <ns3:cad>84</ns3:cad>
          </ns3:TrackPointExtension>
        </extensions>
      </trkpt>
      <trkpt lat="25.86333428509533405303955078125" lon="119.5715568959712982177734375">
        <ele>17.6000003814697265625</ele>
        <time>2025-05-30T21:52:52.000Z</time>
        <extensions>
          <ns3:TrackPointExtension>
            <ns3:atemp>25.0</ns3:atemp>
            <ns3:hr>123</ns3:hr>
            <ns3:cad>84</ns3:cad>
          </ns3:TrackPointExtension>
        </extensions>
      </trkpt>
      <trkpt lat="25.86332690902054309844970703125" lon="119.5715657807886600494384765625">
        <ele>17.799999237060546875</ele>
        <time>2025-05-30T21:52:53.000Z</time>
        <extensions>
          <ns3:TrackPointExtension>
            <ns3:atemp>25.0</ns3:atemp>
            <ns3:hr>124</ns3:hr>
            <ns3:cad>84</ns3:cad>
          </ns3:TrackPointExtension>
        </extensions>
      </trkpt>
      <trkpt lat="25.863308049738407135009765625" lon="119.5715812034904956817626953125">
        <ele>17.799999237060546875</ele>
        <time>2025-05-30T21:52:54.000Z</time>
        <extensions>
          <ns3:TrackPointExtension>
            <ns3:atemp>25.0</ns3:atemp>
            <ns3:hr>124</ns3:hr>
            <ns3:cad>84</ns3:cad>
          </ns3:TrackPointExtension>
        </extensions>
      </trkpt>
      <trkpt lat="25.86329656653106212615966796875" lon="119.5715905912220478057861328125">
        <ele>17.799999237060546875</ele>
        <time>2025-05-30T21:52:55.000Z</time>
        <extensions>
          <ns3:TrackPointExtension>
            <ns3:atemp>25.0</ns3:atemp>
            <ns3:hr>124</ns3:hr>
            <ns3:cad>83</ns3:cad>
          </ns3:TrackPointExtension>
        </extensions>
      </trkpt>
      <trkpt lat="25.86328198201954364776611328125" lon="119.57160609774291515350341796875">
        <ele>17.799999237060546875</ele>
        <time>2025-05-30T21:52:56.000Z</time>
        <extensions>
          <ns3:TrackPointExtension>
            <ns3:atemp>25.0</ns3:atemp>
            <ns3:hr>125</ns3:hr>
            <ns3:cad>83</ns3:cad>
          </ns3:TrackPointExtension>
        </extensions>
      </trkpt>
      <trkpt lat="25.86326404474675655364990234375" lon="119.57161833532154560089111328125">
        <ele>17.6000003814697265625</ele>
        <time>2025-05-30T21:52:57.000Z</time>
        <extensions>
          <ns3:TrackPointExtension>
            <ns3:atemp>25.0</ns3:atemp>
            <ns3:hr>125</ns3:hr>
            <ns3:cad>84</ns3:cad>
          </ns3:TrackPointExtension>
        </extensions>
      </trkpt>
      <trkpt lat="25.8632579259574413299560546875" lon="119.57163375802338123321533203125">
        <ele>17.6000003814697265625</ele>
        <time>2025-05-30T21:52:58.000Z</time>
        <extensions>
          <ns3:TrackPointExtension>
            <ns3:atemp>25.0</ns3:atemp>
            <ns3:hr>126</ns3:hr>
            <ns3:cad>84</ns3:cad>
          </ns3:TrackPointExtension>
        </extensions>
      </trkpt>
      <trkpt lat="25.86323655210435390472412109375" lon="119.57164431922137737274169921875">
        <ele>17.6000003814697265625</ele>
        <time>2025-05-30T21:52:59.000Z</time>
        <extensions>
          <ns3:TrackPointExtension>
            <ns3:atemp>25.0</ns3:atemp>
            <ns3:hr>126</ns3:hr>
            <ns3:cad>84</ns3:cad>
          </ns3:TrackPointExtension>
        </extensions>
      </trkpt>
      <trkpt lat="25.86322280578315258026123046875" lon="119.57165471278131008148193359375">
        <ele>17.6000003814697265625</ele>
        <time>2025-05-30T21:53:00.000Z</time>
        <extensions>
          <ns3:TrackPointExtension>
            <ns3:atemp>25.0</ns3:atemp>
            <ns3:hr>126</ns3:hr>
            <ns3:cad>84</ns3:cad>
          </ns3:TrackPointExtension>
        </extensions>
      </trkpt>
      <trkpt lat="25.8632004261016845703125" lon="119.57166627980768680572509765625">
        <ele>17.6000003814697265625</ele>
        <time>2025-05-30T21:53:01.000Z</time>
        <extensions>
          <ns3:TrackPointExtension>
            <ns3:atemp>25.0</ns3:atemp>
            <ns3:hr>126</ns3:hr>
            <ns3:cad>84</ns3:cad>
          </ns3:TrackPointExtension>
        </extensions>
      </trkpt>
      <trkpt lat="25.863182656466960906982421875" lon="119.57167482934892177581787109375">
        <ele>17.3999996185302734375</ele>
        <time>2025-05-30T21:53:02.000Z</time>
        <extensions>
          <ns3:TrackPointExtension>
            <ns3:atemp>25.0</ns3:atemp>
            <ns3:hr>126</ns3:hr>
            <ns3:cad>84</ns3:cad>
          </ns3:TrackPointExtension>
        </extensions>
      </trkpt>
      <trkpt lat="25.8631777949631214141845703125" lon="119.57168606109917163848876953125">
        <ele>17.3999996185302734375</ele>
        <time>2025-05-30T21:53:03.000Z</time>
        <extensions>
          <ns3:TrackPointExtension>
            <ns3:atemp>25.0</ns3:atemp>
            <ns3:hr>126</ns3:hr>
            <ns3:cad>85</ns3:cad>
          </ns3:TrackPointExtension>
        </extensions>
      </trkpt>
      <trkpt lat="25.863161198794841766357421875" lon="119.5717076025903224945068359375">
        <ele>17.3999996185302734375</ele>
        <time>2025-05-30T21:53:04.000Z</time>
        <extensions>
          <ns3:TrackPointExtension>
            <ns3:atemp>25.0</ns3:atemp>
            <ns3:hr>126</ns3:hr>
            <ns3:cad>85</ns3:cad>
          </ns3:TrackPointExtension>
        </extensions>
      </trkpt>
      <trkpt lat="25.863153822720050811767578125" lon="119.57172386348247528076171875">
        <ele>17.6000003814697265625</ele>
        <time>2025-05-30T21:53:05.000Z</time>
        <extensions>
          <ns3:TrackPointExtension>
            <ns3:atemp>25.0</ns3:atemp>
            <ns3:hr>126</ns3:hr>
            <ns3:cad>85</ns3:cad>
          </ns3:TrackPointExtension>
        </extensions>
      </trkpt>
      <trkpt lat="25.86314988322556018829345703125" lon="119.57173836417496204376220703125">
        <ele>17.6000003814697265625</ele>
        <time>2025-05-30T21:53:06.000Z</time>
        <extensions>
          <ns3:TrackPointExtension>
            <ns3:atemp>25.0</ns3:atemp>
            <ns3:hr>127</ns3:hr>
            <ns3:cad>83</ns3:cad>
          </ns3:TrackPointExtension>
        </extensions>
      </trkpt>
      <trkpt lat="25.863131694495677947998046875" lon="119.5717500150203704833984375">
        <ele>17.6000003814697265625</ele>
        <time>2025-05-30T21:53:07.000Z</time>
        <extensions>
          <ns3:TrackPointExtension>
            <ns3:atemp>25.0</ns3:atemp>
            <ns3:hr>127</ns3:hr>
            <ns3:cad>83</ns3:cad>
          </ns3:TrackPointExtension>
        </extensions>
      </trkpt>
      <trkpt lat="25.86312197148799896240234375" lon="119.5717619173228740692138671875">
        <ele>17.6000003814697265625</ele>
        <time>2025-05-30T21:53:08.000Z</time>
        <extensions>
          <ns3:TrackPointExtension>
            <ns3:atemp>25.0</ns3:atemp>
            <ns3:hr>126</ns3:hr>
            <ns3:cad>82</ns3:cad>
          </ns3:TrackPointExtension>
        </extensions>
      </trkpt>
      <trkpt lat="25.8631040342152118682861328125" lon="119.5717786811292171478271484375">
        <ele>17.6000003814697265625</ele>
        <time>2025-05-30T21:53:09.000Z</time>
        <extensions>
          <ns3:TrackPointExtension>
            <ns3:atemp>25.0</ns3:atemp>
            <ns3:hr>126</ns3:hr>
            <ns3:cad>82</ns3:cad>
          </ns3:TrackPointExtension>
        </extensions>
      </trkpt>
      <trkpt lat="25.86308919824659824371337890625" lon="119.57178882323205471038818359375">
        <ele>17.6000003814697265625</ele>
        <time>2025-05-30T21:53:10.000Z</time>
        <extensions>
          <ns3:TrackPointExtension>
            <ns3:atemp>25.0</ns3:atemp>
            <ns3:hr>125</ns3:hr>
            <ns3:cad>82</ns3:cad>
          </ns3:TrackPointExtension>
        </extensions>
      </trkpt>
      <trkpt lat="25.8630762062966823577880859375" lon="119.5718024857342243194580078125">
        <ele>17.6000003814697265625</ele>
        <time>2025-05-30T21:53:11.000Z</time>
        <extensions>
          <ns3:TrackPointExtension>
            <ns3:atemp>25.0</ns3:atemp>
            <ns3:hr>125</ns3:hr>
            <ns3:cad>83</ns3:cad>
          </ns3:TrackPointExtension>
        </extensions>
      </trkpt>
      <trkpt lat="25.8630497194826602935791015625" lon="119.57181564532220363616943359375">
        <ele>17.6000003814697265625</ele>
        <time>2025-05-30T21:53:12.000Z</time>
        <extensions>
          <ns3:TrackPointExtension>
            <ns3:atemp>25.0</ns3:atemp>
            <ns3:hr>124</ns3:hr>
            <ns3:cad>84</ns3:cad>
          </ns3:TrackPointExtension>
        </extensions>
      </trkpt>
      <trkpt lat="25.8630410023033618927001953125" lon="119.57183115184307098388671875">
        <ele>17.6000003814697265625</ele>
        <time>2025-05-30T21:53:13.000Z</time>
        <extensions>
          <ns3:TrackPointExtension>
            <ns3:atemp>25.0</ns3:atemp>
            <ns3:hr>123</ns3:hr>
            <ns3:cad>84</ns3:cad>
          </ns3:TrackPointExtension>
        </extensions>
      </trkpt>
      <trkpt lat="25.863021723926067352294921875" lon="119.571851603686809539794921875">
        <ele>17.6000003814697265625</ele>
        <time>2025-05-30T21:53:14.000Z</time>
        <extensions>
          <ns3:TrackPointExtension>
            <ns3:atemp>25.0</ns3:atemp>
            <ns3:hr>123</ns3:hr>
            <ns3:cad>84</ns3:cad>
          </ns3:TrackPointExtension>
        </extensions>
      </trkpt>
      <trkpt lat="25.86300755850970745086669921875" lon="119.57187280990183353424072265625">
        <ele>17.6000003814697265625</ele>
        <time>2025-05-30T21:53:15.000Z</time>
        <extensions>
          <ns3:TrackPointExtension>
            <ns3:atemp>25.0</ns3:atemp>
            <ns3:hr>122</ns3:hr>
            <ns3:cad>84</ns3:cad>
          </ns3:TrackPointExtension>
        </extensions>
      </trkpt>
      <trkpt lat="25.8630011044442653656005859375" lon="119.57189041189849376678466796875">
        <ele>17.6000003814697265625</ele>
        <time>2025-05-30T21:53:16.000Z</time>
        <extensions>
          <ns3:TrackPointExtension>
            <ns3:atemp>25.0</ns3:atemp>
            <ns3:hr>122</ns3:hr>
            <ns3:cad>83</ns3:cad>
          </ns3:TrackPointExtension>
        </extensions>
      </trkpt>
      <trkpt lat="25.862980820238590240478515625" lon="119.5719055831432342529296875">
        <ele>17.6000003814697265625</ele>
        <time>2025-05-30T21:53:17.000Z</time>
        <extensions>
          <ns3:TrackPointExtension>
            <ns3:atemp>25.0</ns3:atemp>
            <ns3:hr>122</ns3:hr>
            <ns3:cad>83</ns3:cad>
          </ns3:TrackPointExtension>
        </extensions>
      </trkpt>
      <trkpt lat="25.86297017522156238555908203125" lon="119.571919329464435577392578125">
        <ele>17.6000003814697265625</ele>
        <time>2025-05-30T21:53:18.000Z</time>
        <extensions>
          <ns3:TrackPointExtension>
            <ns3:atemp>25.0</ns3:atemp>
            <ns3:hr>121</ns3:hr>
            <ns3:cad>83</ns3:cad>
          </ns3:TrackPointExtension>
        </extensions>
      </trkpt>
      <trkpt lat="25.8629521541297435760498046875" lon="119.5719376020133495330810546875">
        <ele>17.6000003814697265625</ele>
        <time>2025-05-30T21:53:19.000Z</time>
        <extensions>
          <ns3:TrackPointExtension>
            <ns3:atemp>25.0</ns3:atemp>
            <ns3:hr>121</ns3:hr>
            <ns3:cad>83</ns3:cad>
          </ns3:TrackPointExtension>
        </extensions>
      </trkpt>
      <trkpt lat="25.86293161846697330474853515625" lon="119.5719490014016628265380859375">
        <ele>17.6000003814697265625</ele>
        <time>2025-05-30T21:53:20.000Z</time>
        <extensions>
          <ns3:TrackPointExtension>
            <ns3:atemp>25.0</ns3:atemp>
            <ns3:hr>120</ns3:hr>
            <ns3:cad>83</ns3:cad>
          </ns3:TrackPointExtension>
        </extensions>
      </trkpt>
      <trkpt lat="25.86291954852640628814697265625" lon="119.57195947878062725067138671875">
        <ele>17.6000003814697265625</ele>
        <time>2025-05-30T21:53:21.000Z</time>
        <extensions>
          <ns3:TrackPointExtension>
            <ns3:atemp>25.0</ns3:atemp>
            <ns3:hr>120</ns3:hr>
            <ns3:cad>83</ns3:cad>
          </ns3:TrackPointExtension>
        </extensions>
      </trkpt>
      <trkpt lat="25.86289959959685802459716796875" lon="119.5719718001782894134521484375">
        <ele>17.6000003814697265625</ele>
        <time>2025-05-30T21:53:22.000Z</time>
        <extensions>
          <ns3:TrackPointExtension>
            <ns3:atemp>25.0</ns3:atemp>
            <ns3:hr>120</ns3:hr>
            <ns3:cad>83</ns3:cad>
          </ns3:TrackPointExtension>
        </extensions>
      </trkpt>
      <trkpt lat="25.86288518272340297698974609375" lon="119.571985043585300445556640625">
        <ele>17.6000003814697265625</ele>
        <time>2025-05-30T21:53:23.000Z</time>
        <extensions>
          <ns3:TrackPointExtension>
            <ns3:atemp>25.0</ns3:atemp>
            <ns3:hr>119</ns3:hr>
            <ns3:cad>83</ns3:cad>
          </ns3:TrackPointExtension>
        </extensions>
      </trkpt>
      <trkpt lat="25.86287043057382106781005859375" lon="119.572000466287136077880859375">
        <ele>17.6000003814697265625</ele>
        <time>2025-05-30T21:53:24.000Z</time>
        <extensions>
          <ns3:TrackPointExtension>
            <ns3:atemp>25.0</ns3:atemp>
            <ns3:hr>119</ns3:hr>
            <ns3:cad>83</ns3:cad>
          </ns3:TrackPointExtension>
        </extensions>
      </trkpt>
      <trkpt lat="25.86284528486430644989013671875" lon="119.5720120333135128021240234375">
        <ele>17.3999996185302734375</ele>
        <time>2025-05-30T21:53:25.000Z</time>
        <extensions>
          <ns3:TrackPointExtension>
            <ns3:atemp>25.0</ns3:atemp>
            <ns3:hr>120</ns3:hr>
            <ns3:cad>83</ns3:cad>
          </ns3:TrackPointExtension>
        </extensions>
      </trkpt>
      <trkpt lat="25.86283606477081775665283203125" lon="119.5720274560153484344482421875">
        <ele>17.6000003814697265625</ele>
        <time>2025-05-30T21:53:26.000Z</time>
        <extensions>
          <ns3:TrackPointExtension>
            <ns3:atemp>25.0</ns3:atemp>
            <ns3:hr>120</ns3:hr>
            <ns3:cad>83</ns3:cad>
          </ns3:TrackPointExtension>
        </extensions>
      </trkpt>
      <trkpt lat="25.86281812749803066253662109375" lon="119.57204447127878665924072265625">
        <ele>17.6000003814697265625</ele>
        <time>2025-05-30T21:53:27.000Z</time>
        <extensions>
          <ns3:TrackPointExtension>
            <ns3:atemp>25.0</ns3:atemp>
            <ns3:hr>120</ns3:hr>
            <ns3:cad>83</ns3:cad>
          </ns3:TrackPointExtension>
        </extensions>
      </trkpt>
      <trkpt lat="25.86280220188200473785400390625" lon="119.57206048071384429931640625">
        <ele>17.6000003814697265625</ele>
        <time>2025-05-30T21:53:28.000Z</time>
        <extensions>
          <ns3:TrackPointExtension>
            <ns3:atemp>25.0</ns3:atemp>
            <ns3:hr>123</ns3:hr>
            <ns3:cad>83</ns3:cad>
          </ns3:TrackPointExtension>
        </extensions>
      </trkpt>
      <trkpt lat="25.862789042294025421142578125" lon="119.57207364030182361602783203125">
        <ele>17.6000003814697265625</ele>
        <time>2025-05-30T21:53:29.000Z</time>
        <extensions>
          <ns3:TrackPointExtension>
            <ns3:atemp>25.0</ns3:atemp>
            <ns3:hr>124</ns3:hr>
            <ns3:cad>83</ns3:cad>
          </ns3:TrackPointExtension>
        </extensions>
      </trkpt>
      <trkpt lat="25.8627637289464473724365234375" lon="119.57208185456693172454833984375">
        <ele>17.6000003814697265625</ele>
        <time>2025-05-30T21:53:30.000Z</time>
        <extensions>
          <ns3:TrackPointExtension>
            <ns3:atemp>25.0</ns3:atemp>
            <ns3:hr>127</ns3:hr>
            <ns3:cad>83</ns3:cad>
          </ns3:TrackPointExtension>
        </extensions>
      </trkpt>
      <trkpt lat="25.862751491367816925048828125" lon="119.57209266722202301025390625">
        <ele>17.6000003814697265625</ele>
        <time>2025-05-30T21:53:31.000Z</time>
        <extensions>
          <ns3:TrackPointExtension>
            <ns3:atemp>25.0</ns3:atemp>
            <ns3:hr>127</ns3:hr>
            <ns3:cad>83</ns3:cad>
          </ns3:TrackPointExtension>
        </extensions>
      </trkpt>
      <trkpt lat="25.8627283573150634765625" lon="119.572102725505828857421875">
        <ele>17.6000003814697265625</ele>
        <time>2025-05-30T21:53:32.000Z</time>
        <extensions>
          <ns3:TrackPointExtension>
            <ns3:atemp>25.0</ns3:atemp>
            <ns3:hr>128</ns3:hr>
            <ns3:cad>83</ns3:cad>
          </ns3:TrackPointExtension>
        </extensions>
      </trkpt>
      <trkpt lat="25.86271134205162525177001953125" lon="119.57211303524672985076904296875">
        <ele>17.3999996185302734375</ele>
        <time>2025-05-30T21:53:33.000Z</time>
        <extensions>
          <ns3:TrackPointExtension>
            <ns3:atemp>25.0</ns3:atemp>
            <ns3:hr>128</ns3:hr>
            <ns3:cad>83</ns3:cad>
          </ns3:TrackPointExtension>
        </extensions>
      </trkpt>
      <trkpt lat="25.86269692517817020416259765625" lon="119.572121836245059967041015625">
        <ele>17.6000003814697265625</ele>
        <time>2025-05-30T21:53:34.000Z</time>
        <extensions>
          <ns3:TrackPointExtension>
            <ns3:atemp>25.0</ns3:atemp>
            <ns3:hr>128</ns3:hr>
            <ns3:cad>84</ns3:cad>
          </ns3:TrackPointExtension>
        </extensions>
      </trkpt>
      <trkpt lat="25.8626706898212432861328125" lon="119.57212912850081920623779296875">
        <ele>17.6000003814697265625</ele>
        <time>2025-05-30T21:53:35.000Z</time>
        <extensions>
          <ns3:TrackPointExtension>
            <ns3:atemp>25.0</ns3:atemp>
            <ns3:hr>128</ns3:hr>
            <ns3:cad>84</ns3:cad>
          </ns3:TrackPointExtension>
        </extensions>
      </trkpt>
      <trkpt lat="25.86265753023326396942138671875" lon="119.5721404440701007843017578125">
        <ele>17.6000003814697265625</ele>
        <time>2025-05-30T21:53:36.000Z</time>
        <extensions>
          <ns3:TrackPointExtension>
            <ns3:atemp>25.0</ns3:atemp>
            <ns3:hr>128</ns3:hr>
            <ns3:cad>84</ns3:cad>
          </ns3:TrackPointExtension>
        </extensions>
      </trkpt>
      <trkpt lat="25.86263724602758884429931640625" lon="119.572153352200984954833984375">
        <ele>17.6000003814697265625</ele>
        <time>2025-05-30T21:53:37.000Z</time>
        <extensions>
          <ns3:TrackPointExtension>
            <ns3:atemp>25.0</ns3:atemp>
            <ns3:hr>128</ns3:hr>
            <ns3:cad>84</ns3:cad>
          </ns3:TrackPointExtension>
        </extensions>
      </trkpt>
      <trkpt lat="25.86262442171573638916015625" lon="119.572164081037044525146484375">
        <ele>17.6000003814697265625</ele>
        <time>2025-05-30T21:53:38.000Z</time>
        <extensions>
          <ns3:TrackPointExtension>
            <ns3:atemp>25.0</ns3:atemp>
            <ns3:hr>128</ns3:hr>
            <ns3:cad>83</ns3:cad>
          </ns3:TrackPointExtension>
        </extensions>
      </trkpt>
      <trkpt lat="25.862609334290027618408203125" lon="119.57217355258762836456298828125">
        <ele>17.6000003814697265625</ele>
        <time>2025-05-30T21:53:39.000Z</time>
        <extensions>
          <ns3:TrackPointExtension>
            <ns3:atemp>25.0</ns3:atemp>
            <ns3:hr>128</ns3:hr>
            <ns3:cad>83</ns3:cad>
          </ns3:TrackPointExtension>
        </extensions>
      </trkpt>
      <trkpt lat="25.86257957853376865386962890625" lon="119.57218294031918048858642578125">
        <ele>17.6000003814697265625</ele>
        <time>2025-05-30T21:53:40.000Z</time>
        <extensions>
          <ns3:TrackPointExtension>
            <ns3:atemp>25.0</ns3:atemp>
            <ns3:hr>128</ns3:hr>
            <ns3:cad>83</ns3:cad>
          </ns3:TrackPointExtension>
        </extensions>
      </trkpt>
      <trkpt lat="25.862568430602550506591796875" lon="119.57219517789781093597412109375">
        <ele>17.3999996185302734375</ele>
        <time>2025-05-30T21:53:41.000Z</time>
        <extensions>
          <ns3:TrackPointExtension>
            <ns3:atemp>25.0</ns3:atemp>
            <ns3:hr>128</ns3:hr>
            <ns3:cad>84</ns3:cad>
          </ns3:TrackPointExtension>
        </extensions>
      </trkpt>
      <trkpt lat="25.862546302378177642822265625" lon="119.57221244461834430694580078125">
        <ele>17.3999996185302734375</ele>
        <time>2025-05-30T21:53:42.000Z</time>
        <extensions>
          <ns3:TrackPointExtension>
            <ns3:atemp>25.0</ns3:atemp>
            <ns3:hr>128</ns3:hr>
            <ns3:cad>84</ns3:cad>
          </ns3:TrackPointExtension>
        </extensions>
      </trkpt>
      <trkpt lat="25.862527526915073394775390625" lon="119.57222635857760906219482421875">
        <ele>17.6000003814697265625</ele>
        <time>2025-05-30T21:53:43.000Z</time>
        <extensions>
          <ns3:TrackPointExtension>
            <ns3:atemp>25.0</ns3:atemp>
            <ns3:hr>128</ns3:hr>
            <ns3:cad>84</ns3:cad>
          </ns3:TrackPointExtension>
        </extensions>
      </trkpt>
      <trkpt lat="25.86251847445964813232421875" lon="119.57223205827176570892333984375">
        <ele>17.6000003814697265625</ele>
        <time>2025-05-30T21:53:44.000Z</time>
        <extensions>
          <ns3:TrackPointExtension>
            <ns3:atemp>25.0</ns3:atemp>
            <ns3:hr>128</ns3:hr>
            <ns3:cad>83</ns3:cad>
          </ns3:TrackPointExtension>
        </extensions>
      </trkpt>
      <trkpt lat="25.86249056272208690643310546875" lon="119.57224018871784210205078125">
        <ele>17.6000003814697265625</ele>
        <time>2025-05-30T21:53:45.000Z</time>
        <extensions>
          <ns3:TrackPointExtension>
            <ns3:atemp>25.0</ns3:atemp>
            <ns3:hr>128</ns3:hr>
            <ns3:cad>83</ns3:cad>
          </ns3:TrackPointExtension>
        </extensions>
      </trkpt>
      <trkpt lat="25.8624787442386150360107421875" lon="119.57224982790648937225341796875">
        <ele>17.6000003814697265625</ele>
        <time>2025-05-30T21:53:46.000Z</time>
        <extensions>
          <ns3:TrackPointExtension>
            <ns3:atemp>25.0</ns3:atemp>
            <ns3:hr>128</ns3:hr>
            <ns3:cad>82</ns3:cad>
          </ns3:TrackPointExtension>
        </extensions>
      </trkpt>
      <trkpt lat="25.8624586276710033416748046875" lon="119.57226357422769069671630859375">
        <ele>17.3999996185302734375</ele>
        <time>2025-05-30T21:53:47.000Z</time>
        <extensions>
          <ns3:TrackPointExtension>
            <ns3:atemp>25.0</ns3:atemp>
            <ns3:hr>128</ns3:hr>
            <ns3:cad>82</ns3:cad>
          </ns3:TrackPointExtension>
        </extensions>
      </trkpt>
      <trkpt lat="25.862435996532440185546875" lon="119.572272710502147674560546875">
        <ele>17.3999996185302734375</ele>
        <time>2025-05-30T21:53:48.000Z</time>
        <extensions>
          <ns3:TrackPointExtension>
            <ns3:atemp>25.0</ns3:atemp>
            <ns3:hr>128</ns3:hr>
            <ns3:cad>83</ns3:cad>
          </ns3:TrackPointExtension>
        </extensions>
      </trkpt>
      <trkpt lat="25.86241663433611392974853515625" lon="119.572277404367923736572265625">
        <ele>17.3999996185302734375</ele>
        <time>2025-05-30T21:53:49.000Z</time>
        <extensions>
          <ns3:TrackPointExtension>
            <ns3:atemp>25.0</ns3:atemp>
            <ns3:hr>128</ns3:hr>
            <ns3:cad>83</ns3:cad>
          </ns3:TrackPointExtension>
        </extensions>
      </trkpt>
      <trkpt lat="25.86238838732242584228515625" lon="119.5722889713943004608154296875">
        <ele>17.3999996185302734375</ele>
        <time>2025-05-30T21:53:50.000Z</time>
        <extensions>
          <ns3:TrackPointExtension>
            <ns3:atemp>25.0</ns3:atemp>
            <ns3:hr>129</ns3:hr>
            <ns3:cad>83</ns3:cad>
          </ns3:TrackPointExtension>
        </extensions>
      </trkpt>
      <trkpt lat="25.86237221024930477142333984375" lon="119.57229240797460079193115234375">
        <ele>17.3999996185302734375</ele>
        <time>2025-05-30T21:53:51.000Z</time>
        <extensions>
          <ns3:TrackPointExtension>
            <ns3:atemp>25.0</ns3:atemp>
            <ns3:hr>128</ns3:hr>
            <ns3:cad>83</ns3:cad>
          </ns3:TrackPointExtension>
        </extensions>
      </trkpt>
      <trkpt lat="25.86235175840556621551513671875" lon="119.5722990296781063079833984375">
        <ele>17.3999996185302734375</ele>
        <time>2025-05-30T21:53:52.000Z</time>
        <extensions>
          <ns3:TrackPointExtension>
            <ns3:atemp>25.0</ns3:atemp>
            <ns3:hr>128</ns3:hr>
            <ns3:cad>83</ns3:cad>
          </ns3:TrackPointExtension>
        </extensions>
      </trkpt>
      <trkpt lat="25.8623273670673370361328125" lon="119.57230531610548496246337890625">
        <ele>17.3999996185302734375</ele>
        <time>2025-05-30T21:53:53.000Z</time>
        <extensions>
          <ns3:TrackPointExtension>
            <ns3:atemp>25.0</ns3:atemp>
            <ns3:hr>128</ns3:hr>
            <ns3:cad>83</ns3:cad>
          </ns3:TrackPointExtension>
        </extensions>
      </trkpt>
      <trkpt lat="25.86231521330773830413818359375" lon="119.57231453619897365570068359375">
        <ele>17.3999996185302734375</ele>
        <time>2025-05-30T21:53:54.000Z</time>
        <extensions>
          <ns3:TrackPointExtension>
            <ns3:atemp>25.0</ns3:atemp>
            <ns3:hr>129</ns3:hr>
            <ns3:cad>84</ns3:cad>
          </ns3:TrackPointExtension>
        </extensions>
      </trkpt>
      <trkpt lat="25.8622896485030651092529296875" lon="119.572322666645050048828125">
        <ele>17.3999996185302734375</ele>
        <time>2025-05-30T21:53:55.000Z</time>
        <extensions>
          <ns3:TrackPointExtension>
            <ns3:atemp>25.0</ns3:atemp>
            <ns3:hr>129</ns3:hr>
            <ns3:cad>84</ns3:cad>
          </ns3:TrackPointExtension>
        </extensions>
      </trkpt>
      <trkpt lat="25.8622718788683414459228515625" lon="119.57233029417693614959716796875">
        <ele>17.3999996185302734375</ele>
        <time>2025-05-30T21:53:56.000Z</time>
        <extensions>
          <ns3:TrackPointExtension>
            <ns3:atemp>25.0</ns3:atemp>
            <ns3:hr>129</ns3:hr>
            <ns3:cad>84</ns3:cad>
          </ns3:TrackPointExtension>
        </extensions>
      </trkpt>
      <trkpt lat="25.86225452832877635955810546875" lon="119.572340436279773712158203125">
        <ele>17.3999996185302734375</ele>
        <time>2025-05-30T21:53:57.000Z</time>
        <extensions>
          <ns3:TrackPointExtension>
            <ns3:atemp>25.0</ns3:atemp>
            <ns3:hr>130</ns3:hr>
            <ns3:cad>84</ns3:cad>
          </ns3:TrackPointExtension>
        </extensions>
      </trkpt>
      <trkpt lat="25.86222946643829345703125" lon="119.57234479486942291259765625">
        <ele>17.3999996185302734375</ele>
        <time>2025-05-30T21:53:58.000Z</time>
        <extensions>
          <ns3:TrackPointExtension>
            <ns3:atemp>25.0</ns3:atemp>
            <ns3:hr>130</ns3:hr>
            <ns3:cad>84</ns3:cad>
          </ns3:TrackPointExtension>
        </extensions>
      </trkpt>
      <trkpt lat="25.8622125349938869476318359375" lon="119.57234990783035755157470703125">
        <ele>17.200000762939453125</ele>
        <time>2025-05-30T21:53:59.000Z</time>
        <extensions>
          <ns3:TrackPointExtension>
            <ns3:atemp>25.0</ns3:atemp>
            <ns3:hr>130</ns3:hr>
            <ns3:cad>83</ns3:cad>
          </ns3:TrackPointExtension>
        </extensions>
      </trkpt>
      <trkpt lat="25.8621840365231037139892578125" lon="119.5723566971719264984130859375">
        <ele>17.200000762939453125</ele>
        <time>2025-05-30T21:54:00.000Z</time>
        <extensions>
          <ns3:TrackPointExtension>
            <ns3:atemp>25.0</ns3:atemp>
            <ns3:hr>130</ns3:hr>
            <ns3:cad>83</ns3:cad>
          </ns3:TrackPointExtension>
        </extensions>
      </trkpt>
      <trkpt lat="25.86216442286968231201171875" lon="119.57235896028578281402587890625">
        <ele>17.200000762939453125</ele>
        <time>2025-05-30T21:54:01.000Z</time>
        <extensions>
          <ns3:TrackPointExtension>
            <ns3:atemp>25.0</ns3:atemp>
            <ns3:hr>130</ns3:hr>
            <ns3:cad>83</ns3:cad>
          </ns3:TrackPointExtension>
        </extensions>
      </trkpt>
      <trkpt lat="25.8621491678059101104736328125" lon="119.57236717455089092254638671875">
        <ele>17.200000762939453125</ele>
        <time>2025-05-30T21:54:02.000Z</time>
        <extensions>
          <ns3:TrackPointExtension>
            <ns3:atemp>25.0</ns3:atemp>
            <ns3:hr>130</ns3:hr>
            <ns3:cad>83</ns3:cad>
          </ns3:TrackPointExtension>
        </extensions>
      </trkpt>
      <trkpt lat="25.86212360300123691558837890625" lon="119.572366587817668914794921875">
        <ele>17.200000762939453125</ele>
        <time>2025-05-30T21:54:03.000Z</time>
        <extensions>
          <ns3:TrackPointExtension>
            <ns3:atemp>25.0</ns3:atemp>
            <ns3:hr>131</ns3:hr>
            <ns3:cad>83</ns3:cad>
          </ns3:TrackPointExtension>
        </extensions>
      </trkpt>
      <trkpt lat="25.86210834793746471405029296875" lon="119.5723736286163330078125">
        <ele>17.200000762939453125</ele>
        <time>2025-05-30T21:54:04.000Z</time>
        <extensions>
          <ns3:TrackPointExtension>
            <ns3:atemp>25.0</ns3:atemp>
            <ns3:hr>131</ns3:hr>
            <ns3:cad>83</ns3:cad>
          </ns3:TrackPointExtension>
        </extensions>
      </trkpt>
      <trkpt lat="25.8620878122746944427490234375" lon="119.57238159142434597015380859375">
        <ele>17.200000762939453125</ele>
        <time>2025-05-30T21:54:05.000Z</time>
        <extensions>
          <ns3:TrackPointExtension>
            <ns3:atemp>25.0</ns3:atemp>
            <ns3:hr>131</ns3:hr>
            <ns3:cad>83</ns3:cad>
          </ns3:TrackPointExtension>
        </extensions>
      </trkpt>
      <trkpt lat="25.86206593550741672515869140625" lon="119.57238259725272655487060546875">
        <ele>17.200000762939453125</ele>
        <time>2025-05-30T21:54:06.000Z</time>
        <extensions>
          <ns3:TrackPointExtension>
            <ns3:atemp>25.0</ns3:atemp>
            <ns3:hr>131</ns3:hr>
            <ns3:cad>83</ns3:cad>
          </ns3:TrackPointExtension>
        </extensions>
      </trkpt>
      <trkpt lat="25.86204816587269306182861328125" lon="119.5723892189562320709228515625">
        <ele>17.3999996185302734375</ele>
        <time>2025-05-30T21:54:07.000Z</time>
        <extensions>
          <ns3:TrackPointExtension>
            <ns3:atemp>25.0</ns3:atemp>
            <ns3:hr>131</ns3:hr>
            <ns3:cad>83</ns3:cad>
          </ns3:TrackPointExtension>
        </extensions>
      </trkpt>
      <trkpt lat="25.8620194159448146820068359375" lon="119.57239567302167415618896484375">
        <ele>17.3999996185302734375</ele>
        <time>2025-05-30T21:54:08.000Z</time>
        <extensions>
          <ns3:TrackPointExtension>
            <ns3:atemp>25.0</ns3:atemp>
            <ns3:hr>131</ns3:hr>
            <ns3:cad>82</ns3:cad>
          </ns3:TrackPointExtension>
        </extensions>
      </trkpt>
      <trkpt lat="25.86200525052845478057861328125" lon="119.5724012888967990875244140625">
        <ele>17.3999996185302734375</ele>
        <time>2025-05-30T21:54:09.000Z</time>
        <extensions>
          <ns3:TrackPointExtension>
            <ns3:atemp>25.0</ns3:atemp>
            <ns3:hr>131</ns3:hr>
            <ns3:cad>82</ns3:cad>
          </ns3:TrackPointExtension>
        </extensions>
      </trkpt>
      <trkpt lat="25.8619862236082553863525390625" lon="119.57240774296224117279052734375">
        <ele>17.200000762939453125</ele>
        <time>2025-05-30T21:54:10.000Z</time>
        <extensions>
          <ns3:TrackPointExtension>
            <ns3:atemp>25.0</ns3:atemp>
            <ns3:hr>131</ns3:hr>
            <ns3:cad>82</ns3:cad>
          </ns3:TrackPointExtension>
        </extensions>
      </trkpt>
      <trkpt lat="25.8619630895555019378662109375" lon="119.57240371964871883392333984375">
        <ele>17.200000762939453125</ele>
        <time>2025-05-30T21:54:11.000Z</time>
        <extensions>
          <ns3:TrackPointExtension>
            <ns3:atemp>25.0</ns3:atemp>
            <ns3:hr>130</ns3:hr>
            <ns3:cad>82</ns3:cad>
          </ns3:TrackPointExtension>
        </extensions>
      </trkpt>
      <trkpt lat="25.861948169767856597900390625" lon="119.57241193391382694244384765625">
        <ele>17.200000762939453125</ele>
        <time>2025-05-30T21:54:12.000Z</time>
        <extensions>
          <ns3:TrackPointExtension>
            <ns3:atemp>25.0</ns3:atemp>
            <ns3:hr>130</ns3:hr>
            <ns3:cad>83</ns3:cad>
          </ns3:TrackPointExtension>
        </extensions>
      </trkpt>
      <trkpt lat="25.8619211800396442413330078125" lon="119.57241662777960300445556640625">
        <ele>17.200000762939453125</ele>
        <time>2025-05-30T21:54:13.000Z</time>
        <extensions>
          <ns3:TrackPointExtension>
            <ns3:atemp>25.0</ns3:atemp>
            <ns3:hr>130</ns3:hr>
            <ns3:cad>83</ns3:cad>
          </ns3:TrackPointExtension>
        </extensions>
      </trkpt>
      <trkpt lat="25.8619003929197788238525390625" lon="119.5724153704941272735595703125">
        <ele>17.200000762939453125</ele>
        <time>2025-05-30T21:54:14.000Z</time>
        <extensions>
          <ns3:TrackPointExtension>
            <ns3:atemp>25.0</ns3:atemp>
            <ns3:hr>130</ns3:hr>
            <ns3:cad>83</ns3:cad>
          </ns3:TrackPointExtension>
        </extensions>
      </trkpt>
      <trkpt lat="25.86188153363764286041259765625" lon="119.57242190837860107421875">
        <ele>17.200000762939453125</ele>
        <time>2025-05-30T21:54:15.000Z</time>
        <extensions>
          <ns3:TrackPointExtension>
            <ns3:atemp>25.0</ns3:atemp>
            <ns3:hr>130</ns3:hr>
            <ns3:cad>83</ns3:cad>
          </ns3:TrackPointExtension>
        </extensions>
      </trkpt>
      <trkpt lat="25.86185487918555736541748046875" lon="119.57242249511182308197021484375">
        <ele>17.200000762939453125</ele>
        <time>2025-05-30T21:54:16.000Z</time>
        <extensions>
          <ns3:TrackPointExtension>
            <ns3:atemp>25.0</ns3:atemp>
            <ns3:hr>130</ns3:hr>
            <ns3:cad>83</ns3:cad>
          </ns3:TrackPointExtension>
        </extensions>
      </trkpt>
      <trkpt lat="25.86183560080826282501220703125" lon="119.57242702133953571319580078125">
        <ele>17.200000762939453125</ele>
        <time>2025-05-30T21:54:17.000Z</time>
        <extensions>
          <ns3:TrackPointExtension>
            <ns3:atemp>25.0</ns3:atemp>
            <ns3:hr>130</ns3:hr>
            <ns3:cad>83</ns3:cad>
          </ns3:TrackPointExtension>
        </extensions>
      </trkpt>
      <trkpt lat="25.8618095330893993377685546875" lon="119.5724259316921234130859375">
        <ele>17.200000762939453125</ele>
        <time>2025-05-30T21:54:18.000Z</time>
        <extensions>
          <ns3:TrackPointExtension>
            <ns3:atemp>25.0</ns3:atemp>
            <ns3:hr>129</ns3:hr>
            <ns3:cad>83</ns3:cad>
          </ns3:TrackPointExtension>
        </extensions>
      </trkpt>
      <trkpt lat="25.86178916506469249725341796875" lon="119.57242257893085479736328125">
        <ele>17.200000762939453125</ele>
        <time>2025-05-30T21:54:19.000Z</time>
        <extensions>
          <ns3:TrackPointExtension>
            <ns3:atemp>25.0</ns3:atemp>
            <ns3:hr>130</ns3:hr>
            <ns3:cad>83</ns3:cad>
          </ns3:TrackPointExtension>
        </extensions>
      </trkpt>
      <trkpt lat="25.8617713116109371185302734375" lon="119.57242718897759914398193359375">
        <ele>17.3999996185302734375</ele>
        <time>2025-05-30T21:54:20.000Z</time>
        <extensions>
          <ns3:TrackPointExtension>
            <ns3:atemp>25.0</ns3:atemp>
            <ns3:hr>130</ns3:hr>
            <ns3:cad>84</ns3:cad>
          </ns3:TrackPointExtension>
        </extensions>
      </trkpt>
      <trkpt lat="25.8617424778640270233154296875" lon="119.57242484204471111297607421875">
        <ele>17.3999996185302734375</ele>
        <time>2025-05-30T21:54:21.000Z</time>
        <extensions>
          <ns3:TrackPointExtension>
            <ns3:atemp>25.0</ns3:atemp>
            <ns3:hr>129</ns3:hr>
            <ns3:cad>84</ns3:cad>
          </ns3:TrackPointExtension>
        </extensions>
      </trkpt>
      <trkpt lat="25.86172361858189105987548828125" lon="119.57242165692150592803955078125">
        <ele>17.3999996185302734375</ele>
        <time>2025-05-30T21:54:22.000Z</time>
        <extensions>
          <ns3:TrackPointExtension>
            <ns3:atemp>25.0</ns3:atemp>
            <ns3:hr>130</ns3:hr>
            <ns3:cad>84</ns3:cad>
          </ns3:TrackPointExtension>
        </extensions>
      </trkpt>
      <trkpt lat="25.86170350201427936553955078125" lon="119.57241411320865154266357421875">
        <ele>17.3999996185302734375</ele>
        <time>2025-05-30T21:54:23.000Z</time>
        <extensions>
          <ns3:TrackPointExtension>
            <ns3:atemp>25.0</ns3:atemp>
            <ns3:hr>130</ns3:hr>
            <ns3:cad>83</ns3:cad>
          </ns3:TrackPointExtension>
        </extensions>
      </trkpt>
      <trkpt lat="25.8616824634373188018798828125" lon="119.57240380346775054931640625">
        <ele>17.200000762939453125</ele>
        <time>2025-05-30T21:54:24.000Z</time>
        <extensions>
          <ns3:TrackPointExtension>
            <ns3:atemp>25.0</ns3:atemp>
            <ns3:hr>129</ns3:hr>
            <ns3:cad>83</ns3:cad>
          </ns3:TrackPointExtension>
        </extensions>
      </trkpt>
      <trkpt lat="25.86166377179324626922607421875" lon="119.5723992772400379180908203125">
        <ele>17.200000762939453125</ele>
        <time>2025-05-30T21:54:25.000Z</time>
        <extensions>
          <ns3:TrackPointExtension>
            <ns3:atemp>25.0</ns3:atemp>
            <ns3:hr>130</ns3:hr>
            <ns3:cad>83</ns3:cad>
          </ns3:TrackPointExtension>
        </extensions>
      </trkpt>
      <trkpt lat="25.8616408891975879669189453125" lon="119.57238963805139064788818359375">
        <ele>17.200000762939453125</ele>
        <time>2025-05-30T21:54:26.000Z</time>
        <extensions>
          <ns3:TrackPointExtension>
            <ns3:atemp>25.0</ns3:atemp>
            <ns3:hr>130</ns3:hr>
            <ns3:cad>82</ns3:cad>
          </ns3:TrackPointExtension>
        </extensions>
      </trkpt>
      <trkpt lat="25.86162202991545200347900390625" lon="119.572381339967250823974609375">
        <ele>17.200000762939453125</ele>
        <time>2025-05-30T21:54:27.000Z</time>
        <extensions>
          <ns3:TrackPointExtension>
            <ns3:atemp>25.0</ns3:atemp>
            <ns3:hr>129</ns3:hr>
            <ns3:cad>82</ns3:cad>
          </ns3:TrackPointExtension>
        </extensions>
      </trkpt>
      <trkpt lat="25.86160660721361637115478515625" lon="119.5723862014710903167724609375">
        <ele>17.3999996185302734375</ele>
        <time>2025-05-30T21:54:28.000Z</time>
        <extensions>
          <ns3:TrackPointExtension>
            <ns3:atemp>25.0</ns3:atemp>
            <ns3:hr>130</ns3:hr>
            <ns3:cad>82</ns3:cad>
          </ns3:TrackPointExtension>
        </extensions>
      </trkpt>
      <trkpt lat="25.8615812100470066070556640625" lon="119.5723794959485530853271484375">
        <ele>17.3999996185302734375</ele>
        <time>2025-05-30T21:54:29.000Z</time>
        <extensions>
          <ns3:TrackPointExtension>
            <ns3:atemp>25.0</ns3:atemp>
            <ns3:hr>130</ns3:hr>
            <ns3:cad>81</ns3:cad>
          </ns3:TrackPointExtension>
        </extensions>
      </trkpt>
      <trkpt lat="25.8615647815167903900146484375" lon="119.5723749697208404541015625">
        <ele>17.3999996185302734375</ele>
        <time>2025-05-30T21:54:30.000Z</time>
        <extensions>
          <ns3:TrackPointExtension>
            <ns3:atemp>25.0</ns3:atemp>
            <ns3:hr>131</ns3:hr>
            <ns3:cad>81</ns3:cad>
          </ns3:TrackPointExtension>
        </extensions>
      </trkpt>
      <trkpt lat="25.86154340766370296478271484375" lon="119.57236750982701778411865234375">
        <ele>17.3999996185302734375</ele>
        <time>2025-05-30T21:54:31.000Z</time>
        <extensions>
          <ns3:TrackPointExtension>
            <ns3:atemp>25.0</ns3:atemp>
            <ns3:hr>132</ns3:hr>
            <ns3:cad>82</ns3:cad>
          </ns3:TrackPointExtension>
        </extensions>
      </trkpt>
      <trkpt lat="25.8615215308964252471923828125" lon="119.57236197777092456817626953125">
        <ele>17.3999996185302734375</ele>
        <time>2025-05-30T21:54:32.000Z</time>
        <extensions>
          <ns3:TrackPointExtension>
            <ns3:atemp>25.0</ns3:atemp>
            <ns3:hr>132</ns3:hr>
            <ns3:cad>82</ns3:cad>
          </ns3:TrackPointExtension>
        </extensions>
      </trkpt>
      <trkpt lat="25.8615061081945896148681640625" lon="119.57236214540898799896240234375">
        <ele>17.3999996185302734375</ele>
        <time>2025-05-30T21:54:33.000Z</time>
        <extensions>
          <ns3:TrackPointExtension>
            <ns3:atemp>25.0</ns3:atemp>
            <ns3:hr>132</ns3:hr>
            <ns3:cad>83</ns3:cad>
          </ns3:TrackPointExtension>
        </extensions>
      </trkpt>
      <trkpt lat="25.861478112637996673583984375" lon="119.57235326059162616729736328125">
        <ele>17.3999996185302734375</ele>
        <time>2025-05-30T21:54:34.000Z</time>
        <extensions>
          <ns3:TrackPointExtension>
            <ns3:atemp>25.0</ns3:atemp>
            <ns3:hr>132</ns3:hr>
            <ns3:cad>83</ns3:cad>
          </ns3:TrackPointExtension>
        </extensions>
      </trkpt>
      <trkpt lat="25.86145791225135326385498046875" lon="119.57234772853553295135498046875">
        <ele>17.3999996185302734375</ele>
        <time>2025-05-30T21:54:35.000Z</time>
        <extensions>
          <ns3:TrackPointExtension>
            <ns3:atemp>25.0</ns3:atemp>
            <ns3:hr>132</ns3:hr>
            <ns3:cad>83</ns3:cad>
          </ns3:TrackPointExtension>
        </extensions>
      </trkpt>
      <trkpt lat="25.8614397235214710235595703125" lon="119.572345800697803497314453125">
        <ele>17.3999996185302734375</ele>
        <time>2025-05-30T21:54:36.000Z</time>
        <extensions>
          <ns3:TrackPointExtension>
            <ns3:atemp>25.0</ns3:atemp>
            <ns3:hr>131</ns3:hr>
            <ns3:cad>83</ns3:cad>
          </ns3:TrackPointExtension>
        </extensions>
      </trkpt>
      <trkpt lat="25.86141633801162242889404296875" lon="119.5723369158804416656494140625">
        <ele>17.3999996185302734375</ele>
        <time>2025-05-30T21:54:37.000Z</time>
        <extensions>
          <ns3:TrackPointExtension>
            <ns3:atemp>25.0</ns3:atemp>
            <ns3:hr>131</ns3:hr>
            <ns3:cad>83</ns3:cad>
          </ns3:TrackPointExtension>
        </extensions>
      </trkpt>
      <trkpt lat="25.8614018373191356658935546875" lon="119.57234521396458148956298828125">
        <ele>17.200000762939453125</ele>
        <time>2025-05-30T21:54:38.000Z</time>
        <extensions>
          <ns3:TrackPointExtension>
            <ns3:atemp>25.0</ns3:atemp>
            <ns3:hr>131</ns3:hr>
            <ns3:cad>83</ns3:cad>
          </ns3:TrackPointExtension>
        </extensions>
      </trkpt>
      <trkpt lat="25.86137962527573108673095703125" lon="119.572341442108154296875">
        <ele>17.200000762939453125</ele>
        <time>2025-05-30T21:54:39.000Z</time>
        <extensions>
          <ns3:TrackPointExtension>
            <ns3:atemp>25.0</ns3:atemp>
            <ns3:hr>131</ns3:hr>
            <ns3:cad>83</ns3:cad>
          </ns3:TrackPointExtension>
        </extensions>
      </trkpt>
      <trkpt lat="25.8613605983555316925048828125" lon="119.5723325572907924652099609375">
        <ele>17.200000762939453125</ele>
        <time>2025-05-30T21:54:40.000Z</time>
        <extensions>
          <ns3:TrackPointExtension>
            <ns3:atemp>25.0</ns3:atemp>
            <ns3:hr>131</ns3:hr>
            <ns3:cad>82</ns3:cad>
          </ns3:TrackPointExtension>
        </extensions>
      </trkpt>
      <trkpt lat="25.86134257726371288299560546875" lon="119.5723292045295238494873046875">
        <ele>17.200000762939453125</ele>
        <time>2025-05-30T21:54:41.000Z</time>
        <extensions>
          <ns3:TrackPointExtension>
            <ns3:atemp>25.0</ns3:atemp>
            <ns3:hr>132</ns3:hr>
            <ns3:cad>81</ns3:cad>
          </ns3:TrackPointExtension>
        </extensions>
      </trkpt>
      <trkpt lat="25.86132011376321315765380859375" lon="119.57231436856091022491455078125">
        <ele>17.200000762939453125</ele>
        <time>2025-05-30T21:54:42.000Z</time>
        <extensions>
          <ns3:TrackPointExtension>
            <ns3:atemp>25.0</ns3:atemp>
            <ns3:hr>132</ns3:hr>
            <ns3:cad>81</ns3:cad>
          </ns3:TrackPointExtension>
        </extensions>
      </trkpt>
      <trkpt lat="25.86130737327039241790771484375" lon="119.5723053999245166778564453125">
        <ele>17.200000762939453125</ele>
        <time>2025-05-30T21:54:43.000Z</time>
        <extensions>
          <ns3:TrackPointExtension>
            <ns3:atemp>25.0</ns3:atemp>
            <ns3:hr>132</ns3:hr>
            <ns3:cad>82</ns3:cad>
          </ns3:TrackPointExtension>
        </extensions>
      </trkpt>
      <trkpt lat="25.8612844906747341156005859375" lon="119.57229492254555225372314453125">
        <ele>17.200000762939453125</ele>
        <time>2025-05-30T21:54:44.000Z</time>
        <extensions>
          <ns3:TrackPointExtension>
            <ns3:atemp>25.0</ns3:atemp>
            <ns3:hr>131</ns3:hr>
            <ns3:cad>82</ns3:cad>
          </ns3:TrackPointExtension>
        </extensions>
      </trkpt>
      <trkpt lat="25.8612663857638835906982421875" lon="119.5722862891852855682373046875">
        <ele>17.200000762939453125</ele>
        <time>2025-05-30T21:54:45.000Z</time>
        <extensions>
          <ns3:TrackPointExtension>
            <ns3:atemp>25.0</ns3:atemp>
            <ns3:hr>131</ns3:hr>
            <ns3:cad>83</ns3:cad>
          </ns3:TrackPointExtension>
        </extensions>
      </trkpt>
      <trkpt lat="25.86125322617590427398681640625" lon="119.57228302024304866790771484375">
        <ele>17.200000762939453125</ele>
        <time>2025-05-30T21:54:46.000Z</time>
        <extensions>
          <ns3:TrackPointExtension>
            <ns3:atemp>25.0</ns3:atemp>
            <ns3:hr>131</ns3:hr>
            <ns3:cad>83</ns3:cad>
          </ns3:TrackPointExtension>
        </extensions>
      </trkpt>
      <trkpt lat="25.861233361065387725830078125" lon="119.5722655020654201507568359375">
        <ele>17.200000762939453125</ele>
        <time>2025-05-30T21:54:47.000Z</time>
        <extensions>
          <ns3:TrackPointExtension>
            <ns3:atemp>25.0</ns3:atemp>
            <ns3:hr>132</ns3:hr>
            <ns3:cad>84</ns3:cad>
          </ns3:TrackPointExtension>
        </extensions>
      </trkpt>
      <trkpt lat="25.86121802218258380889892578125" lon="119.57225921563804149627685546875">
        <ele>17.200000762939453125</ele>
        <time>2025-05-30T21:54:48.000Z</time>
        <extensions>
          <ns3:TrackPointExtension>
            <ns3:atemp>25.0</ns3:atemp>
            <ns3:hr>131</ns3:hr>
            <ns3:cad>84</ns3:cad>
          </ns3:TrackPointExtension>
        </extensions>
      </trkpt>
      <trkpt lat="25.8612026832997798919677734375" lon="119.572255276143550872802734375">
        <ele>17.200000762939453125</ele>
        <time>2025-05-30T21:54:49.000Z</time>
        <extensions>
          <ns3:TrackPointExtension>
            <ns3:atemp>25.0</ns3:atemp>
            <ns3:hr>132</ns3:hr>
            <ns3:cad>84</ns3:cad>
          </ns3:TrackPointExtension>
        </extensions>
      </trkpt>
      <trkpt lat="25.86118265055119991302490234375" lon="119.5722443796694278717041015625">
        <ele>17.200000762939453125</ele>
        <time>2025-05-30T21:54:50.000Z</time>
        <extensions>
          <ns3:TrackPointExtension>
            <ns3:atemp>25.0</ns3:atemp>
            <ns3:hr>132</ns3:hr>
            <ns3:cad>84</ns3:cad>
          </ns3:TrackPointExtension>
        </extensions>
      </trkpt>
      <trkpt lat="25.86116907186806201934814453125" lon="119.57224496640264987945556640625">
        <ele>17.200000762939453125</ele>
        <time>2025-05-30T21:54:51.000Z</time>
        <extensions>
          <ns3:TrackPointExtension>
            <ns3:atemp>25.0</ns3:atemp>
            <ns3:hr>132</ns3:hr>
            <ns3:cad>84</ns3:cad>
          </ns3:TrackPointExtension>
        </extensions>
      </trkpt>
      <trkpt lat="25.8611453510820865631103515625" lon="119.57223457284271717071533203125">
        <ele>17.200000762939453125</ele>
        <time>2025-05-30T21:54:52.000Z</time>
        <extensions>
          <ns3:TrackPointExtension>
            <ns3:atemp>25.0</ns3:atemp>
            <ns3:hr>131</ns3:hr>
            <ns3:cad>83</ns3:cad>
          </ns3:TrackPointExtension>
        </extensions>
      </trkpt>
      <trkpt lat="25.86112950928509235382080078125" lon="119.57222275435924530029296875">
        <ele>17.200000762939453125</ele>
        <time>2025-05-30T21:54:53.000Z</time>
        <extensions>
          <ns3:TrackPointExtension>
            <ns3:atemp>25.0</ns3:atemp>
            <ns3:hr>131</ns3:hr>
            <ns3:cad>81</ns3:cad>
          </ns3:TrackPointExtension>
        </extensions>
      </trkpt>
      <trkpt lat="25.8611124940216541290283203125" lon="119.57222049124538898468017578125">
        <ele>17.200000762939453125</ele>
        <time>2025-05-30T21:54:54.000Z</time>
        <extensions>
          <ns3:TrackPointExtension>
            <ns3:atemp>25.0</ns3:atemp>
            <ns3:hr>131</ns3:hr>
            <ns3:cad>81</ns3:cad>
          </ns3:TrackPointExtension>
        </extensions>
      </trkpt>
      <trkpt lat="25.8610935509204864501953125" lon="119.57220942713320255279541015625">
        <ele>17.200000762939453125</ele>
        <time>2025-05-30T21:54:55.000Z</time>
        <extensions>
          <ns3:TrackPointExtension>
            <ns3:atemp>25.0</ns3:atemp>
            <ns3:hr>131</ns3:hr>
            <ns3:cad>82</ns3:cad>
          </ns3:TrackPointExtension>
        </extensions>
      </trkpt>
      <trkpt lat="25.8610782958567142486572265625" lon="119.572199285030364990234375">
        <ele>17.200000762939453125</ele>
        <time>2025-05-30T21:54:56.000Z</time>
        <extensions>
          <ns3:TrackPointExtension>
            <ns3:atemp>25.0</ns3:atemp>
            <ns3:hr>131</ns3:hr>
            <ns3:cad>82</ns3:cad>
          </ns3:TrackPointExtension>
        </extensions>
      </trkpt>
      <trkpt lat="25.86106195114552974700927734375" lon="119.5721904002130031585693359375">
        <ele>17.200000762939453125</ele>
        <time>2025-05-30T21:54:57.000Z</time>
        <extensions>
          <ns3:TrackPointExtension>
            <ns3:atemp>25.0</ns3:atemp>
            <ns3:hr>132</ns3:hr>
            <ns3:cad>82</ns3:cad>
          </ns3:TrackPointExtension>
        </extensions>
      </trkpt>
      <trkpt lat="25.861042924225330352783203125" lon="119.57217170856893062591552734375">
        <ele>17.200000762939453125</ele>
        <time>2025-05-30T21:54:58.000Z</time>
        <extensions>
          <ns3:TrackPointExtension>
            <ns3:atemp>25.0</ns3:atemp>
            <ns3:hr>131</ns3:hr>
            <ns3:cad>82</ns3:cad>
          </ns3:TrackPointExtension>
        </extensions>
      </trkpt>
      <trkpt lat="25.8610318601131439208984375" lon="119.57215930335223674774169921875">
        <ele>17.200000762939453125</ele>
        <time>2025-05-30T21:54:59.000Z</time>
        <extensions>
          <ns3:TrackPointExtension>
            <ns3:atemp>25.0</ns3:atemp>
            <ns3:hr>131</ns3:hr>
            <ns3:cad>82</ns3:cad>
          </ns3:TrackPointExtension>
        </extensions>
      </trkpt>
      <trkpt lat="25.86101685650646686553955078125" lon="119.57214723341166973114013671875">
        <ele>17.200000762939453125</ele>
        <time>2025-05-30T21:55:00.000Z</time>
        <extensions>
          <ns3:TrackPointExtension>
            <ns3:atemp>25.0</ns3:atemp>
            <ns3:hr>131</ns3:hr>
            <ns3:cad>82</ns3:cad>
          </ns3:TrackPointExtension>
        </extensions>
      </trkpt>
      <trkpt lat="25.86099657230079174041748046875" lon="119.57213583402335643768310546875">
        <ele>17.200000762939453125</ele>
        <time>2025-05-30T21:55:01.000Z</time>
        <extensions>
          <ns3:TrackPointExtension>
            <ns3:atemp>25.0</ns3:atemp>
            <ns3:hr>131</ns3:hr>
            <ns3:cad>81</ns3:cad>
          </ns3:TrackPointExtension>
        </extensions>
      </trkpt>
      <trkpt lat="25.86098282597959041595458984375" lon="119.57213466055691242218017578125">
        <ele>17.200000762939453125</ele>
        <time>2025-05-30T21:55:02.000Z</time>
        <extensions>
          <ns3:TrackPointExtension>
            <ns3:atemp>25.0</ns3:atemp>
            <ns3:hr>131</ns3:hr>
            <ns3:cad>80</ns3:cad>
          </ns3:TrackPointExtension>
        </extensions>
      </trkpt>
      <trkpt lat="25.86095784790813922882080078125" lon="119.5721253566443920135498046875">
        <ele>17.200000762939453125</ele>
        <time>2025-05-30T21:55:03.000Z</time>
        <extensions>
          <ns3:TrackPointExtension>
            <ns3:atemp>25.0</ns3:atemp>
            <ns3:hr>131</ns3:hr>
            <ns3:cad>80</ns3:cad>
          </ns3:TrackPointExtension>
        </extensions>
      </trkpt>
      <trkpt lat="25.86093873716890811920166015625" lon="119.5721129514276981353759765625">
        <ele>17.200000762939453125</ele>
        <time>2025-05-30T21:55:04.000Z</time>
        <extensions>
          <ns3:TrackPointExtension>
            <ns3:atemp>25.0</ns3:atemp>
            <ns3:hr>131</ns3:hr>
            <ns3:cad>80</ns3:cad>
          </ns3:TrackPointExtension>
        </extensions>
      </trkpt>
      <trkpt lat="25.86092482320964336395263671875" lon="119.57211144268512725830078125">
        <ele>17.200000762939453125</ele>
        <time>2025-05-30T21:55:05.000Z</time>
        <extensions>
          <ns3:TrackPointExtension>
            <ns3:atemp>25.0</ns3:atemp>
            <ns3:hr>131</ns3:hr>
            <ns3:cad>81</ns3:cad>
          </ns3:TrackPointExtension>
        </extensions>
      </trkpt>
      <trkpt lat="25.86090219207108020782470703125" lon="119.5720888115465641021728515625">
        <ele>17.200000762939453125</ele>
        <time>2025-05-30T21:55:06.000Z</time>
        <extensions>
          <ns3:TrackPointExtension>
            <ns3:atemp>25.0</ns3:atemp>
            <ns3:hr>131</ns3:hr>
            <ns3:cad>82</ns3:cad>
          </ns3:TrackPointExtension>
        </extensions>
      </trkpt>
      <trkpt lat="25.86088593117892742156982421875" lon="119.5720750652253627777099609375">
        <ele>17</ele>
        <time>2025-05-30T21:55:07.000Z</time>
        <extensions>
          <ns3:TrackPointExtension>
            <ns3:atemp>25.0</ns3:atemp>
            <ns3:hr>131</ns3:hr>
            <ns3:cad>82</ns3:cad>
          </ns3:TrackPointExtension>
        </extensions>
      </trkpt>
      <trkpt lat="25.8608647249639034271240234375" lon="119.5720593072474002838134765625">
        <ele>17</ele>
        <time>2025-05-30T21:55:08.000Z</time>
        <extensions>
          <ns3:TrackPointExtension>
            <ns3:atemp>25.0</ns3:atemp>
            <ns3:hr>132</ns3:hr>
            <ns3:cad>82</ns3:cad>
          </ns3:TrackPointExtension>
        </extensions>
      </trkpt>
      <trkpt lat="25.8608499728143215179443359375" lon="119.5720375142991542816162109375">
        <ele>17.200000762939453125</ele>
        <time>2025-05-30T21:55:09.000Z</time>
        <extensions>
          <ns3:TrackPointExtension>
            <ns3:atemp>25.0</ns3:atemp>
            <ns3:hr>131</ns3:hr>
            <ns3:cad>81</ns3:cad>
          </ns3:TrackPointExtension>
        </extensions>
      </trkpt>
      <trkpt lat="25.86083077825605869293212890625" lon="119.57202938385307788848876953125">
        <ele>17.200000762939453125</ele>
        <time>2025-05-30T21:55:10.000Z</time>
        <extensions>
          <ns3:TrackPointExtension>
            <ns3:atemp>25.0</ns3:atemp>
            <ns3:hr>131</ns3:hr>
            <ns3:cad>81</ns3:cad>
          </ns3:TrackPointExtension>
        </extensions>
      </trkpt>
      <trkpt lat="25.86081032641232013702392578125" lon="119.57200943492352962493896484375">
        <ele>17</ele>
        <time>2025-05-30T21:55:11.000Z</time>
        <extensions>
          <ns3:TrackPointExtension>
            <ns3:atemp>25.0</ns3:atemp>
            <ns3:hr>131</ns3:hr>
            <ns3:cad>82</ns3:cad>
          </ns3:TrackPointExtension>
        </extensions>
      </trkpt>
      <trkpt lat="25.860795490443706512451171875" lon="119.57201127894222736358642578125">
        <ele>17</ele>
        <time>2025-05-30T21:55:12.000Z</time>
        <extensions>
          <ns3:TrackPointExtension>
            <ns3:atemp>25.0</ns3:atemp>
            <ns3:hr>131</ns3:hr>
            <ns3:cad>83</ns3:cad>
          </ns3:TrackPointExtension>
        </extensions>
      </trkpt>
      <trkpt lat="25.86077327840030193328857421875" lon="119.57200021483004093170166015625">
        <ele>17</ele>
        <time>2025-05-30T21:55:13.000Z</time>
        <extensions>
          <ns3:TrackPointExtension>
            <ns3:atemp>25.0</ns3:atemp>
            <ns3:hr>131</ns3:hr>
            <ns3:cad>85</ns3:cad>
          </ns3:TrackPointExtension>
        </extensions>
      </trkpt>
      <trkpt lat="25.8607567660510540008544921875" lon="119.5719848759472370147705078125">
        <ele>17</ele>
        <time>2025-05-30T21:55:14.000Z</time>
        <extensions>
          <ns3:TrackPointExtension>
            <ns3:atemp>25.0</ns3:atemp>
            <ns3:hr>131</ns3:hr>
            <ns3:cad>85</ns3:cad>
          </ns3:TrackPointExtension>
        </extensions>
      </trkpt>
      <trkpt lat="25.8607420139014720916748046875" lon="119.57197423093020915985107421875">
        <ele>17</ele>
        <time>2025-05-30T21:55:15.000Z</time>
        <extensions>
          <ns3:TrackPointExtension>
            <ns3:atemp>25.0</ns3:atemp>
            <ns3:hr>132</ns3:hr>
            <ns3:cad>85</ns3:cad>
          </ns3:TrackPointExtension>
        </extensions>
      </trkpt>
      <trkpt lat="25.860721729695796966552734375" lon="119.57195629365742206573486328125">
        <ele>17</ele>
        <time>2025-05-30T21:55:16.000Z</time>
        <extensions>
          <ns3:TrackPointExtension>
            <ns3:atemp>25.0</ns3:atemp>
            <ns3:hr>132</ns3:hr>
            <ns3:cad>84</ns3:cad>
          </ns3:TrackPointExtension>
        </extensions>
      </trkpt>
      <trkpt lat="25.86070622317492961883544921875" lon="119.571941457688808441162109375">
        <ele>17</ele>
        <time>2025-05-30T21:55:17.000Z</time>
        <extensions>
          <ns3:TrackPointExtension>
            <ns3:atemp>25.0</ns3:atemp>
            <ns3:hr>132</ns3:hr>
            <ns3:cad>84</ns3:cad>
          </ns3:TrackPointExtension>
        </extensions>
      </trkpt>
      <trkpt lat="25.8606890402734279632568359375" lon="119.5719376020133495330810546875">
        <ele>16.799999237060546875</ele>
        <time>2025-05-30T21:55:18.000Z</time>
        <extensions>
          <ns3:TrackPointExtension>
            <ns3:atemp>25.0</ns3:atemp>
            <ns3:hr>132</ns3:hr>
            <ns3:cad>83</ns3:cad>
          </ns3:TrackPointExtension>
        </extensions>
      </trkpt>
      <trkpt lat="25.86066951043903827667236328125" lon="119.57192745991051197052001953125">
        <ele>16.799999237060546875</ele>
        <time>2025-05-30T21:55:19.000Z</time>
        <extensions>
          <ns3:TrackPointExtension>
            <ns3:atemp>25.0</ns3:atemp>
            <ns3:hr>132</ns3:hr>
            <ns3:cad>84</ns3:cad>
          </ns3:TrackPointExtension>
        </extensions>
      </trkpt>
      <trkpt lat="25.86065526120364665985107421875" lon="119.5719275437295436859130859375">
        <ele>16.799999237060546875</ele>
        <time>2025-05-30T21:55:20.000Z</time>
        <extensions>
          <ns3:TrackPointExtension>
            <ns3:atemp>25.0</ns3:atemp>
            <ns3:hr>132</ns3:hr>
            <ns3:cad>83</ns3:cad>
          </ns3:TrackPointExtension>
        </extensions>
      </trkpt>
      <trkpt lat="25.86063598282635211944580078125" lon="119.571913965046405792236328125">
        <ele>16.799999237060546875</ele>
        <time>2025-05-30T21:55:21.000Z</time>
        <extensions>
          <ns3:TrackPointExtension>
            <ns3:atemp>25.0</ns3:atemp>
            <ns3:hr>133</ns3:hr>
            <ns3:cad>83</ns3:cad>
          </ns3:TrackPointExtension>
        </extensions>
      </trkpt>
      <trkpt lat="25.8606243319809436798095703125" lon="119.571898877620697021484375">
        <ele>16.799999237060546875</ele>
        <time>2025-05-30T21:55:22.000Z</time>
        <extensions>
          <ns3:TrackPointExtension>
            <ns3:atemp>25.0</ns3:atemp>
            <ns3:hr>133</ns3:hr>
            <ns3:cad>82</ns3:cad>
          </ns3:TrackPointExtension>
        </extensions>
      </trkpt>
      <trkpt lat="25.86060949601233005523681640625" lon="119.57189024426043033599853515625">
        <ele>16.799999237060546875</ele>
        <time>2025-05-30T21:55:23.000Z</time>
        <extensions>
          <ns3:TrackPointExtension>
            <ns3:atemp>25.0</ns3:atemp>
            <ns3:hr>133</ns3:hr>
            <ns3:cad>82</ns3:cad>
          </ns3:TrackPointExtension>
        </extensions>
      </trkpt>
      <trkpt lat="25.86058837361633777618408203125" lon="119.5718752406537532806396484375">
        <ele>16.799999237060546875</ele>
        <time>2025-05-30T21:55:24.000Z</time>
        <extensions>
          <ns3:TrackPointExtension>
            <ns3:atemp>25.0</ns3:atemp>
            <ns3:hr>133</ns3:hr>
            <ns3:cad>82</ns3:cad>
          </ns3:TrackPointExtension>
        </extensions>
      </trkpt>
      <trkpt lat="25.86057697422802448272705078125" lon="119.5718588121235370635986328125">
        <ele>16.799999237060546875</ele>
        <time>2025-05-30T21:55:25.000Z</time>
        <extensions>
          <ns3:TrackPointExtension>
            <ns3:atemp>25.0</ns3:atemp>
            <ns3:hr>134</ns3:hr>
            <ns3:cad>82</ns3:cad>
          </ns3:TrackPointExtension>
        </extensions>
      </trkpt>
      <trkpt lat="25.86056339554488658905029296875" lon="119.57185084931552410125732421875">
        <ele>16.799999237060546875</ele>
        <time>2025-05-30T21:55:26.000Z</time>
        <extensions>
          <ns3:TrackPointExtension>
            <ns3:atemp>25.0</ns3:atemp>
            <ns3:hr>134</ns3:hr>
            <ns3:cad>83</ns3:cad>
          </ns3:TrackPointExtension>
        </extensions>
      </trkpt>
      <trkpt lat="25.86054244078695774078369140625" lon="119.57183609716594219207763671875">
        <ele>16.6000003814697265625</ele>
        <time>2025-05-30T21:55:27.000Z</time>
        <extensions>
          <ns3:TrackPointExtension>
            <ns3:atemp>25.0</ns3:atemp>
            <ns3:hr>134</ns3:hr>
            <ns3:cad>83</ns3:cad>
          </ns3:TrackPointExtension>
        </extensions>
      </trkpt>
      <trkpt lat="25.86053087376058101654052734375" lon="119.57182352431118488311767578125">
        <ele>16.6000003814697265625</ele>
        <time>2025-05-30T21:55:28.000Z</time>
        <extensions>
          <ns3:TrackPointExtension>
            <ns3:atemp>25.0</ns3:atemp>
            <ns3:hr>134</ns3:hr>
            <ns3:cad>83</ns3:cad>
          </ns3:TrackPointExtension>
        </extensions>
      </trkpt>
      <trkpt lat="25.86050991900265216827392578125" lon="119.5718108676373958587646484375">
        <ele>16.799999237060546875</ele>
        <time>2025-05-30T21:55:29.000Z</time>
        <extensions>
          <ns3:TrackPointExtension>
            <ns3:atemp>25.0</ns3:atemp>
            <ns3:hr>134</ns3:hr>
            <ns3:cad>81</ns3:cad>
          </ns3:TrackPointExtension>
        </extensions>
      </trkpt>
      <trkpt lat="25.86048913188278675079345703125" lon="119.5717974565923213958740234375">
        <ele>16.799999237060546875</ele>
        <time>2025-05-30T21:55:30.000Z</time>
        <extensions>
          <ns3:TrackPointExtension>
            <ns3:atemp>25.0</ns3:atemp>
            <ns3:hr>133</ns3:hr>
            <ns3:cad>81</ns3:cad>
          </ns3:TrackPointExtension>
        </extensions>
      </trkpt>
      <trkpt lat="25.86047454737126827239990234375" lon="119.57179360091686248779296875">
        <ele>16.799999237060546875</ele>
        <time>2025-05-30T21:55:31.000Z</time>
        <extensions>
          <ns3:TrackPointExtension>
            <ns3:atemp>25.0</ns3:atemp>
            <ns3:hr>133</ns3:hr>
            <ns3:cad>80</ns3:cad>
          </ns3:TrackPointExtension>
        </extensions>
      </trkpt>
      <trkpt lat="25.8604523353278636932373046875" lon="119.571772478520870208740234375">
        <ele>16.799999237060546875</ele>
        <time>2025-05-30T21:55:32.000Z</time>
        <extensions>
          <ns3:TrackPointExtension>
            <ns3:atemp>25.0</ns3:atemp>
            <ns3:hr>133</ns3:hr>
            <ns3:cad>80</ns3:cad>
          </ns3:TrackPointExtension>
        </extensions>
      </trkpt>
      <trkpt lat="25.86043481715023517608642578125" lon="119.5717620849609375">
        <ele>16.799999237060546875</ele>
        <time>2025-05-30T21:55:33.000Z</time>
        <extensions>
          <ns3:TrackPointExtension>
            <ns3:atemp>25.0</ns3:atemp>
            <ns3:hr>133</ns3:hr>
            <ns3:cad>80</ns3:cad>
          </ns3:TrackPointExtension>
        </extensions>
      </trkpt>
      <trkpt lat="25.86041805334389209747314453125" lon="119.57175713963806629180908203125">
        <ele>16.799999237060546875</ele>
        <time>2025-05-30T21:55:34.000Z</time>
        <extensions>
          <ns3:TrackPointExtension>
            <ns3:atemp>25.0</ns3:atemp>
            <ns3:hr>133</ns3:hr>
            <ns3:cad>81</ns3:cad>
          </ns3:TrackPointExtension>
        </extensions>
      </trkpt>
      <trkpt lat="25.86039441637694835662841796875" lon="119.571745656430721282958984375">
        <ele>16.799999237060546875</ele>
        <time>2025-05-30T21:55:35.000Z</time>
        <extensions>
          <ns3:TrackPointExtension>
            <ns3:atemp>25.0</ns3:atemp>
            <ns3:hr>132</ns3:hr>
            <ns3:cad>82</ns3:cad>
          </ns3:TrackPointExtension>
        </extensions>
      </trkpt>
      <trkpt lat="25.86038351990282535552978515625" lon="119.571732915937900543212890625">
        <ele>16.6000003814697265625</ele>
        <time>2025-05-30T21:55:36.000Z</time>
        <extensions>
          <ns3:TrackPointExtension>
            <ns3:atemp>25.0</ns3:atemp>
            <ns3:hr>133</ns3:hr>
            <ns3:cad>82</ns3:cad>
          </ns3:TrackPointExtension>
        </extensions>
      </trkpt>
      <trkpt lat="25.86036340333521366119384765625" lon="119.57172118127346038818359375">
        <ele>16.6000003814697265625</ele>
        <time>2025-05-30T21:55:37.000Z</time>
        <extensions>
          <ns3:TrackPointExtension>
            <ns3:atemp>25.0</ns3:atemp>
            <ns3:hr>133</ns3:hr>
            <ns3:cad>82</ns3:cad>
          </ns3:TrackPointExtension>
        </extensions>
      </trkpt>
      <trkpt lat="25.86034278385341167449951171875" lon="119.571709446609020233154296875">
        <ele>16.6000003814697265625</ele>
        <time>2025-05-30T21:55:38.000Z</time>
        <extensions>
          <ns3:TrackPointExtension>
            <ns3:atemp>25.0</ns3:atemp>
            <ns3:hr>133</ns3:hr>
            <ns3:cad>83</ns3:cad>
          </ns3:TrackPointExtension>
        </extensions>
      </trkpt>
      <trkpt lat="25.86032903753221035003662109375" lon="119.57170349545776844024658203125">
        <ele>16.6000003814697265625</ele>
        <time>2025-05-30T21:55:39.000Z</time>
        <extensions>
          <ns3:TrackPointExtension>
            <ns3:atemp>25.0</ns3:atemp>
            <ns3:hr>132</ns3:hr>
            <ns3:cad>83</ns3:cad>
          </ns3:TrackPointExtension>
        </extensions>
      </trkpt>
      <trkpt lat="25.860307998955249786376953125" lon="119.57168656401336193084716796875">
        <ele>16.6000003814697265625</ele>
        <time>2025-05-30T21:55:40.000Z</time>
        <extensions>
          <ns3:TrackPointExtension>
            <ns3:atemp>25.0</ns3:atemp>
            <ns3:hr>132</ns3:hr>
            <ns3:cad>83</ns3:cad>
          </ns3:TrackPointExtension>
        </extensions>
      </trkpt>
      <trkpt lat="25.86029299534857273101806640625" lon="119.571671895682811737060546875">
        <ele>16.799999237060546875</ele>
        <time>2025-05-30T21:55:41.000Z</time>
        <extensions>
          <ns3:TrackPointExtension>
            <ns3:atemp>25.0</ns3:atemp>
            <ns3:hr>132</ns3:hr>
            <ns3:cad>82</ns3:cad>
          </ns3:TrackPointExtension>
        </extensions>
      </trkpt>
      <trkpt lat="25.8602729625999927520751953125" lon="119.57168371416628360748291015625">
        <ele>16.799999237060546875</ele>
        <time>2025-05-30T21:55:42.000Z</time>
        <extensions>
          <ns3:TrackPointExtension>
            <ns3:atemp>25.0</ns3:atemp>
            <ns3:hr>132</ns3:hr>
            <ns3:cad>82</ns3:cad>
          </ns3:TrackPointExtension>
        </extensions>
      </trkpt>
      <trkpt lat="25.86024823598563671112060546875" lon="119.57167298533022403717041015625">
        <ele>16.799999237060546875</ele>
        <time>2025-05-30T21:55:43.000Z</time>
        <extensions>
          <ns3:TrackPointExtension>
            <ns3:atemp>25.0</ns3:atemp>
            <ns3:hr>133</ns3:hr>
            <ns3:cad>81</ns3:cad>
          </ns3:TrackPointExtension>
        </extensions>
      </trkpt>
      <trkpt lat="25.8602334000170230865478515625" lon="119.57166225649416446685791015625">
        <ele>16.799999237060546875</ele>
        <time>2025-05-30T21:55:44.000Z</time>
        <extensions>
          <ns3:TrackPointExtension>
            <ns3:atemp>25.0</ns3:atemp>
            <ns3:hr>133</ns3:hr>
            <ns3:cad>81</ns3:cad>
          </ns3:TrackPointExtension>
        </extensions>
      </trkpt>
      <trkpt lat="25.86021579802036285400390625" lon="119.57165555097162723541259765625">
        <ele>16.6000003814697265625</ele>
        <time>2025-05-30T21:55:45.000Z</time>
        <extensions>
          <ns3:TrackPointExtension>
            <ns3:atemp>25.0</ns3:atemp>
            <ns3:hr>133</ns3:hr>
            <ns3:cad>81</ns3:cad>
          </ns3:TrackPointExtension>
        </extensions>
      </trkpt>
      <trkpt lat="25.86019434034824371337890625" lon="119.5716482587158679962158203125">
        <ele>16.6000003814697265625</ele>
        <time>2025-05-30T21:55:46.000Z</time>
        <extensions>
          <ns3:TrackPointExtension>
            <ns3:atemp>25.0</ns3:atemp>
            <ns3:hr>133</ns3:hr>
            <ns3:cad>81</ns3:cad>
          </ns3:TrackPointExtension>
        </extensions>
      </trkpt>
      <trkpt lat="25.86017983965575695037841796875" lon="119.57164666615426540374755859375">
        <ele>16.6000003814697265625</ele>
        <time>2025-05-30T21:55:47.000Z</time>
        <extensions>
          <ns3:TrackPointExtension>
            <ns3:atemp>25.0</ns3:atemp>
            <ns3:hr>133</ns3:hr>
            <ns3:cad>82</ns3:cad>
          </ns3:TrackPointExtension>
        </extensions>
      </trkpt>
      <trkpt lat="25.8601566217839717864990234375" lon="119.5716288127005100250244140625">
        <ele>16.6000003814697265625</ele>
        <time>2025-05-30T21:55:48.000Z</time>
        <extensions>
          <ns3:TrackPointExtension>
            <ns3:atemp>25.0</ns3:atemp>
            <ns3:hr>132</ns3:hr>
            <ns3:cad>82</ns3:cad>
          </ns3:TrackPointExtension>
        </extensions>
      </trkpt>
      <trkpt lat="25.86014178581535816192626953125" lon="119.57161380909383296966552734375">
        <ele>16.799999237060546875</ele>
        <time>2025-05-30T21:55:49.000Z</time>
        <extensions>
          <ns3:TrackPointExtension>
            <ns3:atemp>25.0</ns3:atemp>
            <ns3:hr>133</ns3:hr>
            <ns3:cad>82</ns3:cad>
          </ns3:TrackPointExtension>
        </extensions>
      </trkpt>
      <trkpt lat="25.860126279294490814208984375" lon="119.57160651683807373046875">
        <ele>16.799999237060546875</ele>
        <time>2025-05-30T21:55:50.000Z</time>
        <extensions>
          <ns3:TrackPointExtension>
            <ns3:atemp>25.0</ns3:atemp>
            <ns3:hr>133</ns3:hr>
            <ns3:cad>82</ns3:cad>
          </ns3:TrackPointExtension>
        </extensions>
      </trkpt>
      <trkpt lat="25.86010507307946681976318359375" lon="119.57159855403006076812744140625">
        <ele>16.799999237060546875</ele>
        <time>2025-05-30T21:55:51.000Z</time>
        <extensions>
          <ns3:TrackPointExtension>
            <ns3:atemp>25.0</ns3:atemp>
            <ns3:hr>133</ns3:hr>
            <ns3:cad>82</ns3:cad>
          </ns3:TrackPointExtension>
        </extensions>
      </trkpt>
      <trkpt lat="25.86009484715759754180908203125" lon="119.57159419544041156768798828125">
        <ele>16.6000003814697265625</ele>
        <time>2025-05-30T21:55:52.000Z</time>
        <extensions>
          <ns3:TrackPointExtension>
            <ns3:atemp>25.0</ns3:atemp>
            <ns3:hr>133</ns3:hr>
            <ns3:cad>83</ns3:cad>
          </ns3:TrackPointExtension>
        </extensions>
      </trkpt>
      <trkpt lat="25.86007456295192241668701171875" lon="119.57157072611153125762939453125">
        <ele>16.799999237060546875</ele>
        <time>2025-05-30T21:55:53.000Z</time>
        <extensions>
          <ns3:TrackPointExtension>
            <ns3:atemp>25.0</ns3:atemp>
            <ns3:hr>132</ns3:hr>
            <ns3:cad>83</ns3:cad>
          </ns3:TrackPointExtension>
        </extensions>
      </trkpt>
      <trkpt lat="25.86005981080234050750732421875" lon="119.5715582370758056640625">
        <ele>16.799999237060546875</ele>
        <time>2025-05-30T21:55:54.000Z</time>
        <extensions>
          <ns3:TrackPointExtension>
            <ns3:atemp>25.0</ns3:atemp>
            <ns3:hr>133</ns3:hr>
            <ns3:cad>83</ns3:cad>
          </ns3:TrackPointExtension>
        </extensions>
      </trkpt>
      <trkpt lat="25.86004279553890228271484375" lon="119.5715614221990108489990234375">
        <ele>16.799999237060546875</ele>
        <time>2025-05-30T21:55:55.000Z</time>
        <extensions>
          <ns3:TrackPointExtension>
            <ns3:atemp>25.0</ns3:atemp>
            <ns3:hr>133</ns3:hr>
            <ns3:cad>83</ns3:cad>
          </ns3:TrackPointExtension>
        </extensions>
      </trkpt>
      <trkpt lat="25.86002293042838573455810546875" lon="119.57154683768749237060546875">
        <ele>16.799999237060546875</ele>
        <time>2025-05-30T21:55:56.000Z</time>
        <extensions>
          <ns3:TrackPointExtension>
            <ns3:atemp>25.0</ns3:atemp>
            <ns3:hr>132</ns3:hr>
            <ns3:cad>83</ns3:cad>
          </ns3:TrackPointExtension>
        </extensions>
      </trkpt>
      <trkpt lat="25.8600131236016750335693359375" lon="119.57153652794659137725830078125">
        <ele>16.799999237060546875</ele>
        <time>2025-05-30T21:55:57.000Z</time>
        <extensions>
          <ns3:TrackPointExtension>
            <ns3:atemp>25.0</ns3:atemp>
            <ns3:hr>132</ns3:hr>
            <ns3:cad>83</ns3:cad>
          </ns3:TrackPointExtension>
        </extensions>
      </trkpt>
      <trkpt lat="25.8599916659295558929443359375" lon="119.57152680493891239166259765625">
        <ele>16.799999237060546875</ele>
        <time>2025-05-30T21:55:58.000Z</time>
        <extensions>
          <ns3:TrackPointExtension>
            <ns3:atemp>25.0</ns3:atemp>
            <ns3:hr>133</ns3:hr>
            <ns3:cad>82</ns3:cad>
          </ns3:TrackPointExtension>
        </extensions>
      </trkpt>
      <trkpt lat="25.85997439920902252197265625" lon="119.5715139806270599365234375">
        <ele>16.799999237060546875</ele>
        <time>2025-05-30T21:55:59.000Z</time>
        <extensions>
          <ns3:TrackPointExtension>
            <ns3:atemp>25.0</ns3:atemp>
            <ns3:hr>133</ns3:hr>
            <ns3:cad>82</ns3:cad>
          </ns3:TrackPointExtension>
        </extensions>
      </trkpt>
      <trkpt lat="25.8599604852497577667236328125" lon="119.57150836475193500518798828125">
        <ele>16.799999237060546875</ele>
        <time>2025-05-30T21:56:00.000Z</time>
        <extensions>
          <ns3:TrackPointExtension>
            <ns3:atemp>25.0</ns3:atemp>
            <ns3:hr>133</ns3:hr>
            <ns3:cad>82</ns3:cad>
          </ns3:TrackPointExtension>
        </extensions>
      </trkpt>
      <trkpt lat="25.85993844084441661834716796875" lon="119.57149428315460681915283203125">
        <ele>16.799999237060546875</ele>
        <time>2025-05-30T21:56:01.000Z</time>
        <extensions>
          <ns3:TrackPointExtension>
            <ns3:atemp>25.0</ns3:atemp>
            <ns3:hr>133</ns3:hr>
            <ns3:cad>82</ns3:cad>
          </ns3:TrackPointExtension>
        </extensions>
      </trkpt>
      <trkpt lat="25.859924443066120147705078125" lon="119.57147710025310516357421875">
        <ele>16.799999237060546875</ele>
        <time>2025-05-30T21:56:02.000Z</time>
        <extensions>
          <ns3:TrackPointExtension>
            <ns3:atemp>25.0</ns3:atemp>
            <ns3:hr>134</ns3:hr>
            <ns3:cad>82</ns3:cad>
          </ns3:TrackPointExtension>
        </extensions>
      </trkpt>
      <trkpt lat="25.8599088527262210845947265625" lon="119.5714799501001834869384765625">
        <ele>16.799999237060546875</ele>
        <time>2025-05-30T21:56:03.000Z</time>
        <extensions>
          <ns3:TrackPointExtension>
            <ns3:atemp>25.0</ns3:atemp>
            <ns3:hr>134</ns3:hr>
            <ns3:cad>82</ns3:cad>
          </ns3:TrackPointExtension>
        </extensions>
      </trkpt>
      <trkpt lat="25.85988278500735759735107421875" lon="119.57146813161671161651611328125">
        <ele>16.799999237060546875</ele>
        <time>2025-05-30T21:56:04.000Z</time>
        <extensions>
          <ns3:TrackPointExtension>
            <ns3:atemp>25.0</ns3:atemp>
            <ns3:hr>134</ns3:hr>
            <ns3:cad>82</ns3:cad>
          </ns3:TrackPointExtension>
        </extensions>
      </trkpt>
      <trkpt lat="25.8598669432103633880615234375" lon="119.5714477635920047760009765625">
        <ele>16.799999237060546875</ele>
        <time>2025-05-30T21:56:05.000Z</time>
        <extensions>
          <ns3:TrackPointExtension>
            <ns3:atemp>25.0</ns3:atemp>
            <ns3:hr>134</ns3:hr>
            <ns3:cad>82</ns3:cad>
          </ns3:TrackPointExtension>
        </extensions>
      </trkpt>
      <trkpt lat="25.85984959267079830169677734375" lon="119.57143762148916721343994140625">
        <ele>16.6000003814697265625</ele>
        <time>2025-05-30T21:56:06.000Z</time>
        <extensions>
          <ns3:TrackPointExtension>
            <ns3:atemp>25.0</ns3:atemp>
            <ns3:hr>134</ns3:hr>
            <ns3:cad>82</ns3:cad>
          </ns3:TrackPointExtension>
        </extensions>
      </trkpt>
      <trkpt lat="25.859828554093837738037109375" lon="119.57142136059701442718505859375">
        <ele>16.6000003814697265625</ele>
        <time>2025-05-30T21:56:07.000Z</time>
        <extensions>
          <ns3:TrackPointExtension>
            <ns3:atemp>25.0</ns3:atemp>
            <ns3:hr>134</ns3:hr>
            <ns3:cad>81</ns3:cad>
          </ns3:TrackPointExtension>
        </extensions>
      </trkpt>
      <trkpt lat="25.859813131392002105712890625" lon="119.5714174211025238037109375">
        <ele>16.6000003814697265625</ele>
        <time>2025-05-30T21:56:08.000Z</time>
        <extensions>
          <ns3:TrackPointExtension>
            <ns3:atemp>25.0</ns3:atemp>
            <ns3:hr>134</ns3:hr>
            <ns3:cad>81</ns3:cad>
          </ns3:TrackPointExtension>
        </extensions>
      </trkpt>
      <trkpt lat="25.85979200899600982666015625" lon="119.571408368647098541259765625">
        <ele>16.6000003814697265625</ele>
        <time>2025-05-30T21:56:09.000Z</time>
        <extensions>
          <ns3:TrackPointExtension>
            <ns3:atemp>25.0</ns3:atemp>
            <ns3:hr>134</ns3:hr>
            <ns3:cad>81</ns3:cad>
          </ns3:TrackPointExtension>
        </extensions>
      </trkpt>
      <trkpt lat="25.8597767539322376251220703125" lon="119.57139185629785060882568359375">
        <ele>16.6000003814697265625</ele>
        <time>2025-05-30T21:56:10.000Z</time>
        <extensions>
          <ns3:TrackPointExtension>
            <ns3:atemp>25.0</ns3:atemp>
            <ns3:hr>134</ns3:hr>
            <ns3:cad>82</ns3:cad>
          </ns3:TrackPointExtension>
        </extensions>
      </trkpt>
      <trkpt lat="25.85976409725844860076904296875" lon="119.571391604840755462646484375">
        <ele>16.6000003814697265625</ele>
        <time>2025-05-30T21:56:11.000Z</time>
        <extensions>
          <ns3:TrackPointExtension>
            <ns3:atemp>25.0</ns3:atemp>
            <ns3:hr>134</ns3:hr>
            <ns3:cad>83</ns3:cad>
          </ns3:TrackPointExtension>
        </extensions>
      </trkpt>
      <trkpt lat="25.859744064509868621826171875" lon="119.57137760706245899200439453125">
        <ele>16.6000003814697265625</ele>
        <time>2025-05-30T21:56:12.000Z</time>
        <extensions>
          <ns3:TrackPointExtension>
            <ns3:atemp>25.0</ns3:atemp>
            <ns3:hr>133</ns3:hr>
            <ns3:cad>83</ns3:cad>
          </ns3:TrackPointExtension>
        </extensions>
      </trkpt>
      <trkpt lat="25.85973056964576244354248046875" lon="119.57136444747447967529296875">
        <ele>16.6000003814697265625</ele>
        <time>2025-05-30T21:56:13.000Z</time>
        <extensions>
          <ns3:TrackPointExtension>
            <ns3:atemp>25.0</ns3:atemp>
            <ns3:hr>133</ns3:hr>
            <ns3:cad>82</ns3:cad>
          </ns3:TrackPointExtension>
        </extensions>
      </trkpt>
      <trkpt lat="25.85971246473491191864013671875" lon="119.5713599212467670440673828125">
        <ele>16.6000003814697265625</ele>
        <time>2025-05-30T21:56:14.000Z</time>
        <extensions>
          <ns3:TrackPointExtension>
            <ns3:atemp>25.0</ns3:atemp>
            <ns3:hr>133</ns3:hr>
            <ns3:cad>82</ns3:cad>
          </ns3:TrackPointExtension>
        </extensions>
      </trkpt>
      <trkpt lat="25.859693102538585662841796875" lon="119.5713475160300731658935546875">
        <ele>16.6000003814697265625</ele>
        <time>2025-05-30T21:56:15.000Z</time>
        <extensions>
          <ns3:TrackPointExtension>
            <ns3:atemp>25.0</ns3:atemp>
            <ns3:hr>133</ns3:hr>
            <ns3:cad>82</ns3:cad>
          </ns3:TrackPointExtension>
        </extensions>
      </trkpt>
      <trkpt lat="25.8596813678741455078125" lon="119.57134609110653400421142578125">
        <ele>16.6000003814697265625</ele>
        <time>2025-05-30T21:56:16.000Z</time>
        <extensions>
          <ns3:TrackPointExtension>
            <ns3:atemp>25.0</ns3:atemp>
            <ns3:hr>133</ns3:hr>
            <ns3:cad>82</ns3:cad>
          </ns3:TrackPointExtension>
        </extensions>
      </trkpt>
      <trkpt lat="25.85965731181204319000244140625" lon="119.5713324286043643951416015625">
        <ele>16.6000003814697265625</ele>
        <time>2025-05-30T21:56:17.000Z</time>
        <extensions>
          <ns3:TrackPointExtension>
            <ns3:atemp>25.0</ns3:atemp>
            <ns3:hr>133</ns3:hr>
            <ns3:cad>83</ns3:cad>
          </ns3:TrackPointExtension>
        </extensions>
      </trkpt>
      <trkpt lat="25.85964306257665157318115234375" lon="119.57131960429251194000244140625">
        <ele>16.6000003814697265625</ele>
        <time>2025-05-30T21:56:18.000Z</time>
        <extensions>
          <ns3:TrackPointExtension>
            <ns3:atemp>25.0</ns3:atemp>
            <ns3:hr>132</ns3:hr>
            <ns3:cad>83</ns3:cad>
          </ns3:TrackPointExtension>
        </extensions>
      </trkpt>
      <trkpt lat="25.859627388417720794677734375" lon="119.5713180117309093475341796875">
        <ele>16.6000003814697265625</ele>
        <time>2025-05-30T21:56:19.000Z</time>
        <extensions>
          <ns3:TrackPointExtension>
            <ns3:atemp>25.0</ns3:atemp>
            <ns3:hr>133</ns3:hr>
            <ns3:cad>83</ns3:cad>
          </ns3:TrackPointExtension>
        </extensions>
      </trkpt>
      <trkpt lat="25.85960551165044307708740234375" lon="119.57130535505712032318115234375">
        <ele>16.6000003814697265625</ele>
        <time>2025-05-30T21:56:20.000Z</time>
        <extensions>
          <ns3:TrackPointExtension>
            <ns3:atemp>25.0</ns3:atemp>
            <ns3:hr>133</ns3:hr>
            <ns3:cad>82</ns3:cad>
          </ns3:TrackPointExtension>
        </extensions>
      </trkpt>
      <trkpt lat="25.85959260351955890655517578125" lon="119.5712972246110439300537109375">
        <ele>16.6000003814697265625</ele>
        <time>2025-05-30T21:56:21.000Z</time>
        <extensions>
          <ns3:TrackPointExtension>
            <ns3:atemp>25.0</ns3:atemp>
            <ns3:hr>132</ns3:hr>
            <ns3:cad>82</ns3:cad>
          </ns3:TrackPointExtension>
        </extensions>
      </trkpt>
      <trkpt lat="25.8595732413232326507568359375" lon="119.5712921954691410064697265625">
        <ele>16.6000003814697265625</ele>
        <time>2025-05-30T21:56:22.000Z</time>
        <extensions>
          <ns3:TrackPointExtension>
            <ns3:atemp>25.0</ns3:atemp>
            <ns3:hr>132</ns3:hr>
            <ns3:cad>82</ns3:cad>
          </ns3:TrackPointExtension>
        </extensions>
      </trkpt>
      <trkpt lat="25.85955739952623844146728515625" lon="119.57127987407147884368896484375">
        <ele>16.3999996185302734375</ele>
        <time>2025-05-30T21:56:23.000Z</time>
        <extensions>
          <ns3:TrackPointExtension>
            <ns3:atemp>25.0</ns3:atemp>
            <ns3:hr>132</ns3:hr>
            <ns3:cad>82</ns3:cad>
          </ns3:TrackPointExtension>
        </extensions>
      </trkpt>
      <trkpt lat="25.85954532958567142486572265625" lon="119.57127853296697139739990234375">
        <ele>16.3999996185302734375</ele>
        <time>2025-05-30T21:56:24.000Z</time>
        <extensions>
          <ns3:TrackPointExtension>
            <ns3:atemp>25.0</ns3:atemp>
            <ns3:hr>132</ns3:hr>
            <ns3:cad>82</ns3:cad>
          </ns3:TrackPointExtension>
        </extensions>
      </trkpt>
      <trkpt lat="25.859522782266139984130859375" lon="119.57126512192189693450927734375">
        <ele>16.6000003814697265625</ele>
        <time>2025-05-30T21:56:25.000Z</time>
        <extensions>
          <ns3:TrackPointExtension>
            <ns3:atemp>25.0</ns3:atemp>
            <ns3:hr>132</ns3:hr>
            <ns3:cad>83</ns3:cad>
          </ns3:TrackPointExtension>
        </extensions>
      </trkpt>
      <trkpt lat="25.85950559936463832855224609375" lon="119.57125204615294933319091796875">
        <ele>16.6000003814697265625</ele>
        <time>2025-05-30T21:56:26.000Z</time>
        <extensions>
          <ns3:TrackPointExtension>
            <ns3:atemp>25.0</ns3:atemp>
            <ns3:hr>132</ns3:hr>
            <ns3:cad>83</ns3:cad>
          </ns3:TrackPointExtension>
        </extensions>
      </trkpt>
      <trkpt lat="25.859487913548946380615234375" lon="119.57124777138233184814453125">
        <ele>16.6000003814697265625</ele>
        <time>2025-05-30T21:56:27.000Z</time>
        <extensions>
          <ns3:TrackPointExtension>
            <ns3:atemp>25.0</ns3:atemp>
            <ns3:hr>132</ns3:hr>
            <ns3:cad>83</ns3:cad>
          </ns3:TrackPointExtension>
        </extensions>
      </trkpt>
      <trkpt lat="25.85946612060070037841796875" lon="119.571236036717891693115234375">
        <ele>16.6000003814697265625</ele>
        <time>2025-05-30T21:56:28.000Z</time>
        <extensions>
          <ns3:TrackPointExtension>
            <ns3:atemp>25.0</ns3:atemp>
            <ns3:hr>133</ns3:hr>
            <ns3:cad>83</ns3:cad>
          </ns3:TrackPointExtension>
        </extensions>
      </trkpt>
      <trkpt lat="25.859453715384006500244140625" lon="119.571227990090847015380859375">
        <ele>16.3999996185302734375</ele>
        <time>2025-05-30T21:56:29.000Z</time>
        <extensions>
          <ns3:TrackPointExtension>
            <ns3:atemp>25.0</ns3:atemp>
            <ns3:hr>132</ns3:hr>
            <ns3:cad>82</ns3:cad>
          </ns3:TrackPointExtension>
        </extensions>
      </trkpt>
      <trkpt lat="25.85943535901606082916259765625" lon="119.5712187699973583221435546875">
        <ele>16.3999996185302734375</ele>
        <time>2025-05-30T21:56:30.000Z</time>
        <extensions>
          <ns3:TrackPointExtension>
            <ns3:atemp>25.0</ns3:atemp>
            <ns3:hr>131</ns3:hr>
            <ns3:cad>82</ns3:cad>
          </ns3:TrackPointExtension>
        </extensions>
      </trkpt>
      <trkpt lat="25.85942211560904979705810546875" lon="119.571207202970981597900390625">
        <ele>16.3999996185302734375</ele>
        <time>2025-05-30T21:56:31.000Z</time>
        <extensions>
          <ns3:TrackPointExtension>
            <ns3:atemp>25.0</ns3:atemp>
            <ns3:hr>131</ns3:hr>
            <ns3:cad>82</ns3:cad>
          </ns3:TrackPointExtension>
        </extensions>
      </trkpt>
      <trkpt lat="25.8594113029539585113525390625" lon="119.57120393402874469757080078125">
        <ele>16.3999996185302734375</ele>
        <time>2025-05-30T21:56:32.000Z</time>
        <extensions>
          <ns3:TrackPointExtension>
            <ns3:atemp>25.0</ns3:atemp>
            <ns3:hr>131</ns3:hr>
            <ns3:cad>83</ns3:cad>
          </ns3:TrackPointExtension>
        </extensions>
      </trkpt>
      <trkpt lat="25.85938833653926849365234375" lon="119.57119035534560680389404296875">
        <ele>16.3999996185302734375</ele>
        <time>2025-05-30T21:56:33.000Z</time>
        <extensions>
          <ns3:TrackPointExtension>
            <ns3:atemp>25.0</ns3:atemp>
            <ns3:hr>131</ns3:hr>
            <ns3:cad>83</ns3:cad>
          </ns3:TrackPointExtension>
        </extensions>
      </trkpt>
      <trkpt lat="25.859374590218067169189453125" lon="119.5711765252053737640380859375">
        <ele>16.3999996185302734375</ele>
        <time>2025-05-30T21:56:34.000Z</time>
        <extensions>
          <ns3:TrackPointExtension>
            <ns3:atemp>25.0</ns3:atemp>
            <ns3:hr>131</ns3:hr>
            <ns3:cad>83</ns3:cad>
          </ns3:TrackPointExtension>
        </extensions>
      </trkpt>
      <trkpt lat="25.8593576587736606597900390625" lon="119.57117426209151744842529296875">
        <ele>16.3999996185302734375</ele>
        <time>2025-05-30T21:56:35.000Z</time>
        <extensions>
          <ns3:TrackPointExtension>
            <ns3:atemp>25.0</ns3:atemp>
            <ns3:hr>131</ns3:hr>
            <ns3:cad>82</ns3:cad>
          </ns3:TrackPointExtension>
        </extensions>
      </trkpt>
      <trkpt lat="25.85933511145412921905517578125" lon="119.5711604319512844085693359375">
        <ele>16.3999996185302734375</ele>
        <time>2025-05-30T21:56:36.000Z</time>
        <extensions>
          <ns3:TrackPointExtension>
            <ns3:atemp>25.0</ns3:atemp>
            <ns3:hr>131</ns3:hr>
            <ns3:cad>82</ns3:cad>
          </ns3:TrackPointExtension>
        </extensions>
      </trkpt>
      <trkpt lat="25.859325639903545379638671875" lon="119.57114509306848049163818359375">
        <ele>16.3999996185302734375</ele>
        <time>2025-05-30T21:56:37.000Z</time>
        <extensions>
          <ns3:TrackPointExtension>
            <ns3:atemp>25.0</ns3:atemp>
            <ns3:hr>131</ns3:hr>
            <ns3:cad>82</ns3:cad>
          </ns3:TrackPointExtension>
        </extensions>
      </trkpt>
      <trkpt lat="25.8593066968023777008056640625" lon="119.5711336098611354827880859375">
        <ele>16.3999996185302734375</ele>
        <time>2025-05-30T21:56:38.000Z</time>
        <extensions>
          <ns3:TrackPointExtension>
            <ns3:atemp>25.0</ns3:atemp>
            <ns3:hr>131</ns3:hr>
            <ns3:cad>82</ns3:cad>
          </ns3:TrackPointExtension>
        </extensions>
      </trkpt>
      <trkpt lat="25.8592929504811763763427734375" lon="119.571119360625743865966796875">
        <ele>16.3999996185302734375</ele>
        <time>2025-05-30T21:56:39.000Z</time>
        <extensions>
          <ns3:TrackPointExtension>
            <ns3:atemp>25.0</ns3:atemp>
            <ns3:hr>130</ns3:hr>
            <ns3:cad>82</ns3:cad>
          </ns3:TrackPointExtension>
        </extensions>
      </trkpt>
      <trkpt lat="25.85927878506481647491455078125" lon="119.5711124874651432037353515625">
        <ele>16.3999996185302734375</ele>
        <time>2025-05-30T21:56:40.000Z</time>
        <extensions>
          <ns3:TrackPointExtension>
            <ns3:atemp>25.0</ns3:atemp>
            <ns3:hr>130</ns3:hr>
            <ns3:cad>82</ns3:cad>
          </ns3:TrackPointExtension>
        </extensions>
      </trkpt>
      <trkpt lat="25.8592589199542999267578125" lon="119.571095220744609832763671875">
        <ele>16.6000003814697265625</ele>
        <time>2025-05-30T21:56:41.000Z</time>
        <extensions>
          <ns3:TrackPointExtension>
            <ns3:atemp>25.0</ns3:atemp>
            <ns3:hr>130</ns3:hr>
            <ns3:cad>81</ns3:cad>
          </ns3:TrackPointExtension>
        </extensions>
      </trkpt>
      <trkpt lat="25.8592483587563037872314453125" lon="119.57108407281339168548583984375">
        <ele>16.6000003814697265625</ele>
        <time>2025-05-30T21:56:42.000Z</time>
        <extensions>
          <ns3:TrackPointExtension>
            <ns3:atemp>25.0</ns3:atemp>
            <ns3:hr>130</ns3:hr>
            <ns3:cad>82</ns3:cad>
          </ns3:TrackPointExtension>
        </extensions>
      </trkpt>
      <trkpt lat="25.85923008620738983154296875" lon="119.5710769481956958770751953125">
        <ele>16.6000003814697265625</ele>
        <time>2025-05-30T21:56:43.000Z</time>
        <extensions>
          <ns3:TrackPointExtension>
            <ns3:atemp>25.0</ns3:atemp>
            <ns3:hr>130</ns3:hr>
            <ns3:cad>82</ns3:cad>
          </ns3:TrackPointExtension>
        </extensions>
      </trkpt>
      <trkpt lat="25.85921256802976131439208984375" lon="119.57106596790254116058349609375">
        <ele>16.6000003814697265625</ele>
        <time>2025-05-30T21:56:44.000Z</time>
        <extensions>
          <ns3:TrackPointExtension>
            <ns3:atemp>25.0</ns3:atemp>
            <ns3:hr>130</ns3:hr>
            <ns3:cad>83</ns3:cad>
          </ns3:TrackPointExtension>
        </extensions>
      </trkpt>
      <trkpt lat="25.85920401848852634429931640625" lon="119.57106026820838451385498046875">
        <ele>16.6000003814697265625</ele>
        <time>2025-05-30T21:56:45.000Z</time>
        <extensions>
          <ns3:TrackPointExtension>
            <ns3:atemp>25.0</ns3:atemp>
            <ns3:hr>130</ns3:hr>
            <ns3:cad>84</ns3:cad>
          </ns3:TrackPointExtension>
        </extensions>
      </trkpt>
      <trkpt lat="25.8591792918741703033447265625" lon="119.57105121575295925140380859375">
        <ele>16.6000003814697265625</ele>
        <time>2025-05-30T21:56:46.000Z</time>
        <extensions>
          <ns3:TrackPointExtension>
            <ns3:atemp>25.0</ns3:atemp>
            <ns3:hr>129</ns3:hr>
            <ns3:cad>84</ns3:cad>
          </ns3:TrackPointExtension>
        </extensions>
      </trkpt>
      <trkpt lat="25.85916168987751007080078125" lon="119.57104383967816829681396484375">
        <ele>16.6000003814697265625</ele>
        <time>2025-05-30T21:56:47.000Z</time>
        <extensions>
          <ns3:TrackPointExtension>
            <ns3:atemp>25.0</ns3:atemp>
            <ns3:hr>130</ns3:hr>
            <ns3:cad>84</ns3:cad>
          </ns3:TrackPointExtension>
        </extensions>
      </trkpt>
      <trkpt lat="25.85914182476699352264404296875" lon="119.57104258239269256591796875">
        <ele>16.6000003814697265625</ele>
        <time>2025-05-30T21:56:48.000Z</time>
        <extensions>
          <ns3:TrackPointExtension>
            <ns3:atemp>25.0</ns3:atemp>
            <ns3:hr>130</ns3:hr>
            <ns3:cad>83</ns3:cad>
          </ns3:TrackPointExtension>
        </extensions>
      </trkpt>
      <trkpt lat="25.85912288166582584381103515625" lon="119.571024477481842041015625">
        <ele>16.6000003814697265625</ele>
        <time>2025-05-30T21:56:49.000Z</time>
        <extensions>
          <ns3:TrackPointExtension>
            <ns3:atemp>25.0</ns3:atemp>
            <ns3:hr>131</ns3:hr>
            <ns3:cad>82</ns3:cad>
          </ns3:TrackPointExtension>
        </extensions>
      </trkpt>
      <trkpt lat="25.85910829715430736541748046875" lon="119.571012742817401885986328125">
        <ele>16.3999996185302734375</ele>
        <time>2025-05-30T21:56:50.000Z</time>
        <extensions>
          <ns3:TrackPointExtension>
            <ns3:atemp>25.0</ns3:atemp>
            <ns3:hr>131</ns3:hr>
            <ns3:cad>81</ns3:cad>
          </ns3:TrackPointExtension>
        </extensions>
      </trkpt>
      <trkpt lat="25.85909103043377399444580078125" lon="119.57100226543843746185302734375">
        <ele>16.3999996185302734375</ele>
        <time>2025-05-30T21:56:51.000Z</time>
        <extensions>
          <ns3:TrackPointExtension>
            <ns3:atemp>25.0</ns3:atemp>
            <ns3:hr>131</ns3:hr>
            <ns3:cad>81</ns3:cad>
          </ns3:TrackPointExtension>
        </extensions>
      </trkpt>
      <trkpt lat="25.8590736798942089080810546875" lon="119.57098759710788726806640625">
        <ele>16.200000762939453125</ele>
        <time>2025-05-30T21:56:52.000Z</time>
        <extensions>
          <ns3:TrackPointExtension>
            <ns3:atemp>25.0</ns3:atemp>
            <ns3:hr>131</ns3:hr>
            <ns3:cad>82</ns3:cad>
          </ns3:TrackPointExtension>
        </extensions>
      </trkpt>
      <trkpt lat="25.859060771763324737548828125" lon="119.57098633982241153717041015625">
        <ele>16.200000762939453125</ele>
        <time>2025-05-30T21:56:53.000Z</time>
        <extensions>
          <ns3:TrackPointExtension>
            <ns3:atemp>25.0</ns3:atemp>
            <ns3:hr>131</ns3:hr>
            <ns3:cad>82</ns3:cad>
          </ns3:TrackPointExtension>
        </extensions>
      </trkpt>
      <trkpt lat="25.85903939791023731231689453125" lon="119.57097225822508335113525390625">
        <ele>16.3999996185302734375</ele>
        <time>2025-05-30T21:56:54.000Z</time>
        <extensions>
          <ns3:TrackPointExtension>
            <ns3:atemp>25.0</ns3:atemp>
            <ns3:hr>131</ns3:hr>
            <ns3:cad>82</ns3:cad>
          </ns3:TrackPointExtension>
        </extensions>
      </trkpt>
      <trkpt lat="25.859024561941623687744140625" lon="119.57095767371356487274169921875">
        <ele>16.3999996185302734375</ele>
        <time>2025-05-30T21:56:55.000Z</time>
        <extensions>
          <ns3:TrackPointExtension>
            <ns3:atemp>25.0</ns3:atemp>
            <ns3:hr>132</ns3:hr>
            <ns3:cad>82</ns3:cad>
          </ns3:TrackPointExtension>
        </extensions>
      </trkpt>
      <trkpt lat="25.859009809792041778564453125" lon="119.57094845362007617950439453125">
        <ele>16.3999996185302734375</ele>
        <time>2025-05-30T21:56:56.000Z</time>
        <extensions>
          <ns3:TrackPointExtension>
            <ns3:atemp>25.0</ns3:atemp>
            <ns3:hr>132</ns3:hr>
            <ns3:cad>82</ns3:cad>
          </ns3:TrackPointExtension>
        </extensions>
      </trkpt>
      <trkpt lat="25.85898944176733493804931640625" lon="119.570932947099208831787109375">
        <ele>16.3999996185302734375</ele>
        <time>2025-05-30T21:56:57.000Z</time>
        <extensions>
          <ns3:TrackPointExtension>
            <ns3:atemp>25.0</ns3:atemp>
            <ns3:hr>131</ns3:hr>
            <ns3:cad>83</ns3:cad>
          </ns3:TrackPointExtension>
        </extensions>
      </trkpt>
      <trkpt lat="25.85897686891257762908935546875" lon="119.5709207095205783843994140625">
        <ele>16.3999996185302734375</ele>
        <time>2025-05-30T21:56:58.000Z</time>
        <extensions>
          <ns3:TrackPointExtension>
            <ns3:atemp>25.0</ns3:atemp>
            <ns3:hr>131</ns3:hr>
            <ns3:cad>83</ns3:cad>
          </ns3:TrackPointExtension>
        </extensions>
      </trkpt>
      <trkpt lat="25.85895826108753681182861328125" lon="119.57091526128351688385009765625">
        <ele>16.3999996185302734375</ele>
        <time>2025-05-30T21:56:59.000Z</time>
        <extensions>
          <ns3:TrackPointExtension>
            <ns3:atemp>25.0</ns3:atemp>
            <ns3:hr>132</ns3:hr>
            <ns3:cad>83</ns3:cad>
          </ns3:TrackPointExtension>
        </extensions>
      </trkpt>
      <trkpt lat="25.858941413462162017822265625" lon="119.5709009282290935516357421875">
        <ele>16.3999996185302734375</ele>
        <time>2025-05-30T21:57:00.000Z</time>
        <extensions>
          <ns3:TrackPointExtension>
            <ns3:atemp>25.0</ns3:atemp>
            <ns3:hr>132</ns3:hr>
            <ns3:cad>83</ns3:cad>
          </ns3:TrackPointExtension>
        </extensions>
      </trkpt>
      <trkpt lat="25.8589281700551509857177734375" lon="119.5708997547626495361328125">
        <ele>16.3999996185302734375</ele>
        <time>2025-05-30T21:57:01.000Z</time>
        <extensions>
          <ns3:TrackPointExtension>
            <ns3:atemp>25.0</ns3:atemp>
            <ns3:hr>131</ns3:hr>
            <ns3:cad>82</ns3:cad>
          </ns3:TrackPointExtension>
        </extensions>
      </trkpt>
      <trkpt lat="25.85890964604914188385009765625" lon="119.57089028321206569671630859375">
        <ele>16.3999996185302734375</ele>
        <time>2025-05-30T21:57:02.000Z</time>
        <extensions>
          <ns3:TrackPointExtension>
            <ns3:atemp>25.0</ns3:atemp>
            <ns3:hr>131</ns3:hr>
            <ns3:cad>82</ns3:cad>
          </ns3:TrackPointExtension>
        </extensions>
      </trkpt>
      <trkpt lat="25.85889506153762340545654296875" lon="119.570874609053134918212890625">
        <ele>16.3999996185302734375</ele>
        <time>2025-05-30T21:57:03.000Z</time>
        <extensions>
          <ns3:TrackPointExtension>
            <ns3:atemp>25.0</ns3:atemp>
            <ns3:hr>131</ns3:hr>
            <ns3:cad>81</ns3:cad>
          </ns3:TrackPointExtension>
        </extensions>
      </trkpt>
      <trkpt lat="25.85887980647385120391845703125" lon="119.57086983136832714080810546875">
        <ele>16.3999996185302734375</ele>
        <time>2025-05-30T21:57:04.000Z</time>
        <extensions>
          <ns3:TrackPointExtension>
            <ns3:atemp>25.0</ns3:atemp>
            <ns3:hr>131</ns3:hr>
            <ns3:cad>81</ns3:cad>
          </ns3:TrackPointExtension>
        </extensions>
      </trkpt>
      <trkpt lat="25.858858264982700347900390625" lon="119.570855163037776947021484375">
        <ele>16.3999996185302734375</ele>
        <time>2025-05-30T21:57:05.000Z</time>
        <extensions>
          <ns3:TrackPointExtension>
            <ns3:atemp>25.0</ns3:atemp>
            <ns3:hr>132</ns3:hr>
            <ns3:cad>82</ns3:cad>
          </ns3:TrackPointExtension>
        </extensions>
      </trkpt>
      <trkpt lat="25.8588446862995624542236328125" lon="119.5708459429442882537841796875">
        <ele>16.3999996185302734375</ele>
        <time>2025-05-30T21:57:06.000Z</time>
        <extensions>
          <ns3:TrackPointExtension>
            <ns3:atemp>25.0</ns3:atemp>
            <ns3:hr>132</ns3:hr>
            <ns3:cad>82</ns3:cad>
          </ns3:TrackPointExtension>
        </extensions>
      </trkpt>
      <trkpt lat="25.8588282577693462371826171875" lon="119.570839740335941314697265625">
        <ele>16.3999996185302734375</ele>
        <time>2025-05-30T21:57:07.000Z</time>
        <extensions>
          <ns3:TrackPointExtension>
            <ns3:atemp>25.0</ns3:atemp>
            <ns3:hr>132</ns3:hr>
            <ns3:cad>82</ns3:cad>
          </ns3:TrackPointExtension>
        </extensions>
      </trkpt>
      <trkpt lat="25.8588123321533203125" lon="119.570826329290866851806640625">
        <ele>16.3999996185302734375</ele>
        <time>2025-05-30T21:57:08.000Z</time>
        <extensions>
          <ns3:TrackPointExtension>
            <ns3:atemp>25.0</ns3:atemp>
            <ns3:hr>132</ns3:hr>
            <ns3:cad>82</ns3:cad>
          </ns3:TrackPointExtension>
        </extensions>
      </trkpt>
      <trkpt lat="25.858800597488880157470703125" lon="119.5708281733095645904541015625">
        <ele>16.3999996185302734375</ele>
        <time>2025-05-30T21:57:09.000Z</time>
        <extensions>
          <ns3:TrackPointExtension>
            <ns3:atemp>25.0</ns3:atemp>
            <ns3:hr>132</ns3:hr>
            <ns3:cad>82</ns3:cad>
          </ns3:TrackPointExtension>
        </extensions>
      </trkpt>
      <trkpt lat="25.85877704434096813201904296875" lon="119.5708166062831878662109375">
        <ele>16.3999996185302734375</ele>
        <time>2025-05-30T21:57:10.000Z</time>
        <extensions>
          <ns3:TrackPointExtension>
            <ns3:atemp>25.0</ns3:atemp>
            <ns3:hr>132</ns3:hr>
            <ns3:cad>82</ns3:cad>
          </ns3:TrackPointExtension>
        </extensions>
      </trkpt>
      <trkpt lat="25.858759693801403045654296875" lon="119.5708005130290985107421875">
        <ele>16.3999996185302734375</ele>
        <time>2025-05-30T21:57:11.000Z</time>
        <extensions>
          <ns3:TrackPointExtension>
            <ns3:atemp>25.0</ns3:atemp>
            <ns3:hr>132</ns3:hr>
            <ns3:cad>82</ns3:cad>
          </ns3:TrackPointExtension>
        </extensions>
      </trkpt>
      <trkpt lat="25.85874452255666255950927734375" lon="119.57080227322876453399658203125">
        <ele>16.3999996185302734375</ele>
        <time>2025-05-30T21:57:12.000Z</time>
        <extensions>
          <ns3:TrackPointExtension>
            <ns3:atemp>25.0</ns3:atemp>
            <ns3:hr>132</ns3:hr>
            <ns3:cad>82</ns3:cad>
          </ns3:TrackPointExtension>
        </extensions>
      </trkpt>
      <trkpt lat="25.85872189141809940338134765625" lon="119.57079187966883182525634765625">
        <ele>16.3999996185302734375</ele>
        <time>2025-05-30T21:57:13.000Z</time>
        <extensions>
          <ns3:TrackPointExtension>
            <ns3:atemp>25.0</ns3:atemp>
            <ns3:hr>132</ns3:hr>
            <ns3:cad>82</ns3:cad>
          </ns3:TrackPointExtension>
        </extensions>
      </trkpt>
      <trkpt lat="25.8587075583636760711669921875" lon="119.5707871019840240478515625">
        <ele>16.200000762939453125</ele>
        <time>2025-05-30T21:57:14.000Z</time>
        <extensions>
          <ns3:TrackPointExtension>
            <ns3:atemp>25.0</ns3:atemp>
            <ns3:hr>132</ns3:hr>
            <ns3:cad>82</ns3:cad>
          </ns3:TrackPointExtension>
        </extensions>
      </trkpt>
      <trkpt lat="25.85868584923446178436279296875" lon="119.57077947445213794708251953125">
        <ele>16.200000762939453125</ele>
        <time>2025-05-30T21:57:15.000Z</time>
        <extensions>
          <ns3:TrackPointExtension>
            <ns3:atemp>25.0</ns3:atemp>
            <ns3:hr>132</ns3:hr>
            <ns3:cad>82</ns3:cad>
          </ns3:TrackPointExtension>
        </extensions>
      </trkpt>
      <trkpt lat="25.85866724140942096710205078125" lon="119.5707624591886997222900390625">
        <ele>16.200000762939453125</ele>
        <time>2025-05-30T21:57:16.000Z</time>
        <extensions>
          <ns3:TrackPointExtension>
            <ns3:atemp>25.0</ns3:atemp>
            <ns3:hr>132</ns3:hr>
            <ns3:cad>81</ns3:cad>
          </ns3:TrackPointExtension>
        </extensions>
      </trkpt>
      <trkpt lat="25.858653746545314788818359375" lon="119.57075667567551136016845703125">
        <ele>16.200000762939453125</ele>
        <time>2025-05-30T21:57:17.000Z</time>
        <extensions>
          <ns3:TrackPointExtension>
            <ns3:atemp>25.0</ns3:atemp>
            <ns3:hr>132</ns3:hr>
            <ns3:cad>81</ns3:cad>
          </ns3:TrackPointExtension>
        </extensions>
      </trkpt>
      <trkpt lat="25.85863119922578334808349609375" lon="119.570740498602390289306640625">
        <ele>16.3999996185302734375</ele>
        <time>2025-05-30T21:57:18.000Z</time>
        <extensions>
          <ns3:TrackPointExtension>
            <ns3:atemp>25.0</ns3:atemp>
            <ns3:hr>133</ns3:hr>
            <ns3:cad>82</ns3:cad>
          </ns3:TrackPointExtension>
        </extensions>
      </trkpt>
      <trkpt lat="25.85861560888588428497314453125" lon="119.57072675228118896484375">
        <ele>16.200000762939453125</ele>
        <time>2025-05-30T21:57:19.000Z</time>
        <extensions>
          <ns3:TrackPointExtension>
            <ns3:atemp>25.0</ns3:atemp>
            <ns3:hr>133</ns3:hr>
            <ns3:cad>82</ns3:cad>
          </ns3:TrackPointExtension>
        </extensions>
      </trkpt>
      <trkpt lat="25.858601443469524383544921875" lon="119.570722393691539764404296875">
        <ele>16.200000762939453125</ele>
        <time>2025-05-30T21:57:20.000Z</time>
        <extensions>
          <ns3:TrackPointExtension>
            <ns3:atemp>25.0</ns3:atemp>
            <ns3:hr>133</ns3:hr>
            <ns3:cad>83</ns3:cad>
          </ns3:TrackPointExtension>
        </extensions>
      </trkpt>
      <trkpt lat="25.8585803210735321044921875" lon="119.57070328295230865478515625">
        <ele>16.200000762939453125</ele>
        <time>2025-05-30T21:57:21.000Z</time>
        <extensions>
          <ns3:TrackPointExtension>
            <ns3:atemp>25.0</ns3:atemp>
            <ns3:hr>133</ns3:hr>
            <ns3:cad>83</ns3:cad>
          </ns3:TrackPointExtension>
        </extensions>
      </trkpt>
      <trkpt lat="25.858565233647823333740234375" lon="119.57069515250623226165771484375">
        <ele>16.200000762939453125</ele>
        <time>2025-05-30T21:57:22.000Z</time>
        <extensions>
          <ns3:TrackPointExtension>
            <ns3:atemp>25.0</ns3:atemp>
            <ns3:hr>132</ns3:hr>
            <ns3:cad>83</ns3:cad>
          </ns3:TrackPointExtension>
        </extensions>
      </trkpt>
      <trkpt lat="25.85854721255600452423095703125" lon="119.5706893689930438995361328125">
        <ele>16.200000762939453125</ele>
        <time>2025-05-30T21:57:23.000Z</time>
        <extensions>
          <ns3:TrackPointExtension>
            <ns3:atemp>25.0</ns3:atemp>
            <ns3:hr>133</ns3:hr>
            <ns3:cad>82</ns3:cad>
          </ns3:TrackPointExtension>
        </extensions>
      </trkpt>
      <trkpt lat="25.85852726362645626068115234375" lon="119.5706705935299396514892578125">
        <ele>16</ele>
        <time>2025-05-30T21:57:24.000Z</time>
        <extensions>
          <ns3:TrackPointExtension>
            <ns3:atemp>25.0</ns3:atemp>
            <ns3:hr>133</ns3:hr>
            <ns3:cad>82</ns3:cad>
          </ns3:TrackPointExtension>
        </extensions>
      </trkpt>
      <trkpt lat="25.85851167328655719757080078125" lon="119.5706608705222606658935546875">
        <ele>16</ele>
        <time>2025-05-30T21:57:25.000Z</time>
        <extensions>
          <ns3:TrackPointExtension>
            <ns3:atemp>25.0</ns3:atemp>
            <ns3:hr>132</ns3:hr>
            <ns3:cad>82</ns3:cad>
          </ns3:TrackPointExtension>
        </extensions>
      </trkpt>
      <trkpt lat="25.8584916405379772186279296875" lon="119.57065408118069171905517578125">
        <ele>16</ele>
        <time>2025-05-30T21:57:26.000Z</time>
        <extensions>
          <ns3:TrackPointExtension>
            <ns3:atemp>25.0</ns3:atemp>
            <ns3:hr>133</ns3:hr>
            <ns3:cad>81</ns3:cad>
          </ns3:TrackPointExtension>
        </extensions>
      </trkpt>
      <trkpt lat="25.85847378708422183990478515625" lon="119.57063564099371433258056640625">
        <ele>16</ele>
        <time>2025-05-30T21:57:27.000Z</time>
        <extensions>
          <ns3:TrackPointExtension>
            <ns3:atemp>25.0</ns3:atemp>
            <ns3:hr>133</ns3:hr>
            <ns3:cad>81</ns3:cad>
          </ns3:TrackPointExtension>
        </extensions>
      </trkpt>
      <trkpt lat="25.85846104659140110015869140625" lon="119.57062692381441593170166015625">
        <ele>16</ele>
        <time>2025-05-30T21:57:28.000Z</time>
        <extensions>
          <ns3:TrackPointExtension>
            <ns3:atemp>25.0</ns3:atemp>
            <ns3:hr>133</ns3:hr>
            <ns3:cad>81</ns3:cad>
          </ns3:TrackPointExtension>
        </extensions>
      </trkpt>
      <trkpt lat="25.85843690671026706695556640625" lon="119.570613764226436614990234375">
        <ele>16</ele>
        <time>2025-05-30T21:57:29.000Z</time>
        <extensions>
          <ns3:TrackPointExtension>
            <ns3:atemp>25.0</ns3:atemp>
            <ns3:hr>132</ns3:hr>
            <ns3:cad>81</ns3:cad>
          </ns3:TrackPointExtension>
        </extensions>
      </trkpt>
      <trkpt lat="25.858421064913272857666015625" lon="119.5705998502671718597412109375">
        <ele>16</ele>
        <time>2025-05-30T21:57:30.000Z</time>
        <extensions>
          <ns3:TrackPointExtension>
            <ns3:atemp>25.0</ns3:atemp>
            <ns3:hr>133</ns3:hr>
            <ns3:cad>81</ns3:cad>
          </ns3:TrackPointExtension>
        </extensions>
      </trkpt>
      <trkpt lat="25.8584064804017543792724609375" lon="119.57059691660106182098388671875">
        <ele>16</ele>
        <time>2025-05-30T21:57:31.000Z</time>
        <extensions>
          <ns3:TrackPointExtension>
            <ns3:atemp>25.0</ns3:atemp>
            <ns3:hr>132</ns3:hr>
            <ns3:cad>81</ns3:cad>
          </ns3:TrackPointExtension>
        </extensions>
      </trkpt>
      <trkpt lat="25.85838611237704753875732421875" lon="119.57057948224246501922607421875">
        <ele>16</ele>
        <time>2025-05-30T21:57:32.000Z</time>
        <extensions>
          <ns3:TrackPointExtension>
            <ns3:atemp>25.0</ns3:atemp>
            <ns3:hr>132</ns3:hr>
            <ns3:cad>81</ns3:cad>
          </ns3:TrackPointExtension>
        </extensions>
      </trkpt>
      <trkpt lat="25.8583726175129413604736328125" lon="119.57056959159672260284423828125">
        <ele>16</ele>
        <time>2025-05-30T21:57:33.000Z</time>
        <extensions>
          <ns3:TrackPointExtension>
            <ns3:atemp>25.0</ns3:atemp>
            <ns3:hr>132</ns3:hr>
            <ns3:cad>81</ns3:cad>
          </ns3:TrackPointExtension>
        </extensions>
      </trkpt>
      <trkpt lat="25.8583555184304714202880859375" lon="119.5705619640648365020751953125">
        <ele>16</ele>
        <time>2025-05-30T21:57:34.000Z</time>
        <extensions>
          <ns3:TrackPointExtension>
            <ns3:atemp>25.0</ns3:atemp>
            <ns3:hr>133</ns3:hr>
            <ns3:cad>81</ns3:cad>
          </ns3:TrackPointExtension>
        </extensions>
      </trkpt>
      <trkpt lat="25.858337581157684326171875" lon="119.5705502294003963470458984375">
        <ele>16</ele>
        <time>2025-05-30T21:57:35.000Z</time>
        <extensions>
          <ns3:TrackPointExtension>
            <ns3:atemp>25.0</ns3:atemp>
            <ns3:hr>133</ns3:hr>
            <ns3:cad>82</ns3:cad>
          </ns3:TrackPointExtension>
        </extensions>
      </trkpt>
      <trkpt lat="25.85832308046519756317138671875" lon="119.5705468766391277313232421875">
        <ele>16</ele>
        <time>2025-05-30T21:57:36.000Z</time>
        <extensions>
          <ns3:TrackPointExtension>
            <ns3:atemp>25.0</ns3:atemp>
            <ns3:hr>133</ns3:hr>
            <ns3:cad>82</ns3:cad>
          </ns3:TrackPointExtension>
        </extensions>
      </trkpt>
      <trkpt lat="25.8582995273172855377197265625" lon="119.57052617333829402923583984375">
        <ele>16</ele>
        <time>2025-05-30T21:57:37.000Z</time>
        <extensions>
          <ns3:TrackPointExtension>
            <ns3:atemp>25.0</ns3:atemp>
            <ns3:hr>133</ns3:hr>
            <ns3:cad>82</ns3:cad>
          </ns3:TrackPointExtension>
        </extensions>
      </trkpt>
      <trkpt lat="25.85828452371060848236083984375" lon="119.570510499179363250732421875">
        <ele>16</ele>
        <time>2025-05-30T21:57:38.000Z</time>
        <extensions>
          <ns3:TrackPointExtension>
            <ns3:atemp>25.0</ns3:atemp>
            <ns3:hr>132</ns3:hr>
            <ns3:cad>83</ns3:cad>
          </ns3:TrackPointExtension>
        </extensions>
      </trkpt>
      <trkpt lat="25.85826608352363109588623046875" lon="119.570503793656826019287109375">
        <ele>16</ele>
        <time>2025-05-30T21:57:39.000Z</time>
        <extensions>
          <ns3:TrackPointExtension>
            <ns3:atemp>25.0</ns3:atemp>
            <ns3:hr>133</ns3:hr>
            <ns3:cad>83</ns3:cad>
          </ns3:TrackPointExtension>
        </extensions>
      </trkpt>
      <trkpt lat="25.8582432009279727935791015625" lon="119.57049046643078327178955078125">
        <ele>16</ele>
        <time>2025-05-30T21:57:40.000Z</time>
        <extensions>
          <ns3:TrackPointExtension>
            <ns3:atemp>25.0</ns3:atemp>
            <ns3:hr>133</ns3:hr>
            <ns3:cad>83</ns3:cad>
          </ns3:TrackPointExtension>
        </extensions>
      </trkpt>
      <trkpt lat="25.8582318015396595001220703125" lon="119.5704838447272777557373046875">
        <ele>16</ele>
        <time>2025-05-30T21:57:41.000Z</time>
        <extensions>
          <ns3:TrackPointExtension>
            <ns3:atemp>25.0</ns3:atemp>
            <ns3:hr>134</ns3:hr>
            <ns3:cad>83</ns3:cad>
          </ns3:TrackPointExtension>
        </extensions>
      </trkpt>
      <trkpt lat="25.8582110144197940826416015625" lon="119.57047118805348873138427734375">
        <ele>16</ele>
        <time>2025-05-30T21:57:42.000Z</time>
        <extensions>
          <ns3:TrackPointExtension>
            <ns3:atemp>25.0</ns3:atemp>
            <ns3:hr>134</ns3:hr>
            <ns3:cad>83</ns3:cad>
          </ns3:TrackPointExtension>
        </extensions>
      </trkpt>
      <trkpt lat="25.85819483734667301177978515625" lon="119.5704570226371288299560546875">
        <ele>16</ele>
        <time>2025-05-30T21:57:43.000Z</time>
        <extensions>
          <ns3:TrackPointExtension>
            <ns3:atemp>25.0</ns3:atemp>
            <ns3:hr>134</ns3:hr>
            <ns3:cad>83</ns3:cad>
          </ns3:TrackPointExtension>
        </extensions>
      </trkpt>
      <trkpt lat="25.85817606188356876373291015625" lon="119.5704570226371288299560546875">
        <ele>16</ele>
        <time>2025-05-30T21:57:44.000Z</time>
        <extensions>
          <ns3:TrackPointExtension>
            <ns3:atemp>25.0</ns3:atemp>
            <ns3:hr>134</ns3:hr>
            <ns3:cad>83</ns3:cad>
          </ns3:TrackPointExtension>
        </extensions>
      </trkpt>
      <trkpt lat="25.8581565320491790771484375" lon="119.570440091192722320556640625">
        <ele>16.200000762939453125</ele>
        <time>2025-05-30T21:57:45.000Z</time>
        <extensions>
          <ns3:TrackPointExtension>
            <ns3:atemp>25.0</ns3:atemp>
            <ns3:hr>134</ns3:hr>
            <ns3:cad>83</ns3:cad>
          </ns3:TrackPointExtension>
        </extensions>
      </trkpt>
      <trkpt lat="25.8581459708511829376220703125" lon="119.57042659632861614227294921875">
        <ele>16</ele>
        <time>2025-05-30T21:57:46.000Z</time>
        <extensions>
          <ns3:TrackPointExtension>
            <ns3:atemp>25.0</ns3:atemp>
            <ns3:hr>134</ns3:hr>
            <ns3:cad>83</ns3:cad>
          </ns3:TrackPointExtension>
        </extensions>
      </trkpt>
      <trkpt lat="25.8581270277500152587890625" lon="119.57041905261576175689697265625">
        <ele>16</ele>
        <time>2025-05-30T21:57:47.000Z</time>
        <extensions>
          <ns3:TrackPointExtension>
            <ns3:atemp>25.0</ns3:atemp>
            <ns3:hr>134</ns3:hr>
            <ns3:cad>83</ns3:cad>
          </ns3:TrackPointExtension>
        </extensions>
      </trkpt>
      <trkpt lat="25.858111269772052764892578125" lon="119.57040379755198955535888671875">
        <ele>16</ele>
        <time>2025-05-30T21:57:48.000Z</time>
        <extensions>
          <ns3:TrackPointExtension>
            <ns3:atemp>25.0</ns3:atemp>
            <ns3:hr>134</ns3:hr>
            <ns3:cad>83</ns3:cad>
          </ns3:TrackPointExtension>
        </extensions>
      </trkpt>
      <trkpt lat="25.85809777490794658660888671875" lon="119.57040731795132160186767578125">
        <ele>16</ele>
        <time>2025-05-30T21:57:49.000Z</time>
        <extensions>
          <ns3:TrackPointExtension>
            <ns3:atemp>25.0</ns3:atemp>
            <ns3:hr>134</ns3:hr>
            <ns3:cad>82</ns3:cad>
          </ns3:TrackPointExtension>
        </extensions>
      </trkpt>
      <trkpt lat="25.85807447321712970733642578125" lon="119.57039742730557918548583984375">
        <ele>16</ele>
        <time>2025-05-30T21:57:50.000Z</time>
        <extensions>
          <ns3:TrackPointExtension>
            <ns3:atemp>25.0</ns3:atemp>
            <ns3:hr>134</ns3:hr>
            <ns3:cad>82</ns3:cad>
          </ns3:TrackPointExtension>
        </extensions>
      </trkpt>
      <trkpt lat="25.858058966696262359619140625" lon="119.57039055414497852325439453125">
        <ele>16</ele>
        <time>2025-05-30T21:57:51.000Z</time>
        <extensions>
          <ns3:TrackPointExtension>
            <ns3:atemp>25.0</ns3:atemp>
            <ns3:hr>134</ns3:hr>
            <ns3:cad>82</ns3:cad>
          </ns3:TrackPointExtension>
        </extensions>
      </trkpt>
      <trkpt lat="25.85804195143282413482666015625" lon="119.5703846029937267303466796875">
        <ele>16</ele>
        <time>2025-05-30T21:57:52.000Z</time>
        <extensions>
          <ns3:TrackPointExtension>
            <ns3:atemp>25.0</ns3:atemp>
            <ns3:hr>134</ns3:hr>
            <ns3:cad>82</ns3:cad>
          </ns3:TrackPointExtension>
        </extensions>
      </trkpt>
      <trkpt lat="25.85802921094000339508056640625" lon="119.5703691802918910980224609375">
        <ele>16</ele>
        <time>2025-05-30T21:57:53.000Z</time>
        <extensions>
          <ns3:TrackPointExtension>
            <ns3:atemp>25.0</ns3:atemp>
            <ns3:hr>134</ns3:hr>
            <ns3:cad>83</ns3:cad>
          </ns3:TrackPointExtension>
        </extensions>
      </trkpt>
      <trkpt lat="25.85801663808524608612060546875" lon="119.5703671686351299285888671875">
        <ele>16</ele>
        <time>2025-05-30T21:57:54.000Z</time>
        <extensions>
          <ns3:TrackPointExtension>
            <ns3:atemp>25.0</ns3:atemp>
            <ns3:hr>134</ns3:hr>
            <ns3:cad>84</ns3:cad>
          </ns3:TrackPointExtension>
        </extensions>
      </trkpt>
      <trkpt lat="25.857993923127651214599609375" lon="119.57035283558070659637451171875">
        <ele>16</ele>
        <time>2025-05-30T21:57:55.000Z</time>
        <extensions>
          <ns3:TrackPointExtension>
            <ns3:atemp>25.0</ns3:atemp>
            <ns3:hr>134</ns3:hr>
            <ns3:cad>84</ns3:cad>
          </ns3:TrackPointExtension>
        </extensions>
      </trkpt>
      <trkpt lat="25.85798193700611591339111328125" lon="119.5703450404107570648193359375">
        <ele>16</ele>
        <time>2025-05-30T21:57:56.000Z</time>
        <extensions>
          <ns3:TrackPointExtension>
            <ns3:atemp>25.0</ns3:atemp>
            <ns3:hr>134</ns3:hr>
            <ns3:cad>83</ns3:cad>
          </ns3:TrackPointExtension>
        </extensions>
      </trkpt>
      <trkpt lat="25.85796098224818706512451171875" lon="119.5703396759927272796630859375">
        <ele>16</ele>
        <time>2025-05-30T21:57:57.000Z</time>
        <extensions>
          <ns3:TrackPointExtension>
            <ns3:atemp>25.0</ns3:atemp>
            <ns3:hr>134</ns3:hr>
            <ns3:cad>83</ns3:cad>
          </ns3:TrackPointExtension>
        </extensions>
      </trkpt>
      <trkpt lat="25.85794304497539997100830078125" lon="119.5703311264514923095703125">
        <ele>16</ele>
        <time>2025-05-30T21:57:58.000Z</time>
        <extensions>
          <ns3:TrackPointExtension>
            <ns3:atemp>25.0</ns3:atemp>
            <ns3:hr>134</ns3:hr>
            <ns3:cad>84</ns3:cad>
          </ns3:TrackPointExtension>
        </extensions>
      </trkpt>
      <trkpt lat="25.8579258620738983154296875" lon="119.57033154554665088653564453125">
        <ele>16</ele>
        <time>2025-05-30T21:57:59.000Z</time>
        <extensions>
          <ns3:TrackPointExtension>
            <ns3:atemp>25.0</ns3:atemp>
            <ns3:hr>134</ns3:hr>
            <ns3:cad>84</ns3:cad>
          </ns3:TrackPointExtension>
        </extensions>
      </trkpt>
      <trkpt lat="25.85790532641112804412841796875" lon="119.57031612284481525421142578125">
        <ele>16</ele>
        <time>2025-05-30T21:58:00.000Z</time>
        <extensions>
          <ns3:TrackPointExtension>
            <ns3:atemp>25.0</ns3:atemp>
            <ns3:hr>134</ns3:hr>
            <ns3:cad>85</ns3:cad>
          </ns3:TrackPointExtension>
        </extensions>
      </trkpt>
      <trkpt lat="25.85788906551897525787353515625" lon="119.57031226716935634613037109375">
        <ele>16</ele>
        <time>2025-05-30T21:58:01.000Z</time>
        <extensions>
          <ns3:TrackPointExtension>
            <ns3:atemp>25.0</ns3:atemp>
            <ns3:hr>133</ns3:hr>
            <ns3:cad>85</ns3:cad>
          </ns3:TrackPointExtension>
        </extensions>
      </trkpt>
      <trkpt lat="25.85786727257072925567626953125" lon="119.570301957428455352783203125">
        <ele>16</ele>
        <time>2025-05-30T21:58:02.000Z</time>
        <extensions>
          <ns3:TrackPointExtension>
            <ns3:atemp>25.0</ns3:atemp>
            <ns3:hr>133</ns3:hr>
            <ns3:cad>85</ns3:cad>
          </ns3:TrackPointExtension>
        </extensions>
      </trkpt>
      <trkpt lat="25.85785008966922760009765625" lon="119.5702903904020786285400390625">
        <ele>16</ele>
        <time>2025-05-30T21:58:03.000Z</time>
        <extensions>
          <ns3:TrackPointExtension>
            <ns3:atemp>25.0</ns3:atemp>
            <ns3:hr>133</ns3:hr>
            <ns3:cad>85</ns3:cad>
          </ns3:TrackPointExtension>
        </extensions>
      </trkpt>
      <trkpt lat="25.85783726535737514495849609375" lon="119.57029047422111034393310546875">
        <ele>16</ele>
        <time>2025-05-30T21:58:04.000Z</time>
        <extensions>
          <ns3:TrackPointExtension>
            <ns3:atemp>25.0</ns3:atemp>
            <ns3:hr>133</ns3:hr>
            <ns3:cad>84</ns3:cad>
          </ns3:TrackPointExtension>
        </extensions>
      </trkpt>
      <trkpt lat="25.85781396366655826568603515625" lon="119.570275135338306427001953125">
        <ele>16</ele>
        <time>2025-05-30T21:58:05.000Z</time>
        <extensions>
          <ns3:TrackPointExtension>
            <ns3:atemp>25.0</ns3:atemp>
            <ns3:hr>134</ns3:hr>
            <ns3:cad>84</ns3:cad>
          </ns3:TrackPointExtension>
        </extensions>
      </trkpt>
      <trkpt lat="25.85780072025954723358154296875" lon="119.5702640712261199951171875">
        <ele>16</ele>
        <time>2025-05-30T21:58:06.000Z</time>
        <extensions>
          <ns3:TrackPointExtension>
            <ns3:atemp>25.0</ns3:atemp>
            <ns3:hr>134</ns3:hr>
            <ns3:cad>83</ns3:cad>
          </ns3:TrackPointExtension>
        </extensions>
      </trkpt>
      <trkpt lat="25.857782028615474700927734375" lon="119.570255689322948455810546875">
        <ele>16</ele>
        <time>2025-05-30T21:58:07.000Z</time>
        <extensions>
          <ns3:TrackPointExtension>
            <ns3:atemp>25.0</ns3:atemp>
            <ns3:hr>134</ns3:hr>
            <ns3:cad>83</ns3:cad>
          </ns3:TrackPointExtension>
        </extensions>
      </trkpt>
      <trkpt lat="25.85776082240045070648193359375" lon="119.5702481456100940704345703125">
        <ele>16</ele>
        <time>2025-05-30T21:58:08.000Z</time>
        <extensions>
          <ns3:TrackPointExtension>
            <ns3:atemp>25.0</ns3:atemp>
            <ns3:hr>134</ns3:hr>
            <ns3:cad>83</ns3:cad>
          </ns3:TrackPointExtension>
        </extensions>
      </trkpt>
      <trkpt lat="25.85774908773601055145263671875" lon="119.5702417753636837005615234375">
        <ele>16</ele>
        <time>2025-05-30T21:58:09.000Z</time>
        <extensions>
          <ns3:TrackPointExtension>
            <ns3:atemp>25.0</ns3:atemp>
            <ns3:hr>134</ns3:hr>
            <ns3:cad>83</ns3:cad>
          </ns3:TrackPointExtension>
        </extensions>
      </trkpt>
      <trkpt lat="25.85772511549293994903564453125" lon="119.57022492773830890655517578125">
        <ele>16.200000762939453125</ele>
        <time>2025-05-30T21:58:10.000Z</time>
        <extensions>
          <ns3:TrackPointExtension>
            <ns3:atemp>25.0</ns3:atemp>
            <ns3:hr>134</ns3:hr>
            <ns3:cad>83</ns3:cad>
          </ns3:TrackPointExtension>
        </extensions>
      </trkpt>
      <trkpt lat="25.8577144704759120941162109375" lon="119.57020766101777553558349609375">
        <ele>16.200000762939453125</ele>
        <time>2025-05-30T21:58:11.000Z</time>
        <extensions>
          <ns3:TrackPointExtension>
            <ns3:atemp>25.0</ns3:atemp>
            <ns3:hr>134</ns3:hr>
            <ns3:cad>83</ns3:cad>
          </ns3:TrackPointExtension>
        </extensions>
      </trkpt>
      <trkpt lat="25.85769494064152240753173828125" lon="119.570194669067859649658203125">
        <ele>16.200000762939453125</ele>
        <time>2025-05-30T21:58:12.000Z</time>
        <extensions>
          <ns3:TrackPointExtension>
            <ns3:atemp>25.0</ns3:atemp>
            <ns3:hr>134</ns3:hr>
            <ns3:cad>83</ns3:cad>
          </ns3:TrackPointExtension>
        </extensions>
      </trkpt>
      <trkpt lat="25.8576737344264984130859375" lon="119.5701817609369754791259765625">
        <ele>16.200000762939453125</ele>
        <time>2025-05-30T21:58:13.000Z</time>
        <extensions>
          <ns3:TrackPointExtension>
            <ns3:atemp>25.0</ns3:atemp>
            <ns3:hr>134</ns3:hr>
            <ns3:cad>83</ns3:cad>
          </ns3:TrackPointExtension>
        </extensions>
      </trkpt>
      <trkpt lat="25.85765789262950420379638671875" lon="119.57017262466251850128173828125">
        <ele>16.200000762939453125</ele>
        <time>2025-05-30T21:58:14.000Z</time>
        <extensions>
          <ns3:TrackPointExtension>
            <ns3:atemp>25.0</ns3:atemp>
            <ns3:hr>133</ns3:hr>
            <ns3:cad>84</ns3:cad>
          </ns3:TrackPointExtension>
        </extensions>
      </trkpt>
      <trkpt lat="25.85763542912900447845458984375" lon="119.5701542682945728302001953125">
        <ele>16.200000762939453125</ele>
        <time>2025-05-30T21:58:15.000Z</time>
        <extensions>
          <ns3:TrackPointExtension>
            <ns3:atemp>25.0</ns3:atemp>
            <ns3:hr>132</ns3:hr>
            <ns3:cad>83</ns3:cad>
          </ns3:TrackPointExtension>
        </extensions>
      </trkpt>
      <trkpt lat="25.85762134753167629241943359375" lon="119.5701375044882297515869140625">
        <ele>16.200000762939453125</ele>
        <time>2025-05-30T21:58:16.000Z</time>
        <extensions>
          <ns3:TrackPointExtension>
            <ns3:atemp>25.0</ns3:atemp>
            <ns3:hr>132</ns3:hr>
            <ns3:cad>83</ns3:cad>
          </ns3:TrackPointExtension>
        </extensions>
      </trkpt>
      <trkpt lat="25.85760558955371379852294921875" lon="119.57012836821377277374267578125">
        <ele>16.3999996185302734375</ele>
        <time>2025-05-30T21:58:17.000Z</time>
        <extensions>
          <ns3:TrackPointExtension>
            <ns3:atemp>25.0</ns3:atemp>
            <ns3:hr>133</ns3:hr>
            <ns3:cad>83</ns3:cad>
          </ns3:TrackPointExtension>
        </extensions>
      </trkpt>
      <trkpt lat="25.8575847186148166656494140625" lon="119.57011898048222064971923828125">
        <ele>16.3999996185302734375</ele>
        <time>2025-05-30T21:58:18.000Z</time>
        <extensions>
          <ns3:TrackPointExtension>
            <ns3:atemp>25.0</ns3:atemp>
            <ns3:hr>133</ns3:hr>
            <ns3:cad>83</ns3:cad>
          </ns3:TrackPointExtension>
        </extensions>
      </trkpt>
      <trkpt lat="25.85757113993167877197265625" lon="119.570111520588397979736328125">
        <ele>16.3999996185302734375</ele>
        <time>2025-05-30T21:58:19.000Z</time>
        <extensions>
          <ns3:TrackPointExtension>
            <ns3:atemp>25.0</ns3:atemp>
            <ns3:hr>133</ns3:hr>
            <ns3:cad>83</ns3:cad>
          </ns3:TrackPointExtension>
        </extensions>
      </trkpt>
      <trkpt lat="25.857549011707305908203125" lon="119.570101797580718994140625">
        <ele>16.3999996185302734375</ele>
        <time>2025-05-30T21:58:20.000Z</time>
        <extensions>
          <ns3:TrackPointExtension>
            <ns3:atemp>25.0</ns3:atemp>
            <ns3:hr>132</ns3:hr>
            <ns3:cad>83</ns3:cad>
          </ns3:TrackPointExtension>
        </extensions>
      </trkpt>
      <trkpt lat="25.85753082297742366790771484375" lon="119.57009215839207172393798828125">
        <ele>16.3999996185302734375</ele>
        <time>2025-05-30T21:58:21.000Z</time>
        <extensions>
          <ns3:TrackPointExtension>
            <ns3:atemp>25.0</ns3:atemp>
            <ns3:hr>131</ns3:hr>
            <ns3:cad>83</ns3:cad>
          </ns3:TrackPointExtension>
        </extensions>
      </trkpt>
      <trkpt lat="25.857515148818492889404296875" lon="119.57008746452629566192626953125">
        <ele>16.3999996185302734375</ele>
        <time>2025-05-30T21:58:22.000Z</time>
        <extensions>
          <ns3:TrackPointExtension>
            <ns3:atemp>25.0</ns3:atemp>
            <ns3:hr>130</ns3:hr>
            <ns3:cad>84</ns3:cad>
          </ns3:TrackPointExtension>
        </extensions>
      </trkpt>
      <trkpt lat="25.85749058984220027923583984375" lon="119.57007405348122119903564453125">
        <ele>16.3999996185302734375</ele>
        <time>2025-05-30T21:58:23.000Z</time>
        <extensions>
          <ns3:TrackPointExtension>
            <ns3:atemp>25.0</ns3:atemp>
            <ns3:hr>129</ns3:hr>
            <ns3:cad>84</ns3:cad>
          </ns3:TrackPointExtension>
        </extensions>
      </trkpt>
      <trkpt lat="25.85747583769261837005615234375" lon="119.5700630731880664825439453125">
        <ele>16.3999996185302734375</ele>
        <time>2025-05-30T21:58:24.000Z</time>
        <extensions>
          <ns3:TrackPointExtension>
            <ns3:atemp>25.0</ns3:atemp>
            <ns3:hr>129</ns3:hr>
            <ns3:cad>83</ns3:cad>
          </ns3:TrackPointExtension>
        </extensions>
      </trkpt>
      <trkpt lat="25.8574546314775943756103515625" lon="119.57005343399941921234130859375">
        <ele>16.3999996185302734375</ele>
        <time>2025-05-30T21:58:25.000Z</time>
        <extensions>
          <ns3:TrackPointExtension>
            <ns3:atemp>25.0</ns3:atemp>
            <ns3:hr>128</ns3:hr>
            <ns3:cad>83</ns3:cad>
          </ns3:TrackPointExtension>
        </extensions>
      </trkpt>
      <trkpt lat="25.85743426345288753509521484375" lon="119.5700399391353130340576171875">
        <ele>16.3999996185302734375</ele>
        <time>2025-05-30T21:58:26.000Z</time>
        <extensions>
          <ns3:TrackPointExtension>
            <ns3:atemp>25.0</ns3:atemp>
            <ns3:hr>128</ns3:hr>
            <ns3:cad>83</ns3:cad>
          </ns3:TrackPointExtension>
        </extensions>
      </trkpt>
      <trkpt lat="25.85741917602717876434326171875" lon="119.570027701556682586669921875">
        <ele>16.3999996185302734375</ele>
        <time>2025-05-30T21:58:27.000Z</time>
        <extensions>
          <ns3:TrackPointExtension>
            <ns3:atemp>25.0</ns3:atemp>
            <ns3:hr>129</ns3:hr>
            <ns3:cad>83</ns3:cad>
          </ns3:TrackPointExtension>
        </extensions>
      </trkpt>
      <trkpt lat="25.85739771835505962371826171875" lon="119.57000599242746829986572265625">
        <ele>16.3999996185302734375</ele>
        <time>2025-05-30T21:58:28.000Z</time>
        <extensions>
          <ns3:TrackPointExtension>
            <ns3:atemp>25.0</ns3:atemp>
            <ns3:hr>129</ns3:hr>
            <ns3:cad>83</ns3:cad>
          </ns3:TrackPointExtension>
        </extensions>
      </trkpt>
      <trkpt lat="25.85738464258611202239990234375" lon="119.56999006681144237518310546875">
        <ele>16.3999996185302734375</ele>
        <time>2025-05-30T21:58:29.000Z</time>
        <extensions>
          <ns3:TrackPointExtension>
            <ns3:atemp>25.0</ns3:atemp>
            <ns3:hr>129</ns3:hr>
            <ns3:cad>82</ns3:cad>
          </ns3:TrackPointExtension>
        </extensions>
      </trkpt>
      <trkpt lat="25.8573644421994686126708984375" lon="119.56997967325150966644287109375">
        <ele>16.3999996185302734375</ele>
        <time>2025-05-30T21:58:30.000Z</time>
        <extensions>
          <ns3:TrackPointExtension>
            <ns3:atemp>25.0</ns3:atemp>
            <ns3:hr>130</ns3:hr>
            <ns3:cad>82</ns3:cad>
          </ns3:TrackPointExtension>
        </extensions>
      </trkpt>
      <trkpt lat="25.85734508000314235687255859375" lon="119.569971375167369842529296875">
        <ele>16.3999996185302734375</ele>
        <time>2025-05-30T21:58:31.000Z</time>
        <extensions>
          <ns3:TrackPointExtension>
            <ns3:atemp>25.0</ns3:atemp>
            <ns3:hr>130</ns3:hr>
            <ns3:cad>82</ns3:cad>
          </ns3:TrackPointExtension>
        </extensions>
      </trkpt>
      <trkpt lat="25.85732965730130672454833984375" lon="119.5699584670364856719970703125">
        <ele>16.3999996185302734375</ele>
        <time>2025-05-30T21:58:32.000Z</time>
        <extensions>
          <ns3:TrackPointExtension>
            <ns3:atemp>25.0</ns3:atemp>
            <ns3:hr>131</ns3:hr>
            <ns3:cad>82</ns3:cad>
          </ns3:TrackPointExtension>
        </extensions>
      </trkpt>
      <trkpt lat="25.85730987600982189178466796875" lon="119.56993994303047657012939453125">
        <ele>16.3999996185302734375</ele>
        <time>2025-05-30T21:58:33.000Z</time>
        <extensions>
          <ns3:TrackPointExtension>
            <ns3:atemp>25.0</ns3:atemp>
            <ns3:hr>132</ns3:hr>
            <ns3:cad>83</ns3:cad>
          </ns3:TrackPointExtension>
        </extensions>
      </trkpt>
      <trkpt lat="25.857295207679271697998046875" lon="119.56992703489959239959716796875">
        <ele>16.3999996185302734375</ele>
        <time>2025-05-30T21:58:34.000Z</time>
        <extensions>
          <ns3:TrackPointExtension>
            <ns3:atemp>25.0</ns3:atemp>
            <ns3:hr>132</ns3:hr>
            <ns3:cad>83</ns3:cad>
          </ns3:TrackPointExtension>
        </extensions>
      </trkpt>
      <trkpt lat="25.857281796634197235107421875" lon="119.56991798244416713714599609375">
        <ele>16.3999996185302734375</ele>
        <time>2025-05-30T21:58:35.000Z</time>
        <extensions>
          <ns3:TrackPointExtension>
            <ns3:atemp>25.0</ns3:atemp>
            <ns3:hr>133</ns3:hr>
            <ns3:cad>83</ns3:cad>
          </ns3:TrackPointExtension>
        </extensions>
      </trkpt>
      <trkpt lat="25.857261680066585540771484375" lon="119.569900296628475189208984375">
        <ele>16.6000003814697265625</ele>
        <time>2025-05-30T21:58:36.000Z</time>
        <extensions>
          <ns3:TrackPointExtension>
            <ns3:atemp>25.0</ns3:atemp>
            <ns3:hr>133</ns3:hr>
            <ns3:cad>83</ns3:cad>
          </ns3:TrackPointExtension>
        </extensions>
      </trkpt>
      <trkpt lat="25.85725128650665283203125" lon="119.56988814286887645721435546875">
        <ele>16.3999996185302734375</ele>
        <time>2025-05-30T21:58:37.000Z</time>
        <extensions>
          <ns3:TrackPointExtension>
            <ns3:atemp>25.0</ns3:atemp>
            <ns3:hr>133</ns3:hr>
            <ns3:cad>83</ns3:cad>
          </ns3:TrackPointExtension>
        </extensions>
      </trkpt>
      <trkpt lat="25.857232175767421722412109375" lon="119.56988143734633922576904296875">
        <ele>16.3999996185302734375</ele>
        <time>2025-05-30T21:58:38.000Z</time>
        <extensions>
          <ns3:TrackPointExtension>
            <ns3:atemp>25.0</ns3:atemp>
            <ns3:hr>133</ns3:hr>
            <ns3:cad>82</ns3:cad>
          </ns3:TrackPointExtension>
        </extensions>
      </trkpt>
      <trkpt lat="25.857213400304317474365234375" lon="119.5698739774525165557861328125">
        <ele>16.3999996185302734375</ele>
        <time>2025-05-30T21:58:39.000Z</time>
        <extensions>
          <ns3:TrackPointExtension>
            <ns3:atemp>25.0</ns3:atemp>
            <ns3:hr>133</ns3:hr>
            <ns3:cad>82</ns3:cad>
          </ns3:TrackPointExtension>
        </extensions>
      </trkpt>
      <trkpt lat="25.8571994863450527191162109375" lon="119.56987221725285053253173828125">
        <ele>16.3999996185302734375</ele>
        <time>2025-05-30T21:58:40.000Z</time>
        <extensions>
          <ns3:TrackPointExtension>
            <ns3:atemp>25.0</ns3:atemp>
            <ns3:hr>133</ns3:hr>
            <ns3:cad>82</ns3:cad>
          </ns3:TrackPointExtension>
        </extensions>
      </trkpt>
      <trkpt lat="25.85717593319714069366455078125" lon="119.56985746510326862335205078125">
        <ele>16.3999996185302734375</ele>
        <time>2025-05-30T21:58:41.000Z</time>
        <extensions>
          <ns3:TrackPointExtension>
            <ns3:atemp>25.0</ns3:atemp>
            <ns3:hr>134</ns3:hr>
            <ns3:cad>82</ns3:cad>
          </ns3:TrackPointExtension>
        </extensions>
      </trkpt>
      <trkpt lat="25.8571616001427173614501953125" lon="119.56984631717205047607421875">
        <ele>16.6000003814697265625</ele>
        <time>2025-05-30T21:58:42.000Z</time>
        <extensions>
          <ns3:TrackPointExtension>
            <ns3:atemp>25.0</ns3:atemp>
            <ns3:hr>134</ns3:hr>
            <ns3:cad>82</ns3:cad>
          </ns3:TrackPointExtension>
        </extensions>
      </trkpt>
      <trkpt lat="25.8571421541273593902587890625" lon="119.56983852200210094451904296875">
        <ele>16.6000003814697265625</ele>
        <time>2025-05-30T21:58:43.000Z</time>
        <extensions>
          <ns3:TrackPointExtension>
            <ns3:atemp>25.0</ns3:atemp>
            <ns3:hr>134</ns3:hr>
            <ns3:cad>82</ns3:cad>
          </ns3:TrackPointExtension>
        </extensions>
      </trkpt>
      <trkpt lat="25.85712329484522342681884765625" lon="119.56983030773699283599853515625">
        <ele>16.3999996185302734375</ele>
        <time>2025-05-30T21:58:44.000Z</time>
        <extensions>
          <ns3:TrackPointExtension>
            <ns3:atemp>25.0</ns3:atemp>
            <ns3:hr>134</ns3:hr>
            <ns3:cad>83</ns3:cad>
          </ns3:TrackPointExtension>
        </extensions>
      </trkpt>
      <trkpt lat="25.85710979998111724853515625" lon="119.56982460804283618927001953125">
        <ele>16.6000003814697265625</ele>
        <time>2025-05-30T21:58:45.000Z</time>
        <extensions>
          <ns3:TrackPointExtension>
            <ns3:atemp>25.0</ns3:atemp>
            <ns3:hr>134</ns3:hr>
            <ns3:cad>84</ns3:cad>
          </ns3:TrackPointExtension>
        </extensions>
      </trkpt>
      <trkpt lat="25.857089348137378692626953125" lon="119.56981639377772808074951171875">
        <ele>16.6000003814697265625</ele>
        <time>2025-05-30T21:58:46.000Z</time>
        <extensions>
          <ns3:TrackPointExtension>
            <ns3:atemp>25.0</ns3:atemp>
            <ns3:hr>135</ns3:hr>
            <ns3:cad>84</ns3:cad>
          </ns3:TrackPointExtension>
        </extensions>
      </trkpt>
      <trkpt lat="25.85707484744489192962646484375" lon="119.56980851478874683380126953125">
        <ele>16.6000003814697265625</ele>
        <time>2025-05-30T21:58:47.000Z</time>
        <extensions>
          <ns3:TrackPointExtension>
            <ns3:atemp>25.0</ns3:atemp>
            <ns3:hr>135</ns3:hr>
            <ns3:cad>84</ns3:cad>
          </ns3:TrackPointExtension>
        </extensions>
      </trkpt>
      <trkpt lat="25.8570603467524051666259765625" lon="119.56980566494166851043701171875">
        <ele>16.6000003814697265625</ele>
        <time>2025-05-30T21:58:48.000Z</time>
        <extensions>
          <ns3:TrackPointExtension>
            <ns3:atemp>25.0</ns3:atemp>
            <ns3:hr>135</ns3:hr>
            <ns3:cad>83</ns3:cad>
          </ns3:TrackPointExtension>
        </extensions>
      </trkpt>
      <trkpt lat="25.85703930817544460296630859375" lon="119.56979024223983287811279296875">
        <ele>16.6000003814697265625</ele>
        <time>2025-05-30T21:58:49.000Z</time>
        <extensions>
          <ns3:TrackPointExtension>
            <ns3:atemp>25.0</ns3:atemp>
            <ns3:hr>136</ns3:hr>
            <ns3:cad>83</ns3:cad>
          </ns3:TrackPointExtension>
        </extensions>
      </trkpt>
      <trkpt lat="25.857023634016513824462890625" lon="119.56978403963148593902587890625">
        <ele>16.6000003814697265625</ele>
        <time>2025-05-30T21:58:50.000Z</time>
        <extensions>
          <ns3:TrackPointExtension>
            <ns3:atemp>25.0</ns3:atemp>
            <ns3:hr>136</ns3:hr>
            <ns3:cad>83</ns3:cad>
          </ns3:TrackPointExtension>
        </extensions>
      </trkpt>
      <trkpt lat="25.85700678639113903045654296875" lon="119.5697673596441745758056640625">
        <ele>16.6000003814697265625</ele>
        <time>2025-05-30T21:58:51.000Z</time>
        <extensions>
          <ns3:TrackPointExtension>
            <ns3:atemp>25.0</ns3:atemp>
            <ns3:hr>136</ns3:hr>
            <ns3:cad>83</ns3:cad>
          </ns3:TrackPointExtension>
        </extensions>
      </trkpt>
      <trkpt lat="25.85698935203254222869873046875" lon="119.5697512663900852203369140625">
        <ele>16.6000003814697265625</ele>
        <time>2025-05-30T21:58:52.000Z</time>
        <extensions>
          <ns3:TrackPointExtension>
            <ns3:atemp>25.0</ns3:atemp>
            <ns3:hr>136</ns3:hr>
            <ns3:cad>82</ns3:cad>
          </ns3:TrackPointExtension>
        </extensions>
      </trkpt>
      <trkpt lat="25.8569736778736114501953125" lon="119.5697489194571971893310546875">
        <ele>16.6000003814697265625</ele>
        <time>2025-05-30T21:58:53.000Z</time>
        <extensions>
          <ns3:TrackPointExtension>
            <ns3:atemp>25.0</ns3:atemp>
            <ns3:hr>136</ns3:hr>
            <ns3:cad>82</ns3:cad>
          </ns3:TrackPointExtension>
        </extensions>
      </trkpt>
      <trkpt lat="25.856961272656917572021484375" lon="119.56973006017506122589111328125">
        <ele>16.799999237060546875</ele>
        <time>2025-05-30T21:58:54.000Z</time>
        <extensions>
          <ns3:TrackPointExtension>
            <ns3:atemp>25.0</ns3:atemp>
            <ns3:hr>136</ns3:hr>
            <ns3:cad>82</ns3:cad>
          </ns3:TrackPointExtension>
        </extensions>
      </trkpt>
      <trkpt lat="25.85695414803922176361083984375" lon="119.569709859788417816162109375">
        <ele>16.799999237060546875</ele>
        <time>2025-05-30T21:58:55.000Z</time>
        <extensions>
          <ns3:TrackPointExtension>
            <ns3:atemp>25.0</ns3:atemp>
            <ns3:hr>136</ns3:hr>
            <ns3:cad>82</ns3:cad>
          </ns3:TrackPointExtension>
        </extensions>
      </trkpt>
      <trkpt lat="25.85694526322185993194580078125" lon="119.56970223225653171539306640625">
        <ele>16.799999237060546875</ele>
        <time>2025-05-30T21:58:56.000Z</time>
        <extensions>
          <ns3:TrackPointExtension>
            <ns3:atemp>25.0</ns3:atemp>
            <ns3:hr>136</ns3:hr>
            <ns3:cad>83</ns3:cad>
          </ns3:TrackPointExtension>
        </extensions>
      </trkpt>
      <trkpt lat="25.85693403147161006927490234375" lon="119.56969720311462879180908203125">
        <ele>16.799999237060546875</ele>
        <time>2025-05-30T21:58:57.000Z</time>
        <extensions>
          <ns3:TrackPointExtension>
            <ns3:atemp>25.0</ns3:atemp>
            <ns3:hr>135</ns3:hr>
            <ns3:cad>83</ns3:cad>
          </ns3:TrackPointExtension>
        </extensions>
      </trkpt>
      <trkpt lat="25.85692967288196086883544921875" lon="119.56968278624117374420166015625">
        <ele>17</ele>
        <time>2025-05-30T21:58:58.000Z</time>
        <extensions>
          <ns3:TrackPointExtension>
            <ns3:atemp>25.0</ns3:atemp>
            <ns3:hr>136</ns3:hr>
            <ns3:cad>81</ns3:cad>
          </ns3:TrackPointExtension>
        </extensions>
      </trkpt>
      <trkpt lat="25.85692875087261199951171875" lon="119.56967256031930446624755859375">
        <ele>17</ele>
        <time>2025-05-30T21:58:59.000Z</time>
        <extensions>
          <ns3:TrackPointExtension>
            <ns3:atemp>25.0</ns3:atemp>
            <ns3:hr>135</ns3:hr>
            <ns3:cad>81</ns3:cad>
          </ns3:TrackPointExtension>
        </extensions>
      </trkpt>
      <trkpt lat="25.85692212916910648345947265625" lon="119.56966954283416271209716796875">
        <ele>16.799999237060546875</ele>
        <time>2025-05-30T21:59:00.000Z</time>
        <extensions>
          <ns3:TrackPointExtension>
            <ns3:atemp>25.0</ns3:atemp>
            <ns3:hr>135</ns3:hr>
            <ns3:cad>79</ns3:cad>
          </ns3:TrackPointExtension>
        </extensions>
      </trkpt>
      <trkpt lat="25.8569128252565860748291015625" lon="119.56966535188257694244384765625">
        <ele>16.799999237060546875</ele>
        <time>2025-05-30T21:59:01.000Z</time>
        <extensions>
          <ns3:TrackPointExtension>
            <ns3:atemp>25.0</ns3:atemp>
            <ns3:hr>135</ns3:hr>
            <ns3:cad>77</ns3:cad>
          </ns3:TrackPointExtension>
        </extensions>
      </trkpt>
      <trkpt lat="25.85689882747828960418701171875" lon="119.56964858807623386383056640625">
        <ele>16.799999237060546875</ele>
        <time>2025-05-30T21:59:02.000Z</time>
        <extensions>
          <ns3:TrackPointExtension>
            <ns3:atemp>25.0</ns3:atemp>
            <ns3:hr>135</ns3:hr>
            <ns3:cad>76</ns3:cad>
          </ns3:TrackPointExtension>
        </extensions>
      </trkpt>
      <trkpt lat="25.8568878471851348876953125" lon="119.569641463458538055419921875">
        <ele>16.799999237060546875</ele>
        <time>2025-05-30T21:59:03.000Z</time>
        <extensions>
          <ns3:TrackPointExtension>
            <ns3:atemp>25.0</ns3:atemp>
            <ns3:hr>136</ns3:hr>
            <ns3:cad>76</ns3:cad>
          </ns3:TrackPointExtension>
        </extensions>
      </trkpt>
      <trkpt lat="25.856870077550411224365234375" lon="119.569631405174732208251953125">
        <ele>16.6000003814697265625</ele>
        <time>2025-05-30T21:59:04.000Z</time>
        <extensions>
          <ns3:TrackPointExtension>
            <ns3:atemp>25.0</ns3:atemp>
            <ns3:hr>136</ns3:hr>
            <ns3:cad>76</ns3:cad>
          </ns3:TrackPointExtension>
        </extensions>
      </trkpt>
      <trkpt lat="25.85685255937278270721435546875" lon="119.56962143070995807647705078125">
        <ele>16.6000003814697265625</ele>
        <time>2025-05-30T21:59:05.000Z</time>
        <extensions>
          <ns3:TrackPointExtension>
            <ns3:atemp>25.0</ns3:atemp>
            <ns3:hr>136</ns3:hr>
            <ns3:cad>76</ns3:cad>
          </ns3:TrackPointExtension>
        </extensions>
      </trkpt>
      <trkpt lat="25.8568360470235347747802734375" lon="119.5696248672902584075927734375">
        <ele>16.6000003814697265625</ele>
        <time>2025-05-30T21:59:06.000Z</time>
        <extensions>
          <ns3:TrackPointExtension>
            <ns3:atemp>25.0</ns3:atemp>
            <ns3:hr>135</ns3:hr>
            <ns3:cad>76</ns3:cad>
          </ns3:TrackPointExtension>
        </extensions>
      </trkpt>
      <trkpt lat="25.85681266151368618011474609375" lon="119.56961606629192829132080078125">
        <ele>16.6000003814697265625</ele>
        <time>2025-05-30T21:59:07.000Z</time>
        <extensions>
          <ns3:TrackPointExtension>
            <ns3:atemp>25.0</ns3:atemp>
            <ns3:hr>135</ns3:hr>
            <ns3:cad>82</ns3:cad>
          </ns3:TrackPointExtension>
        </extensions>
      </trkpt>
      <trkpt lat="25.85679874755442142486572265625" lon="119.56961992196738719940185546875">
        <ele>16.799999237060546875</ele>
        <time>2025-05-30T21:59:08.000Z</time>
        <extensions>
          <ns3:TrackPointExtension>
            <ns3:atemp>25.0</ns3:atemp>
            <ns3:hr>135</ns3:hr>
            <ns3:cad>82</ns3:cad>
          </ns3:TrackPointExtension>
        </extensions>
      </trkpt>
      <trkpt lat="25.85677544586360454559326171875" lon="119.569624029099941253662109375">
        <ele>16.799999237060546875</ele>
        <time>2025-05-30T21:59:09.000Z</time>
        <extensions>
          <ns3:TrackPointExtension>
            <ns3:atemp>25.0</ns3:atemp>
            <ns3:hr>134</ns3:hr>
            <ns3:cad>82</ns3:cad>
          </ns3:TrackPointExtension>
        </extensions>
      </trkpt>
      <trkpt lat="25.85675683803856372833251953125" lon="119.56962729804217815399169921875">
        <ele>16.799999237060546875</ele>
        <time>2025-05-30T21:59:10.000Z</time>
        <extensions>
          <ns3:TrackPointExtension>
            <ns3:atemp>25.0</ns3:atemp>
            <ns3:hr>134</ns3:hr>
            <ns3:cad>84</ns3:cad>
          </ns3:TrackPointExtension>
        </extensions>
      </trkpt>
      <trkpt lat="25.85674099624156951904296875" lon="119.5696355961263179779052734375">
        <ele>16.799999237060546875</ele>
        <time>2025-05-30T21:59:11.000Z</time>
        <extensions>
          <ns3:TrackPointExtension>
            <ns3:atemp>25.0</ns3:atemp>
            <ns3:hr>134</ns3:hr>
            <ns3:cad>84</ns3:cad>
          </ns3:TrackPointExtension>
        </extensions>
      </trkpt>
      <trkpt lat="25.85671777836978435516357421875" lon="119.56964439712464809417724609375">
        <ele>16.799999237060546875</ele>
        <time>2025-05-30T21:59:12.000Z</time>
        <extensions>
          <ns3:TrackPointExtension>
            <ns3:atemp>25.0</ns3:atemp>
            <ns3:hr>133</ns3:hr>
            <ns3:cad>84</ns3:cad>
          </ns3:TrackPointExtension>
        </extensions>
      </trkpt>
      <trkpt lat="25.85670067928731441497802734375" lon="119.56965546123683452606201171875">
        <ele>16.799999237060546875</ele>
        <time>2025-05-30T21:59:13.000Z</time>
        <extensions>
          <ns3:TrackPointExtension>
            <ns3:atemp>25.0</ns3:atemp>
            <ns3:hr>134</ns3:hr>
            <ns3:cad>84</ns3:cad>
          </ns3:TrackPointExtension>
        </extensions>
      </trkpt>
      <trkpt lat="25.85668341256678104400634765625" lon="119.5696681179106235504150390625">
        <ele>16.799999237060546875</ele>
        <time>2025-05-30T21:59:14.000Z</time>
        <extensions>
          <ns3:TrackPointExtension>
            <ns3:atemp>25.0</ns3:atemp>
            <ns3:hr>134</ns3:hr>
            <ns3:cad>84</ns3:cad>
          </ns3:TrackPointExtension>
        </extensions>
      </trkpt>
      <trkpt lat="25.85666455328464508056640625" lon="119.569672308862209320068359375">
        <ele>16.799999237060546875</ele>
        <time>2025-05-30T21:59:15.000Z</time>
        <extensions>
          <ns3:TrackPointExtension>
            <ns3:atemp>25.0</ns3:atemp>
            <ns3:hr>134</ns3:hr>
            <ns3:cad>84</ns3:cad>
          </ns3:TrackPointExtension>
        </extensions>
      </trkpt>
      <trkpt lat="25.85665206424891948699951171875" lon="119.56968270242214202880859375">
        <ele>16.799999237060546875</ele>
        <time>2025-05-30T21:59:16.000Z</time>
        <extensions>
          <ns3:TrackPointExtension>
            <ns3:atemp>25.0</ns3:atemp>
            <ns3:hr>133</ns3:hr>
            <ns3:cad>83</ns3:cad>
          </ns3:TrackPointExtension>
        </extensions>
      </trkpt>
      <trkpt lat="25.85663043893873691558837890625" lon="119.56969820894300937652587890625">
        <ele>16.799999237060546875</ele>
        <time>2025-05-30T21:59:17.000Z</time>
        <extensions>
          <ns3:TrackPointExtension>
            <ns3:atemp>25.0</ns3:atemp>
            <ns3:hr>133</ns3:hr>
            <ns3:cad>83</ns3:cad>
          </ns3:TrackPointExtension>
        </extensions>
      </trkpt>
      <trkpt lat="25.85661233402788639068603515625" lon="119.56970910541713237762451171875">
        <ele>16.799999237060546875</ele>
        <time>2025-05-30T21:59:18.000Z</time>
        <extensions>
          <ns3:TrackPointExtension>
            <ns3:atemp>25.0</ns3:atemp>
            <ns3:hr>133</ns3:hr>
            <ns3:cad>83</ns3:cad>
          </ns3:TrackPointExtension>
        </extensions>
      </trkpt>
      <trkpt lat="25.85659942589700222015380859375" lon="119.5697247795760631561279296875">
        <ele>16.799999237060546875</ele>
        <time>2025-05-30T21:59:19.000Z</time>
        <extensions>
          <ns3:TrackPointExtension>
            <ns3:atemp>25.0</ns3:atemp>
            <ns3:hr>132</ns3:hr>
            <ns3:cad>82</ns3:cad>
          </ns3:TrackPointExtension>
        </extensions>
      </trkpt>
      <trkpt lat="25.8565772138535976409912109375" lon="119.5697365142405033111572265625">
        <ele>16.799999237060546875</ele>
        <time>2025-05-30T21:59:20.000Z</time>
        <extensions>
          <ns3:TrackPointExtension>
            <ns3:atemp>25.0</ns3:atemp>
            <ns3:hr>132</ns3:hr>
            <ns3:cad>82</ns3:cad>
          </ns3:TrackPointExtension>
        </extensions>
      </trkpt>
      <trkpt lat="25.85656824521720409393310546875" lon="119.56974749453365802764892578125">
        <ele>16.6000003814697265625</ele>
        <time>2025-05-30T21:59:21.000Z</time>
        <extensions>
          <ns3:TrackPointExtension>
            <ns3:atemp>25.0</ns3:atemp>
            <ns3:hr>132</ns3:hr>
            <ns3:cad>82</ns3:cad>
          </ns3:TrackPointExtension>
        </extensions>
      </trkpt>
      <trkpt lat="25.85655299015343189239501953125" lon="119.56976316869258880615234375">
        <ele>16.6000003814697265625</ele>
        <time>2025-05-30T21:59:22.000Z</time>
        <extensions>
          <ns3:TrackPointExtension>
            <ns3:atemp>25.0</ns3:atemp>
            <ns3:hr>132</ns3:hr>
            <ns3:cad>82</ns3:cad>
          </ns3:TrackPointExtension>
        </extensions>
      </trkpt>
      <trkpt lat="25.8565316163003444671630859375" lon="119.56977381370961666107177734375">
        <ele>16.6000003814697265625</ele>
        <time>2025-05-30T21:59:23.000Z</time>
        <extensions>
          <ns3:TrackPointExtension>
            <ns3:atemp>25.0</ns3:atemp>
            <ns3:hr>132</ns3:hr>
            <ns3:cad>82</ns3:cad>
          </ns3:TrackPointExtension>
        </extensions>
      </trkpt>
      <trkpt lat="25.8565215580165386199951171875" lon="119.569789655506610870361328125">
        <ele>16.6000003814697265625</ele>
        <time>2025-05-30T21:59:24.000Z</time>
        <extensions>
          <ns3:TrackPointExtension>
            <ns3:atemp>25.0</ns3:atemp>
            <ns3:hr>131</ns3:hr>
            <ns3:cad>82</ns3:cad>
          </ns3:TrackPointExtension>
        </extensions>
      </trkpt>
      <trkpt lat="25.8565021120011806488037109375" lon="119.56980449147522449493408203125">
        <ele>16.6000003814697265625</ele>
        <time>2025-05-30T21:59:25.000Z</time>
        <extensions>
          <ns3:TrackPointExtension>
            <ns3:atemp>25.0</ns3:atemp>
            <ns3:hr>131</ns3:hr>
            <ns3:cad>82</ns3:cad>
          </ns3:TrackPointExtension>
        </extensions>
      </trkpt>
      <trkpt lat="25.85648476146161556243896484375" lon="119.56981790252029895782470703125">
        <ele>16.6000003814697265625</ele>
        <time>2025-05-30T21:59:26.000Z</time>
        <extensions>
          <ns3:TrackPointExtension>
            <ns3:atemp>25.0</ns3:atemp>
            <ns3:hr>131</ns3:hr>
            <ns3:cad>82</ns3:cad>
          </ns3:TrackPointExtension>
        </extensions>
      </trkpt>
      <trkpt lat="25.85647738538682460784912109375" lon="119.56983097828924655914306640625">
        <ele>16.6000003814697265625</ele>
        <time>2025-05-30T21:59:27.000Z</time>
        <extensions>
          <ns3:TrackPointExtension>
            <ns3:atemp>25.0</ns3:atemp>
            <ns3:hr>131</ns3:hr>
            <ns3:cad>82</ns3:cad>
          </ns3:TrackPointExtension>
        </extensions>
      </trkpt>
      <trkpt lat="25.85645291022956371307373046875" lon="119.56983349286019802093505859375">
        <ele>16.6000003814697265625</ele>
        <time>2025-05-30T21:59:28.000Z</time>
        <extensions>
          <ns3:TrackPointExtension>
            <ns3:atemp>25.0</ns3:atemp>
            <ns3:hr>132</ns3:hr>
            <ns3:cad>82</ns3:cad>
          </ns3:TrackPointExtension>
        </extensions>
      </trkpt>
      <trkpt lat="25.8564427681267261505126953125" lon="119.56984237767755985260009765625">
        <ele>16.6000003814697265625</ele>
        <time>2025-05-30T21:59:29.000Z</time>
        <extensions>
          <ns3:TrackPointExtension>
            <ns3:atemp>25.0</ns3:atemp>
            <ns3:hr>132</ns3:hr>
            <ns3:cad>81</ns3:cad>
          </ns3:TrackPointExtension>
        </extensions>
      </trkpt>
      <trkpt lat="25.85642256774008274078369140625" lon="119.569852352142333984375">
        <ele>16.3999996185302734375</ele>
        <time>2025-05-30T21:59:30.000Z</time>
        <extensions>
          <ns3:TrackPointExtension>
            <ns3:atemp>25.0</ns3:atemp>
            <ns3:hr>132</ns3:hr>
            <ns3:cad>81</ns3:cad>
          </ns3:TrackPointExtension>
        </extensions>
      </trkpt>
      <trkpt lat="25.85640211589634418487548828125" lon="119.5698615722358226776123046875">
        <ele>16.3999996185302734375</ele>
        <time>2025-05-30T21:59:31.000Z</time>
        <extensions>
          <ns3:TrackPointExtension>
            <ns3:atemp>25.0</ns3:atemp>
            <ns3:hr>132</ns3:hr>
            <ns3:cad>82</ns3:cad>
          </ns3:TrackPointExtension>
        </extensions>
      </trkpt>
      <trkpt lat="25.85639230906963348388671875" lon="119.56988043151795864105224609375">
        <ele>16.3999996185302734375</ele>
        <time>2025-05-30T21:59:32.000Z</time>
        <extensions>
          <ns3:TrackPointExtension>
            <ns3:atemp>25.0</ns3:atemp>
            <ns3:hr>132</ns3:hr>
            <ns3:cad>82</ns3:cad>
          </ns3:TrackPointExtension>
        </extensions>
      </trkpt>
      <trkpt lat="25.85637311451137065887451171875" lon="119.56989384256303310394287109375">
        <ele>16.3999996185302734375</ele>
        <time>2025-05-30T21:59:33.000Z</time>
        <extensions>
          <ns3:TrackPointExtension>
            <ns3:atemp>25.0</ns3:atemp>
            <ns3:hr>132</ns3:hr>
            <ns3:cad>83</ns3:cad>
          </ns3:TrackPointExtension>
        </extensions>
      </trkpt>
      <trkpt lat="25.85636171512305736541748046875" lon="119.569909684360027313232421875">
        <ele>16.6000003814697265625</ele>
        <time>2025-05-30T21:59:34.000Z</time>
        <extensions>
          <ns3:TrackPointExtension>
            <ns3:atemp>25.0</ns3:atemp>
            <ns3:hr>133</ns3:hr>
            <ns3:cad>83</ns3:cad>
          </ns3:TrackPointExtension>
        </extensions>
      </trkpt>
      <trkpt lat="25.8563492260873317718505859375" lon="119.56992586143314838409423828125">
        <ele>16.6000003814697265625</ele>
        <time>2025-05-30T21:59:35.000Z</time>
        <extensions>
          <ns3:TrackPointExtension>
            <ns3:atemp>25.0</ns3:atemp>
            <ns3:hr>132</ns3:hr>
            <ns3:cad>83</ns3:cad>
          </ns3:TrackPointExtension>
        </extensions>
      </trkpt>
      <trkpt lat="25.85632651112973690032958984375" lon="119.5699396915733814239501953125">
        <ele>16.6000003814697265625</ele>
        <time>2025-05-30T21:59:36.000Z</time>
        <extensions>
          <ns3:TrackPointExtension>
            <ns3:atemp>25.0</ns3:atemp>
            <ns3:hr>132</ns3:hr>
            <ns3:cad>83</ns3:cad>
          </ns3:TrackPointExtension>
        </extensions>
      </trkpt>
      <trkpt lat="25.8563200570642948150634765625" lon="119.56995435990393161773681640625">
        <ele>16.6000003814697265625</ele>
        <time>2025-05-30T21:59:37.000Z</time>
        <extensions>
          <ns3:TrackPointExtension>
            <ns3:atemp>25.0</ns3:atemp>
            <ns3:hr>133</ns3:hr>
            <ns3:cad>83</ns3:cad>
          </ns3:TrackPointExtension>
        </extensions>
      </trkpt>
      <trkpt lat="25.8562979288399219512939453125" lon="119.56997095607221126556396484375">
        <ele>16.3999996185302734375</ele>
        <time>2025-05-30T21:59:38.000Z</time>
        <extensions>
          <ns3:TrackPointExtension>
            <ns3:atemp>25.0</ns3:atemp>
            <ns3:hr>132</ns3:hr>
            <ns3:cad>82</ns3:cad>
          </ns3:TrackPointExtension>
        </extensions>
      </trkpt>
      <trkpt lat="25.85628141649067401885986328125" lon="119.5699829421937465667724609375">
        <ele>16.3999996185302734375</ele>
        <time>2025-05-30T21:59:39.000Z</time>
        <extensions>
          <ns3:TrackPointExtension>
            <ns3:atemp>25.0</ns3:atemp>
            <ns3:hr>132</ns3:hr>
            <ns3:cad>82</ns3:cad>
          </ns3:TrackPointExtension>
        </extensions>
      </trkpt>
      <trkpt lat="25.8562727831304073333740234375" lon="119.56999652087688446044921875">
        <ele>16.3999996185302734375</ele>
        <time>2025-05-30T21:59:40.000Z</time>
        <extensions>
          <ns3:TrackPointExtension>
            <ns3:atemp>25.0</ns3:atemp>
            <ns3:hr>133</ns3:hr>
            <ns3:cad>82</ns3:cad>
          </ns3:TrackPointExtension>
        </extensions>
      </trkpt>
      <trkpt lat="25.85624839179217815399169921875" lon="119.57000532187521457672119140625">
        <ele>16.3999996185302734375</ele>
        <time>2025-05-30T21:59:41.000Z</time>
        <extensions>
          <ns3:TrackPointExtension>
            <ns3:atemp>26.0</ns3:atemp>
            <ns3:hr>133</ns3:hr>
            <ns3:cad>82</ns3:cad>
          </ns3:TrackPointExtension>
        </extensions>
      </trkpt>
      <trkpt lat="25.85623716004192829132080078125" lon="119.5700208283960819244384765625">
        <ele>16.3999996185302734375</ele>
        <time>2025-05-30T21:59:42.000Z</time>
        <extensions>
          <ns3:TrackPointExtension>
            <ns3:atemp>25.0</ns3:atemp>
            <ns3:hr>133</ns3:hr>
            <ns3:cad>83</ns3:cad>
          </ns3:TrackPointExtension>
        </extensions>
      </trkpt>
      <trkpt lat="25.856216959655284881591796875" lon="119.57003834657371044158935546875">
        <ele>16.3999996185302734375</ele>
        <time>2025-05-30T21:59:43.000Z</time>
        <extensions>
          <ns3:TrackPointExtension>
            <ns3:atemp>25.0</ns3:atemp>
            <ns3:hr>133</ns3:hr>
            <ns3:cad>83</ns3:cad>
          </ns3:TrackPointExtension>
        </extensions>
      </trkpt>
      <trkpt lat="25.8562033809721469879150390625" lon="119.5700494945049285888671875">
        <ele>16.3999996185302734375</ele>
        <time>2025-05-30T21:59:44.000Z</time>
        <extensions>
          <ns3:TrackPointExtension>
            <ns3:atemp>25.0</ns3:atemp>
            <ns3:hr>132</ns3:hr>
            <ns3:cad>84</ns3:cad>
          </ns3:TrackPointExtension>
        </extensions>
      </trkpt>
      <trkpt lat="25.85619558580219745635986328125" lon="119.57006751559674739837646484375">
        <ele>16.3999996185302734375</ele>
        <time>2025-05-30T21:59:45.000Z</time>
        <extensions>
          <ns3:TrackPointExtension>
            <ns3:atemp>25.0</ns3:atemp>
            <ns3:hr>133</ns3:hr>
            <ns3:cad>84</ns3:cad>
          </ns3:TrackPointExtension>
        </extensions>
      </trkpt>
      <trkpt lat="25.85617773234844207763671875" lon="119.570077322423458099365234375">
        <ele>16.3999996185302734375</ele>
        <time>2025-05-30T21:59:46.000Z</time>
        <extensions>
          <ns3:TrackPointExtension>
            <ns3:atemp>25.0</ns3:atemp>
            <ns3:hr>133</ns3:hr>
            <ns3:cad>84</ns3:cad>
          </ns3:TrackPointExtension>
        </extensions>
      </trkpt>
      <trkpt lat="25.85616591386497020721435546875" lon="119.57009308040142059326171875">
        <ele>16.200000762939453125</ele>
        <time>2025-05-30T21:59:47.000Z</time>
        <extensions>
          <ns3:TrackPointExtension>
            <ns3:atemp>25.0</ns3:atemp>
            <ns3:hr>133</ns3:hr>
            <ns3:cad>84</ns3:cad>
          </ns3:TrackPointExtension>
        </extensions>
      </trkpt>
      <trkpt lat="25.8561448752880096435546875" lon="119.5701093412935733795166015625">
        <ele>16.200000762939453125</ele>
        <time>2025-05-30T21:59:48.000Z</time>
        <extensions>
          <ns3:TrackPointExtension>
            <ns3:atemp>25.0</ns3:atemp>
            <ns3:hr>133</ns3:hr>
            <ns3:cad>84</ns3:cad>
          </ns3:TrackPointExtension>
        </extensions>
      </trkpt>
      <trkpt lat="25.85612752474844455718994140625" lon="119.57011998631060123443603515625">
        <ele>16.200000762939453125</ele>
        <time>2025-05-30T21:59:49.000Z</time>
        <extensions>
          <ns3:TrackPointExtension>
            <ns3:atemp>25.0</ns3:atemp>
            <ns3:hr>133</ns3:hr>
            <ns3:cad>84</ns3:cad>
          </ns3:TrackPointExtension>
        </extensions>
      </trkpt>
      <trkpt lat="25.85611210204660892486572265625" lon="119.57013490609824657440185546875">
        <ele>16.200000762939453125</ele>
        <time>2025-05-30T21:59:50.000Z</time>
        <extensions>
          <ns3:TrackPointExtension>
            <ns3:atemp>25.0</ns3:atemp>
            <ns3:hr>133</ns3:hr>
            <ns3:cad>84</ns3:cad>
          </ns3:TrackPointExtension>
        </extensions>
      </trkpt>
      <trkpt lat="25.856090895831584930419921875" lon="119.570145048201084136962890625">
        <ele>16.200000762939453125</ele>
        <time>2025-05-30T21:59:51.000Z</time>
        <extensions>
          <ns3:TrackPointExtension>
            <ns3:atemp>26.0</ns3:atemp>
            <ns3:hr>133</ns3:hr>
            <ns3:cad>83</ns3:cad>
          </ns3:TrackPointExtension>
        </extensions>
      </trkpt>
      <trkpt lat="25.85608460940420627593994140625" lon="119.57015653140842914581298828125">
        <ele>16.200000762939453125</ele>
        <time>2025-05-30T21:59:52.000Z</time>
        <extensions>
          <ns3:TrackPointExtension>
            <ns3:atemp>25.0</ns3:atemp>
            <ns3:hr>133</ns3:hr>
            <ns3:cad>83</ns3:cad>
          </ns3:TrackPointExtension>
        </extensions>
      </trkpt>
      <trkpt lat="25.85606373846530914306640625" lon="119.57017513923346996307373046875">
        <ele>16.200000762939453125</ele>
        <time>2025-05-30T21:59:53.000Z</time>
        <extensions>
          <ns3:TrackPointExtension>
            <ns3:atemp>25.0</ns3:atemp>
            <ns3:hr>133</ns3:hr>
            <ns3:cad>84</ns3:cad>
          </ns3:TrackPointExtension>
        </extensions>
      </trkpt>
      <trkpt lat="25.85604890249669551849365234375" lon="119.570187963545322418212890625">
        <ele>16.200000762939453125</ele>
        <time>2025-05-30T21:59:54.000Z</time>
        <extensions>
          <ns3:TrackPointExtension>
            <ns3:atemp>26.0</ns3:atemp>
            <ns3:hr>133</ns3:hr>
            <ns3:cad>84</ns3:cad>
          </ns3:TrackPointExtension>
        </extensions>
      </trkpt>
      <trkpt lat="25.856035910546779632568359375" lon="119.57020439207553863525390625">
        <ele>16.200000762939453125</ele>
        <time>2025-05-30T21:59:55.000Z</time>
        <extensions>
          <ns3:TrackPointExtension>
            <ns3:atemp>25.0</ns3:atemp>
            <ns3:hr>133</ns3:hr>
            <ns3:cad>84</ns3:cad>
          </ns3:TrackPointExtension>
        </extensions>
      </trkpt>
      <trkpt lat="25.85601386614143848419189453125" lon="119.57021285779774188995361328125">
        <ele>16.200000762939453125</ele>
        <time>2025-05-30T21:59:56.000Z</time>
        <extensions>
          <ns3:TrackPointExtension>
            <ns3:atemp>26.0</ns3:atemp>
            <ns3:hr>134</ns3:hr>
            <ns3:cad>83</ns3:cad>
          </ns3:TrackPointExtension>
        </extensions>
      </trkpt>
      <trkpt lat="25.85600397549569606781005859375" lon="119.57022610120475292205810546875">
        <ele>16.200000762939453125</ele>
        <time>2025-05-30T21:59:57.000Z</time>
        <extensions>
          <ns3:TrackPointExtension>
            <ns3:atemp>26.0</ns3:atemp>
            <ns3:hr>133</ns3:hr>
            <ns3:cad>83</ns3:cad>
          </ns3:TrackPointExtension>
        </extensions>
      </trkpt>
      <trkpt lat="25.85598218254745006561279296875" lon="119.57023783586919307708740234375">
        <ele>16.200000762939453125</ele>
        <time>2025-05-30T21:59:58.000Z</time>
        <extensions>
          <ns3:TrackPointExtension>
            <ns3:atemp>26.0</ns3:atemp>
            <ns3:hr>132</ns3:hr>
            <ns3:cad>83</ns3:cad>
          </ns3:TrackPointExtension>
        </extensions>
      </trkpt>
      <trkpt lat="25.85596290417015552520751953125" lon="119.5702498219907283782958984375">
        <ele>16.3999996185302734375</ele>
        <time>2025-05-30T21:59:59.000Z</time>
        <extensions>
          <ns3:TrackPointExtension>
            <ns3:atemp>26.0</ns3:atemp>
            <ns3:hr>132</ns3:hr>
            <ns3:cad>84</ns3:cad>
          </ns3:TrackPointExtension>
        </extensions>
      </trkpt>
      <trkpt lat="25.85594932548701763153076171875" lon="119.57026474177837371826171875">
        <ele>16.3999996185302734375</ele>
        <time>2025-05-30T22:00:00.000Z</time>
        <extensions>
          <ns3:TrackPointExtension>
            <ns3:atemp>25.0</ns3:atemp>
            <ns3:hr>133</ns3:hr>
            <ns3:cad>84</ns3:cad>
          </ns3:TrackPointExtension>
        </extensions>
      </trkpt>
      <trkpt lat="25.85592904128134250640869140625" lon="119.57027538679540157318115234375">
        <ele>16.3999996185302734375</ele>
        <time>2025-05-30T22:00:01.000Z</time>
        <extensions>
          <ns3:TrackPointExtension>
            <ns3:atemp>26.0</ns3:atemp>
            <ns3:hr>134</ns3:hr>
            <ns3:cad>84</ns3:cad>
          </ns3:TrackPointExtension>
        </extensions>
      </trkpt>
      <trkpt lat="25.8559150435030460357666015625" lon="119.57029449753463268280029296875">
        <ele>16.3999996185302734375</ele>
        <time>2025-05-30T22:00:02.000Z</time>
        <extensions>
          <ns3:TrackPointExtension>
            <ns3:atemp>26.0</ns3:atemp>
            <ns3:hr>134</ns3:hr>
            <ns3:cad>84</ns3:cad>
          </ns3:TrackPointExtension>
        </extensions>
      </trkpt>
      <trkpt lat="25.85589434020221233367919921875" lon="119.57030589692294597625732421875">
        <ele>16.3999996185302734375</ele>
        <time>2025-05-30T22:00:03.000Z</time>
        <extensions>
          <ns3:TrackPointExtension>
            <ns3:atemp>26.0</ns3:atemp>
            <ns3:hr>134</ns3:hr>
            <ns3:cad>84</ns3:cad>
          </ns3:TrackPointExtension>
        </extensions>
      </trkpt>
      <trkpt lat="25.85587330162525177001953125" lon="119.5703165419399738311767578125">
        <ele>16.3999996185302734375</ele>
        <time>2025-05-30T22:00:04.000Z</time>
        <extensions>
          <ns3:TrackPointExtension>
            <ns3:atemp>26.0</ns3:atemp>
            <ns3:hr>134</ns3:hr>
            <ns3:cad>83</ns3:cad>
          </ns3:TrackPointExtension>
        </extensions>
      </trkpt>
      <trkpt lat="25.855858884751796722412109375" lon="119.57033137790858745574951171875">
        <ele>16.3999996185302734375</ele>
        <time>2025-05-30T22:00:05.000Z</time>
        <extensions>
          <ns3:TrackPointExtension>
            <ns3:atemp>26.0</ns3:atemp>
            <ns3:hr>134</ns3:hr>
            <ns3:cad>83</ns3:cad>
          </ns3:TrackPointExtension>
        </extensions>
      </trkpt>
      <trkpt lat="25.85583843290805816650390625" lon="119.5703443698585033416748046875">
        <ele>16.200000762939453125</ele>
        <time>2025-05-30T22:00:06.000Z</time>
        <extensions>
          <ns3:TrackPointExtension>
            <ns3:atemp>26.0</ns3:atemp>
            <ns3:hr>134</ns3:hr>
            <ns3:cad>83</ns3:cad>
          </ns3:TrackPointExtension>
        </extensions>
      </trkpt>
      <trkpt lat="25.85583868436515331268310546875" lon="119.570356942713260650634765625">
        <ele>16.200000762939453125</ele>
        <time>2025-05-30T22:00:07.000Z</time>
        <extensions>
          <ns3:TrackPointExtension>
            <ns3:atemp>26.0</ns3:atemp>
            <ns3:hr>134</ns3:hr>
            <ns3:cad>83</ns3:cad>
          </ns3:TrackPointExtension>
        </extensions>
      </trkpt>
      <trkpt lat="25.85581990890204906463623046875" lon="119.5703772269189357757568359375">
        <ele>16.200000762939453125</ele>
        <time>2025-05-30T22:00:08.000Z</time>
        <extensions>
          <ns3:TrackPointExtension>
            <ns3:atemp>26.0</ns3:atemp>
            <ns3:hr>134</ns3:hr>
            <ns3:cad>83</ns3:cad>
          </ns3:TrackPointExtension>
        </extensions>
      </trkpt>
      <trkpt lat="25.85580046288669109344482421875" lon="119.57038602791726589202880859375">
        <ele>16</ele>
        <time>2025-05-30T22:00:09.000Z</time>
        <extensions>
          <ns3:TrackPointExtension>
            <ns3:atemp>26.0</ns3:atemp>
            <ns3:hr>133</ns3:hr>
            <ns3:cad>83</ns3:cad>
          </ns3:TrackPointExtension>
        </extensions>
      </trkpt>
      <trkpt lat="25.85578956641256809234619140625" lon="119.57040178589522838592529296875">
        <ele>16</ele>
        <time>2025-05-30T22:00:10.000Z</time>
        <extensions>
          <ns3:TrackPointExtension>
            <ns3:atemp>26.0</ns3:atemp>
            <ns3:hr>133</ns3:hr>
            <ns3:cad>83</ns3:cad>
          </ns3:TrackPointExtension>
        </extensions>
      </trkpt>
      <trkpt lat="25.8557648397982120513916015625" lon="119.5704174600541591644287109375">
        <ele>15.80000019073486328125</ele>
        <time>2025-05-30T22:00:11.000Z</time>
        <extensions>
          <ns3:TrackPointExtension>
            <ns3:atemp>26.0</ns3:atemp>
            <ns3:hr>133</ns3:hr>
            <ns3:cad>84</ns3:cad>
          </ns3:TrackPointExtension>
        </extensions>
      </trkpt>
      <trkpt lat="25.85575134493410587310791015625" lon="119.57042793743312358856201171875">
        <ele>15.80000019073486328125</ele>
        <time>2025-05-30T22:00:12.000Z</time>
        <extensions>
          <ns3:TrackPointExtension>
            <ns3:atemp>26.0</ns3:atemp>
            <ns3:hr>132</ns3:hr>
            <ns3:cad>84</ns3:cad>
          </ns3:TrackPointExtension>
        </extensions>
      </trkpt>
      <trkpt lat="25.855735838413238525390625" lon="119.570445120334625244140625">
        <ele>15.80000019073486328125</ele>
        <time>2025-05-30T22:00:13.000Z</time>
        <extensions>
          <ns3:TrackPointExtension>
            <ns3:atemp>26.0</ns3:atemp>
            <ns3:hr>132</ns3:hr>
            <ns3:cad>82</ns3:cad>
          </ns3:TrackPointExtension>
        </extensions>
      </trkpt>
      <trkpt lat="25.85571614094078540802001953125" lon="119.57046012394130229949951171875">
        <ele>15.80000019073486328125</ele>
        <time>2025-05-30T22:00:14.000Z</time>
        <extensions>
          <ns3:TrackPointExtension>
            <ns3:atemp>26.0</ns3:atemp>
            <ns3:hr>132</ns3:hr>
            <ns3:cad>82</ns3:cad>
          </ns3:TrackPointExtension>
        </extensions>
      </trkpt>
      <trkpt lat="25.8557078428566455841064453125" lon="119.57047504372894763946533203125">
        <ele>15.80000019073486328125</ele>
        <time>2025-05-30T22:00:15.000Z</time>
        <extensions>
          <ns3:TrackPointExtension>
            <ns3:atemp>26.0</ns3:atemp>
            <ns3:hr>132</ns3:hr>
            <ns3:cad>82</ns3:cad>
          </ns3:TrackPointExtension>
        </extensions>
      </trkpt>
      <trkpt lat="25.8556835353374481201171875" lon="119.57049231044948101043701171875">
        <ele>15.6000003814697265625</ele>
        <time>2025-05-30T22:00:16.000Z</time>
        <extensions>
          <ns3:TrackPointExtension>
            <ns3:atemp>26.0</ns3:atemp>
            <ns3:hr>131</ns3:hr>
            <ns3:cad>83</ns3:cad>
          </ns3:TrackPointExtension>
        </extensions>
      </trkpt>
      <trkpt lat="25.85567121393978595733642578125" lon="119.57050521858036518096923828125">
        <ele>15.80000019073486328125</ele>
        <time>2025-05-30T22:00:17.000Z</time>
        <extensions>
          <ns3:TrackPointExtension>
            <ns3:atemp>26.0</ns3:atemp>
            <ns3:hr>132</ns3:hr>
            <ns3:cad>83</ns3:cad>
          </ns3:TrackPointExtension>
        </extensions>
      </trkpt>
      <trkpt lat="25.85565528832376003265380859375" lon="119.57052499987185001373291015625">
        <ele>15.80000019073486328125</ele>
        <time>2025-05-30T22:00:18.000Z</time>
        <extensions>
          <ns3:TrackPointExtension>
            <ns3:atemp>26.0</ns3:atemp>
            <ns3:hr>132</ns3:hr>
            <ns3:cad>83</ns3:cad>
          </ns3:TrackPointExtension>
        </extensions>
      </trkpt>
      <trkpt lat="25.85563450120389461517333984375" lon="119.57053941674530506134033203125">
        <ele>15.6000003814697265625</ele>
        <time>2025-05-30T22:00:19.000Z</time>
        <extensions>
          <ns3:TrackPointExtension>
            <ns3:atemp>26.0</ns3:atemp>
            <ns3:hr>132</ns3:hr>
            <ns3:cad>83</ns3:cad>
          </ns3:TrackPointExtension>
        </extensions>
      </trkpt>
      <trkpt lat="25.855617821216583251953125" lon="119.57055710256099700927734375">
        <ele>15.6000003814697265625</ele>
        <time>2025-05-30T22:00:20.000Z</time>
        <extensions>
          <ns3:TrackPointExtension>
            <ns3:atemp>26.0</ns3:atemp>
            <ns3:hr>132</ns3:hr>
            <ns3:cad>83</ns3:cad>
          </ns3:TrackPointExtension>
        </extensions>
      </trkpt>
      <trkpt lat="25.8555911667644977569580078125" lon="119.57057227380573749542236328125">
        <ele>15.6000003814697265625</ele>
        <time>2025-05-30T22:00:21.000Z</time>
        <extensions>
          <ns3:TrackPointExtension>
            <ns3:atemp>26.0</ns3:atemp>
            <ns3:hr>133</ns3:hr>
            <ns3:cad>83</ns3:cad>
          </ns3:TrackPointExtension>
        </extensions>
      </trkpt>
      <trkpt lat="25.8555735647678375244140625" lon="119.570589624345302581787109375">
        <ele>15.6000003814697265625</ele>
        <time>2025-05-30T22:00:22.000Z</time>
        <extensions>
          <ns3:TrackPointExtension>
            <ns3:atemp>26.0</ns3:atemp>
            <ns3:hr>133</ns3:hr>
            <ns3:cad>83</ns3:cad>
          </ns3:TrackPointExtension>
        </extensions>
      </trkpt>
      <trkpt lat="25.85555973462760448455810546875" lon="119.5706055499613285064697265625">
        <ele>15.6000003814697265625</ele>
        <time>2025-05-30T22:00:23.000Z</time>
        <extensions>
          <ns3:TrackPointExtension>
            <ns3:atemp>26.0</ns3:atemp>
            <ns3:hr>133</ns3:hr>
            <ns3:cad>84</ns3:cad>
          </ns3:TrackPointExtension>
        </extensions>
      </trkpt>
      <trkpt lat="25.85553727112710475921630859375" lon="119.57061879336833953857421875">
        <ele>15.6000003814697265625</ele>
        <time>2025-05-30T22:00:24.000Z</time>
        <extensions>
          <ns3:TrackPointExtension>
            <ns3:atemp>26.0</ns3:atemp>
            <ns3:hr>132</ns3:hr>
            <ns3:cad>84</ns3:cad>
          </ns3:TrackPointExtension>
        </extensions>
      </trkpt>
      <trkpt lat="25.85552503354847431182861328125" lon="119.5706320367753505706787109375">
        <ele>15.6000003814697265625</ele>
        <time>2025-05-30T22:00:25.000Z</time>
        <extensions>
          <ns3:TrackPointExtension>
            <ns3:atemp>26.0</ns3:atemp>
            <ns3:hr>133</ns3:hr>
            <ns3:cad>84</ns3:cad>
          </ns3:TrackPointExtension>
        </extensions>
      </trkpt>
      <trkpt lat="25.855505168437957763671875" lon="119.57064586691558361053466796875">
        <ele>15.6000003814697265625</ele>
        <time>2025-05-30T22:00:26.000Z</time>
        <extensions>
          <ns3:TrackPointExtension>
            <ns3:atemp>26.0</ns3:atemp>
            <ns3:hr>133</ns3:hr>
            <ns3:cad>83</ns3:cad>
          </ns3:TrackPointExtension>
        </extensions>
      </trkpt>
      <trkpt lat="25.85548664443194866180419921875" lon="119.570662043988704681396484375">
        <ele>15.6000003814697265625</ele>
        <time>2025-05-30T22:00:27.000Z</time>
        <extensions>
          <ns3:TrackPointExtension>
            <ns3:atemp>26.0</ns3:atemp>
            <ns3:hr>132</ns3:hr>
            <ns3:cad>83</ns3:cad>
          </ns3:TrackPointExtension>
        </extensions>
      </trkpt>
      <trkpt lat="25.85547608323395252227783203125" lon="119.5706798136234283447265625">
        <ele>15.6000003814697265625</ele>
        <time>2025-05-30T22:00:28.000Z</time>
        <extensions>
          <ns3:TrackPointExtension>
            <ns3:atemp>26.0</ns3:atemp>
            <ns3:hr>133</ns3:hr>
            <ns3:cad>83</ns3:cad>
          </ns3:TrackPointExtension>
        </extensions>
      </trkpt>
      <trkpt lat="25.8554583974182605743408203125" lon="119.5706907100975513458251953125">
        <ele>15.6000003814697265625</ele>
        <time>2025-05-30T22:00:29.000Z</time>
        <extensions>
          <ns3:TrackPointExtension>
            <ns3:atemp>26.0</ns3:atemp>
            <ns3:hr>133</ns3:hr>
            <ns3:cad>83</ns3:cad>
          </ns3:TrackPointExtension>
        </extensions>
      </trkpt>
      <trkpt lat="25.85544305853545665740966796875" lon="119.57070328295230865478515625">
        <ele>15.6000003814697265625</ele>
        <time>2025-05-30T22:00:30.000Z</time>
        <extensions>
          <ns3:TrackPointExtension>
            <ns3:atemp>26.0</ns3:atemp>
            <ns3:hr>133</ns3:hr>
            <ns3:cad>83</ns3:cad>
          </ns3:TrackPointExtension>
        </extensions>
      </trkpt>
      <trkpt lat="25.855425707995891571044921875" lon="119.57071761600673198699951171875">
        <ele>15.6000003814697265625</ele>
        <time>2025-05-30T22:00:31.000Z</time>
        <extensions>
          <ns3:TrackPointExtension>
            <ns3:atemp>26.0</ns3:atemp>
            <ns3:hr>134</ns3:hr>
            <ns3:cad>83</ns3:cad>
          </ns3:TrackPointExtension>
        </extensions>
      </trkpt>
      <trkpt lat="25.8554071001708507537841796875" lon="119.57073203288018703460693359375">
        <ele>15.6000003814697265625</ele>
        <time>2025-05-30T22:00:32.000Z</time>
        <extensions>
          <ns3:TrackPointExtension>
            <ns3:atemp>26.0</ns3:atemp>
            <ns3:hr>134</ns3:hr>
            <ns3:cad>83</ns3:cad>
          </ns3:TrackPointExtension>
        </extensions>
      </trkpt>
      <trkpt lat="25.85539394058287143707275390625" lon="119.570747874677181243896484375">
        <ele>15.6000003814697265625</ele>
        <time>2025-05-30T22:00:33.000Z</time>
        <extensions>
          <ns3:TrackPointExtension>
            <ns3:atemp>26.0</ns3:atemp>
            <ns3:hr>134</ns3:hr>
            <ns3:cad>83</ns3:cad>
          </ns3:TrackPointExtension>
        </extensions>
      </trkpt>
      <trkpt lat="25.85537617094814777374267578125" lon="119.570756591856479644775390625">
        <ele>15.6000003814697265625</ele>
        <time>2025-05-30T22:00:34.000Z</time>
        <extensions>
          <ns3:TrackPointExtension>
            <ns3:atemp>26.0</ns3:atemp>
            <ns3:hr>135</ns3:hr>
            <ns3:cad>83</ns3:cad>
          </ns3:TrackPointExtension>
        </extensions>
      </trkpt>
      <trkpt lat="25.85536929778754711151123046875" lon="119.5707708410918712615966796875">
        <ele>15.3999996185302734375</ele>
        <time>2025-05-30T22:00:35.000Z</time>
        <extensions>
          <ns3:TrackPointExtension>
            <ns3:atemp>26.0</ns3:atemp>
            <ns3:hr>135</ns3:hr>
            <ns3:cad>83</ns3:cad>
          </ns3:TrackPointExtension>
        </extensions>
      </trkpt>
      <trkpt lat="25.8553480915725231170654296875" lon="119.57078902982175350189208984375">
        <ele>15.3999996185302734375</ele>
        <time>2025-05-30T22:00:36.000Z</time>
        <extensions>
          <ns3:TrackPointExtension>
            <ns3:atemp>26.0</ns3:atemp>
            <ns3:hr>135</ns3:hr>
            <ns3:cad>83</ns3:cad>
          </ns3:TrackPointExtension>
        </extensions>
      </trkpt>
      <trkpt lat="25.855329819023609161376953125" lon="119.57080009393393993377685546875">
        <ele>15.3999996185302734375</ele>
        <time>2025-05-30T22:00:37.000Z</time>
        <extensions>
          <ns3:TrackPointExtension>
            <ns3:atemp>26.0</ns3:atemp>
            <ns3:hr>136</ns3:hr>
            <ns3:cad>83</ns3:cad>
          </ns3:TrackPointExtension>
        </extensions>
      </trkpt>
      <trkpt lat="25.85531867109239101409912109375" lon="119.5708197914063930511474609375">
        <ele>15.3999996185302734375</ele>
        <time>2025-05-30T22:00:38.000Z</time>
        <extensions>
          <ns3:TrackPointExtension>
            <ns3:atemp>26.0</ns3:atemp>
            <ns3:hr>136</ns3:hr>
            <ns3:cad>83</ns3:cad>
          </ns3:TrackPointExtension>
        </extensions>
      </trkpt>
      <trkpt lat="25.85529805161058902740478515625" lon="119.570831693708896636962890625">
        <ele>15.3999996185302734375</ele>
        <time>2025-05-30T22:00:39.000Z</time>
        <extensions>
          <ns3:TrackPointExtension>
            <ns3:atemp>26.0</ns3:atemp>
            <ns3:hr>136</ns3:hr>
            <ns3:cad>83</ns3:cad>
          </ns3:TrackPointExtension>
        </extensions>
      </trkpt>
      <trkpt lat="25.85528899915516376495361328125" lon="119.5708472840487957000732421875">
        <ele>15.3999996185302734375</ele>
        <time>2025-05-30T22:00:40.000Z</time>
        <extensions>
          <ns3:TrackPointExtension>
            <ns3:atemp>26.0</ns3:atemp>
            <ns3:hr>135</ns3:hr>
            <ns3:cad>83</ns3:cad>
          </ns3:TrackPointExtension>
        </extensions>
      </trkpt>
      <trkpt lat="25.855268128216266632080078125" lon="119.57086530514061450958251953125">
        <ele>15.3999996185302734375</ele>
        <time>2025-05-30T22:00:41.000Z</time>
        <extensions>
          <ns3:TrackPointExtension>
            <ns3:atemp>26.0</ns3:atemp>
            <ns3:hr>136</ns3:hr>
            <ns3:cad>83</ns3:cad>
          </ns3:TrackPointExtension>
        </extensions>
      </trkpt>
      <trkpt lat="25.855248011648654937744140625" lon="119.57087620161473751068115234375">
        <ele>15.3999996185302734375</ele>
        <time>2025-05-30T22:00:42.000Z</time>
        <extensions>
          <ns3:TrackPointExtension>
            <ns3:atemp>26.0</ns3:atemp>
            <ns3:hr>136</ns3:hr>
            <ns3:cad>84</ns3:cad>
          </ns3:TrackPointExtension>
        </extensions>
      </trkpt>
      <trkpt lat="25.8552381210029125213623046875" lon="119.570890031754970550537109375">
        <ele>15.3999996185302734375</ele>
        <time>2025-05-30T22:00:43.000Z</time>
        <extensions>
          <ns3:TrackPointExtension>
            <ns3:atemp>26.0</ns3:atemp>
            <ns3:hr>135</ns3:hr>
            <ns3:cad>83</ns3:cad>
          </ns3:TrackPointExtension>
        </extensions>
      </trkpt>
      <trkpt lat="25.85521205328404903411865234375" lon="119.57090620882809162139892578125">
        <ele>15.3999996185302734375</ele>
        <time>2025-05-30T22:00:44.000Z</time>
        <extensions>
          <ns3:TrackPointExtension>
            <ns3:atemp>26.0</ns3:atemp>
            <ns3:hr>136</ns3:hr>
            <ns3:cad>84</ns3:cad>
          </ns3:TrackPointExtension>
        </extensions>
      </trkpt>
      <trkpt lat="25.85520140826702117919921875" lon="119.5709200389683246612548828125">
        <ele>15.19999980926513671875</ele>
        <time>2025-05-30T22:00:45.000Z</time>
        <extensions>
          <ns3:TrackPointExtension>
            <ns3:atemp>26.0</ns3:atemp>
            <ns3:hr>136</ns3:hr>
            <ns3:cad>83</ns3:cad>
          </ns3:TrackPointExtension>
        </extensions>
      </trkpt>
      <trkpt lat="25.85518531501293182373046875" lon="119.57094158045947551727294921875">
        <ele>15.19999980926513671875</ele>
        <time>2025-05-30T22:00:46.000Z</time>
        <extensions>
          <ns3:TrackPointExtension>
            <ns3:atemp>26.0</ns3:atemp>
            <ns3:hr>135</ns3:hr>
            <ns3:cad>83</ns3:cad>
          </ns3:TrackPointExtension>
        </extensions>
      </trkpt>
      <trkpt lat="25.85516612045466899871826171875" lon="119.57095180638134479522705078125">
        <ele>15</ele>
        <time>2025-05-30T22:00:47.000Z</time>
        <extensions>
          <ns3:TrackPointExtension>
            <ns3:atemp>26.0</ns3:atemp>
            <ns3:hr>135</ns3:hr>
            <ns3:cad>83</ns3:cad>
          </ns3:TrackPointExtension>
        </extensions>
      </trkpt>
      <trkpt lat="25.85515874437987804412841796875" lon="119.5709629543125629425048828125">
        <ele>15</ele>
        <time>2025-05-30T22:00:48.000Z</time>
        <extensions>
          <ns3:TrackPointExtension>
            <ns3:atemp>26.0</ns3:atemp>
            <ns3:hr>135</ns3:hr>
            <ns3:cad>82</ns3:cad>
          </ns3:TrackPointExtension>
        </extensions>
      </trkpt>
      <trkpt lat="25.85513426922261714935302734375" lon="119.5709756948053836822509765625">
        <ele>15</ele>
        <time>2025-05-30T22:00:49.000Z</time>
        <extensions>
          <ns3:TrackPointExtension>
            <ns3:atemp>26.0</ns3:atemp>
            <ns3:hr>134</ns3:hr>
            <ns3:cad>83</ns3:cad>
          </ns3:TrackPointExtension>
        </extensions>
      </trkpt>
      <trkpt lat="25.8551194332540035247802734375" lon="119.5709891058504581451416015625">
        <ele>15</ele>
        <time>2025-05-30T22:00:50.000Z</time>
        <extensions>
          <ns3:TrackPointExtension>
            <ns3:atemp>26.0</ns3:atemp>
            <ns3:hr>134</ns3:hr>
            <ns3:cad>84</ns3:cad>
          </ns3:TrackPointExtension>
        </extensions>
      </trkpt>
      <trkpt lat="25.85510510019958019256591796875" lon="119.57100771367549896240234375">
        <ele>15</ele>
        <time>2025-05-30T22:00:51.000Z</time>
        <extensions>
          <ns3:TrackPointExtension>
            <ns3:atemp>26.0</ns3:atemp>
            <ns3:hr>134</ns3:hr>
            <ns3:cad>84</ns3:cad>
          </ns3:TrackPointExtension>
        </extensions>
      </trkpt>
      <trkpt lat="25.85508783347904682159423828125" lon="119.57102338783442974090576171875">
        <ele>15</ele>
        <time>2025-05-30T22:00:52.000Z</time>
        <extensions>
          <ns3:TrackPointExtension>
            <ns3:atemp>26.0</ns3:atemp>
            <ns3:hr>134</ns3:hr>
            <ns3:cad>84</ns3:cad>
          </ns3:TrackPointExtension>
        </extensions>
      </trkpt>
      <trkpt lat="25.855075009167194366455078125" lon="119.57103746943175792694091796875">
        <ele>15</ele>
        <time>2025-05-30T22:00:53.000Z</time>
        <extensions>
          <ns3:TrackPointExtension>
            <ns3:atemp>26.0</ns3:atemp>
            <ns3:hr>135</ns3:hr>
            <ns3:cad>83</ns3:cad>
          </ns3:TrackPointExtension>
        </extensions>
      </trkpt>
      <trkpt lat="25.85504977963864803314208984375" lon="119.57104702480137348175048828125">
        <ele>15</ele>
        <time>2025-05-30T22:00:54.000Z</time>
        <extensions>
          <ns3:TrackPointExtension>
            <ns3:atemp>26.0</ns3:atemp>
            <ns3:hr>134</ns3:hr>
            <ns3:cad>83</ns3:cad>
          </ns3:TrackPointExtension>
        </extensions>
      </trkpt>
      <trkpt lat="25.85503821261227130889892578125" lon="119.5710615254938602447509765625">
        <ele>15</ele>
        <time>2025-05-30T22:00:55.000Z</time>
        <extensions>
          <ns3:TrackPointExtension>
            <ns3:atemp>26.0</ns3:atemp>
            <ns3:hr>134</ns3:hr>
            <ns3:cad>84</ns3:cad>
          </ns3:TrackPointExtension>
        </extensions>
      </trkpt>
      <trkpt lat="25.85501994006335735321044921875" lon="119.57108072005212306976318359375">
        <ele>15</ele>
        <time>2025-05-30T22:00:56.000Z</time>
        <extensions>
          <ns3:TrackPointExtension>
            <ns3:atemp>26.0</ns3:atemp>
            <ns3:hr>134</ns3:hr>
            <ns3:cad>84</ns3:cad>
          </ns3:TrackPointExtension>
        </extensions>
      </trkpt>
      <trkpt lat="25.8550007455050945281982421875" lon="119.571093209087848663330078125">
        <ele>15</ele>
        <time>2025-05-30T22:00:57.000Z</time>
        <extensions>
          <ns3:TrackPointExtension>
            <ns3:atemp>26.0</ns3:atemp>
            <ns3:hr>134</ns3:hr>
            <ns3:cad>84</ns3:cad>
          </ns3:TrackPointExtension>
        </extensions>
      </trkpt>
      <trkpt lat="25.85499026812613010406494140625" lon="119.57111097872257232666015625">
        <ele>15</ele>
        <time>2025-05-30T22:00:58.000Z</time>
        <extensions>
          <ns3:TrackPointExtension>
            <ns3:atemp>26.0</ns3:atemp>
            <ns3:hr>134</ns3:hr>
            <ns3:cad>84</ns3:cad>
          </ns3:TrackPointExtension>
        </extensions>
      </trkpt>
      <trkpt lat="25.8549678884446620941162109375" lon="119.57112346775829792022705078125">
        <ele>15</ele>
        <time>2025-05-30T22:00:59.000Z</time>
        <extensions>
          <ns3:TrackPointExtension>
            <ns3:atemp>26.0</ns3:atemp>
            <ns3:hr>134</ns3:hr>
            <ns3:cad>84</ns3:cad>
          </ns3:TrackPointExtension>
        </extensions>
      </trkpt>
      <trkpt lat="25.8549504540860652923583984375" lon="119.571136124432086944580078125">
        <ele>15</ele>
        <time>2025-05-30T22:01:00.000Z</time>
        <extensions>
          <ns3:TrackPointExtension>
            <ns3:atemp>26.0</ns3:atemp>
            <ns3:hr>134</ns3:hr>
            <ns3:cad>84</ns3:cad>
          </ns3:TrackPointExtension>
        </extensions>
      </trkpt>
      <trkpt lat="25.85493226535618305206298828125" lon="119.5711520500481128692626953125">
        <ele>15</ele>
        <time>2025-05-30T22:01:01.000Z</time>
        <extensions>
          <ns3:TrackPointExtension>
            <ns3:atemp>26.0</ns3:atemp>
            <ns3:hr>133</ns3:hr>
            <ns3:cad>84</ns3:cad>
          </ns3:TrackPointExtension>
        </extensions>
      </trkpt>
      <trkpt lat="25.85491265170276165008544921875" lon="119.57116504199802875518798828125">
        <ele>15</ele>
        <time>2025-05-30T22:01:02.000Z</time>
        <extensions>
          <ns3:TrackPointExtension>
            <ns3:atemp>26.0</ns3:atemp>
            <ns3:hr>133</ns3:hr>
            <ns3:cad>83</ns3:cad>
          </ns3:TrackPointExtension>
        </extensions>
      </trkpt>
      <trkpt lat="25.85490393452346324920654296875" lon="119.571183063089847564697265625">
        <ele>15</ele>
        <time>2025-05-30T22:01:03.000Z</time>
        <extensions>
          <ns3:TrackPointExtension>
            <ns3:atemp>26.0</ns3:atemp>
            <ns3:hr>133</ns3:hr>
            <ns3:cad>83</ns3:cad>
          </ns3:TrackPointExtension>
        </extensions>
      </trkpt>
      <trkpt lat="25.854881219565868377685546875" lon="119.57119571976363658905029296875">
        <ele>15</ele>
        <time>2025-05-30T22:01:04.000Z</time>
        <extensions>
          <ns3:TrackPointExtension>
            <ns3:atemp>26.0</ns3:atemp>
            <ns3:hr>133</ns3:hr>
            <ns3:cad>83</ns3:cad>
          </ns3:TrackPointExtension>
        </extensions>
      </trkpt>
      <trkpt lat="25.85486948490142822265625" lon="119.57120846025645732879638671875">
        <ele>15</ele>
        <time>2025-05-30T22:01:05.000Z</time>
        <extensions>
          <ns3:TrackPointExtension>
            <ns3:atemp>26.0</ns3:atemp>
            <ns3:hr>133</ns3:hr>
            <ns3:cad>83</ns3:cad>
          </ns3:TrackPointExtension>
        </extensions>
      </trkpt>
      <trkpt lat="25.8548505418002605438232421875" lon="119.571227990090847015380859375">
        <ele>15</ele>
        <time>2025-05-30T22:01:06.000Z</time>
        <extensions>
          <ns3:TrackPointExtension>
            <ns3:atemp>26.0</ns3:atemp>
            <ns3:hr>134</ns3:hr>
            <ns3:cad>84</ns3:cad>
          </ns3:TrackPointExtension>
        </extensions>
      </trkpt>
      <trkpt lat="25.85483134724199771881103515625" lon="119.57123897038400173187255859375">
        <ele>15</ele>
        <time>2025-05-30T22:01:07.000Z</time>
        <extensions>
          <ns3:TrackPointExtension>
            <ns3:atemp>26.0</ns3:atemp>
            <ns3:hr>134</ns3:hr>
            <ns3:cad>84</ns3:cad>
          </ns3:TrackPointExtension>
        </extensions>
      </trkpt>
      <trkpt lat="25.85481994785368442535400390625" lon="119.57125623710453510284423828125">
        <ele>15</ele>
        <time>2025-05-30T22:01:08.000Z</time>
        <extensions>
          <ns3:TrackPointExtension>
            <ns3:atemp>26.0</ns3:atemp>
            <ns3:hr>134</ns3:hr>
            <ns3:cad>84</ns3:cad>
          </ns3:TrackPointExtension>
        </extensions>
      </trkpt>
      <trkpt lat="25.85479832254350185394287109375" lon="119.57126998342573642730712890625">
        <ele>15</ele>
        <time>2025-05-30T22:01:09.000Z</time>
        <extensions>
          <ns3:TrackPointExtension>
            <ns3:atemp>26.0</ns3:atemp>
            <ns3:hr>133</ns3:hr>
            <ns3:cad>84</ns3:cad>
          </ns3:TrackPointExtension>
        </extensions>
      </trkpt>
      <trkpt lat="25.854789353907108306884765625" lon="119.57128322683274745941162109375">
        <ele>15</ele>
        <time>2025-05-30T22:01:10.000Z</time>
        <extensions>
          <ns3:TrackPointExtension>
            <ns3:atemp>26.0</ns3:atemp>
            <ns3:hr>133</ns3:hr>
            <ns3:cad>84</ns3:cad>
          </ns3:TrackPointExtension>
        </extensions>
      </trkpt>
      <trkpt lat="25.85477217100560665130615234375" lon="119.57129915244877338409423828125">
        <ele>15</ele>
        <time>2025-05-30T22:01:11.000Z</time>
        <extensions>
          <ns3:TrackPointExtension>
            <ns3:atemp>26.0</ns3:atemp>
            <ns3:hr>133</ns3:hr>
            <ns3:cad>84</ns3:cad>
          </ns3:TrackPointExtension>
        </extensions>
      </trkpt>
      <trkpt lat="25.8547513000667095184326171875" lon="119.5713128149509429931640625">
        <ele>15</ele>
        <time>2025-05-30T22:01:12.000Z</time>
        <extensions>
          <ns3:TrackPointExtension>
            <ns3:atemp>26.0</ns3:atemp>
            <ns3:hr>133</ns3:hr>
            <ns3:cad>84</ns3:cad>
          </ns3:TrackPointExtension>
        </extensions>
      </trkpt>
      <trkpt lat="25.854740403592586517333984375" lon="119.57132957875728607177734375">
        <ele>15</ele>
        <time>2025-05-30T22:01:13.000Z</time>
        <extensions>
          <ns3:TrackPointExtension>
            <ns3:atemp>26.0</ns3:atemp>
            <ns3:hr>133</ns3:hr>
            <ns3:cad>84</ns3:cad>
          </ns3:TrackPointExtension>
        </extensions>
      </trkpt>
      <trkpt lat="25.85471928119659423828125" lon="119.57134005613625049591064453125">
        <ele>15</ele>
        <time>2025-05-30T22:01:14.000Z</time>
        <extensions>
          <ns3:TrackPointExtension>
            <ns3:atemp>26.0</ns3:atemp>
            <ns3:hr>133</ns3:hr>
            <ns3:cad>84</ns3:cad>
          </ns3:TrackPointExtension>
        </extensions>
      </trkpt>
      <trkpt lat="25.85471131838858127593994140625" lon="119.571354389190673828125">
        <ele>15</ele>
        <time>2025-05-30T22:01:15.000Z</time>
        <extensions>
          <ns3:TrackPointExtension>
            <ns3:atemp>26.0</ns3:atemp>
            <ns3:hr>133</ns3:hr>
            <ns3:cad>83</ns3:cad>
          </ns3:TrackPointExtension>
        </extensions>
      </trkpt>
      <trkpt lat="25.8546884357929229736328125" lon="119.5713726617395877838134765625">
        <ele>15</ele>
        <time>2025-05-30T22:01:16.000Z</time>
        <extensions>
          <ns3:TrackPointExtension>
            <ns3:atemp>26.0</ns3:atemp>
            <ns3:hr>133</ns3:hr>
            <ns3:cad>83</ns3:cad>
          </ns3:TrackPointExtension>
        </extensions>
      </trkpt>
      <trkpt lat="25.85467167198657989501953125" lon="119.5713870786130428314208984375">
        <ele>15</ele>
        <time>2025-05-30T22:01:17.000Z</time>
        <extensions>
          <ns3:TrackPointExtension>
            <ns3:atemp>26.0</ns3:atemp>
            <ns3:hr>133</ns3:hr>
            <ns3:cad>84</ns3:cad>
          </ns3:TrackPointExtension>
        </extensions>
      </trkpt>
      <trkpt lat="25.85466035641729831695556640625" lon="119.57140191458165645599365234375">
        <ele>15</ele>
        <time>2025-05-30T22:01:18.000Z</time>
        <extensions>
          <ns3:TrackPointExtension>
            <ns3:atemp>26.0</ns3:atemp>
            <ns3:hr>132</ns3:hr>
            <ns3:cad>84</ns3:cad>
          </ns3:TrackPointExtension>
        </extensions>
      </trkpt>
      <trkpt lat="25.854639820754528045654296875" lon="119.571413733065128326416015625">
        <ele>15</ele>
        <time>2025-05-30T22:01:19.000Z</time>
        <extensions>
          <ns3:TrackPointExtension>
            <ns3:atemp>26.0</ns3:atemp>
            <ns3:hr>133</ns3:hr>
            <ns3:cad>84</ns3:cad>
          </ns3:TrackPointExtension>
        </extensions>
      </trkpt>
      <trkpt lat="25.85462984628975391387939453125" lon="119.57142421044409275054931640625">
        <ele>15</ele>
        <time>2025-05-30T22:01:20.000Z</time>
        <extensions>
          <ns3:TrackPointExtension>
            <ns3:atemp>26.0</ns3:atemp>
            <ns3:hr>133</ns3:hr>
            <ns3:cad>85</ns3:cad>
          </ns3:TrackPointExtension>
        </extensions>
      </trkpt>
      <trkpt lat="25.85460662841796875" lon="119.57143996842205524444580078125">
        <ele>15</ele>
        <time>2025-05-30T22:01:21.000Z</time>
        <extensions>
          <ns3:TrackPointExtension>
            <ns3:atemp>26.0</ns3:atemp>
            <ns3:hr>133</ns3:hr>
            <ns3:cad>85</ns3:cad>
          </ns3:TrackPointExtension>
        </extensions>
      </trkpt>
      <trkpt lat="25.854598917067050933837890625" lon="119.57145170308649539947509765625">
        <ele>15</ele>
        <time>2025-05-30T22:01:22.000Z</time>
        <extensions>
          <ns3:TrackPointExtension>
            <ns3:atemp>26.0</ns3:atemp>
            <ns3:hr>133</ns3:hr>
            <ns3:cad>84</ns3:cad>
          </ns3:TrackPointExtension>
        </extensions>
      </trkpt>
      <trkpt lat="25.854578800499439239501953125" lon="119.57147215493023395538330078125">
        <ele>15</ele>
        <time>2025-05-30T22:01:23.000Z</time>
        <extensions>
          <ns3:TrackPointExtension>
            <ns3:atemp>26.0</ns3:atemp>
            <ns3:hr>133</ns3:hr>
            <ns3:cad>84</ns3:cad>
          </ns3:TrackPointExtension>
        </extensions>
      </trkpt>
      <trkpt lat="25.854561366140842437744140625" lon="119.5714843086898326873779296875">
        <ele>15</ele>
        <time>2025-05-30T22:01:24.000Z</time>
        <extensions>
          <ns3:TrackPointExtension>
            <ns3:atemp>26.0</ns3:atemp>
            <ns3:hr>133</ns3:hr>
            <ns3:cad>84</ns3:cad>
          </ns3:TrackPointExtension>
        </extensions>
      </trkpt>
      <trkpt lat="25.85455072112381458282470703125" lon="119.57149964757263660430908203125">
        <ele>15</ele>
        <time>2025-05-30T22:01:25.000Z</time>
        <extensions>
          <ns3:TrackPointExtension>
            <ns3:atemp>26.0</ns3:atemp>
            <ns3:hr>133</ns3:hr>
            <ns3:cad>85</ns3:cad>
          </ns3:TrackPointExtension>
        </extensions>
      </trkpt>
      <trkpt lat="25.85452373139560222625732421875" lon="119.57151138223707675933837890625">
        <ele>15</ele>
        <time>2025-05-30T22:01:26.000Z</time>
        <extensions>
          <ns3:TrackPointExtension>
            <ns3:atemp>26.0</ns3:atemp>
            <ns3:hr>134</ns3:hr>
            <ns3:cad>85</ns3:cad>
          </ns3:TrackPointExtension>
        </extensions>
      </trkpt>
      <trkpt lat="25.85451367311179637908935546875" lon="119.5715198479592800140380859375">
        <ele>15</ele>
        <time>2025-05-30T22:01:27.000Z</time>
        <extensions>
          <ns3:TrackPointExtension>
            <ns3:atemp>26.0</ns3:atemp>
            <ns3:hr>133</ns3:hr>
            <ns3:cad>85</ns3:cad>
          </ns3:TrackPointExtension>
        </extensions>
      </trkpt>
      <trkpt lat="25.854491628706455230712890625" lon="119.571528397500514984130859375">
        <ele>15</ele>
        <time>2025-05-30T22:01:28.000Z</time>
        <extensions>
          <ns3:TrackPointExtension>
            <ns3:atemp>26.0</ns3:atemp>
            <ns3:hr>133</ns3:hr>
            <ns3:cad>86</ns3:cad>
          </ns3:TrackPointExtension>
        </extensions>
      </trkpt>
      <trkpt lat="25.85447260178625583648681640625" lon="119.571537785232067108154296875">
        <ele>15</ele>
        <time>2025-05-30T22:01:29.000Z</time>
        <extensions>
          <ns3:TrackPointExtension>
            <ns3:atemp>26.0</ns3:atemp>
            <ns3:hr>133</ns3:hr>
            <ns3:cad>85</ns3:cad>
          </ns3:TrackPointExtension>
        </extensions>
      </trkpt>
      <trkpt lat="25.85446178913116455078125" lon="119.57154960371553897857666015625">
        <ele>15</ele>
        <time>2025-05-30T22:01:30.000Z</time>
        <extensions>
          <ns3:TrackPointExtension>
            <ns3:atemp>26.0</ns3:atemp>
            <ns3:hr>134</ns3:hr>
            <ns3:cad>85</ns3:cad>
          </ns3:TrackPointExtension>
        </extensions>
      </trkpt>
      <trkpt lat="25.85443756543099880218505859375" lon="119.57155714742839336395263671875">
        <ele>14.80000019073486328125</ele>
        <time>2025-05-30T22:01:31.000Z</time>
        <extensions>
          <ns3:TrackPointExtension>
            <ns3:atemp>26.0</ns3:atemp>
            <ns3:hr>133</ns3:hr>
            <ns3:cad>84</ns3:cad>
          </ns3:TrackPointExtension>
        </extensions>
      </trkpt>
      <trkpt lat="25.8544270880520343780517578125" lon="119.5715644396841526031494140625">
        <ele>15</ele>
        <time>2025-05-30T22:01:32.000Z</time>
        <extensions>
          <ns3:TrackPointExtension>
            <ns3:atemp>26.0</ns3:atemp>
            <ns3:hr>133</ns3:hr>
            <ns3:cad>84</ns3:cad>
          </ns3:TrackPointExtension>
        </extensions>
      </trkpt>
      <trkpt lat="25.8544032834470272064208984375" lon="119.571577012538909912109375">
        <ele>14.80000019073486328125</ele>
        <time>2025-05-30T22:01:33.000Z</time>
        <extensions>
          <ns3:TrackPointExtension>
            <ns3:atemp>26.0</ns3:atemp>
            <ns3:hr>133</ns3:hr>
            <ns3:cad>85</ns3:cad>
          </ns3:TrackPointExtension>
        </extensions>
      </trkpt>
      <trkpt lat="25.8543880283832550048828125" lon="119.571583382785320281982421875">
        <ele>14.80000019073486328125</ele>
        <time>2025-05-30T22:01:34.000Z</time>
        <extensions>
          <ns3:TrackPointExtension>
            <ns3:atemp>26.0</ns3:atemp>
            <ns3:hr>133</ns3:hr>
            <ns3:cad>85</ns3:cad>
          </ns3:TrackPointExtension>
        </extensions>
      </trkpt>
      <trkpt lat="25.8543761260807514190673828125" lon="119.57159436307847499847412109375">
        <ele>14.80000019073486328125</ele>
        <time>2025-05-30T22:01:35.000Z</time>
        <extensions>
          <ns3:TrackPointExtension>
            <ns3:atemp>26.0</ns3:atemp>
            <ns3:hr>133</ns3:hr>
            <ns3:cad>84</ns3:cad>
          </ns3:TrackPointExtension>
        </extensions>
      </trkpt>
      <trkpt lat="25.8543576858937740325927734375" lon="119.5716016553342342376708984375">
        <ele>15</ele>
        <time>2025-05-30T22:01:36.000Z</time>
        <extensions>
          <ns3:TrackPointExtension>
            <ns3:atemp>26.0</ns3:atemp>
            <ns3:hr>133</ns3:hr>
            <ns3:cad>84</ns3:cad>
          </ns3:TrackPointExtension>
        </extensions>
      </trkpt>
      <trkpt lat="25.854347459971904754638671875" lon="119.57161598838865756988525390625">
        <ele>14.80000019073486328125</ele>
        <time>2025-05-30T22:01:37.000Z</time>
        <extensions>
          <ns3:TrackPointExtension>
            <ns3:atemp>26.0</ns3:atemp>
            <ns3:hr>132</ns3:hr>
            <ns3:cad>84</ns3:cad>
          </ns3:TrackPointExtension>
        </extensions>
      </trkpt>
      <trkpt lat="25.85433195345103740692138671875" lon="119.57163023762404918670654296875">
        <ele>14.80000019073486328125</ele>
        <time>2025-05-30T22:01:38.000Z</time>
        <extensions>
          <ns3:TrackPointExtension>
            <ns3:atemp>26.0</ns3:atemp>
            <ns3:hr>133</ns3:hr>
            <ns3:cad>84</ns3:cad>
          </ns3:TrackPointExtension>
        </extensions>
      </trkpt>
      <trkpt lat="25.8543094061315059661865234375" lon="119.5716398768126964569091796875">
        <ele>14.80000019073486328125</ele>
        <time>2025-05-30T22:01:39.000Z</time>
        <extensions>
          <ns3:TrackPointExtension>
            <ns3:atemp>26.0</ns3:atemp>
            <ns3:hr>133</ns3:hr>
            <ns3:cad>84</ns3:cad>
          </ns3:TrackPointExtension>
        </extensions>
      </trkpt>
      <trkpt lat="25.85429507307708263397216796875" lon="119.57165236584842205047607421875">
        <ele>14.80000019073486328125</ele>
        <time>2025-05-30T22:01:40.000Z</time>
        <extensions>
          <ns3:TrackPointExtension>
            <ns3:atemp>26.0</ns3:atemp>
            <ns3:hr>133</ns3:hr>
            <ns3:cad>84</ns3:cad>
          </ns3:TrackPointExtension>
        </extensions>
      </trkpt>
      <trkpt lat="25.8542788960039615631103515625" lon="119.57166711799800395965576171875">
        <ele>15</ele>
        <time>2025-05-30T22:01:41.000Z</time>
        <extensions>
          <ns3:TrackPointExtension>
            <ns3:atemp>26.0</ns3:atemp>
            <ns3:hr>132</ns3:hr>
            <ns3:cad>83</ns3:cad>
          </ns3:TrackPointExtension>
        </extensions>
      </trkpt>
      <trkpt lat="25.854261629283428192138671875" lon="119.57167826592922210693359375">
        <ele>15</ele>
        <time>2025-05-30T22:01:42.000Z</time>
        <extensions>
          <ns3:TrackPointExtension>
            <ns3:atemp>26.0</ns3:atemp>
            <ns3:hr>133</ns3:hr>
            <ns3:cad>83</ns3:cad>
          </ns3:TrackPointExtension>
        </extensions>
      </trkpt>
      <trkpt lat="25.8542458713054656982421875" lon="119.57169410772621631622314453125">
        <ele>15</ele>
        <time>2025-05-30T22:01:43.000Z</time>
        <extensions>
          <ns3:TrackPointExtension>
            <ns3:atemp>26.0</ns3:atemp>
            <ns3:hr>133</ns3:hr>
            <ns3:cad>83</ns3:cad>
          </ns3:TrackPointExtension>
        </extensions>
      </trkpt>
      <trkpt lat="25.854222737252712249755859375" lon="119.57170399837195873260498046875">
        <ele>14.80000019073486328125</ele>
        <time>2025-05-30T22:01:44.000Z</time>
        <extensions>
          <ns3:TrackPointExtension>
            <ns3:atemp>26.0</ns3:atemp>
            <ns3:hr>133</ns3:hr>
            <ns3:cad>83</ns3:cad>
          </ns3:TrackPointExtension>
        </extensions>
      </trkpt>
      <trkpt lat="25.8542141877114772796630859375" lon="119.57171807996928691864013671875">
        <ele>14.80000019073486328125</ele>
        <time>2025-05-30T22:01:45.000Z</time>
        <extensions>
          <ns3:TrackPointExtension>
            <ns3:atemp>26.0</ns3:atemp>
            <ns3:hr>133</ns3:hr>
            <ns3:cad>83</ns3:cad>
          </ns3:TrackPointExtension>
        </extensions>
      </trkpt>
      <trkpt lat="25.85419532842934131622314453125" lon="119.57173283211886882781982421875">
        <ele>14.80000019073486328125</ele>
        <time>2025-05-30T22:01:46.000Z</time>
        <extensions>
          <ns3:TrackPointExtension>
            <ns3:atemp>26.0</ns3:atemp>
            <ns3:hr>133</ns3:hr>
            <ns3:cad>83</ns3:cad>
          </ns3:TrackPointExtension>
        </extensions>
      </trkpt>
      <trkpt lat="25.854177810251712799072265625" lon="119.57174657844007015228271484375">
        <ele>14.80000019073486328125</ele>
        <time>2025-05-30T22:01:47.000Z</time>
        <extensions>
          <ns3:TrackPointExtension>
            <ns3:atemp>26.0</ns3:atemp>
            <ns3:hr>133</ns3:hr>
            <ns3:cad>83</ns3:cad>
          </ns3:TrackPointExtension>
        </extensions>
      </trkpt>
      <trkpt lat="25.85416599176824092864990234375" lon="119.5717642642557621002197265625">
        <ele>14.80000019073486328125</ele>
        <time>2025-05-30T22:01:48.000Z</time>
        <extensions>
          <ns3:TrackPointExtension>
            <ns3:atemp>26.0</ns3:atemp>
            <ns3:hr>133</ns3:hr>
            <ns3:cad>83</ns3:cad>
          </ns3:TrackPointExtension>
        </extensions>
      </trkpt>
      <trkpt lat="25.85414604283869266510009765625" lon="119.5717786811292171478271484375">
        <ele>14.80000019073486328125</ele>
        <time>2025-05-30T22:01:49.000Z</time>
        <extensions>
          <ns3:TrackPointExtension>
            <ns3:atemp>26.0</ns3:atemp>
            <ns3:hr>134</ns3:hr>
            <ns3:cad>82</ns3:cad>
          </ns3:TrackPointExtension>
        </extensions>
      </trkpt>
      <trkpt lat="25.85413581691682338714599609375" lon="119.5717971213161945343017578125">
        <ele>14.80000019073486328125</ele>
        <time>2025-05-30T22:01:50.000Z</time>
        <extensions>
          <ns3:TrackPointExtension>
            <ns3:atemp>26.0</ns3:atemp>
            <ns3:hr>134</ns3:hr>
            <ns3:cad>83</ns3:cad>
          </ns3:TrackPointExtension>
        </extensions>
      </trkpt>
      <trkpt lat="25.85411536507308483123779296875" lon="119.571813046932220458984375">
        <ele>14.6000003814697265625</ele>
        <time>2025-05-30T22:01:51.000Z</time>
        <extensions>
          <ns3:TrackPointExtension>
            <ns3:atemp>26.0</ns3:atemp>
            <ns3:hr>134</ns3:hr>
            <ns3:cad>83</ns3:cad>
          </ns3:TrackPointExtension>
        </extensions>
      </trkpt>
      <trkpt lat="25.8540958352386951446533203125" lon="119.5718259550631046295166015625">
        <ele>14.6000003814697265625</ele>
        <time>2025-05-30T22:01:52.000Z</time>
        <extensions>
          <ns3:TrackPointExtension>
            <ns3:atemp>26.0</ns3:atemp>
            <ns3:hr>134</ns3:hr>
            <ns3:cad>84</ns3:cad>
          </ns3:TrackPointExtension>
        </extensions>
      </trkpt>
      <trkpt lat="25.85407949052751064300537109375" lon="119.57184112630784511566162109375">
        <ele>14.6000003814697265625</ele>
        <time>2025-05-30T22:01:53.000Z</time>
        <extensions>
          <ns3:TrackPointExtension>
            <ns3:atemp>26.0</ns3:atemp>
            <ns3:hr>134</ns3:hr>
            <ns3:cad>84</ns3:cad>
          </ns3:TrackPointExtension>
        </extensions>
      </trkpt>
      <trkpt lat="25.854051411151885986328125" lon="119.5718527771532535552978515625">
        <ele>14.6000003814697265625</ele>
        <time>2025-05-30T22:01:54.000Z</time>
        <extensions>
          <ns3:TrackPointExtension>
            <ns3:atemp>26.0</ns3:atemp>
            <ns3:hr>134</ns3:hr>
            <ns3:cad>84</ns3:cad>
          </ns3:TrackPointExtension>
        </extensions>
      </trkpt>
      <trkpt lat="25.854036994278430938720703125" lon="119.57186878658831119537353515625">
        <ele>14.6000003814697265625</ele>
        <time>2025-05-30T22:01:55.000Z</time>
        <extensions>
          <ns3:TrackPointExtension>
            <ns3:atemp>26.0</ns3:atemp>
            <ns3:hr>134</ns3:hr>
            <ns3:cad>84</ns3:cad>
          </ns3:TrackPointExtension>
        </extensions>
      </trkpt>
      <trkpt lat="25.85401117801666259765625" lon="119.57188211381435394287109375">
        <ele>14.6000003814697265625</ele>
        <time>2025-05-30T22:01:56.000Z</time>
        <extensions>
          <ns3:TrackPointExtension>
            <ns3:atemp>26.0</ns3:atemp>
            <ns3:hr>134</ns3:hr>
            <ns3:cad>84</ns3:cad>
          </ns3:TrackPointExtension>
        </extensions>
      </trkpt>
      <trkpt lat="25.85399282164871692657470703125" lon="119.5718970336019992828369140625">
        <ele>14.6000003814697265625</ele>
        <time>2025-05-30T22:01:57.000Z</time>
        <extensions>
          <ns3:TrackPointExtension>
            <ns3:atemp>26.0</ns3:atemp>
            <ns3:hr>134</ns3:hr>
            <ns3:cad>83</ns3:cad>
          </ns3:TrackPointExtension>
        </extensions>
      </trkpt>
      <trkpt lat="25.85397538729012012481689453125" lon="119.5719127915799617767333984375">
        <ele>14.6000003814697265625</ele>
        <time>2025-05-30T22:01:58.000Z</time>
        <extensions>
          <ns3:TrackPointExtension>
            <ns3:atemp>26.0</ns3:atemp>
            <ns3:hr>134</ns3:hr>
            <ns3:cad>83</ns3:cad>
          </ns3:TrackPointExtension>
        </extensions>
      </trkpt>
      <trkpt lat="25.853952504694461822509765625" lon="119.5719230175018310546875">
        <ele>14.6000003814697265625</ele>
        <time>2025-05-30T22:01:59.000Z</time>
        <extensions>
          <ns3:TrackPointExtension>
            <ns3:atemp>26.0</ns3:atemp>
            <ns3:hr>134</ns3:hr>
            <ns3:cad>83</ns3:cad>
          </ns3:TrackPointExtension>
        </extensions>
      </trkpt>
      <trkpt lat="25.85394638590514659881591796875" lon="119.57193785347044467926025390625">
        <ele>14.6000003814697265625</ele>
        <time>2025-05-30T22:02:00.000Z</time>
        <extensions>
          <ns3:TrackPointExtension>
            <ns3:atemp>26.0</ns3:atemp>
            <ns3:hr>134</ns3:hr>
            <ns3:cad>83</ns3:cad>
          </ns3:TrackPointExtension>
        </extensions>
      </trkpt>
      <trkpt lat="25.85392258130013942718505859375" lon="119.571953527629375457763671875">
        <ele>14.6000003814697265625</ele>
        <time>2025-05-30T22:02:01.000Z</time>
        <extensions>
          <ns3:TrackPointExtension>
            <ns3:atemp>26.0</ns3:atemp>
            <ns3:hr>134</ns3:hr>
            <ns3:cad>84</ns3:cad>
          </ns3:TrackPointExtension>
        </extensions>
      </trkpt>
      <trkpt lat="25.8539027161896228790283203125" lon="119.5719659328460693359375">
        <ele>14.6000003814697265625</ele>
        <time>2025-05-30T22:02:02.000Z</time>
        <extensions>
          <ns3:TrackPointExtension>
            <ns3:atemp>26.0</ns3:atemp>
            <ns3:hr>134</ns3:hr>
            <ns3:cad>84</ns3:cad>
          </ns3:TrackPointExtension>
        </extensions>
      </trkpt>
      <trkpt lat="25.85388989187777042388916015625" lon="119.5719833672046661376953125">
        <ele>14.6000003814697265625</ele>
        <time>2025-05-30T22:02:03.000Z</time>
        <extensions>
          <ns3:TrackPointExtension>
            <ns3:atemp>26.0</ns3:atemp>
            <ns3:hr>134</ns3:hr>
            <ns3:cad>84</ns3:cad>
          </ns3:TrackPointExtension>
        </extensions>
      </trkpt>
      <trkpt lat="25.85386524908244609832763671875" lon="119.57199250347912311553955078125">
        <ele>14.6000003814697265625</ele>
        <time>2025-05-30T22:02:04.000Z</time>
        <extensions>
          <ns3:TrackPointExtension>
            <ns3:atemp>26.0</ns3:atemp>
            <ns3:hr>134</ns3:hr>
            <ns3:cad>84</ns3:cad>
          </ns3:TrackPointExtension>
        </extensions>
      </trkpt>
      <trkpt lat="25.8538504131138324737548828125" lon="119.5720059983432292938232421875">
        <ele>14.6000003814697265625</ele>
        <time>2025-05-30T22:02:05.000Z</time>
        <extensions>
          <ns3:TrackPointExtension>
            <ns3:atemp>27.0</ns3:atemp>
            <ns3:hr>135</ns3:hr>
            <ns3:cad>82</ns3:cad>
          </ns3:TrackPointExtension>
        </extensions>
      </trkpt>
      <trkpt lat="25.85382451303303241729736328125" lon="119.5720182359218597412109375">
        <ele>14.6000003814697265625</ele>
        <time>2025-05-30T22:02:06.000Z</time>
        <extensions>
          <ns3:TrackPointExtension>
            <ns3:atemp>26.0</ns3:atemp>
            <ns3:hr>135</ns3:hr>
            <ns3:cad>82</ns3:cad>
          </ns3:TrackPointExtension>
        </extensions>
      </trkpt>
      <trkpt lat="25.8538058213889598846435546875" lon="119.5720236003398895263671875">
        <ele>14.6000003814697265625</ele>
        <time>2025-05-30T22:02:07.000Z</time>
        <extensions>
          <ns3:TrackPointExtension>
            <ns3:atemp>26.0</ns3:atemp>
            <ns3:hr>135</ns3:hr>
            <ns3:cad>83</ns3:cad>
          </ns3:TrackPointExtension>
        </extensions>
      </trkpt>
      <trkpt lat="25.85379065014421939849853515625" lon="119.57203642465174198150634765625">
        <ele>14.6000003814697265625</ele>
        <time>2025-05-30T22:02:08.000Z</time>
        <extensions>
          <ns3:TrackPointExtension>
            <ns3:atemp>26.0</ns3:atemp>
            <ns3:hr>135</ns3:hr>
            <ns3:cad>84</ns3:cad>
          </ns3:TrackPointExtension>
        </extensions>
      </trkpt>
      <trkpt lat="25.85376349277794361114501953125" lon="119.57204530946910381317138671875">
        <ele>14.3999996185302734375</ele>
        <time>2025-05-30T22:02:09.000Z</time>
        <extensions>
          <ns3:TrackPointExtension>
            <ns3:atemp>27.0</ns3:atemp>
            <ns3:hr>135</ns3:hr>
            <ns3:cad>84</ns3:cad>
          </ns3:TrackPointExtension>
        </extensions>
      </trkpt>
      <trkpt lat="25.853752009570598602294921875" lon="119.5720556192100048065185546875">
        <ele>14.3999996185302734375</ele>
        <time>2025-05-30T22:02:10.000Z</time>
        <extensions>
          <ns3:TrackPointExtension>
            <ns3:atemp>26.0</ns3:atemp>
            <ns3:hr>136</ns3:hr>
            <ns3:cad>83</ns3:cad>
          </ns3:TrackPointExtension>
        </extensions>
      </trkpt>
      <trkpt lat="25.85373063571751117706298828125" lon="119.572072885930538177490234375">
        <ele>14.3999996185302734375</ele>
        <time>2025-05-30T22:02:11.000Z</time>
        <extensions>
          <ns3:TrackPointExtension>
            <ns3:atemp>26.0</ns3:atemp>
            <ns3:hr>135</ns3:hr>
            <ns3:cad>83</ns3:cad>
          </ns3:TrackPointExtension>
        </extensions>
      </trkpt>
      <trkpt lat="25.85370565764605998992919921875" lon="119.572080262005329132080078125">
        <ele>14.3999996185302734375</ele>
        <time>2025-05-30T22:02:12.000Z</time>
        <extensions>
          <ns3:TrackPointExtension>
            <ns3:atemp>27.0</ns3:atemp>
            <ns3:hr>135</ns3:hr>
            <ns3:cad>82</ns3:cad>
          </ns3:TrackPointExtension>
        </extensions>
      </trkpt>
      <trkpt lat="25.8536874689161777496337890625" lon="119.5720906555652618408203125">
        <ele>14.3999996185302734375</ele>
        <time>2025-05-30T22:02:13.000Z</time>
        <extensions>
          <ns3:TrackPointExtension>
            <ns3:atemp>26.0</ns3:atemp>
            <ns3:hr>136</ns3:hr>
            <ns3:cad>82</ns3:cad>
          </ns3:TrackPointExtension>
        </extensions>
      </trkpt>
      <trkpt lat="25.8536593057215213775634765625" lon="119.57209476269781589508056640625">
        <ele>14.3999996185302734375</ele>
        <time>2025-05-30T22:02:14.000Z</time>
        <extensions>
          <ns3:TrackPointExtension>
            <ns3:atemp>27.0</ns3:atemp>
            <ns3:hr>135</ns3:hr>
            <ns3:cad>82</ns3:cad>
          </ns3:TrackPointExtension>
        </extensions>
      </trkpt>
      <trkpt lat="25.85364530794322490692138671875" lon="119.57210532389581203460693359375">
        <ele>14.3999996185302734375</ele>
        <time>2025-05-30T22:02:15.000Z</time>
        <extensions>
          <ns3:TrackPointExtension>
            <ns3:atemp>26.0</ns3:atemp>
            <ns3:hr>135</ns3:hr>
            <ns3:cad>83</ns3:cad>
          </ns3:TrackPointExtension>
        </extensions>
      </trkpt>
      <trkpt lat="25.853624604642391204833984375" lon="119.57211990840733051300048828125">
        <ele>14.3999996185302734375</ele>
        <time>2025-05-30T22:02:16.000Z</time>
        <extensions>
          <ns3:TrackPointExtension>
            <ns3:atemp>27.0</ns3:atemp>
            <ns3:hr>136</ns3:hr>
            <ns3:cad>83</ns3:cad>
          </ns3:TrackPointExtension>
        </extensions>
      </trkpt>
      <trkpt lat="25.8536006323993206024169921875" lon="119.57212711684405803680419921875">
        <ele>14.3999996185302734375</ele>
        <time>2025-05-30T22:02:17.000Z</time>
        <extensions>
          <ns3:TrackPointExtension>
            <ns3:atemp>26.0</ns3:atemp>
            <ns3:hr>136</ns3:hr>
            <ns3:cad>83</ns3:cad>
          </ns3:TrackPointExtension>
        </extensions>
      </trkpt>
      <trkpt lat="25.85358814336359500885009765625" lon="119.572137929499149322509765625">
        <ele>14.3999996185302734375</ele>
        <time>2025-05-30T22:02:18.000Z</time>
        <extensions>
          <ns3:TrackPointExtension>
            <ns3:atemp>27.0</ns3:atemp>
            <ns3:hr>136</ns3:hr>
            <ns3:cad>84</ns3:cad>
          </ns3:TrackPointExtension>
        </extensions>
      </trkpt>
      <trkpt lat="25.8535630814731121063232421875" lon="119.5721431262791156768798828125">
        <ele>14.19999980926513671875</ele>
        <time>2025-05-30T22:02:19.000Z</time>
        <extensions>
          <ns3:TrackPointExtension>
            <ns3:atemp>27.0</ns3:atemp>
            <ns3:hr>135</ns3:hr>
            <ns3:cad>84</ns3:cad>
          </ns3:TrackPointExtension>
        </extensions>
      </trkpt>
      <trkpt lat="25.8535463176667690277099609375" lon="119.5721501670777797698974609375">
        <ele>14.3999996185302734375</ele>
        <time>2025-05-30T22:02:20.000Z</time>
        <extensions>
          <ns3:TrackPointExtension>
            <ns3:atemp>27.0</ns3:atemp>
            <ns3:hr>136</ns3:hr>
            <ns3:cad>84</ns3:cad>
          </ns3:TrackPointExtension>
        </extensions>
      </trkpt>
      <trkpt lat="25.85353114642202854156494140625" lon="119.5721632428467273712158203125">
        <ele>14.3999996185302734375</ele>
        <time>2025-05-30T22:02:21.000Z</time>
        <extensions>
          <ns3:TrackPointExtension>
            <ns3:atemp>27.0</ns3:atemp>
            <ns3:hr>136</ns3:hr>
            <ns3:cad>84</ns3:cad>
          </ns3:TrackPointExtension>
        </extensions>
      </trkpt>
      <trkpt lat="25.85350432433187961578369140625" lon="119.57216617651283740997314453125">
        <ele>14.3999996185302734375</ele>
        <time>2025-05-30T22:02:22.000Z</time>
        <extensions>
          <ns3:TrackPointExtension>
            <ns3:atemp>27.0</ns3:atemp>
            <ns3:hr>135</ns3:hr>
            <ns3:cad>83</ns3:cad>
          </ns3:TrackPointExtension>
        </extensions>
      </trkpt>
      <trkpt lat="25.8534908294677734375" lon="119.572176150977611541748046875">
        <ele>14.3999996185302734375</ele>
        <time>2025-05-30T22:02:23.000Z</time>
        <extensions>
          <ns3:TrackPointExtension>
            <ns3:atemp>27.0</ns3:atemp>
            <ns3:hr>136</ns3:hr>
            <ns3:cad>83</ns3:cad>
          </ns3:TrackPointExtension>
        </extensions>
      </trkpt>
      <trkpt lat="25.85346736013889312744140625" lon="119.57218520343303680419921875">
        <ele>14.19999980926513671875</ele>
        <time>2025-05-30T22:02:24.000Z</time>
        <extensions>
          <ns3:TrackPointExtension>
            <ns3:atemp>27.0</ns3:atemp>
            <ns3:hr>136</ns3:hr>
            <ns3:cad>83</ns3:cad>
          </ns3:TrackPointExtension>
        </extensions>
      </trkpt>
      <trkpt lat="25.85344456136226654052734375" lon="119.57218914292752742767333984375">
        <ele>14.19999980926513671875</ele>
        <time>2025-05-30T22:02:25.000Z</time>
        <extensions>
          <ns3:TrackPointExtension>
            <ns3:atemp>27.0</ns3:atemp>
            <ns3:hr>135</ns3:hr>
            <ns3:cad>83</ns3:cad>
          </ns3:TrackPointExtension>
        </extensions>
      </trkpt>
      <trkpt lat="25.8534272946417331695556640625" lon="119.57219903357326984405517578125">
        <ele>14.19999980926513671875</ele>
        <time>2025-05-30T22:02:26.000Z</time>
        <extensions>
          <ns3:TrackPointExtension>
            <ns3:atemp>27.0</ns3:atemp>
            <ns3:hr>136</ns3:hr>
            <ns3:cad>83</ns3:cad>
          </ns3:TrackPointExtension>
        </extensions>
      </trkpt>
      <trkpt lat="25.85340206511318683624267578125" lon="119.57219551317393779754638671875">
        <ele>14.19999980926513671875</ele>
        <time>2025-05-30T22:02:27.000Z</time>
        <extensions>
          <ns3:TrackPointExtension>
            <ns3:atemp>27.0</ns3:atemp>
            <ns3:hr>136</ns3:hr>
            <ns3:cad>83</ns3:cad>
          </ns3:TrackPointExtension>
        </extensions>
      </trkpt>
      <trkpt lat="25.85338764823973178863525390625" lon="119.57220573909580707550048828125">
        <ele>14.19999980926513671875</ele>
        <time>2025-05-30T22:02:28.000Z</time>
        <extensions>
          <ns3:TrackPointExtension>
            <ns3:atemp>27.0</ns3:atemp>
            <ns3:hr>135</ns3:hr>
            <ns3:cad>83</ns3:cad>
          </ns3:TrackPointExtension>
        </extensions>
      </trkpt>
      <trkpt lat="25.8533635921776294708251953125" lon="119.5722113549709320068359375">
        <ele>14.19999980926513671875</ele>
        <time>2025-05-30T22:02:29.000Z</time>
        <extensions>
          <ns3:TrackPointExtension>
            <ns3:atemp>27.0</ns3:atemp>
            <ns3:hr>136</ns3:hr>
            <ns3:cad>83</ns3:cad>
          </ns3:TrackPointExtension>
        </extensions>
      </trkpt>
      <trkpt lat="25.85334263741970062255859375" lon="119.5722145400941371917724609375">
        <ele>14.19999980926513671875</ele>
        <time>2025-05-30T22:02:30.000Z</time>
        <extensions>
          <ns3:TrackPointExtension>
            <ns3:atemp>27.0</ns3:atemp>
            <ns3:hr>136</ns3:hr>
            <ns3:cad>83</ns3:cad>
          </ns3:TrackPointExtension>
        </extensions>
      </trkpt>
      <trkpt lat="25.85332654416561126708984375" lon="119.572223089635372161865234375">
        <ele>14.19999980926513671875</ele>
        <time>2025-05-30T22:02:31.000Z</time>
        <extensions>
          <ns3:TrackPointExtension>
            <ns3:atemp>27.0</ns3:atemp>
            <ns3:hr>135</ns3:hr>
            <ns3:cad>83</ns3:cad>
          </ns3:TrackPointExtension>
        </extensions>
      </trkpt>
      <trkpt lat="25.8532962016761302947998046875" lon="119.5722219161689281463623046875">
        <ele>14.19999980926513671875</ele>
        <time>2025-05-30T22:02:32.000Z</time>
        <extensions>
          <ns3:TrackPointExtension>
            <ns3:atemp>27.0</ns3:atemp>
            <ns3:hr>135</ns3:hr>
            <ns3:cad>83</ns3:cad>
          </ns3:TrackPointExtension>
        </extensions>
      </trkpt>
      <trkpt lat="25.853277929127216339111328125" lon="119.57223390229046344757080078125">
        <ele>14.19999980926513671875</ele>
        <time>2025-05-30T22:02:33.000Z</time>
        <extensions>
          <ns3:TrackPointExtension>
            <ns3:atemp>27.0</ns3:atemp>
            <ns3:hr>135</ns3:hr>
            <ns3:cad>84</ns3:cad>
          </ns3:TrackPointExtension>
        </extensions>
      </trkpt>
      <trkpt lat="25.8532526157796382904052734375" lon="119.5722423680126667022705078125">
        <ele>14.19999980926513671875</ele>
        <time>2025-05-30T22:02:34.000Z</time>
        <extensions>
          <ns3:TrackPointExtension>
            <ns3:atemp>27.0</ns3:atemp>
            <ns3:hr>135</ns3:hr>
            <ns3:cad>84</ns3:cad>
          </ns3:TrackPointExtension>
        </extensions>
      </trkpt>
      <trkpt lat="25.8532304875552654266357421875" lon="119.572239182889461517333984375">
        <ele>14.19999980926513671875</ele>
        <time>2025-05-30T22:02:35.000Z</time>
        <extensions>
          <ns3:TrackPointExtension>
            <ns3:atemp>27.0</ns3:atemp>
            <ns3:hr>136</ns3:hr>
            <ns3:cad>84</ns3:cad>
          </ns3:TrackPointExtension>
        </extensions>
      </trkpt>
      <trkpt lat="25.85321447812020778656005859375" lon="119.57224664278328418731689453125">
        <ele>14.19999980926513671875</ele>
        <time>2025-05-30T22:02:36.000Z</time>
        <extensions>
          <ns3:TrackPointExtension>
            <ns3:atemp>27.0</ns3:atemp>
            <ns3:hr>136</ns3:hr>
            <ns3:cad>83</ns3:cad>
          </ns3:TrackPointExtension>
        </extensions>
      </trkpt>
      <trkpt lat="25.85319117642939090728759765625" lon="119.5722473971545696258544921875">
        <ele>14.19999980926513671875</ele>
        <time>2025-05-30T22:02:37.000Z</time>
        <extensions>
          <ns3:TrackPointExtension>
            <ns3:atemp>27.0</ns3:atemp>
            <ns3:hr>136</ns3:hr>
            <ns3:cad>83</ns3:cad>
          </ns3:TrackPointExtension>
        </extensions>
      </trkpt>
      <trkpt lat="25.85317273624241352081298828125" lon="119.5722504146397113800048828125">
        <ele>14.19999980926513671875</ele>
        <time>2025-05-30T22:02:38.000Z</time>
        <extensions>
          <ns3:TrackPointExtension>
            <ns3:atemp>27.0</ns3:atemp>
            <ns3:hr>136</ns3:hr>
            <ns3:cad>83</ns3:cad>
          </ns3:TrackPointExtension>
        </extensions>
      </trkpt>
      <trkpt lat="25.853157229721546173095703125" lon="119.57225636579096317291259765625">
        <ele>14.19999980926513671875</ele>
        <time>2025-05-30T22:02:39.000Z</time>
        <extensions>
          <ns3:TrackPointExtension>
            <ns3:atemp>27.0</ns3:atemp>
            <ns3:hr>136</ns3:hr>
            <ns3:cad>83</ns3:cad>
          </ns3:TrackPointExtension>
        </extensions>
      </trkpt>
      <trkpt lat="25.85312915034592151641845703125" lon="119.57225401885807514190673828125">
        <ele>14.19999980926513671875</ele>
        <time>2025-05-30T22:02:40.000Z</time>
        <extensions>
          <ns3:TrackPointExtension>
            <ns3:atemp>27.0</ns3:atemp>
            <ns3:hr>136</ns3:hr>
            <ns3:cad>83</ns3:cad>
          </ns3:TrackPointExtension>
        </extensions>
      </trkpt>
      <trkpt lat="25.85311657749116420745849609375" lon="119.5722623169422149658203125">
        <ele>14.19999980926513671875</ele>
        <time>2025-05-30T22:02:41.000Z</time>
        <extensions>
          <ns3:TrackPointExtension>
            <ns3:atemp>27.0</ns3:atemp>
            <ns3:hr>136</ns3:hr>
            <ns3:cad>82</ns3:cad>
          </ns3:TrackPointExtension>
        </extensions>
      </trkpt>
      <trkpt lat="25.85309009067714214324951171875" lon="119.5722678489983081817626953125">
        <ele>14.19999980926513671875</ele>
        <time>2025-05-30T22:02:42.000Z</time>
        <extensions>
          <ns3:TrackPointExtension>
            <ns3:atemp>27.0</ns3:atemp>
            <ns3:hr>136</ns3:hr>
            <ns3:cad>82</ns3:cad>
          </ns3:TrackPointExtension>
        </extensions>
      </trkpt>
      <trkpt lat="25.8530729077756404876708984375" lon="119.57226390950381755828857421875">
        <ele>14.19999980926513671875</ele>
        <time>2025-05-30T22:02:43.000Z</time>
        <extensions>
          <ns3:TrackPointExtension>
            <ns3:atemp>27.0</ns3:atemp>
            <ns3:hr>137</ns3:hr>
            <ns3:cad>82</ns3:cad>
          </ns3:TrackPointExtension>
        </extensions>
      </trkpt>
      <trkpt lat="25.8530568145215511322021484375" lon="119.57226826809346675872802734375">
        <ele>14.19999980926513671875</ele>
        <time>2025-05-30T22:02:44.000Z</time>
        <extensions>
          <ns3:TrackPointExtension>
            <ns3:atemp>27.0</ns3:atemp>
            <ns3:hr>137</ns3:hr>
            <ns3:cad>82</ns3:cad>
          </ns3:TrackPointExtension>
        </extensions>
      </trkpt>
      <trkpt lat="25.8530309982597827911376953125" lon="119.572259970009326934814453125">
        <ele>14.19999980926513671875</ele>
        <time>2025-05-30T22:02:45.000Z</time>
        <extensions>
          <ns3:TrackPointExtension>
            <ns3:atemp>27.0</ns3:atemp>
            <ns3:hr>137</ns3:hr>
            <ns3:cad>83</ns3:cad>
          </ns3:TrackPointExtension>
        </extensions>
      </trkpt>
      <trkpt lat="25.85301498882472515106201171875" lon="119.57226097583770751953125">
        <ele>14.19999980926513671875</ele>
        <time>2025-05-30T22:02:46.000Z</time>
        <extensions>
          <ns3:TrackPointExtension>
            <ns3:atemp>27.0</ns3:atemp>
            <ns3:hr>137</ns3:hr>
            <ns3:cad>83</ns3:cad>
          </ns3:TrackPointExtension>
        </extensions>
      </trkpt>
      <trkpt lat="25.8529921062290668487548828125" lon="119.572264663875102996826171875">
        <ele>14.19999980926513671875</ele>
        <time>2025-05-30T22:02:47.000Z</time>
        <extensions>
          <ns3:TrackPointExtension>
            <ns3:atemp>27.0</ns3:atemp>
            <ns3:hr>137</ns3:hr>
            <ns3:cad>83</ns3:cad>
          </ns3:TrackPointExtension>
        </extensions>
      </trkpt>
      <trkpt lat="25.8529652841389179229736328125" lon="119.57226055674254894256591796875">
        <ele>14.19999980926513671875</ele>
        <time>2025-05-30T22:02:48.000Z</time>
        <extensions>
          <ns3:TrackPointExtension>
            <ns3:atemp>27.0</ns3:atemp>
            <ns3:hr>137</ns3:hr>
            <ns3:cad>83</ns3:cad>
          </ns3:TrackPointExtension>
        </extensions>
      </trkpt>
      <trkpt lat="25.85294927470386028289794921875" lon="119.57226692698895931243896484375">
        <ele>14.19999980926513671875</ele>
        <time>2025-05-30T22:02:49.000Z</time>
        <extensions>
          <ns3:TrackPointExtension>
            <ns3:atemp>27.0</ns3:atemp>
            <ns3:hr>136</ns3:hr>
            <ns3:cad>83</ns3:cad>
          </ns3:TrackPointExtension>
        </extensions>
      </trkpt>
      <trkpt lat="25.85291960276663303375244140625" lon="119.57226575352251529693603515625">
        <ele>14.19999980926513671875</ele>
        <time>2025-05-30T22:02:50.000Z</time>
        <extensions>
          <ns3:TrackPointExtension>
            <ns3:atemp>27.0</ns3:atemp>
            <ns3:hr>137</ns3:hr>
            <ns3:cad>83</ns3:cad>
          </ns3:TrackPointExtension>
        </extensions>
      </trkpt>
      <trkpt lat="25.8529005758464336395263671875" lon="119.5722655020654201507568359375">
        <ele>14.19999980926513671875</ele>
        <time>2025-05-30T22:02:51.000Z</time>
        <extensions>
          <ns3:TrackPointExtension>
            <ns3:atemp>27.0</ns3:atemp>
            <ns3:hr>137</ns3:hr>
            <ns3:cad>82</ns3:cad>
          </ns3:TrackPointExtension>
        </extensions>
      </trkpt>
      <trkpt lat="25.8528777770698070526123046875" lon="119.57227463833987712860107421875">
        <ele>14.19999980926513671875</ele>
        <time>2025-05-30T22:02:52.000Z</time>
        <extensions>
          <ns3:TrackPointExtension>
            <ns3:atemp>27.0</ns3:atemp>
            <ns3:hr>136</ns3:hr>
            <ns3:cad>82</ns3:cad>
          </ns3:TrackPointExtension>
        </extensions>
      </trkpt>
      <trkpt lat="25.85285246372222900390625" lon="119.57226726226508617401123046875">
        <ele>14</ele>
        <time>2025-05-30T22:02:53.000Z</time>
        <extensions>
          <ns3:TrackPointExtension>
            <ns3:atemp>27.0</ns3:atemp>
            <ns3:hr>137</ns3:hr>
            <ns3:cad>82</ns3:cad>
          </ns3:TrackPointExtension>
        </extensions>
      </trkpt>
      <trkpt lat="25.852838717401027679443359375" lon="119.57227237522602081298828125">
        <ele>14</ele>
        <time>2025-05-30T22:02:54.000Z</time>
        <extensions>
          <ns3:TrackPointExtension>
            <ns3:atemp>27.0</ns3:atemp>
            <ns3:hr>137</ns3:hr>
            <ns3:cad>83</ns3:cad>
          </ns3:TrackPointExtension>
        </extensions>
      </trkpt>
      <trkpt lat="25.85281315259635448455810546875" lon="119.57226701080799102783203125">
        <ele>14</ele>
        <time>2025-05-30T22:02:55.000Z</time>
        <extensions>
          <ns3:TrackPointExtension>
            <ns3:atemp>27.0</ns3:atemp>
            <ns3:hr>137</ns3:hr>
            <ns3:cad>83</ns3:cad>
          </ns3:TrackPointExtension>
        </extensions>
      </trkpt>
      <trkpt lat="25.85279387421905994415283203125" lon="119.572261981666088104248046875">
        <ele>14</ele>
        <time>2025-05-30T22:02:56.000Z</time>
        <extensions>
          <ns3:TrackPointExtension>
            <ns3:atemp>27.0</ns3:atemp>
            <ns3:hr>136</ns3:hr>
            <ns3:cad>83</ns3:cad>
          </ns3:TrackPointExtension>
        </extensions>
      </trkpt>
      <trkpt lat="25.85277660749852657318115234375" lon="119.5722671784460544586181640625">
        <ele>14.19999980926513671875</ele>
        <time>2025-05-30T22:02:57.000Z</time>
        <extensions>
          <ns3:TrackPointExtension>
            <ns3:atemp>27.0</ns3:atemp>
            <ns3:hr>137</ns3:hr>
            <ns3:cad>83</ns3:cad>
          </ns3:TrackPointExtension>
        </extensions>
      </trkpt>
      <trkpt lat="25.8527507074177265167236328125" lon="119.572263993322849273681640625">
        <ele>14.19999980926513671875</ele>
        <time>2025-05-30T22:02:58.000Z</time>
        <extensions>
          <ns3:TrackPointExtension>
            <ns3:atemp>27.0</ns3:atemp>
            <ns3:hr>137</ns3:hr>
            <ns3:cad>84</ns3:cad>
          </ns3:TrackPointExtension>
        </extensions>
      </trkpt>
      <trkpt lat="25.8527352847158908843994140625" lon="119.57226575352251529693603515625">
        <ele>14</ele>
        <time>2025-05-30T22:02:59.000Z</time>
        <extensions>
          <ns3:TrackPointExtension>
            <ns3:atemp>27.0</ns3:atemp>
            <ns3:hr>137</ns3:hr>
            <ns3:cad>84</ns3:cad>
          </ns3:TrackPointExtension>
        </extensions>
      </trkpt>
      <trkpt lat="25.85271189920604228973388671875" lon="119.5722641609609127044677734375">
        <ele>14</ele>
        <time>2025-05-30T22:03:00.000Z</time>
        <extensions>
          <ns3:TrackPointExtension>
            <ns3:atemp>27.0</ns3:atemp>
            <ns3:hr>137</ns3:hr>
            <ns3:cad>83</ns3:cad>
          </ns3:TrackPointExtension>
        </extensions>
      </trkpt>
      <trkpt lat="25.85269044153392314910888671875" lon="119.57226038910448551177978515625">
        <ele>14</ele>
        <time>2025-05-30T22:03:01.000Z</time>
        <extensions>
          <ns3:TrackPointExtension>
            <ns3:atemp>27.0</ns3:atemp>
            <ns3:hr>136</ns3:hr>
            <ns3:cad>82</ns3:cad>
          </ns3:TrackPointExtension>
        </extensions>
      </trkpt>
      <trkpt lat="25.85267753340303897857666015625" lon="119.5722663402557373046875">
        <ele>14</ele>
        <time>2025-05-30T22:03:02.000Z</time>
        <extensions>
          <ns3:TrackPointExtension>
            <ns3:atemp>27.0</ns3:atemp>
            <ns3:hr>137</ns3:hr>
            <ns3:cad>82</ns3:cad>
          </ns3:TrackPointExtension>
        </extensions>
      </trkpt>
      <trkpt lat="25.85264987312257289886474609375" lon="119.5722651667892932891845703125">
        <ele>14</ele>
        <time>2025-05-30T22:03:03.000Z</time>
        <extensions>
          <ns3:TrackPointExtension>
            <ns3:atemp>27.0</ns3:atemp>
            <ns3:hr>137</ns3:hr>
            <ns3:cad>83</ns3:cad>
          </ns3:TrackPointExtension>
        </extensions>
      </trkpt>
      <trkpt lat="25.85263461805880069732666015625" lon="119.5722628198564052581787109375">
        <ele>14</ele>
        <time>2025-05-30T22:03:04.000Z</time>
        <extensions>
          <ns3:TrackPointExtension>
            <ns3:atemp>27.0</ns3:atemp>
            <ns3:hr>136</ns3:hr>
            <ns3:cad>83</ns3:cad>
          </ns3:TrackPointExtension>
        </extensions>
      </trkpt>
      <trkpt lat="25.8526124060153961181640625" lon="119.5722671784460544586181640625">
        <ele>14</ele>
        <time>2025-05-30T22:03:05.000Z</time>
        <extensions>
          <ns3:TrackPointExtension>
            <ns3:atemp>27.0</ns3:atemp>
            <ns3:hr>137</ns3:hr>
            <ns3:cad>83</ns3:cad>
          </ns3:TrackPointExtension>
        </extensions>
      </trkpt>
      <trkpt lat="25.85258818231523036956787109375" lon="119.5722698606550693511962890625">
        <ele>13.80000019073486328125</ele>
        <time>2025-05-30T22:03:06.000Z</time>
        <extensions>
          <ns3:TrackPointExtension>
            <ns3:atemp>27.0</ns3:atemp>
            <ns3:hr>137</ns3:hr>
            <ns3:cad>83</ns3:cad>
          </ns3:TrackPointExtension>
        </extensions>
      </trkpt>
      <trkpt lat="25.85257393307983875274658203125" lon="119.5722802542150020599365234375">
        <ele>13.80000019073486328125</ele>
        <time>2025-05-30T22:03:07.000Z</time>
        <extensions>
          <ns3:TrackPointExtension>
            <ns3:atemp>27.0</ns3:atemp>
            <ns3:hr>137</ns3:hr>
            <ns3:cad>83</ns3:cad>
          </ns3:TrackPointExtension>
        </extensions>
      </trkpt>
      <trkpt lat="25.85254811681807041168212890625" lon="119.57227530889213085174560546875">
        <ele>13.80000019073486328125</ele>
        <time>2025-05-30T22:03:08.000Z</time>
        <extensions>
          <ns3:TrackPointExtension>
            <ns3:atemp>27.0</ns3:atemp>
            <ns3:hr>137</ns3:hr>
            <ns3:cad>83</ns3:cad>
          </ns3:TrackPointExtension>
        </extensions>
      </trkpt>
      <trkpt lat="25.85252950899302959442138671875" lon="119.57227262668311595916748046875">
        <ele>13.80000019073486328125</ele>
        <time>2025-05-30T22:03:09.000Z</time>
        <extensions>
          <ns3:TrackPointExtension>
            <ns3:atemp>27.0</ns3:atemp>
            <ns3:hr>137</ns3:hr>
            <ns3:cad>83</ns3:cad>
          </ns3:TrackPointExtension>
        </extensions>
      </trkpt>
      <trkpt lat="25.8525066263973712921142578125" lon="119.572279416024684906005859375">
        <ele>14</ele>
        <time>2025-05-30T22:03:10.000Z</time>
        <extensions>
          <ns3:TrackPointExtension>
            <ns3:atemp>27.0</ns3:atemp>
            <ns3:hr>137</ns3:hr>
            <ns3:cad>83</ns3:cad>
          </ns3:TrackPointExtension>
        </extensions>
      </trkpt>
      <trkpt lat="25.85248525254428386688232421875" lon="119.57228017039597034454345703125">
        <ele>14</ele>
        <time>2025-05-30T22:03:11.000Z</time>
        <extensions>
          <ns3:TrackPointExtension>
            <ns3:atemp>27.0</ns3:atemp>
            <ns3:hr>137</ns3:hr>
            <ns3:cad>83</ns3:cad>
          </ns3:TrackPointExtension>
        </extensions>
      </trkpt>
      <trkpt lat="25.85246614180505275726318359375" lon="119.5722849480807781219482421875">
        <ele>14</ele>
        <time>2025-05-30T22:03:12.000Z</time>
        <extensions>
          <ns3:TrackPointExtension>
            <ns3:atemp>27.0</ns3:atemp>
            <ns3:hr>137</ns3:hr>
            <ns3:cad>83</ns3:cad>
          </ns3:TrackPointExtension>
        </extensions>
      </trkpt>
      <trkpt lat="25.852438397705554962158203125" lon="119.57227815873920917510986328125">
        <ele>13.80000019073486328125</ele>
        <time>2025-05-30T22:03:13.000Z</time>
        <extensions>
          <ns3:TrackPointExtension>
            <ns3:atemp>27.0</ns3:atemp>
            <ns3:hr>138</ns3:hr>
            <ns3:cad>84</ns3:cad>
          </ns3:TrackPointExtension>
        </extensions>
      </trkpt>
      <trkpt lat="25.85242020897567272186279296875" lon="119.57227639853954315185546875">
        <ele>13.80000019073486328125</ele>
        <time>2025-05-30T22:03:14.000Z</time>
        <extensions>
          <ns3:TrackPointExtension>
            <ns3:atemp>27.0</ns3:atemp>
            <ns3:hr>138</ns3:hr>
            <ns3:cad>84</ns3:cad>
          </ns3:TrackPointExtension>
        </extensions>
      </trkpt>
      <trkpt lat="25.8523996733129024505615234375" lon="119.572277404367923736572265625">
        <ele>13.80000019073486328125</ele>
        <time>2025-05-30T22:03:15.000Z</time>
        <extensions>
          <ns3:TrackPointExtension>
            <ns3:atemp>27.0</ns3:atemp>
            <ns3:hr>138</ns3:hr>
            <ns3:cad>84</ns3:cad>
          </ns3:TrackPointExtension>
        </extensions>
      </trkpt>
      <trkpt lat="25.8523738570511341094970703125" lon="119.572276733815670013427734375">
        <ele>13.80000019073486328125</ele>
        <time>2025-05-30T22:03:16.000Z</time>
        <extensions>
          <ns3:TrackPointExtension>
            <ns3:atemp>27.0</ns3:atemp>
            <ns3:hr>138</ns3:hr>
            <ns3:cad>84</ns3:cad>
          </ns3:TrackPointExtension>
        </extensions>
      </trkpt>
      <trkpt lat="25.85236187092959880828857421875" lon="119.57228167913854122161865234375">
        <ele>13.80000019073486328125</ele>
        <time>2025-05-30T22:03:17.000Z</time>
        <extensions>
          <ns3:TrackPointExtension>
            <ns3:atemp>27.0</ns3:atemp>
            <ns3:hr>138</ns3:hr>
            <ns3:cad>85</ns3:cad>
          </ns3:TrackPointExtension>
        </extensions>
      </trkpt>
      <trkpt lat="25.85233555175364017486572265625" lon="119.57228050567209720611572265625">
        <ele>13.80000019073486328125</ele>
        <time>2025-05-30T22:03:18.000Z</time>
        <extensions>
          <ns3:TrackPointExtension>
            <ns3:atemp>27.0</ns3:atemp>
            <ns3:hr>139</ns3:hr>
            <ns3:cad>85</ns3:cad>
          </ns3:TrackPointExtension>
        </extensions>
      </trkpt>
      <trkpt lat="25.8523171953856945037841796875" lon="119.5722819305956363677978515625">
        <ele>13.80000019073486328125</ele>
        <time>2025-05-30T22:03:19.000Z</time>
        <extensions>
          <ns3:TrackPointExtension>
            <ns3:atemp>27.0</ns3:atemp>
            <ns3:hr>139</ns3:hr>
            <ns3:cad>84</ns3:cad>
          </ns3:TrackPointExtension>
        </extensions>
      </trkpt>
      <trkpt lat="25.85229515098035335540771484375" lon="119.57228503189980983734130859375">
        <ele>13.80000019073486328125</ele>
        <time>2025-05-30T22:03:20.000Z</time>
        <extensions>
          <ns3:TrackPointExtension>
            <ns3:atemp>27.0</ns3:atemp>
            <ns3:hr>139</ns3:hr>
            <ns3:cad>84</ns3:cad>
          </ns3:TrackPointExtension>
        </extensions>
      </trkpt>
      <trkpt lat="25.85227268747985363006591796875" lon="119.57228234969079494476318359375">
        <ele>13.80000019073486328125</ele>
        <time>2025-05-30T22:03:21.000Z</time>
        <extensions>
          <ns3:TrackPointExtension>
            <ns3:atemp>27.0</ns3:atemp>
            <ns3:hr>139</ns3:hr>
            <ns3:cad>84</ns3:cad>
          </ns3:TrackPointExtension>
        </extensions>
      </trkpt>
      <trkpt lat="25.85225307382643222808837890625" lon="119.5722876302897930145263671875">
        <ele>13.6000003814697265625</ele>
        <time>2025-05-30T22:03:22.000Z</time>
        <extensions>
          <ns3:TrackPointExtension>
            <ns3:atemp>27.0</ns3:atemp>
            <ns3:hr>139</ns3:hr>
            <ns3:cad>84</ns3:cad>
          </ns3:TrackPointExtension>
        </extensions>
      </trkpt>
      <trkpt lat="25.85222558118402957916259765625" lon="119.57228444516658782958984375">
        <ele>13.6000003814697265625</ele>
        <time>2025-05-30T22:03:23.000Z</time>
        <extensions>
          <ns3:TrackPointExtension>
            <ns3:atemp>27.0</ns3:atemp>
            <ns3:hr>139</ns3:hr>
            <ns3:cad>84</ns3:cad>
          </ns3:TrackPointExtension>
        </extensions>
      </trkpt>
      <trkpt lat="25.85220764391124248504638671875" lon="119.5722866244614124298095703125">
        <ele>13.6000003814697265625</ele>
        <time>2025-05-30T22:03:24.000Z</time>
        <extensions>
          <ns3:TrackPointExtension>
            <ns3:atemp>27.0</ns3:atemp>
            <ns3:hr>139</ns3:hr>
            <ns3:cad>84</ns3:cad>
          </ns3:TrackPointExtension>
        </extensions>
      </trkpt>
      <trkpt lat="25.85218300111591815948486328125" lon="119.572288133203983306884765625">
        <ele>13.6000003814697265625</ele>
        <time>2025-05-30T22:03:25.000Z</time>
        <extensions>
          <ns3:TrackPointExtension>
            <ns3:atemp>27.0</ns3:atemp>
            <ns3:hr>139</ns3:hr>
            <ns3:cad>84</ns3:cad>
          </ns3:TrackPointExtension>
        </extensions>
      </trkpt>
      <trkpt lat="25.852162130177021026611328125" lon="119.57228989340364933013916015625">
        <ele>13.6000003814697265625</ele>
        <time>2025-05-30T22:03:26.000Z</time>
        <extensions>
          <ns3:TrackPointExtension>
            <ns3:atemp>27.0</ns3:atemp>
            <ns3:hr>139</ns3:hr>
            <ns3:cad>84</ns3:cad>
          </ns3:TrackPointExtension>
        </extensions>
      </trkpt>
      <trkpt lat="25.8521451987326145172119140625" lon="119.5722946710884571075439453125">
        <ele>13.6000003814697265625</ele>
        <time>2025-05-30T22:03:27.000Z</time>
        <extensions>
          <ns3:TrackPointExtension>
            <ns3:atemp>27.0</ns3:atemp>
            <ns3:hr>140</ns3:hr>
            <ns3:cad>84</ns3:cad>
          </ns3:TrackPointExtension>
        </extensions>
      </trkpt>
      <trkpt lat="25.8521197177469730377197265625" lon="119.57229022867977619171142578125">
        <ele>13.6000003814697265625</ele>
        <time>2025-05-30T22:03:28.000Z</time>
        <extensions>
          <ns3:TrackPointExtension>
            <ns3:atemp>27.0</ns3:atemp>
            <ns3:hr>139</ns3:hr>
            <ns3:cad>84</ns3:cad>
          </ns3:TrackPointExtension>
        </extensions>
      </trkpt>
      <trkpt lat="25.85210471414029598236083984375" lon="119.5722913183271884918212890625">
        <ele>13.6000003814697265625</ele>
        <time>2025-05-30T22:03:29.000Z</time>
        <extensions>
          <ns3:TrackPointExtension>
            <ns3:atemp>27.0</ns3:atemp>
            <ns3:hr>139</ns3:hr>
            <ns3:cad>84</ns3:cad>
          </ns3:TrackPointExtension>
        </extensions>
      </trkpt>
      <trkpt lat="25.8520828373730182647705078125" lon="119.5722945034503936767578125">
        <ele>13.6000003814697265625</ele>
        <time>2025-05-30T22:03:30.000Z</time>
        <extensions>
          <ns3:TrackPointExtension>
            <ns3:atemp>27.0</ns3:atemp>
            <ns3:hr>139</ns3:hr>
            <ns3:cad>84</ns3:cad>
          </ns3:TrackPointExtension>
        </extensions>
      </trkpt>
      <trkpt lat="25.85206431336700916290283203125" lon="119.57228846848011016845703125">
        <ele>13.6000003814697265625</ele>
        <time>2025-05-30T22:03:31.000Z</time>
        <extensions>
          <ns3:TrackPointExtension>
            <ns3:atemp>27.0</ns3:atemp>
            <ns3:hr>139</ns3:hr>
            <ns3:cad>84</ns3:cad>
          </ns3:TrackPointExtension>
        </extensions>
      </trkpt>
      <trkpt lat="25.85204587318003177642822265625" lon="119.57229316234588623046875">
        <ele>13.6000003814697265625</ele>
        <time>2025-05-30T22:03:32.000Z</time>
        <extensions>
          <ns3:TrackPointExtension>
            <ns3:atemp>27.0</ns3:atemp>
            <ns3:hr>139</ns3:hr>
            <ns3:cad>84</ns3:cad>
          </ns3:TrackPointExtension>
        </extensions>
      </trkpt>
      <trkpt lat="25.85201762616634368896484375" lon="119.5722909830510616302490234375">
        <ele>13.6000003814697265625</ele>
        <time>2025-05-30T22:03:33.000Z</time>
        <extensions>
          <ns3:TrackPointExtension>
            <ns3:atemp>27.0</ns3:atemp>
            <ns3:hr>139</ns3:hr>
            <ns3:cad>84</ns3:cad>
          </ns3:TrackPointExtension>
        </extensions>
      </trkpt>
      <trkpt lat="25.852000527083873748779296875" lon="119.5722919888794422149658203125">
        <ele>13.6000003814697265625</ele>
        <time>2025-05-30T22:03:34.000Z</time>
        <extensions>
          <ns3:TrackPointExtension>
            <ns3:atemp>27.0</ns3:atemp>
            <ns3:hr>139</ns3:hr>
            <ns3:cad>84</ns3:cad>
          </ns3:TrackPointExtension>
        </extensions>
      </trkpt>
      <trkpt lat="25.851975716650485992431640625" lon="119.5722943358123302459716796875">
        <ele>13.6000003814697265625</ele>
        <time>2025-05-30T22:03:35.000Z</time>
        <extensions>
          <ns3:TrackPointExtension>
            <ns3:atemp>27.0</ns3:atemp>
            <ns3:hr>138</ns3:hr>
            <ns3:cad>83</ns3:cad>
          </ns3:TrackPointExtension>
        </extensions>
      </trkpt>
      <trkpt lat="25.8519540913403034210205078125" lon="119.572290815412998199462890625">
        <ele>13.6000003814697265625</ele>
        <time>2025-05-30T22:03:36.000Z</time>
        <extensions>
          <ns3:TrackPointExtension>
            <ns3:atemp>27.0</ns3:atemp>
            <ns3:hr>139</ns3:hr>
            <ns3:cad>83</ns3:cad>
          </ns3:TrackPointExtension>
        </extensions>
      </trkpt>
      <trkpt lat="25.8519359864294528961181640625" lon="119.5722943358123302459716796875">
        <ele>13.6000003814697265625</ele>
        <time>2025-05-30T22:03:37.000Z</time>
        <extensions>
          <ns3:TrackPointExtension>
            <ns3:atemp>27.0</ns3:atemp>
            <ns3:hr>138</ns3:hr>
            <ns3:cad>84</ns3:cad>
          </ns3:TrackPointExtension>
        </extensions>
      </trkpt>
      <trkpt lat="25.85190874524414539337158203125" lon="119.57229106687009334564208984375">
        <ele>13.6000003814697265625</ele>
        <time>2025-05-30T22:03:38.000Z</time>
        <extensions>
          <ns3:TrackPointExtension>
            <ns3:atemp>27.0</ns3:atemp>
            <ns3:hr>138</ns3:hr>
            <ns3:cad>84</ns3:cad>
          </ns3:TrackPointExtension>
        </extensions>
      </trkpt>
      <trkpt lat="25.8518940769135951995849609375" lon="119.57229995168745517730712890625">
        <ele>13.3999996185302734375</ele>
        <time>2025-05-30T22:03:39.000Z</time>
        <extensions>
          <ns3:TrackPointExtension>
            <ns3:atemp>27.0</ns3:atemp>
            <ns3:hr>138</ns3:hr>
            <ns3:cad>84</ns3:cad>
          </ns3:TrackPointExtension>
        </extensions>
      </trkpt>
      <trkpt lat="25.85186717100441455841064453125" lon="119.5722980238497257232666015625">
        <ele>13.3999996185302734375</ele>
        <time>2025-05-30T22:03:40.000Z</time>
        <extensions>
          <ns3:TrackPointExtension>
            <ns3:atemp>27.0</ns3:atemp>
            <ns3:hr>138</ns3:hr>
            <ns3:cad>84</ns3:cad>
          </ns3:TrackPointExtension>
        </extensions>
      </trkpt>
      <trkpt lat="25.85184638388454914093017578125" lon="119.57229785621166229248046875">
        <ele>13.3999996185302734375</ele>
        <time>2025-05-30T22:03:41.000Z</time>
        <extensions>
          <ns3:TrackPointExtension>
            <ns3:atemp>27.0</ns3:atemp>
            <ns3:hr>138</ns3:hr>
            <ns3:cad>84</ns3:cad>
          </ns3:TrackPointExtension>
        </extensions>
      </trkpt>
      <trkpt lat="25.85182660259306430816650390625" lon="119.57230330444872379302978515625">
        <ele>13.3999996185302734375</ele>
        <time>2025-05-30T22:03:42.000Z</time>
        <extensions>
          <ns3:TrackPointExtension>
            <ns3:atemp>27.0</ns3:atemp>
            <ns3:hr>138</ns3:hr>
            <ns3:cad>84</ns3:cad>
          </ns3:TrackPointExtension>
        </extensions>
      </trkpt>
      <trkpt lat="25.85180296562612056732177734375" lon="119.5722966827452182769775390625">
        <ele>13.3999996185302734375</ele>
        <time>2025-05-30T22:03:43.000Z</time>
        <extensions>
          <ns3:TrackPointExtension>
            <ns3:atemp>27.0</ns3:atemp>
            <ns3:hr>138</ns3:hr>
            <ns3:cad>84</ns3:cad>
          </ns3:TrackPointExtension>
        </extensions>
      </trkpt>
      <trkpt lat="25.8517888002097606658935546875" lon="119.5723003707826137542724609375">
        <ele>13.3999996185302734375</ele>
        <time>2025-05-30T22:03:44.000Z</time>
        <extensions>
          <ns3:TrackPointExtension>
            <ns3:atemp>27.0</ns3:atemp>
            <ns3:hr>139</ns3:hr>
            <ns3:cad>84</ns3:cad>
          </ns3:TrackPointExtension>
        </extensions>
      </trkpt>
      <trkpt lat="25.8517626486718654632568359375" lon="119.57229743711650371551513671875">
        <ele>13.3999996185302734375</ele>
        <time>2025-05-30T22:03:45.000Z</time>
        <extensions>
          <ns3:TrackPointExtension>
            <ns3:atemp>27.0</ns3:atemp>
            <ns3:hr>138</ns3:hr>
            <ns3:cad>84</ns3:cad>
          </ns3:TrackPointExtension>
        </extensions>
      </trkpt>
      <trkpt lat="25.8517406880855560302734375" lon="119.57229626365005970001220703125">
        <ele>13.3999996185302734375</ele>
        <time>2025-05-30T22:03:46.000Z</time>
        <extensions>
          <ns3:TrackPointExtension>
            <ns3:atemp>27.0</ns3:atemp>
            <ns3:hr>138</ns3:hr>
            <ns3:cad>84</ns3:cad>
          </ns3:TrackPointExtension>
        </extensions>
      </trkpt>
      <trkpt lat="25.8517204038798809051513671875" lon="119.5722998678684234619140625">
        <ele>13.3999996185302734375</ele>
        <time>2025-05-30T22:03:47.000Z</time>
        <extensions>
          <ns3:TrackPointExtension>
            <ns3:atemp>27.0</ns3:atemp>
            <ns3:hr>138</ns3:hr>
            <ns3:cad>85</ns3:cad>
          </ns3:TrackPointExtension>
        </extensions>
      </trkpt>
      <trkpt lat="25.85169685073196887969970703125" lon="119.572294838726520538330078125">
        <ele>13.3999996185302734375</ele>
        <time>2025-05-30T22:03:48.000Z</time>
        <extensions>
          <ns3:TrackPointExtension>
            <ns3:atemp>27.0</ns3:atemp>
            <ns3:hr>138</ns3:hr>
            <ns3:cad>85</ns3:cad>
          </ns3:TrackPointExtension>
        </extensions>
      </trkpt>
      <trkpt lat="25.85168042220175266265869140625" lon="119.57230062223970890045166015625">
        <ele>13.3999996185302734375</ele>
        <time>2025-05-30T22:03:49.000Z</time>
        <extensions>
          <ns3:TrackPointExtension>
            <ns3:atemp>27.0</ns3:atemp>
            <ns3:hr>138</ns3:hr>
            <ns3:cad>84</ns3:cad>
          </ns3:TrackPointExtension>
        </extensions>
      </trkpt>
      <trkpt lat="25.85165712051093578338623046875" lon="119.57229458726942539215087890625">
        <ele>13.19999980926513671875</ele>
        <time>2025-05-30T22:03:50.000Z</time>
        <extensions>
          <ns3:TrackPointExtension>
            <ns3:atemp>27.0</ns3:atemp>
            <ns3:hr>137</ns3:hr>
            <ns3:cad>84</ns3:cad>
          </ns3:TrackPointExtension>
        </extensions>
      </trkpt>
      <trkpt lat="25.8516432903707027435302734375" lon="119.57228989340364933013916015625">
        <ele>13.19999980926513671875</ele>
        <time>2025-05-30T22:03:51.000Z</time>
        <extensions>
          <ns3:TrackPointExtension>
            <ns3:atemp>27.0</ns3:atemp>
            <ns3:hr>137</ns3:hr>
            <ns3:cad>84</ns3:cad>
          </ns3:TrackPointExtension>
        </extensions>
      </trkpt>
      <trkpt lat="25.85162376053631305694580078125" lon="119.5722919888794422149658203125">
        <ele>13.19999980926513671875</ele>
        <time>2025-05-30T22:03:52.000Z</time>
        <extensions>
          <ns3:TrackPointExtension>
            <ns3:atemp>27.0</ns3:atemp>
            <ns3:hr>137</ns3:hr>
            <ns3:cad>84</ns3:cad>
          </ns3:TrackPointExtension>
        </extensions>
      </trkpt>
      <trkpt lat="25.851597525179386138916015625" lon="119.5722945034503936767578125">
        <ele>13.19999980926513671875</ele>
        <time>2025-05-30T22:03:53.000Z</time>
        <extensions>
          <ns3:TrackPointExtension>
            <ns3:atemp>27.0</ns3:atemp>
            <ns3:hr>137</ns3:hr>
            <ns3:cad>84</ns3:cad>
          </ns3:TrackPointExtension>
        </extensions>
      </trkpt>
      <trkpt lat="25.851580090820789337158203125" lon="119.572304226458072662353515625">
        <ele>13.19999980926513671875</ele>
        <time>2025-05-30T22:03:54.000Z</time>
        <extensions>
          <ns3:TrackPointExtension>
            <ns3:atemp>27.0</ns3:atemp>
            <ns3:hr>137</ns3:hr>
            <ns3:cad>84</ns3:cad>
          </ns3:TrackPointExtension>
        </extensions>
      </trkpt>
      <trkpt lat="25.85155150853097438812255859375" lon="119.5723047293722629547119140625">
        <ele>13.19999980926513671875</ele>
        <time>2025-05-30T22:03:55.000Z</time>
        <extensions>
          <ns3:TrackPointExtension>
            <ns3:atemp>27.0</ns3:atemp>
            <ns3:hr>137</ns3:hr>
            <ns3:cad>84</ns3:cad>
          </ns3:TrackPointExtension>
        </extensions>
      </trkpt>
      <trkpt lat="25.85153440944850444793701171875" lon="119.5723047293722629547119140625">
        <ele>13.19999980926513671875</ele>
        <time>2025-05-30T22:03:56.000Z</time>
        <extensions>
          <ns3:TrackPointExtension>
            <ns3:atemp>27.0</ns3:atemp>
            <ns3:hr>137</ns3:hr>
            <ns3:cad>84</ns3:cad>
          </ns3:TrackPointExtension>
        </extensions>
      </trkpt>
      <trkpt lat="25.85151135921478271484375" lon="119.5723037235438823699951171875">
        <ele>13.19999980926513671875</ele>
        <time>2025-05-30T22:03:57.000Z</time>
        <extensions>
          <ns3:TrackPointExtension>
            <ns3:atemp>27.0</ns3:atemp>
            <ns3:hr>137</ns3:hr>
            <ns3:cad>84</ns3:cad>
          </ns3:TrackPointExtension>
        </extensions>
      </trkpt>
      <trkpt lat="25.85148881189525127410888671875" lon="119.5722983591258525848388671875">
        <ele>13.3999996185302734375</ele>
        <time>2025-05-30T22:03:58.000Z</time>
        <extensions>
          <ns3:TrackPointExtension>
            <ns3:atemp>27.0</ns3:atemp>
            <ns3:hr>137</ns3:hr>
            <ns3:cad>84</ns3:cad>
          </ns3:TrackPointExtension>
        </extensions>
      </trkpt>
      <trkpt lat="25.85147313773632049560546875" lon="119.57230045460164546966552734375">
        <ele>13.19999980926513671875</ele>
        <time>2025-05-30T22:03:59.000Z</time>
        <extensions>
          <ns3:TrackPointExtension>
            <ns3:atemp>27.0</ns3:atemp>
            <ns3:hr>137</ns3:hr>
            <ns3:cad>84</ns3:cad>
          </ns3:TrackPointExtension>
        </extensions>
      </trkpt>
      <trkpt lat="25.8514458127319812774658203125" lon="119.5722971856594085693359375">
        <ele>13.19999980926513671875</ele>
        <time>2025-05-30T22:04:00.000Z</time>
        <extensions>
          <ns3:TrackPointExtension>
            <ns3:atemp>27.0</ns3:atemp>
            <ns3:hr>137</ns3:hr>
            <ns3:cad>84</ns3:cad>
          </ns3:TrackPointExtension>
        </extensions>
      </trkpt>
      <trkpt lat="25.8514295518398284912109375" lon="119.57229441963136196136474609375">
        <ele>13.19999980926513671875</ele>
        <time>2025-05-30T22:04:01.000Z</time>
        <extensions>
          <ns3:TrackPointExtension>
            <ns3:atemp>27.0</ns3:atemp>
            <ns3:hr>137</ns3:hr>
            <ns3:cad>85</ns3:cad>
          </ns3:TrackPointExtension>
        </extensions>
      </trkpt>
      <trkpt lat="25.8514065854251384735107421875" lon="119.5722966827452182769775390625">
        <ele>13.19999980926513671875</ele>
        <time>2025-05-30T22:04:02.000Z</time>
        <extensions>
          <ns3:TrackPointExtension>
            <ns3:atemp>27.0</ns3:atemp>
            <ns3:hr>137</ns3:hr>
            <ns3:cad>85</ns3:cad>
          </ns3:TrackPointExtension>
        </extensions>
      </trkpt>
      <trkpt lat="25.8513844572007656097412109375" lon="119.57228821702301502227783203125">
        <ele>13.19999980926513671875</ele>
        <time>2025-05-30T22:04:03.000Z</time>
        <extensions>
          <ns3:TrackPointExtension>
            <ns3:atemp>27.0</ns3:atemp>
            <ns3:hr>137</ns3:hr>
            <ns3:cad>85</ns3:cad>
          </ns3:TrackPointExtension>
        </extensions>
      </trkpt>
      <trkpt lat="25.85136945359408855438232421875" lon="119.57228687591850757598876953125">
        <ele>13.19999980926513671875</ele>
        <time>2025-05-30T22:04:04.000Z</time>
        <extensions>
          <ns3:TrackPointExtension>
            <ns3:atemp>27.0</ns3:atemp>
            <ns3:hr>137</ns3:hr>
            <ns3:cad>84</ns3:cad>
          </ns3:TrackPointExtension>
        </extensions>
      </trkpt>
      <trkpt lat="25.8513425476849079132080078125" lon="119.57227505743503570556640625">
        <ele>13.19999980926513671875</ele>
        <time>2025-05-30T22:04:05.000Z</time>
        <extensions>
          <ns3:TrackPointExtension>
            <ns3:atemp>27.0</ns3:atemp>
            <ns3:hr>137</ns3:hr>
            <ns3:cad>83</ns3:cad>
          </ns3:TrackPointExtension>
        </extensions>
      </trkpt>
      <trkpt lat="25.85132536478340625762939453125" lon="119.57226843573153018951416015625">
        <ele>13.19999980926513671875</ele>
        <time>2025-05-30T22:04:06.000Z</time>
        <extensions>
          <ns3:TrackPointExtension>
            <ns3:atemp>27.0</ns3:atemp>
            <ns3:hr>137</ns3:hr>
            <ns3:cad>83</ns3:cad>
          </ns3:TrackPointExtension>
        </extensions>
      </trkpt>
      <trkpt lat="25.8513053320348262786865234375" lon="119.5722631551325321197509765625">
        <ele>13.19999980926513671875</ele>
        <time>2025-05-30T22:04:07.000Z</time>
        <extensions>
          <ns3:TrackPointExtension>
            <ns3:atemp>27.0</ns3:atemp>
            <ns3:hr>137</ns3:hr>
            <ns3:cad>83</ns3:cad>
          </ns3:TrackPointExtension>
        </extensions>
      </trkpt>
      <trkpt lat="25.8512801863253116607666015625" lon="119.57225267775356769561767578125">
        <ele>13.19999980926513671875</ele>
        <time>2025-05-30T22:04:08.000Z</time>
        <extensions>
          <ns3:TrackPointExtension>
            <ns3:atemp>27.0</ns3:atemp>
            <ns3:hr>137</ns3:hr>
            <ns3:cad>83</ns3:cad>
          </ns3:TrackPointExtension>
        </extensions>
      </trkpt>
      <trkpt lat="25.85126124322414398193359375" lon="119.57225234247744083404541015625">
        <ele>13.19999980926513671875</ele>
        <time>2025-05-30T22:04:09.000Z</time>
        <extensions>
          <ns3:TrackPointExtension>
            <ns3:atemp>27.0</ns3:atemp>
            <ns3:hr>137</ns3:hr>
            <ns3:cad>83</ns3:cad>
          </ns3:TrackPointExtension>
        </extensions>
      </trkpt>
      <trkpt lat="25.851238779723644256591796875" lon="119.57224194891750812530517578125">
        <ele>13.3999996185302734375</ele>
        <time>2025-05-30T22:04:10.000Z</time>
        <extensions>
          <ns3:TrackPointExtension>
            <ns3:atemp>27.0</ns3:atemp>
            <ns3:hr>137</ns3:hr>
            <ns3:cad>83</ns3:cad>
          </ns3:TrackPointExtension>
        </extensions>
      </trkpt>
      <trkpt lat="25.85122075863182544708251953125" lon="119.57223775796592235565185546875">
        <ele>13.3999996185302734375</ele>
        <time>2025-05-30T22:04:11.000Z</time>
        <extensions>
          <ns3:TrackPointExtension>
            <ns3:atemp>27.0</ns3:atemp>
            <ns3:hr>137</ns3:hr>
            <ns3:cad>83</ns3:cad>
          </ns3:TrackPointExtension>
        </extensions>
      </trkpt>
      <trkpt lat="25.85120332427322864532470703125" lon="119.57223172299563884735107421875">
        <ele>13.19999980926513671875</ele>
        <time>2025-05-30T22:04:12.000Z</time>
        <extensions>
          <ns3:TrackPointExtension>
            <ns3:atemp>27.0</ns3:atemp>
            <ns3:hr>136</ns3:hr>
            <ns3:cad>83</ns3:cad>
          </ns3:TrackPointExtension>
        </extensions>
      </trkpt>
      <trkpt lat="25.85118035785853862762451171875" lon="119.5722212456166744232177734375">
        <ele>13.19999980926513671875</ele>
        <time>2025-05-30T22:04:13.000Z</time>
        <extensions>
          <ns3:TrackPointExtension>
            <ns3:atemp>27.0</ns3:atemp>
            <ns3:hr>137</ns3:hr>
            <ns3:cad>83</ns3:cad>
          </ns3:TrackPointExtension>
        </extensions>
      </trkpt>
      <trkpt lat="25.8511604927480220794677734375" lon="119.57221881486475467681884765625">
        <ele>13.19999980926513671875</ele>
        <time>2025-05-30T22:04:14.000Z</time>
        <extensions>
          <ns3:TrackPointExtension>
            <ns3:atemp>27.0</ns3:atemp>
            <ns3:hr>137</ns3:hr>
            <ns3:cad>84</ns3:cad>
          </ns3:TrackPointExtension>
        </extensions>
      </trkpt>
      <trkpt lat="25.8511356823146343231201171875" lon="119.57220573909580707550048828125">
        <ele>13.19999980926513671875</ele>
        <time>2025-05-30T22:04:15.000Z</time>
        <extensions>
          <ns3:TrackPointExtension>
            <ns3:atemp>27.0</ns3:atemp>
            <ns3:hr>137</ns3:hr>
            <ns3:cad>84</ns3:cad>
          </ns3:TrackPointExtension>
        </extensions>
      </trkpt>
      <trkpt lat="25.85112000815570354461669921875" lon="119.57219869829714298248291015625">
        <ele>13.19999980926513671875</ele>
        <time>2025-05-30T22:04:16.000Z</time>
        <extensions>
          <ns3:TrackPointExtension>
            <ns3:atemp>27.0</ns3:atemp>
            <ns3:hr>137</ns3:hr>
            <ns3:cad>84</ns3:cad>
          </ns3:TrackPointExtension>
        </extensions>
      </trkpt>
      <trkpt lat="25.8510977961122989654541015625" lon="119.57218964584171772003173828125">
        <ele>13.19999980926513671875</ele>
        <time>2025-05-30T22:04:17.000Z</time>
        <extensions>
          <ns3:TrackPointExtension>
            <ns3:atemp>27.0</ns3:atemp>
            <ns3:hr>136</ns3:hr>
            <ns3:cad>84</ns3:cad>
          </ns3:TrackPointExtension>
        </extensions>
      </trkpt>
      <trkpt lat="25.85107742808759212493896484375" lon="119.572178833186626434326171875">
        <ele>13.19999980926513671875</ele>
        <time>2025-05-30T22:04:18.000Z</time>
        <extensions>
          <ns3:TrackPointExtension>
            <ns3:atemp>27.0</ns3:atemp>
            <ns3:hr>136</ns3:hr>
            <ns3:cad>84</ns3:cad>
          </ns3:TrackPointExtension>
        </extensions>
      </trkpt>
      <trkpt lat="25.85105731151998043060302734375" lon="119.572176150977611541748046875">
        <ele>13.19999980926513671875</ele>
        <time>2025-05-30T22:04:19.000Z</time>
        <extensions>
          <ns3:TrackPointExtension>
            <ns3:atemp>27.0</ns3:atemp>
            <ns3:hr>136</ns3:hr>
            <ns3:cad>84</ns3:cad>
          </ns3:TrackPointExtension>
        </extensions>
      </trkpt>
      <trkpt lat="25.85103048942983150482177734375" lon="119.5721635781228542327880859375">
        <ele>13.19999980926513671875</ele>
        <time>2025-05-30T22:04:20.000Z</time>
        <extensions>
          <ns3:TrackPointExtension>
            <ns3:atemp>27.0</ns3:atemp>
            <ns3:hr>136</ns3:hr>
            <ns3:cad>84</ns3:cad>
          </ns3:TrackPointExtension>
        </extensions>
      </trkpt>
      <trkpt lat="25.8510146476328372955322265625" lon="119.5721603929996490478515625">
        <ele>13.19999980926513671875</ele>
        <time>2025-05-30T22:04:21.000Z</time>
        <extensions>
          <ns3:TrackPointExtension>
            <ns3:atemp>27.0</ns3:atemp>
            <ns3:hr>137</ns3:hr>
            <ns3:cad>84</ns3:cad>
          </ns3:TrackPointExtension>
        </extensions>
      </trkpt>
      <trkpt lat="25.85099109448492527008056640625" lon="119.57215377129614353179931640625">
        <ele>13.19999980926513671875</ele>
        <time>2025-05-30T22:04:22.000Z</time>
        <extensions>
          <ns3:TrackPointExtension>
            <ns3:atemp>27.0</ns3:atemp>
            <ns3:hr>137</ns3:hr>
            <ns3:cad>84</ns3:cad>
          </ns3:TrackPointExtension>
        </extensions>
      </trkpt>
      <trkpt lat="25.85096980445086956024169921875" lon="119.57214404828846454620361328125">
        <ele>13.19999980926513671875</ele>
        <time>2025-05-30T22:04:23.000Z</time>
        <extensions>
          <ns3:TrackPointExtension>
            <ns3:atemp>27.0</ns3:atemp>
            <ns3:hr>137</ns3:hr>
            <ns3:cad>84</ns3:cad>
          </ns3:TrackPointExtension>
        </extensions>
      </trkpt>
      <trkpt lat="25.85095144808292388916015625" lon="119.57214228808879852294921875">
        <ele>13.19999980926513671875</ele>
        <time>2025-05-30T22:04:24.000Z</time>
        <extensions>
          <ns3:TrackPointExtension>
            <ns3:atemp>27.0</ns3:atemp>
            <ns3:hr>137</ns3:hr>
            <ns3:cad>84</ns3:cad>
          </ns3:TrackPointExtension>
        </extensions>
      </trkpt>
      <trkpt lat="25.85092638619244098663330078125" lon="119.5721273683011531829833984375">
        <ele>13.19999980926513671875</ele>
        <time>2025-05-30T22:04:25.000Z</time>
        <extensions>
          <ns3:TrackPointExtension>
            <ns3:atemp>27.0</ns3:atemp>
            <ns3:hr>137</ns3:hr>
            <ns3:cad>84</ns3:cad>
          </ns3:TrackPointExtension>
        </extensions>
      </trkpt>
      <trkpt lat="25.8509097062051296234130859375" lon="119.5721226744353771209716796875">
        <ele>13.19999980926513671875</ele>
        <time>2025-05-30T22:04:26.000Z</time>
        <extensions>
          <ns3:TrackPointExtension>
            <ns3:atemp>27.0</ns3:atemp>
            <ns3:hr>138</ns3:hr>
            <ns3:cad>84</ns3:cad>
          </ns3:TrackPointExtension>
        </extensions>
      </trkpt>
      <trkpt lat="25.8508912660181522369384765625" lon="119.57211689092218875885009765625">
        <ele>13.19999980926513671875</ele>
        <time>2025-05-30T22:04:27.000Z</time>
        <extensions>
          <ns3:TrackPointExtension>
            <ns3:atemp>27.0</ns3:atemp>
            <ns3:hr>138</ns3:hr>
            <ns3:cad>84</ns3:cad>
          </ns3:TrackPointExtension>
        </extensions>
      </trkpt>
      <trkpt lat="25.85087307728826999664306640625" lon="119.572105072438716888427734375">
        <ele>13.19999980926513671875</ele>
        <time>2025-05-30T22:04:28.000Z</time>
        <extensions>
          <ns3:TrackPointExtension>
            <ns3:atemp>27.0</ns3:atemp>
            <ns3:hr>139</ns3:hr>
            <ns3:cad>84</ns3:cad>
          </ns3:TrackPointExtension>
        </extensions>
      </trkpt>
      <trkpt lat="25.85085530765354633331298828125" lon="119.57210314460098743438720703125">
        <ele>13.19999980926513671875</ele>
        <time>2025-05-30T22:04:29.000Z</time>
        <extensions>
          <ns3:TrackPointExtension>
            <ns3:atemp>27.0</ns3:atemp>
            <ns3:hr>139</ns3:hr>
            <ns3:cad>84</ns3:cad>
          </ns3:TrackPointExtension>
        </extensions>
      </trkpt>
      <trkpt lat="25.85083183832466602325439453125" lon="119.5720933377742767333984375">
        <ele>13.19999980926513671875</ele>
        <time>2025-05-30T22:04:30.000Z</time>
        <extensions>
          <ns3:TrackPointExtension>
            <ns3:atemp>27.0</ns3:atemp>
            <ns3:hr>139</ns3:hr>
            <ns3:cad>84</ns3:cad>
          </ns3:TrackPointExtension>
        </extensions>
      </trkpt>
      <trkpt lat="25.850817672908306121826171875" lon="119.5720891468226909637451171875">
        <ele>13.19999980926513671875</ele>
        <time>2025-05-30T22:04:31.000Z</time>
        <extensions>
          <ns3:TrackPointExtension>
            <ns3:atemp>27.0</ns3:atemp>
            <ns3:hr>139</ns3:hr>
            <ns3:cad>84</ns3:cad>
          </ns3:TrackPointExtension>
        </extensions>
      </trkpt>
      <trkpt lat="25.85079713724553585052490234375" lon="119.5720743946731090545654296875">
        <ele>13.19999980926513671875</ele>
        <time>2025-05-30T22:04:32.000Z</time>
        <extensions>
          <ns3:TrackPointExtension>
            <ns3:atemp>27.0</ns3:atemp>
            <ns3:hr>140</ns3:hr>
            <ns3:cad>84</ns3:cad>
          </ns3:TrackPointExtension>
        </extensions>
      </trkpt>
      <trkpt lat="25.85078070871531963348388671875" lon="119.57205989398062229156494140625">
        <ele>13.19999980926513671875</ele>
        <time>2025-05-30T22:04:33.000Z</time>
        <extensions>
          <ns3:TrackPointExtension>
            <ns3:atemp>27.0</ns3:atemp>
            <ns3:hr>140</ns3:hr>
            <ns3:cad>84</ns3:cad>
          </ns3:TrackPointExtension>
        </extensions>
      </trkpt>
      <trkpt lat="25.85076310671865940093994140625" lon="119.5720569603145122528076171875">
        <ele>13.19999980926513671875</ele>
        <time>2025-05-30T22:04:34.000Z</time>
        <extensions>
          <ns3:TrackPointExtension>
            <ns3:atemp>27.0</ns3:atemp>
            <ns3:hr>140</ns3:hr>
            <ns3:cad>84</ns3:cad>
          </ns3:TrackPointExtension>
        </extensions>
      </trkpt>
      <trkpt lat="25.85073762573301792144775390625" lon="119.57204547710716724395751953125">
        <ele>13.19999980926513671875</ele>
        <time>2025-05-30T22:04:35.000Z</time>
        <extensions>
          <ns3:TrackPointExtension>
            <ns3:atemp>27.0</ns3:atemp>
            <ns3:hr>140</ns3:hr>
            <ns3:cad>85</ns3:cad>
          </ns3:TrackPointExtension>
        </extensions>
      </trkpt>
      <trkpt lat="25.8507229574024677276611328125" lon="119.572042711079120635986328125">
        <ele>13.3999996185302734375</ele>
        <time>2025-05-30T22:04:36.000Z</time>
        <extensions>
          <ns3:TrackPointExtension>
            <ns3:atemp>27.0</ns3:atemp>
            <ns3:hr>140</ns3:hr>
            <ns3:cad>85</ns3:cad>
          </ns3:TrackPointExtension>
        </extensions>
      </trkpt>
      <trkpt lat="25.85070041008293628692626953125" lon="119.572032652795314788818359375">
        <ele>13.3999996185302734375</ele>
        <time>2025-05-30T22:04:37.000Z</time>
        <extensions>
          <ns3:TrackPointExtension>
            <ns3:atemp>27.0</ns3:atemp>
            <ns3:hr>140</ns3:hr>
            <ns3:cad>85</ns3:cad>
          </ns3:TrackPointExtension>
        </extensions>
      </trkpt>
      <trkpt lat="25.8506813831627368927001953125" lon="119.572022594511508941650390625">
        <ele>13.3999996185302734375</ele>
        <time>2025-05-30T22:04:38.000Z</time>
        <extensions>
          <ns3:TrackPointExtension>
            <ns3:atemp>27.0</ns3:atemp>
            <ns3:hr>140</ns3:hr>
            <ns3:cad>85</ns3:cad>
          </ns3:TrackPointExtension>
        </extensions>
      </trkpt>
      <trkpt lat="25.85066587664186954498291015625" lon="119.57202116958796977996826171875">
        <ele>13.3999996185302734375</ele>
        <time>2025-05-30T22:04:39.000Z</time>
        <extensions>
          <ns3:TrackPointExtension>
            <ns3:atemp>27.0</ns3:atemp>
            <ns3:hr>140</ns3:hr>
            <ns3:cad>84</ns3:cad>
          </ns3:TrackPointExtension>
        </extensions>
      </trkpt>
      <trkpt lat="25.85064190439879894256591796875" lon="119.5720086805522441864013671875">
        <ele>13.3999996185302734375</ele>
        <time>2025-05-30T22:04:40.000Z</time>
        <extensions>
          <ns3:TrackPointExtension>
            <ns3:atemp>27.0</ns3:atemp>
            <ns3:hr>140</ns3:hr>
            <ns3:cad>84</ns3:cad>
          </ns3:TrackPointExtension>
        </extensions>
      </trkpt>
      <trkpt lat="25.85062849335372447967529296875" lon="119.5719989575445652008056640625">
        <ele>13.19999980926513671875</ele>
        <time>2025-05-30T22:04:41.000Z</time>
        <extensions>
          <ns3:TrackPointExtension>
            <ns3:atemp>27.0</ns3:atemp>
            <ns3:hr>140</ns3:hr>
            <ns3:cad>84</ns3:cad>
          </ns3:TrackPointExtension>
        </extensions>
      </trkpt>
      <trkpt lat="25.850609131157398223876953125" lon="119.5719945989549160003662109375">
        <ele>13.19999980926513671875</ele>
        <time>2025-05-30T22:04:42.000Z</time>
        <extensions>
          <ns3:TrackPointExtension>
            <ns3:atemp>27.0</ns3:atemp>
            <ns3:hr>140</ns3:hr>
            <ns3:cad>83</ns3:cad>
          </ns3:TrackPointExtension>
        </extensions>
      </trkpt>
      <trkpt lat="25.85058826021850109100341796875" lon="119.5719860494136810302734375">
        <ele>13.19999980926513671875</ele>
        <time>2025-05-30T22:04:43.000Z</time>
        <extensions>
          <ns3:TrackPointExtension>
            <ns3:atemp>27.0</ns3:atemp>
            <ns3:hr>140</ns3:hr>
            <ns3:cad>83</ns3:cad>
          </ns3:TrackPointExtension>
        </extensions>
      </trkpt>
      <trkpt lat="25.85057334043085575103759765625" lon="119.57198537886142730712890625">
        <ele>13.19999980926513671875</ele>
        <time>2025-05-30T22:04:44.000Z</time>
        <extensions>
          <ns3:TrackPointExtension>
            <ns3:atemp>27.0</ns3:atemp>
            <ns3:hr>140</ns3:hr>
            <ns3:cad>83</ns3:cad>
          </ns3:TrackPointExtension>
        </extensions>
      </trkpt>
      <trkpt lat="25.85055314004421234130859375" lon="119.571974985301494598388671875">
        <ele>13.19999980926513671875</ele>
        <time>2025-05-30T22:04:45.000Z</time>
        <extensions>
          <ns3:TrackPointExtension>
            <ns3:atemp>27.0</ns3:atemp>
            <ns3:hr>140</ns3:hr>
            <ns3:cad>83</ns3:cad>
          </ns3:TrackPointExtension>
        </extensions>
      </trkpt>
      <trkpt lat="25.85053612478077411651611328125" lon="119.57196149043738842010498046875">
        <ele>13.19999980926513671875</ele>
        <time>2025-05-30T22:04:46.000Z</time>
        <extensions>
          <ns3:TrackPointExtension>
            <ns3:atemp>27.0</ns3:atemp>
            <ns3:hr>140</ns3:hr>
            <ns3:cad>82</ns3:cad>
          </ns3:TrackPointExtension>
        </extensions>
      </trkpt>
      <trkpt lat="25.85051734931766986846923828125" lon="119.57196149043738842010498046875">
        <ele>13.19999980926513671875</ele>
        <time>2025-05-30T22:04:47.000Z</time>
        <extensions>
          <ns3:TrackPointExtension>
            <ns3:atemp>27.0</ns3:atemp>
            <ns3:hr>140</ns3:hr>
            <ns3:cad>82</ns3:cad>
          </ns3:TrackPointExtension>
        </extensions>
      </trkpt>
      <trkpt lat="25.8504946343600749969482421875" lon="119.57194623537361621856689453125">
        <ele>13.19999980926513671875</ele>
        <time>2025-05-30T22:04:48.000Z</time>
        <extensions>
          <ns3:TrackPointExtension>
            <ns3:atemp>27.0</ns3:atemp>
            <ns3:hr>140</ns3:hr>
            <ns3:cad>82</ns3:cad>
          </ns3:TrackPointExtension>
        </extensions>
      </trkpt>
      <trkpt lat="25.85048097185790538787841796875" lon="119.57194246351718902587890625">
        <ele>13.19999980926513671875</ele>
        <time>2025-05-30T22:04:49.000Z</time>
        <extensions>
          <ns3:TrackPointExtension>
            <ns3:atemp>27.0</ns3:atemp>
            <ns3:hr>140</ns3:hr>
            <ns3:cad>82</ns3:cad>
          </ns3:TrackPointExtension>
        </extensions>
      </trkpt>
      <trkpt lat="25.8504612743854522705078125" lon="119.5719349198043346405029296875">
        <ele>13.19999980926513671875</ele>
        <time>2025-05-30T22:04:50.000Z</time>
        <extensions>
          <ns3:TrackPointExtension>
            <ns3:atemp>27.0</ns3:atemp>
            <ns3:hr>139</ns3:hr>
            <ns3:cad>82</ns3:cad>
          </ns3:TrackPointExtension>
        </extensions>
      </trkpt>
      <trkpt lat="25.85044442676007747650146484375" lon="119.5719243586063385009765625">
        <ele>13.19999980926513671875</ele>
        <time>2025-05-30T22:04:51.000Z</time>
        <extensions>
          <ns3:TrackPointExtension>
            <ns3:atemp>27.0</ns3:atemp>
            <ns3:hr>139</ns3:hr>
            <ns3:cad>82</ns3:cad>
          </ns3:TrackPointExtension>
        </extensions>
      </trkpt>
      <trkpt lat="25.850425399839878082275390625" lon="119.57192427478730678558349609375">
        <ele>13.19999980926513671875</ele>
        <time>2025-05-30T22:04:52.000Z</time>
        <extensions>
          <ns3:TrackPointExtension>
            <ns3:atemp>27.0</ns3:atemp>
            <ns3:hr>138</ns3:hr>
            <ns3:cad>82</ns3:cad>
          </ns3:TrackPointExtension>
        </extensions>
      </trkpt>
      <trkpt lat="25.8504007570445537567138671875" lon="119.57191019318997859954833984375">
        <ele>13.19999980926513671875</ele>
        <time>2025-05-30T22:04:53.000Z</time>
        <extensions>
          <ns3:TrackPointExtension>
            <ns3:atemp>27.0</ns3:atemp>
            <ns3:hr>137</ns3:hr>
            <ns3:cad>83</ns3:cad>
          </ns3:TrackPointExtension>
        </extensions>
      </trkpt>
      <trkpt lat="25.85038357414305210113525390625" lon="119.57190583460032939910888671875">
        <ele>13.19999980926513671875</ele>
        <time>2025-05-30T22:04:54.000Z</time>
        <extensions>
          <ns3:TrackPointExtension>
            <ns3:atemp>27.0</ns3:atemp>
            <ns3:hr>135</ns3:hr>
            <ns3:cad>83</ns3:cad>
          </ns3:TrackPointExtension>
        </extensions>
      </trkpt>
      <trkpt lat="25.85036580450832843780517578125" lon="119.57190332002937793731689453125">
        <ele>13.19999980926513671875</ele>
        <time>2025-05-30T22:04:55.000Z</time>
        <extensions>
          <ns3:TrackPointExtension>
            <ns3:atemp>27.0</ns3:atemp>
            <ns3:hr>132</ns3:hr>
            <ns3:cad>83</ns3:cad>
          </ns3:TrackPointExtension>
        </extensions>
      </trkpt>
      <trkpt lat="25.8503472805023193359375" lon="119.57188638858497142791748046875">
        <ele>13.19999980926513671875</ele>
        <time>2025-05-30T22:04:56.000Z</time>
        <extensions>
          <ns3:TrackPointExtension>
            <ns3:atemp>27.0</ns3:atemp>
            <ns3:hr>131</ns3:hr>
            <ns3:cad>83</ns3:cad>
          </ns3:TrackPointExtension>
        </extensions>
      </trkpt>
      <trkpt lat="25.85033412091434001922607421875" lon="119.57187951542437076568603515625">
        <ele>13.19999980926513671875</ele>
        <time>2025-05-30T22:04:57.000Z</time>
        <extensions>
          <ns3:TrackPointExtension>
            <ns3:atemp>27.0</ns3:atemp>
            <ns3:hr>130</ns3:hr>
            <ns3:cad>83</ns3:cad>
          </ns3:TrackPointExtension>
        </extensions>
      </trkpt>
      <trkpt lat="25.850313417613506317138671875" lon="119.57186727784574031829833984375">
        <ele>13.19999980926513671875</ele>
        <time>2025-05-30T22:04:58.000Z</time>
        <extensions>
          <ns3:TrackPointExtension>
            <ns3:atemp>27.0</ns3:atemp>
            <ns3:hr>130</ns3:hr>
            <ns3:cad>82</ns3:cad>
          </ns3:TrackPointExtension>
        </extensions>
      </trkpt>
      <trkpt lat="25.8502951450645923614501953125" lon="119.5718598179519176483154296875">
        <ele>13.19999980926513671875</ele>
        <time>2025-05-30T22:04:59.000Z</time>
        <extensions>
          <ns3:TrackPointExtension>
            <ns3:atemp>27.0</ns3:atemp>
            <ns3:hr>131</ns3:hr>
            <ns3:cad>82</ns3:cad>
          </ns3:TrackPointExtension>
        </extensions>
      </trkpt>
      <trkpt lat="25.85027762688696384429931640625" lon="119.57185872830450534820556640625">
        <ele>13.19999980926513671875</ele>
        <time>2025-05-30T22:05:00.000Z</time>
        <extensions>
          <ns3:TrackPointExtension>
            <ns3:atemp>27.0</ns3:atemp>
            <ns3:hr>131</ns3:hr>
            <ns3:cad>82</ns3:cad>
          </ns3:TrackPointExtension>
        </extensions>
      </trkpt>
      <trkpt lat="25.8502539061009883880615234375" lon="119.57184498198330402374267578125">
        <ele>13.19999980926513671875</ele>
        <time>2025-05-30T22:05:01.000Z</time>
        <extensions>
          <ns3:TrackPointExtension>
            <ns3:atemp>27.0</ns3:atemp>
            <ns3:hr>131</ns3:hr>
            <ns3:cad>82</ns3:cad>
          </ns3:TrackPointExtension>
        </extensions>
      </trkpt>
      <trkpt lat="25.85023873485624790191650390625" lon="119.5718437246978282928466796875">
        <ele>13.19999980926513671875</ele>
        <time>2025-05-30T22:05:02.000Z</time>
        <extensions>
          <ns3:TrackPointExtension>
            <ns3:atemp>27.0</ns3:atemp>
            <ns3:hr>132</ns3:hr>
            <ns3:cad>83</ns3:cad>
          </ns3:TrackPointExtension>
        </extensions>
      </trkpt>
      <trkpt lat="25.85021643899381160736083984375" lon="119.5718390308320522308349609375">
        <ele>13.19999980926513671875</ele>
        <time>2025-05-30T22:05:03.000Z</time>
        <extensions>
          <ns3:TrackPointExtension>
            <ns3:atemp>27.0</ns3:atemp>
            <ns3:hr>133</ns3:hr>
            <ns3:cad>83</ns3:cad>
          </ns3:TrackPointExtension>
        </extensions>
      </trkpt>
      <trkpt lat="25.85019498132169246673583984375" lon="119.5718316547572612762451171875">
        <ele>13.19999980926513671875</ele>
        <time>2025-05-30T22:05:04.000Z</time>
        <extensions>
          <ns3:TrackPointExtension>
            <ns3:atemp>27.0</ns3:atemp>
            <ns3:hr>134</ns3:hr>
            <ns3:cad>83</ns3:cad>
          </ns3:TrackPointExtension>
        </extensions>
      </trkpt>
      <trkpt lat="25.85018022917211055755615234375" lon="119.571828804910182952880859375">
        <ele>13.19999980926513671875</ele>
        <time>2025-05-30T22:05:05.000Z</time>
        <extensions>
          <ns3:TrackPointExtension>
            <ns3:atemp>27.0</ns3:atemp>
            <ns3:hr>134</ns3:hr>
            <ns3:cad>83</ns3:cad>
          </ns3:TrackPointExtension>
        </extensions>
      </trkpt>
      <trkpt lat="25.8501596935093402862548828125" lon="119.5718169026076793670654296875">
        <ele>13.19999980926513671875</ele>
        <time>2025-05-30T22:05:06.000Z</time>
        <extensions>
          <ns3:TrackPointExtension>
            <ns3:atemp>27.0</ns3:atemp>
            <ns3:hr>135</ns3:hr>
            <ns3:cad>83</ns3:cad>
          </ns3:TrackPointExtension>
        </extensions>
      </trkpt>
      <trkpt lat="25.85014435462653636932373046875" lon="119.57181614823639392852783203125">
        <ele>13.3999996185302734375</ele>
        <time>2025-05-30T22:05:07.000Z</time>
        <extensions>
          <ns3:TrackPointExtension>
            <ns3:atemp>27.0</ns3:atemp>
            <ns3:hr>136</ns3:hr>
            <ns3:cad>83</ns3:cad>
          </ns3:TrackPointExtension>
        </extensions>
      </trkpt>
      <trkpt lat="25.850121639668941497802734375" lon="119.5717981271445751190185546875">
        <ele>13.3999996185302734375</ele>
        <time>2025-05-30T22:05:08.000Z</time>
        <extensions>
          <ns3:TrackPointExtension>
            <ns3:atemp>27.0</ns3:atemp>
            <ns3:hr>136</ns3:hr>
            <ns3:cad>84</ns3:cad>
          </ns3:TrackPointExtension>
        </extensions>
      </trkpt>
      <trkpt lat="25.85010780952870845794677734375" lon="119.57179536111652851104736328125">
        <ele>13.19999980926513671875</ele>
        <time>2025-05-30T22:05:09.000Z</time>
        <extensions>
          <ns3:TrackPointExtension>
            <ns3:atemp>27.0</ns3:atemp>
            <ns3:hr>136</ns3:hr>
            <ns3:cad>84</ns3:cad>
          </ns3:TrackPointExtension>
        </extensions>
      </trkpt>
      <trkpt lat="25.85008702240884304046630859375" lon="119.57179117016494274139404296875">
        <ele>13.3999996185302734375</ele>
        <time>2025-05-30T22:05:10.000Z</time>
        <extensions>
          <ns3:TrackPointExtension>
            <ns3:atemp>27.0</ns3:atemp>
            <ns3:hr>137</ns3:hr>
            <ns3:cad>84</ns3:cad>
          </ns3:TrackPointExtension>
        </extensions>
      </trkpt>
      <trkpt lat="25.85006774403154850006103515625" lon="119.57177977077662944793701171875">
        <ele>13.3999996185302734375</ele>
        <time>2025-05-30T22:05:11.000Z</time>
        <extensions>
          <ns3:TrackPointExtension>
            <ns3:atemp>27.0</ns3:atemp>
            <ns3:hr>137</ns3:hr>
            <ns3:cad>84</ns3:cad>
          </ns3:TrackPointExtension>
        </extensions>
      </trkpt>
      <trkpt lat="25.85005232132971286773681640625" lon="119.57177641801536083221435546875">
        <ele>13.3999996185302734375</ele>
        <time>2025-05-30T22:05:12.000Z</time>
        <extensions>
          <ns3:TrackPointExtension>
            <ns3:atemp>27.0</ns3:atemp>
            <ns3:hr>137</ns3:hr>
            <ns3:cad>84</ns3:cad>
          </ns3:TrackPointExtension>
        </extensions>
      </trkpt>
      <trkpt lat="25.850030444562435150146484375" lon="119.571764431893825531005859375">
        <ele>13.3999996185302734375</ele>
        <time>2025-05-30T22:05:13.000Z</time>
        <extensions>
          <ns3:TrackPointExtension>
            <ns3:atemp>27.0</ns3:atemp>
            <ns3:hr>137</ns3:hr>
            <ns3:cad>85</ns3:cad>
          </ns3:TrackPointExtension>
        </extensions>
      </trkpt>
      <trkpt lat="25.850013010203838348388671875" lon="119.5717558823525905609130859375">
        <ele>13.3999996185302734375</ele>
        <time>2025-05-30T22:05:14.000Z</time>
        <extensions>
          <ns3:TrackPointExtension>
            <ns3:atemp>27.0</ns3:atemp>
            <ns3:hr>137</ns3:hr>
            <ns3:cad>85</ns3:cad>
          </ns3:TrackPointExtension>
        </extensions>
      </trkpt>
      <trkpt lat="25.8499944023787975311279296875" lon="119.57174875773489475250244140625">
        <ele>13.3999996185302734375</ele>
        <time>2025-05-30T22:05:15.000Z</time>
        <extensions>
          <ns3:TrackPointExtension>
            <ns3:atemp>27.0</ns3:atemp>
            <ns3:hr>137</ns3:hr>
            <ns3:cad>84</ns3:cad>
          </ns3:TrackPointExtension>
        </extensions>
      </trkpt>
      <trkpt lat="25.849972106516361236572265625" lon="119.5717394538223743438720703125">
        <ele>13.3999996185302734375</ele>
        <time>2025-05-30T22:05:16.000Z</time>
        <extensions>
          <ns3:TrackPointExtension>
            <ns3:atemp>27.0</ns3:atemp>
            <ns3:hr>137</ns3:hr>
            <ns3:cad>83</ns3:cad>
          </ns3:TrackPointExtension>
        </extensions>
      </trkpt>
      <trkpt lat="25.849960707128047943115234375" lon="119.5717421360313892364501953125">
        <ele>13.3999996185302734375</ele>
        <time>2025-05-30T22:05:17.000Z</time>
        <extensions>
          <ns3:TrackPointExtension>
            <ns3:atemp>27.0</ns3:atemp>
            <ns3:hr>137</ns3:hr>
            <ns3:cad>83</ns3:cad>
          </ns3:TrackPointExtension>
        </extensions>
      </trkpt>
      <trkpt lat="25.849935896694660186767578125" lon="119.5717277191579341888427734375">
        <ele>13.3999996185302734375</ele>
        <time>2025-05-30T22:05:18.000Z</time>
        <extensions>
          <ns3:TrackPointExtension>
            <ns3:atemp>27.0</ns3:atemp>
            <ns3:hr>137</ns3:hr>
            <ns3:cad>83</ns3:cad>
          </ns3:TrackPointExtension>
        </extensions>
      </trkpt>
      <trkpt lat="25.849921144545078277587890625" lon="119.5717206783592700958251953125">
        <ele>13.3999996185302734375</ele>
        <time>2025-05-30T22:05:19.000Z</time>
        <extensions>
          <ns3:TrackPointExtension>
            <ns3:atemp>27.0</ns3:atemp>
            <ns3:hr>138</ns3:hr>
            <ns3:cad>83</ns3:cad>
          </ns3:TrackPointExtension>
        </extensions>
      </trkpt>
      <trkpt lat="25.8499011956155300140380859375" lon="119.57171439193189144134521484375">
        <ele>13.3999996185302734375</ele>
        <time>2025-05-30T22:05:20.000Z</time>
        <extensions>
          <ns3:TrackPointExtension>
            <ns3:atemp>27.0</ns3:atemp>
            <ns3:hr>138</ns3:hr>
            <ns3:cad>83</ns3:cad>
          </ns3:TrackPointExtension>
        </extensions>
      </trkpt>
      <trkpt lat="25.84987990558147430419921875" lon="119.5717008970677852630615234375">
        <ele>13.3999996185302734375</ele>
        <time>2025-05-30T22:05:21.000Z</time>
        <extensions>
          <ns3:TrackPointExtension>
            <ns3:atemp>27.0</ns3:atemp>
            <ns3:hr>138</ns3:hr>
            <ns3:cad>83</ns3:cad>
          </ns3:TrackPointExtension>
        </extensions>
      </trkpt>
      <trkpt lat="25.8498619683086872100830078125" lon="119.5716985501348972320556640625">
        <ele>13.3999996185302734375</ele>
        <time>2025-05-30T22:05:22.000Z</time>
        <extensions>
          <ns3:TrackPointExtension>
            <ns3:atemp>27.0</ns3:atemp>
            <ns3:hr>138</ns3:hr>
            <ns3:cad>84</ns3:cad>
          </ns3:TrackPointExtension>
        </extensions>
      </trkpt>
      <trkpt lat="25.849837325513362884521484375" lon="119.57168907858431339263916015625">
        <ele>13.3999996185302734375</ele>
        <time>2025-05-30T22:05:23.000Z</time>
        <extensions>
          <ns3:TrackPointExtension>
            <ns3:atemp>27.0</ns3:atemp>
            <ns3:hr>138</ns3:hr>
            <ns3:cad>84</ns3:cad>
          </ns3:TrackPointExtension>
        </extensions>
      </trkpt>
      <trkpt lat="25.84981955587863922119140625" lon="119.57167566753923892974853515625">
        <ele>13.3999996185302734375</ele>
        <time>2025-05-30T22:05:24.000Z</time>
        <extensions>
          <ns3:TrackPointExtension>
            <ns3:atemp>27.0</ns3:atemp>
            <ns3:hr>139</ns3:hr>
            <ns3:cad>83</ns3:cad>
          </ns3:TrackPointExtension>
        </extensions>
      </trkpt>
      <trkpt lat="25.84980354644358158111572265625" lon="119.571677260100841522216796875">
        <ele>13.3999996185302734375</ele>
        <time>2025-05-30T22:05:25.000Z</time>
        <extensions>
          <ns3:TrackPointExtension>
            <ns3:atemp>27.0</ns3:atemp>
            <ns3:hr>139</ns3:hr>
            <ns3:cad>83</ns3:cad>
          </ns3:TrackPointExtension>
        </extensions>
      </trkpt>
      <trkpt lat="25.8497799932956695556640625" lon="119.571667201817035675048828125">
        <ele>13.3999996185302734375</ele>
        <time>2025-05-30T22:05:26.000Z</time>
        <extensions>
          <ns3:TrackPointExtension>
            <ns3:atemp>27.0</ns3:atemp>
            <ns3:hr>138</ns3:hr>
            <ns3:cad>83</ns3:cad>
          </ns3:TrackPointExtension>
        </extensions>
      </trkpt>
      <trkpt lat="25.8497654087841510772705078125" lon="119.57166024483740329742431640625">
        <ele>13.3999996185302734375</ele>
        <time>2025-05-30T22:05:27.000Z</time>
        <extensions>
          <ns3:TrackPointExtension>
            <ns3:atemp>27.0</ns3:atemp>
            <ns3:hr>138</ns3:hr>
            <ns3:cad>82</ns3:cad>
          </ns3:TrackPointExtension>
        </extensions>
      </trkpt>
      <trkpt lat="25.84974302910268306732177734375" lon="119.57165412604808807373046875">
        <ele>13.3999996185302734375</ele>
        <time>2025-05-30T22:05:28.000Z</time>
        <extensions>
          <ns3:TrackPointExtension>
            <ns3:atemp>27.0</ns3:atemp>
            <ns3:hr>138</ns3:hr>
            <ns3:cad>82</ns3:cad>
          </ns3:TrackPointExtension>
        </extensions>
      </trkpt>
      <trkpt lat="25.84972031414508819580078125" lon="119.57164498977363109588623046875">
        <ele>13.3999996185302734375</ele>
        <time>2025-05-30T22:05:29.000Z</time>
        <extensions>
          <ns3:TrackPointExtension>
            <ns3:atemp>27.0</ns3:atemp>
            <ns3:hr>139</ns3:hr>
            <ns3:cad>82</ns3:cad>
          </ns3:TrackPointExtension>
        </extensions>
      </trkpt>
      <trkpt lat="25.84970179013907909393310546875" lon="119.57164633087813854217529296875">
        <ele>13.3999996185302734375</ele>
        <time>2025-05-30T22:05:30.000Z</time>
        <extensions>
          <ns3:TrackPointExtension>
            <ns3:atemp>27.0</ns3:atemp>
            <ns3:hr>139</ns3:hr>
            <ns3:cad>82</ns3:cad>
          </ns3:TrackPointExtension>
        </extensions>
      </trkpt>
      <trkpt lat="25.8496795780956745147705078125" lon="119.57163359038531780242919921875">
        <ele>13.6000003814697265625</ele>
        <time>2025-05-30T22:05:31.000Z</time>
        <extensions>
          <ns3:TrackPointExtension>
            <ns3:atemp>27.0</ns3:atemp>
            <ns3:hr>139</ns3:hr>
            <ns3:cad>82</ns3:cad>
          </ns3:TrackPointExtension>
        </extensions>
      </trkpt>
      <trkpt lat="25.8496658317744731903076171875" lon="119.57162604667246341705322265625">
        <ele>13.6000003814697265625</ele>
        <time>2025-05-30T22:05:32.000Z</time>
        <extensions>
          <ns3:TrackPointExtension>
            <ns3:atemp>27.0</ns3:atemp>
            <ns3:hr>138</ns3:hr>
            <ns3:cad>83</ns3:cad>
          </ns3:TrackPointExtension>
        </extensions>
      </trkpt>
      <trkpt lat="25.8496433682739734649658203125" lon="119.571620263159275054931640625">
        <ele>13.6000003814697265625</ele>
        <time>2025-05-30T22:05:33.000Z</time>
        <extensions>
          <ns3:TrackPointExtension>
            <ns3:atemp>27.0</ns3:atemp>
            <ns3:hr>139</ns3:hr>
            <ns3:cad>83</ns3:cad>
          </ns3:TrackPointExtension>
        </extensions>
      </trkpt>
      <trkpt lat="25.84962367080152034759521484375" lon="119.57160660065710544586181640625">
        <ele>13.6000003814697265625</ele>
        <time>2025-05-30T22:05:34.000Z</time>
        <extensions>
          <ns3:TrackPointExtension>
            <ns3:atemp>27.0</ns3:atemp>
            <ns3:hr>139</ns3:hr>
            <ns3:cad>83</ns3:cad>
          </ns3:TrackPointExtension>
        </extensions>
      </trkpt>
      <trkpt lat="25.84960573352873325347900390625" lon="119.57160861231386661529541015625">
        <ele>13.6000003814697265625</ele>
        <time>2025-05-30T22:05:35.000Z</time>
        <extensions>
          <ns3:TrackPointExtension>
            <ns3:atemp>27.0</ns3:atemp>
            <ns3:hr>139</ns3:hr>
            <ns3:cad>83</ns3:cad>
          </ns3:TrackPointExtension>
        </extensions>
      </trkpt>
      <trkpt lat="25.84957924671471118927001953125" lon="119.5716016553342342376708984375">
        <ele>13.6000003814697265625</ele>
        <time>2025-05-30T22:05:36.000Z</time>
        <extensions>
          <ns3:TrackPointExtension>
            <ns3:atemp>27.0</ns3:atemp>
            <ns3:hr>139</ns3:hr>
            <ns3:cad>84</ns3:cad>
          </ns3:TrackPointExtension>
        </extensions>
      </trkpt>
      <trkpt lat="25.84956482984125614166259765625" lon="119.57159520126879215240478515625">
        <ele>13.6000003814697265625</ele>
        <time>2025-05-30T22:05:37.000Z</time>
        <extensions>
          <ns3:TrackPointExtension>
            <ns3:atemp>27.0</ns3:atemp>
            <ns3:hr>139</ns3:hr>
            <ns3:cad>84</ns3:cad>
          </ns3:TrackPointExtension>
        </extensions>
      </trkpt>
      <trkpt lat="25.8495444618165493011474609375" lon="119.57158748991787433624267578125">
        <ele>13.6000003814697265625</ele>
        <time>2025-05-30T22:05:38.000Z</time>
        <extensions>
          <ns3:TrackPointExtension>
            <ns3:atemp>27.0</ns3:atemp>
            <ns3:hr>140</ns3:hr>
            <ns3:cad>84</ns3:cad>
          </ns3:TrackPointExtension>
        </extensions>
      </trkpt>
      <trkpt lat="25.84952660836279392242431640625" lon="119.5715744979679584503173828125">
        <ele>13.3999996185302734375</ele>
        <time>2025-05-30T22:05:39.000Z</time>
        <extensions>
          <ns3:TrackPointExtension>
            <ns3:atemp>27.0</ns3:atemp>
            <ns3:hr>140</ns3:hr>
            <ns3:cad>84</ns3:cad>
          </ns3:TrackPointExtension>
        </extensions>
      </trkpt>
      <trkpt lat="25.84950950928032398223876953125" lon="119.57157500088214874267578125">
        <ele>13.3999996185302734375</ele>
        <time>2025-05-30T22:05:40.000Z</time>
        <extensions>
          <ns3:TrackPointExtension>
            <ns3:atemp>27.0</ns3:atemp>
            <ns3:hr>140</ns3:hr>
            <ns3:cad>84</ns3:cad>
          </ns3:TrackPointExtension>
        </extensions>
      </trkpt>
      <trkpt lat="25.84948738105595111846923828125" lon="119.57155765034258365631103515625">
        <ele>13.3999996185302734375</ele>
        <time>2025-05-30T22:05:41.000Z</time>
        <extensions>
          <ns3:TrackPointExtension>
            <ns3:atemp>27.0</ns3:atemp>
            <ns3:hr>140</ns3:hr>
            <ns3:cad>84</ns3:cad>
          </ns3:TrackPointExtension>
        </extensions>
      </trkpt>
      <trkpt lat="25.84947464056313037872314453125" lon="119.57154817879199981689453125">
        <ele>13.3999996185302734375</ele>
        <time>2025-05-30T22:05:42.000Z</time>
        <extensions>
          <ns3:TrackPointExtension>
            <ns3:atemp>27.0</ns3:atemp>
            <ns3:hr>140</ns3:hr>
            <ns3:cad>84</ns3:cad>
          </ns3:TrackPointExtension>
        </extensions>
      </trkpt>
      <trkpt lat="25.84945385344326496124267578125" lon="119.57153820432722568511962890625">
        <ele>13.3999996185302734375</ele>
        <time>2025-05-30T22:05:43.000Z</time>
        <extensions>
          <ns3:TrackPointExtension>
            <ns3:atemp>27.0</ns3:atemp>
            <ns3:hr>140</ns3:hr>
            <ns3:cad>84</ns3:cad>
          </ns3:TrackPointExtension>
        </extensions>
      </trkpt>
      <trkpt lat="25.8494358323514461517333984375" lon="119.571527056396007537841796875">
        <ele>13.6000003814697265625</ele>
        <time>2025-05-30T22:05:44.000Z</time>
        <extensions>
          <ns3:TrackPointExtension>
            <ns3:atemp>27.0</ns3:atemp>
            <ns3:hr>140</ns3:hr>
            <ns3:cad>83</ns3:cad>
          </ns3:TrackPointExtension>
        </extensions>
      </trkpt>
      <trkpt lat="25.8494197390973567962646484375" lon="119.57152328453958034515380859375">
        <ele>13.6000003814697265625</ele>
        <time>2025-05-30T22:05:45.000Z</time>
        <extensions>
          <ns3:TrackPointExtension>
            <ns3:atemp>27.0</ns3:atemp>
            <ns3:hr>140</ns3:hr>
            <ns3:cad>83</ns3:cad>
          </ns3:TrackPointExtension>
        </extensions>
      </trkpt>
      <trkpt lat="25.84939836524426937103271484375" lon="119.57150735892355442047119140625">
        <ele>13.6000003814697265625</ele>
        <time>2025-05-30T22:05:46.000Z</time>
        <extensions>
          <ns3:TrackPointExtension>
            <ns3:atemp>27.0</ns3:atemp>
            <ns3:hr>140</ns3:hr>
            <ns3:cad>84</ns3:cad>
          </ns3:TrackPointExtension>
        </extensions>
      </trkpt>
      <trkpt lat="25.84938461892306804656982421875" lon="119.5715034194290637969970703125">
        <ele>13.6000003814697265625</ele>
        <time>2025-05-30T22:05:47.000Z</time>
        <extensions>
          <ns3:TrackPointExtension>
            <ns3:atemp>27.0</ns3:atemp>
            <ns3:hr>140</ns3:hr>
            <ns3:cad>84</ns3:cad>
          </ns3:TrackPointExtension>
        </extensions>
      </trkpt>
      <trkpt lat="25.849363245069980621337890625" lon="119.5714960433542728424072265625">
        <ele>13.6000003814697265625</ele>
        <time>2025-05-30T22:05:48.000Z</time>
        <extensions>
          <ns3:TrackPointExtension>
            <ns3:atemp>27.0</ns3:atemp>
            <ns3:hr>140</ns3:hr>
            <ns3:cad>84</ns3:cad>
          </ns3:TrackPointExtension>
        </extensions>
      </trkpt>
      <trkpt lat="25.8493429608643054962158203125" lon="119.57148757763206958770751953125">
        <ele>13.3999996185302734375</ele>
        <time>2025-05-30T22:05:49.000Z</time>
        <extensions>
          <ns3:TrackPointExtension>
            <ns3:atemp>27.0</ns3:atemp>
            <ns3:hr>140</ns3:hr>
            <ns3:cad>84</ns3:cad>
          </ns3:TrackPointExtension>
        </extensions>
      </trkpt>
      <trkpt lat="25.84932644851505756378173828125" lon="119.57148472778499126434326171875">
        <ele>13.3999996185302734375</ele>
        <time>2025-05-30T22:05:50.000Z</time>
        <extensions>
          <ns3:TrackPointExtension>
            <ns3:atemp>27.0</ns3:atemp>
            <ns3:hr>139</ns3:hr>
            <ns3:cad>84</ns3:cad>
          </ns3:TrackPointExtension>
        </extensions>
      </trkpt>
      <trkpt lat="25.84930113516747951507568359375" lon="119.5714759267866611480712890625">
        <ele>13.3999996185302734375</ele>
        <time>2025-05-30T22:05:51.000Z</time>
        <extensions>
          <ns3:TrackPointExtension>
            <ns3:atemp>27.0</ns3:atemp>
            <ns3:hr>139</ns3:hr>
            <ns3:cad>84</ns3:cad>
          </ns3:TrackPointExtension>
        </extensions>
      </trkpt>
      <trkpt lat="25.84928445518016815185546875" lon="119.5714692212641239166259765625">
        <ele>13.6000003814697265625</ele>
        <time>2025-05-30T22:05:52.000Z</time>
        <extensions>
          <ns3:TrackPointExtension>
            <ns3:atemp>27.0</ns3:atemp>
            <ns3:hr>139</ns3:hr>
            <ns3:cad>84</ns3:cad>
          </ns3:TrackPointExtension>
        </extensions>
      </trkpt>
      <trkpt lat="25.849262662231922149658203125" lon="119.57146025262773036956787109375">
        <ele>13.6000003814697265625</ele>
        <time>2025-05-30T22:05:53.000Z</time>
        <extensions>
          <ns3:TrackPointExtension>
            <ns3:atemp>27.0</ns3:atemp>
            <ns3:hr>139</ns3:hr>
            <ns3:cad>84</ns3:cad>
          </ns3:TrackPointExtension>
        </extensions>
      </trkpt>
      <trkpt lat="25.84924346767365932464599609375" lon="119.57144893705844879150390625">
        <ele>13.6000003814697265625</ele>
        <time>2025-05-30T22:05:54.000Z</time>
        <extensions>
          <ns3:TrackPointExtension>
            <ns3:atemp>27.0</ns3:atemp>
            <ns3:hr>139</ns3:hr>
            <ns3:cad>84</ns3:cad>
          </ns3:TrackPointExtension>
        </extensions>
      </trkpt>
      <trkpt lat="25.84922318346798419952392578125" lon="119.57145270891487598419189453125">
        <ele>13.6000003814697265625</ele>
        <time>2025-05-30T22:05:55.000Z</time>
        <extensions>
          <ns3:TrackPointExtension>
            <ns3:atemp>27.0</ns3:atemp>
            <ns3:hr>139</ns3:hr>
            <ns3:cad>84</ns3:cad>
          </ns3:TrackPointExtension>
        </extensions>
      </trkpt>
      <trkpt lat="25.8491991274058818817138671875" lon="119.57144047133624553680419921875">
        <ele>13.6000003814697265625</ele>
        <time>2025-05-30T22:05:56.000Z</time>
        <extensions>
          <ns3:TrackPointExtension>
            <ns3:atemp>27.0</ns3:atemp>
            <ns3:hr>139</ns3:hr>
            <ns3:cad>84</ns3:cad>
          </ns3:TrackPointExtension>
        </extensions>
      </trkpt>
      <trkpt lat="25.84918320178985595703125" lon="119.57143778912723064422607421875">
        <ele>13.6000003814697265625</ele>
        <time>2025-05-30T22:05:57.000Z</time>
        <extensions>
          <ns3:TrackPointExtension>
            <ns3:atemp>27.0</ns3:atemp>
            <ns3:hr>139</ns3:hr>
            <ns3:cad>84</ns3:cad>
          </ns3:TrackPointExtension>
        </extensions>
      </trkpt>
      <trkpt lat="25.84916149266064167022705078125" lon="119.57143141888082027435302734375">
        <ele>13.6000003814697265625</ele>
        <time>2025-05-30T22:05:58.000Z</time>
        <extensions>
          <ns3:TrackPointExtension>
            <ns3:atemp>27.0</ns3:atemp>
            <ns3:hr>139</ns3:hr>
            <ns3:cad>83</ns3:cad>
          </ns3:TrackPointExtension>
        </extensions>
      </trkpt>
      <trkpt lat="25.8491451479494571685791015625" lon="119.5714206062257289886474609375">
        <ele>13.6000003814697265625</ele>
        <time>2025-05-30T22:05:59.000Z</time>
        <extensions>
          <ns3:TrackPointExtension>
            <ns3:atemp>27.0</ns3:atemp>
            <ns3:hr>139</ns3:hr>
            <ns3:cad>83</ns3:cad>
          </ns3:TrackPointExtension>
        </extensions>
      </trkpt>
      <trkpt lat="25.8491253666579723358154296875" lon="119.57142169587314128875732421875">
        <ele>13.6000003814697265625</ele>
        <time>2025-05-30T22:06:00.000Z</time>
        <extensions>
          <ns3:TrackPointExtension>
            <ns3:atemp>27.0</ns3:atemp>
            <ns3:hr>139</ns3:hr>
            <ns3:cad>84</ns3:cad>
          </ns3:TrackPointExtension>
        </extensions>
      </trkpt>
      <trkpt lat="25.8491042442619800567626953125" lon="119.57140727899968624114990234375">
        <ele>13.6000003814697265625</ele>
        <time>2025-05-30T22:06:01.000Z</time>
        <extensions>
          <ns3:TrackPointExtension>
            <ns3:atemp>27.0</ns3:atemp>
            <ns3:hr>139</ns3:hr>
            <ns3:cad>84</ns3:cad>
          </ns3:TrackPointExtension>
        </extensions>
      </trkpt>
      <trkpt lat="25.84908957593142986297607421875" lon="119.57140090875327587127685546875">
        <ele>13.6000003814697265625</ele>
        <time>2025-05-30T22:06:02.000Z</time>
        <extensions>
          <ns3:TrackPointExtension>
            <ns3:atemp>27.0</ns3:atemp>
            <ns3:hr>139</ns3:hr>
            <ns3:cad>84</ns3:cad>
          </ns3:TrackPointExtension>
        </extensions>
      </trkpt>
      <trkpt lat="25.84907113574445247650146484375" lon="119.571398980915546417236328125">
        <ele>13.6000003814697265625</ele>
        <time>2025-05-30T22:06:03.000Z</time>
        <extensions>
          <ns3:TrackPointExtension>
            <ns3:atemp>27.0</ns3:atemp>
            <ns3:hr>139</ns3:hr>
            <ns3:cad>84</ns3:cad>
          </ns3:TrackPointExtension>
        </extensions>
      </trkpt>
      <trkpt lat="25.8490509353578090667724609375" lon="119.57138448022305965423583984375">
        <ele>13.6000003814697265625</ele>
        <time>2025-05-30T22:06:04.000Z</time>
        <extensions>
          <ns3:TrackPointExtension>
            <ns3:atemp>27.0</ns3:atemp>
            <ns3:hr>140</ns3:hr>
            <ns3:cad>84</ns3:cad>
          </ns3:TrackPointExtension>
        </extensions>
      </trkpt>
      <trkpt lat="25.8490345068275928497314453125" lon="119.57138431258499622344970703125">
        <ele>13.6000003814697265625</ele>
        <time>2025-05-30T22:06:05.000Z</time>
        <extensions>
          <ns3:TrackPointExtension>
            <ns3:atemp>27.0</ns3:atemp>
            <ns3:hr>139</ns3:hr>
            <ns3:cad>83</ns3:cad>
          </ns3:TrackPointExtension>
        </extensions>
      </trkpt>
      <trkpt lat="25.8490100316703319549560546875" lon="119.57137023098766803741455078125">
        <ele>13.6000003814697265625</ele>
        <time>2025-05-30T22:06:06.000Z</time>
        <extensions>
          <ns3:TrackPointExtension>
            <ns3:atemp>27.0</ns3:atemp>
            <ns3:hr>139</ns3:hr>
            <ns3:cad>83</ns3:cad>
          </ns3:TrackPointExtension>
        </extensions>
      </trkpt>
      <trkpt lat="25.84899335168302059173583984375" lon="119.57135866396129131317138671875">
        <ele>13.6000003814697265625</ele>
        <time>2025-05-30T22:06:07.000Z</time>
        <extensions>
          <ns3:TrackPointExtension>
            <ns3:atemp>27.0</ns3:atemp>
            <ns3:hr>139</ns3:hr>
            <ns3:cad>83</ns3:cad>
          </ns3:TrackPointExtension>
        </extensions>
      </trkpt>
      <trkpt lat="25.84897273220121860504150390625" lon="119.5713542215526103973388671875">
        <ele>13.6000003814697265625</ele>
        <time>2025-05-30T22:06:08.000Z</time>
        <extensions>
          <ns3:TrackPointExtension>
            <ns3:atemp>27.0</ns3:atemp>
            <ns3:hr>140</ns3:hr>
            <ns3:cad>82</ns3:cad>
          </ns3:TrackPointExtension>
        </extensions>
      </trkpt>
      <trkpt lat="25.84895110689103603363037109375" lon="119.57134173251688480377197265625">
        <ele>13.6000003814697265625</ele>
        <time>2025-05-30T22:06:09.000Z</time>
        <extensions>
          <ns3:TrackPointExtension>
            <ns3:atemp>27.0</ns3:atemp>
            <ns3:hr>139</ns3:hr>
            <ns3:cad>82</ns3:cad>
          </ns3:TrackPointExtension>
        </extensions>
      </trkpt>
      <trkpt lat="25.84893618710339069366455078125" lon="119.571339301764965057373046875">
        <ele>13.6000003814697265625</ele>
        <time>2025-05-30T22:06:10.000Z</time>
        <extensions>
          <ns3:TrackPointExtension>
            <ns3:atemp>27.0</ns3:atemp>
            <ns3:hr>139</ns3:hr>
            <ns3:cad>83</ns3:cad>
          </ns3:TrackPointExtension>
        </extensions>
      </trkpt>
      <trkpt lat="25.84891372360289096832275390625" lon="119.57132966257631778717041015625">
        <ele>13.6000003814697265625</ele>
        <time>2025-05-30T22:06:11.000Z</time>
        <extensions>
          <ns3:TrackPointExtension>
            <ns3:atemp>27.0</ns3:atemp>
            <ns3:hr>139</ns3:hr>
            <ns3:cad>83</ns3:cad>
          </ns3:TrackPointExtension>
        </extensions>
      </trkpt>
      <trkpt lat="25.84889461286365985870361328125" lon="119.57132128067314624786376953125">
        <ele>13.6000003814697265625</ele>
        <time>2025-05-30T22:06:12.000Z</time>
        <extensions>
          <ns3:TrackPointExtension>
            <ns3:atemp>27.0</ns3:atemp>
            <ns3:hr>139</ns3:hr>
            <ns3:cad>83</ns3:cad>
          </ns3:TrackPointExtension>
        </extensions>
      </trkpt>
      <trkpt lat="25.8488772623240947723388671875" lon="119.57132111303508281707763671875">
        <ele>13.80000019073486328125</ele>
        <time>2025-05-30T22:06:13.000Z</time>
        <extensions>
          <ns3:TrackPointExtension>
            <ns3:atemp>27.0</ns3:atemp>
            <ns3:hr>139</ns3:hr>
            <ns3:cad>83</ns3:cad>
          </ns3:TrackPointExtension>
        </extensions>
      </trkpt>
      <trkpt lat="25.8488568104803562164306640625" lon="119.5713092945516109466552734375">
        <ele>13.80000019073486328125</ele>
        <time>2025-05-30T22:06:14.000Z</time>
        <extensions>
          <ns3:TrackPointExtension>
            <ns3:atemp>27.0</ns3:atemp>
            <ns3:hr>139</ns3:hr>
            <ns3:cad>83</ns3:cad>
          </ns3:TrackPointExtension>
        </extensions>
      </trkpt>
      <trkpt lat="25.8488444052636623382568359375" lon="119.57130610942840576171875">
        <ele>13.80000019073486328125</ele>
        <time>2025-05-30T22:06:15.000Z</time>
        <extensions>
          <ns3:TrackPointExtension>
            <ns3:atemp>27.0</ns3:atemp>
            <ns3:hr>139</ns3:hr>
            <ns3:cad>83</ns3:cad>
          </ns3:TrackPointExtension>
        </extensions>
      </trkpt>
      <trkpt lat="25.84881967864930629730224609375" lon="119.57129881717264652252197265625">
        <ele>13.80000019073486328125</ele>
        <time>2025-05-30T22:06:16.000Z</time>
        <extensions>
          <ns3:TrackPointExtension>
            <ns3:atemp>27.0</ns3:atemp>
            <ns3:hr>139</ns3:hr>
            <ns3:cad>83</ns3:cad>
          </ns3:TrackPointExtension>
        </extensions>
      </trkpt>
      <trkpt lat="25.8488011546432971954345703125" lon="119.57129127345979213714599609375">
        <ele>13.80000019073486328125</ele>
        <time>2025-05-30T22:06:17.000Z</time>
        <extensions>
          <ns3:TrackPointExtension>
            <ns3:atemp>27.0</ns3:atemp>
            <ns3:hr>139</ns3:hr>
            <ns3:cad>83</ns3:cad>
          </ns3:TrackPointExtension>
        </extensions>
      </trkpt>
      <trkpt lat="25.848783552646636962890625" lon="119.57129144109785556793212890625">
        <ele>13.6000003814697265625</ele>
        <time>2025-05-30T22:06:18.000Z</time>
        <extensions>
          <ns3:TrackPointExtension>
            <ns3:atemp>27.0</ns3:atemp>
            <ns3:hr>139</ns3:hr>
            <ns3:cad>83</ns3:cad>
          </ns3:TrackPointExtension>
        </extensions>
      </trkpt>
      <trkpt lat="25.84876284934580326080322265625" lon="119.57127819769084453582763671875">
        <ele>13.6000003814697265625</ele>
        <time>2025-05-30T22:06:19.000Z</time>
        <extensions>
          <ns3:TrackPointExtension>
            <ns3:atemp>27.0</ns3:atemp>
            <ns3:hr>139</ns3:hr>
            <ns3:cad>84</ns3:cad>
          </ns3:TrackPointExtension>
        </extensions>
      </trkpt>
      <trkpt lat="25.848747007548809051513671875" lon="119.571278281509876251220703125">
        <ele>13.6000003814697265625</ele>
        <time>2025-05-30T22:06:20.000Z</time>
        <extensions>
          <ns3:TrackPointExtension>
            <ns3:atemp>27.0</ns3:atemp>
            <ns3:hr>139</ns3:hr>
            <ns3:cad>84</ns3:cad>
          </ns3:TrackPointExtension>
        </extensions>
      </trkpt>
      <trkpt lat="25.84872060455381870269775390625" lon="119.57127098925411701202392578125">
        <ele>13.6000003814697265625</ele>
        <time>2025-05-30T22:06:21.000Z</time>
        <extensions>
          <ns3:TrackPointExtension>
            <ns3:atemp>27.0</ns3:atemp>
            <ns3:hr>140</ns3:hr>
            <ns3:cad>84</ns3:cad>
          </ns3:TrackPointExtension>
        </extensions>
      </trkpt>
      <trkpt lat="25.84870099090039730072021484375" lon="119.571262858808040618896484375">
        <ele>13.6000003814697265625</ele>
        <time>2025-05-30T22:06:22.000Z</time>
        <extensions>
          <ns3:TrackPointExtension>
            <ns3:atemp>27.0</ns3:atemp>
            <ns3:hr>140</ns3:hr>
            <ns3:cad>83</ns3:cad>
          </ns3:TrackPointExtension>
        </extensions>
      </trkpt>
      <trkpt lat="25.848683305084705352783203125" lon="119.5712586678564548492431640625">
        <ele>13.80000019073486328125</ele>
        <time>2025-05-30T22:06:23.000Z</time>
        <extensions>
          <ns3:TrackPointExtension>
            <ns3:atemp>27.0</ns3:atemp>
            <ns3:hr>140</ns3:hr>
            <ns3:cad>84</ns3:cad>
          </ns3:TrackPointExtension>
        </extensions>
      </trkpt>
      <trkpt lat="25.8486589975655078887939453125" lon="119.571246095001697540283203125">
        <ele>13.80000019073486328125</ele>
        <time>2025-05-30T22:06:24.000Z</time>
        <extensions>
          <ns3:TrackPointExtension>
            <ns3:atemp>27.0</ns3:atemp>
            <ns3:hr>140</ns3:hr>
            <ns3:cad>84</ns3:cad>
          </ns3:TrackPointExtension>
        </extensions>
      </trkpt>
      <trkpt lat="25.848642401397228240966796875" lon="119.5712402276694774627685546875">
        <ele>13.80000019073486328125</ele>
        <time>2025-05-30T22:06:25.000Z</time>
        <extensions>
          <ns3:TrackPointExtension>
            <ns3:atemp>27.0</ns3:atemp>
            <ns3:hr>140</ns3:hr>
            <ns3:cad>84</ns3:cad>
          </ns3:TrackPointExtension>
        </extensions>
      </trkpt>
      <trkpt lat="25.848616249859333038330078125" lon="119.571232683956623077392578125">
        <ele>13.80000019073486328125</ele>
        <time>2025-05-30T22:06:26.000Z</time>
        <extensions>
          <ns3:TrackPointExtension>
            <ns3:atemp>27.0</ns3:atemp>
            <ns3:hr>140</ns3:hr>
            <ns3:cad>84</ns3:cad>
          </ns3:TrackPointExtension>
        </extensions>
      </trkpt>
      <trkpt lat="25.84859672002494335174560546875" lon="119.571225978434085845947265625">
        <ele>13.80000019073486328125</ele>
        <time>2025-05-30T22:06:27.000Z</time>
        <extensions>
          <ns3:TrackPointExtension>
            <ns3:atemp>27.0</ns3:atemp>
            <ns3:hr>140</ns3:hr>
            <ns3:cad>84</ns3:cad>
          </ns3:TrackPointExtension>
        </extensions>
      </trkpt>
      <trkpt lat="25.8485778607428073883056640625" lon="119.5712189376354217529296875">
        <ele>13.80000019073486328125</ele>
        <time>2025-05-30T22:06:28.000Z</time>
        <extensions>
          <ns3:TrackPointExtension>
            <ns3:atemp>27.0</ns3:atemp>
            <ns3:hr>140</ns3:hr>
            <ns3:cad>83</ns3:cad>
          </ns3:TrackPointExtension>
        </extensions>
      </trkpt>
      <trkpt lat="25.84855497814714908599853515625" lon="119.57120946608483791351318359375">
        <ele>13.80000019073486328125</ele>
        <time>2025-05-30T22:06:29.000Z</time>
        <extensions>
          <ns3:TrackPointExtension>
            <ns3:atemp>27.0</ns3:atemp>
            <ns3:hr>140</ns3:hr>
            <ns3:cad>83</ns3:cad>
          </ns3:TrackPointExtension>
        </extensions>
      </trkpt>
      <trkpt lat="25.84853787906467914581298828125" lon="119.571213908493518829345703125">
        <ele>13.80000019073486328125</ele>
        <time>2025-05-30T22:06:30.000Z</time>
        <extensions>
          <ns3:TrackPointExtension>
            <ns3:atemp>27.0</ns3:atemp>
            <ns3:hr>140</ns3:hr>
            <ns3:cad>83</ns3:cad>
          </ns3:TrackPointExtension>
        </extensions>
      </trkpt>
      <trkpt lat="25.84851541556417942047119140625" lon="119.5712026767432689666748046875">
        <ele>13.80000019073486328125</ele>
        <time>2025-05-30T22:06:31.000Z</time>
        <extensions>
          <ns3:TrackPointExtension>
            <ns3:atemp>27.0</ns3:atemp>
            <ns3:hr>140</ns3:hr>
            <ns3:cad>84</ns3:cad>
          </ns3:TrackPointExtension>
        </extensions>
      </trkpt>
      <trkpt lat="25.84849848411977291107177734375" lon="119.57119722850620746612548828125">
        <ele>13.80000019073486328125</ele>
        <time>2025-05-30T22:06:32.000Z</time>
        <extensions>
          <ns3:TrackPointExtension>
            <ns3:atemp>27.0</ns3:atemp>
            <ns3:hr>140</ns3:hr>
            <ns3:cad>84</ns3:cad>
          </ns3:TrackPointExtension>
        </extensions>
      </trkpt>
      <trkpt lat="25.84848037920892238616943359375" lon="119.5711921155452728271484375">
        <ele>13.80000019073486328125</ele>
        <time>2025-05-30T22:06:33.000Z</time>
        <extensions>
          <ns3:TrackPointExtension>
            <ns3:atemp>27.0</ns3:atemp>
            <ns3:hr>140</ns3:hr>
            <ns3:cad>84</ns3:cad>
          </ns3:TrackPointExtension>
        </extensions>
      </trkpt>
      <trkpt lat="25.8484595082700252532958984375" lon="119.5711761899292469024658203125">
        <ele>13.80000019073486328125</ele>
        <time>2025-05-30T22:06:34.000Z</time>
        <extensions>
          <ns3:TrackPointExtension>
            <ns3:atemp>27.0</ns3:atemp>
            <ns3:hr>140</ns3:hr>
            <ns3:cad>84</ns3:cad>
          </ns3:TrackPointExtension>
        </extensions>
      </trkpt>
      <trkpt lat="25.8484467677772045135498046875" lon="119.57117325626313686370849609375">
        <ele>13.80000019073486328125</ele>
        <time>2025-05-30T22:06:35.000Z</time>
        <extensions>
          <ns3:TrackPointExtension>
            <ns3:atemp>27.0</ns3:atemp>
            <ns3:hr>140</ns3:hr>
            <ns3:cad>84</ns3:cad>
          </ns3:TrackPointExtension>
        </extensions>
      </trkpt>
      <trkpt lat="25.84842103533446788787841796875" lon="119.5711698196828365325927734375">
        <ele>13.80000019073486328125</ele>
        <time>2025-05-30T22:06:36.000Z</time>
        <extensions>
          <ns3:TrackPointExtension>
            <ns3:atemp>27.0</ns3:atemp>
            <ns3:hr>140</ns3:hr>
            <ns3:cad>84</ns3:cad>
          </ns3:TrackPointExtension>
        </extensions>
      </trkpt>
      <trkpt lat="25.84840309806168079376220703125" lon="119.57115917466580867767333984375">
        <ele>13.80000019073486328125</ele>
        <time>2025-05-30T22:06:37.000Z</time>
        <extensions>
          <ns3:TrackPointExtension>
            <ns3:atemp>27.0</ns3:atemp>
            <ns3:hr>140</ns3:hr>
            <ns3:cad>84</ns3:cad>
          </ns3:TrackPointExtension>
        </extensions>
      </trkpt>
      <trkpt lat="25.84837979637086391448974609375" lon="119.57116152159869670867919921875">
        <ele>13.80000019073486328125</ele>
        <time>2025-05-30T22:06:38.000Z</time>
        <extensions>
          <ns3:TrackPointExtension>
            <ns3:atemp>27.0</ns3:atemp>
            <ns3:hr>140</ns3:hr>
            <ns3:cad>84</ns3:cad>
          </ns3:TrackPointExtension>
        </extensions>
      </trkpt>
      <trkpt lat="25.84835716523230075836181640625" lon="119.5711473561823368072509765625">
        <ele>13.80000019073486328125</ele>
        <time>2025-05-30T22:06:39.000Z</time>
        <extensions>
          <ns3:TrackPointExtension>
            <ns3:atemp>27.0</ns3:atemp>
            <ns3:hr>141</ns3:hr>
            <ns3:cad>84</ns3:cad>
          </ns3:TrackPointExtension>
        </extensions>
      </trkpt>
      <trkpt lat="25.84833973087370395660400390625" lon="119.57114760763943195343017578125">
        <ele>14</ele>
        <time>2025-05-30T22:06:40.000Z</time>
        <extensions>
          <ns3:TrackPointExtension>
            <ns3:atemp>27.0</ns3:atemp>
            <ns3:hr>140</ns3:hr>
            <ns3:cad>84</ns3:cad>
          </ns3:TrackPointExtension>
        </extensions>
      </trkpt>
      <trkpt lat="25.84831559099256992340087890625" lon="119.57113654352724552154541015625">
        <ele>14</ele>
        <time>2025-05-30T22:06:41.000Z</time>
        <extensions>
          <ns3:TrackPointExtension>
            <ns3:atemp>27.0</ns3:atemp>
            <ns3:hr>140</ns3:hr>
            <ns3:cad>83</ns3:cad>
          </ns3:TrackPointExtension>
        </extensions>
      </trkpt>
      <trkpt lat="25.84830016829073429107666015625" lon="119.57112112082540988922119140625">
        <ele>14</ele>
        <time>2025-05-30T22:06:42.000Z</time>
        <extensions>
          <ns3:TrackPointExtension>
            <ns3:atemp>27.0</ns3:atemp>
            <ns3:hr>140</ns3:hr>
            <ns3:cad>83</ns3:cad>
          </ns3:TrackPointExtension>
        </extensions>
      </trkpt>
      <trkpt lat="25.848281644284725189208984375" lon="119.57112078554928302764892578125">
        <ele>14</ele>
        <time>2025-05-30T22:06:43.000Z</time>
        <extensions>
          <ns3:TrackPointExtension>
            <ns3:atemp>27.0</ns3:atemp>
            <ns3:hr>140</ns3:hr>
            <ns3:cad>83</ns3:cad>
          </ns3:TrackPointExtension>
        </extensions>
      </trkpt>
      <trkpt lat="25.848262198269367218017578125" lon="119.57110335119068622589111328125">
        <ele>14</ele>
        <time>2025-05-30T22:06:44.000Z</time>
        <extensions>
          <ns3:TrackPointExtension>
            <ns3:atemp>27.0</ns3:atemp>
            <ns3:hr>140</ns3:hr>
            <ns3:cad>83</ns3:cad>
          </ns3:TrackPointExtension>
        </extensions>
      </trkpt>
      <trkpt lat="25.84824954159557819366455078125" lon="119.57110133953392505645751953125">
        <ele>14</ele>
        <time>2025-05-30T22:06:45.000Z</time>
        <extensions>
          <ns3:TrackPointExtension>
            <ns3:atemp>27.0</ns3:atemp>
            <ns3:hr>140</ns3:hr>
            <ns3:cad>83</ns3:cad>
          </ns3:TrackPointExtension>
        </extensions>
      </trkpt>
      <trkpt lat="25.84822724573314189910888671875" lon="119.57109211944043636322021484375">
        <ele>14</ele>
        <time>2025-05-30T22:06:46.000Z</time>
        <extensions>
          <ns3:TrackPointExtension>
            <ns3:atemp>27.0</ns3:atemp>
            <ns3:hr>140</ns3:hr>
            <ns3:cad>83</ns3:cad>
          </ns3:TrackPointExtension>
        </extensions>
      </trkpt>
      <trkpt lat="25.848211236298084259033203125" lon="119.57108222879469394683837890625">
        <ele>14</ele>
        <time>2025-05-30T22:06:47.000Z</time>
        <extensions>
          <ns3:TrackPointExtension>
            <ns3:atemp>27.0</ns3:atemp>
            <ns3:hr>140</ns3:hr>
            <ns3:cad>83</ns3:cad>
          </ns3:TrackPointExtension>
        </extensions>
      </trkpt>
      <trkpt lat="25.8481921255588531494140625" lon="119.57107753492891788482666015625">
        <ele>14</ele>
        <time>2025-05-30T22:06:48.000Z</time>
        <extensions>
          <ns3:TrackPointExtension>
            <ns3:atemp>27.0</ns3:atemp>
            <ns3:hr>140</ns3:hr>
            <ns3:cad>83</ns3:cad>
          </ns3:TrackPointExtension>
        </extensions>
      </trkpt>
      <trkpt lat="25.848168991506099700927734375" lon="119.571066386997699737548828125">
        <ele>14</ele>
        <time>2025-05-30T22:06:49.000Z</time>
        <extensions>
          <ns3:TrackPointExtension>
            <ns3:atemp>27.0</ns3:atemp>
            <ns3:hr>139</ns3:hr>
            <ns3:cad>84</ns3:cad>
          </ns3:TrackPointExtension>
        </extensions>
      </trkpt>
      <trkpt lat="25.84815314970910549163818359375" lon="119.5710591785609722137451171875">
        <ele>14</ele>
        <time>2025-05-30T22:06:50.000Z</time>
        <extensions>
          <ns3:TrackPointExtension>
            <ns3:atemp>27.0</ns3:atemp>
            <ns3:hr>139</ns3:hr>
            <ns3:cad>84</ns3:cad>
          </ns3:TrackPointExtension>
        </extensions>
      </trkpt>
      <trkpt lat="25.84813244640827178955078125" lon="119.57105272449553012847900390625">
        <ele>13.80000019073486328125</ele>
        <time>2025-05-30T22:06:51.000Z</time>
        <extensions>
          <ns3:TrackPointExtension>
            <ns3:atemp>27.0</ns3:atemp>
            <ns3:hr>139</ns3:hr>
            <ns3:cad>84</ns3:cad>
          </ns3:TrackPointExtension>
        </extensions>
      </trkpt>
      <trkpt lat="25.84811224602162837982177734375" lon="119.571042917668819427490234375">
        <ele>14</ele>
        <time>2025-05-30T22:06:52.000Z</time>
        <extensions>
          <ns3:TrackPointExtension>
            <ns3:atemp>27.0</ns3:atemp>
            <ns3:hr>139</ns3:hr>
            <ns3:cad>84</ns3:cad>
          </ns3:TrackPointExtension>
        </extensions>
      </trkpt>
      <trkpt lat="25.84809481166303157806396484375" lon="119.57103864289820194244384765625">
        <ele>14</ele>
        <time>2025-05-30T22:06:53.000Z</time>
        <extensions>
          <ns3:TrackPointExtension>
            <ns3:atemp>27.0</ns3:atemp>
            <ns3:hr>139</ns3:hr>
            <ns3:cad>83</ns3:cad>
          </ns3:TrackPointExtension>
        </extensions>
      </trkpt>
      <trkpt lat="25.84807134233415126800537109375" lon="119.57102841697633266448974609375">
        <ele>14</ele>
        <time>2025-05-30T22:06:54.000Z</time>
        <extensions>
          <ns3:TrackPointExtension>
            <ns3:atemp>27.0</ns3:atemp>
            <ns3:hr>139</ns3:hr>
            <ns3:cad>83</ns3:cad>
          </ns3:TrackPointExtension>
        </extensions>
      </trkpt>
      <trkpt lat="25.8480555005371570587158203125" lon="119.57101785577833652496337890625">
        <ele>14</ele>
        <time>2025-05-30T22:06:55.000Z</time>
        <extensions>
          <ns3:TrackPointExtension>
            <ns3:atemp>27.0</ns3:atemp>
            <ns3:hr>139</ns3:hr>
            <ns3:cad>82</ns3:cad>
          </ns3:TrackPointExtension>
        </extensions>
      </trkpt>
      <trkpt lat="25.8480337075889110565185546875" lon="119.57101433537900447845458984375">
        <ele>14</ele>
        <time>2025-05-30T22:06:56.000Z</time>
        <extensions>
          <ns3:TrackPointExtension>
            <ns3:atemp>27.0</ns3:atemp>
            <ns3:hr>140</ns3:hr>
            <ns3:cad>83</ns3:cad>
          </ns3:TrackPointExtension>
        </extensions>
      </trkpt>
      <trkpt lat="25.848016105592250823974609375" lon="119.57100343890488147735595703125">
        <ele>14</ele>
        <time>2025-05-30T22:06:57.000Z</time>
        <extensions>
          <ns3:TrackPointExtension>
            <ns3:atemp>27.0</ns3:atemp>
            <ns3:hr>140</ns3:hr>
            <ns3:cad>83</ns3:cad>
          </ns3:TrackPointExtension>
        </extensions>
      </trkpt>
      <trkpt lat="25.8480001799762248992919921875" lon="119.57099857740104198455810546875">
        <ele>14</ele>
        <time>2025-05-30T22:06:58.000Z</time>
        <extensions>
          <ns3:TrackPointExtension>
            <ns3:atemp>27.0</ns3:atemp>
            <ns3:hr>140</ns3:hr>
            <ns3:cad>84</ns3:cad>
          </ns3:TrackPointExtension>
        </extensions>
      </trkpt>
      <trkpt lat="25.84798090159893035888671875" lon="119.57097762264311313629150390625">
        <ele>14</ele>
        <time>2025-05-30T22:06:59.000Z</time>
        <extensions>
          <ns3:TrackPointExtension>
            <ns3:atemp>27.0</ns3:atemp>
            <ns3:hr>140</ns3:hr>
            <ns3:cad>84</ns3:cad>
          </ns3:TrackPointExtension>
        </extensions>
      </trkpt>
      <trkpt lat="25.8479666523635387420654296875" lon="119.57097426988184452056884765625">
        <ele>14</ele>
        <time>2025-05-30T22:07:00.000Z</time>
        <extensions>
          <ns3:TrackPointExtension>
            <ns3:atemp>27.0</ns3:atemp>
            <ns3:hr>139</ns3:hr>
            <ns3:cad>84</ns3:cad>
          </ns3:TrackPointExtension>
        </extensions>
      </trkpt>
      <trkpt lat="25.8479465357959270477294921875" lon="119.5709649659693241119384765625">
        <ele>14</ele>
        <time>2025-05-30T22:07:01.000Z</time>
        <extensions>
          <ns3:TrackPointExtension>
            <ns3:atemp>27.0</ns3:atemp>
            <ns3:hr>140</ns3:hr>
            <ns3:cad>84</ns3:cad>
          </ns3:TrackPointExtension>
        </extensions>
      </trkpt>
      <trkpt lat="25.84792817942798137664794921875" lon="119.570955745875835418701171875">
        <ele>14</ele>
        <time>2025-05-30T22:07:02.000Z</time>
        <extensions>
          <ns3:TrackPointExtension>
            <ns3:atemp>27.0</ns3:atemp>
            <ns3:hr>140</ns3:hr>
            <ns3:cad>84</ns3:cad>
          </ns3:TrackPointExtension>
        </extensions>
      </trkpt>
      <trkpt lat="25.8479130081832408905029296875" lon="119.5709498785436153411865234375">
        <ele>14</ele>
        <time>2025-05-30T22:07:03.000Z</time>
        <extensions>
          <ns3:TrackPointExtension>
            <ns3:atemp>27.0</ns3:atemp>
            <ns3:hr>139</ns3:hr>
            <ns3:cad>85</ns3:cad>
          </ns3:TrackPointExtension>
        </extensions>
      </trkpt>
      <trkpt lat="25.847892053425312042236328125" lon="119.570933617651462554931640625">
        <ele>14.19999980926513671875</ele>
        <time>2025-05-30T22:07:04.000Z</time>
        <extensions>
          <ns3:TrackPointExtension>
            <ns3:atemp>27.0</ns3:atemp>
            <ns3:hr>139</ns3:hr>
            <ns3:cad>85</ns3:cad>
          </ns3:TrackPointExtension>
        </extensions>
      </trkpt>
      <trkpt lat="25.847875960171222686767578125" lon="119.57092724740505218505859375">
        <ele>14.19999980926513671875</ele>
        <time>2025-05-30T22:07:05.000Z</time>
        <extensions>
          <ns3:TrackPointExtension>
            <ns3:atemp>27.0</ns3:atemp>
            <ns3:hr>139</ns3:hr>
            <ns3:cad>84</ns3:cad>
          </ns3:TrackPointExtension>
        </extensions>
      </trkpt>
      <trkpt lat="25.847854502499103546142578125" lon="119.570916183292865753173828125">
        <ele>14.19999980926513671875</ele>
        <time>2025-05-30T22:07:06.000Z</time>
        <extensions>
          <ns3:TrackPointExtension>
            <ns3:atemp>27.0</ns3:atemp>
            <ns3:hr>139</ns3:hr>
            <ns3:cad>84</ns3:cad>
          </ns3:TrackPointExtension>
        </extensions>
      </trkpt>
      <trkpt lat="25.84783866070210933685302734375" lon="119.57090176641941070556640625">
        <ele>14.19999980926513671875</ele>
        <time>2025-05-30T22:07:07.000Z</time>
        <extensions>
          <ns3:TrackPointExtension>
            <ns3:atemp>27.0</ns3:atemp>
            <ns3:hr>139</ns3:hr>
            <ns3:cad>84</ns3:cad>
          </ns3:TrackPointExtension>
        </extensions>
      </trkpt>
      <trkpt lat="25.84781904704868793487548828125" lon="119.57090252079069614410400390625">
        <ele>14</ele>
        <time>2025-05-30T22:07:08.000Z</time>
        <extensions>
          <ns3:TrackPointExtension>
            <ns3:atemp>27.0</ns3:atemp>
            <ns3:hr>139</ns3:hr>
            <ns3:cad>84</ns3:cad>
          </ns3:TrackPointExtension>
        </extensions>
      </trkpt>
      <trkpt lat="25.8477959968149662017822265625" lon="119.57089413888752460479736328125">
        <ele>14.19999980926513671875</ele>
        <time>2025-05-30T22:07:09.000Z</time>
        <extensions>
          <ns3:TrackPointExtension>
            <ns3:atemp>27.0</ns3:atemp>
            <ns3:hr>139</ns3:hr>
            <ns3:cad>84</ns3:cad>
          </ns3:TrackPointExtension>
        </extensions>
      </trkpt>
      <trkpt lat="25.84777696989476680755615234375" lon="119.57089615054428577423095703125">
        <ele>14.19999980926513671875</ele>
        <time>2025-05-30T22:07:10.000Z</time>
        <extensions>
          <ns3:TrackPointExtension>
            <ns3:atemp>27.0</ns3:atemp>
            <ns3:hr>138</ns3:hr>
            <ns3:cad>84</ns3:cad>
          </ns3:TrackPointExtension>
        </extensions>
      </trkpt>
      <trkpt lat="25.8477524109184741973876953125" lon="119.57088877446949481964111328125">
        <ele>14.19999980926513671875</ele>
        <time>2025-05-30T22:07:11.000Z</time>
        <extensions>
          <ns3:TrackPointExtension>
            <ns3:atemp>27.0</ns3:atemp>
            <ns3:hr>139</ns3:hr>
            <ns3:cad>84</ns3:cad>
          </ns3:TrackPointExtension>
        </extensions>
      </trkpt>
      <trkpt lat="25.84773556329309940338134765625" lon="119.57087921909987926483154296875">
        <ele>14.19999980926513671875</ele>
        <time>2025-05-30T22:07:12.000Z</time>
        <extensions>
          <ns3:TrackPointExtension>
            <ns3:atemp>27.0</ns3:atemp>
            <ns3:hr>139</ns3:hr>
            <ns3:cad>84</ns3:cad>
          </ns3:TrackPointExtension>
        </extensions>
      </trkpt>
      <trkpt lat="25.8477162010967731475830078125" lon="119.57087494432926177978515625">
        <ele>14.19999980926513671875</ele>
        <time>2025-05-30T22:07:13.000Z</time>
        <extensions>
          <ns3:TrackPointExtension>
            <ns3:atemp>27.0</ns3:atemp>
            <ns3:hr>139</ns3:hr>
            <ns3:cad>84</ns3:cad>
          </ns3:TrackPointExtension>
        </extensions>
      </trkpt>
      <trkpt lat="25.84769432432949542999267578125" lon="119.5708653889596462249755859375">
        <ele>14.19999980926513671875</ele>
        <time>2025-05-30T22:07:14.000Z</time>
        <extensions>
          <ns3:TrackPointExtension>
            <ns3:atemp>27.0</ns3:atemp>
            <ns3:hr>138</ns3:hr>
            <ns3:cad>84</ns3:cad>
          </ns3:TrackPointExtension>
        </extensions>
      </trkpt>
      <trkpt lat="25.847678817808628082275390625" lon="119.57086932845413684844970703125">
        <ele>14.19999980926513671875</ele>
        <time>2025-05-30T22:07:15.000Z</time>
        <extensions>
          <ns3:TrackPointExtension>
            <ns3:atemp>27.0</ns3:atemp>
            <ns3:hr>139</ns3:hr>
            <ns3:cad>85</ns3:cad>
          </ns3:TrackPointExtension>
        </extensions>
      </trkpt>
      <trkpt lat="25.847654677927494049072265625" lon="119.57086061127483844757080078125">
        <ele>14.19999980926513671875</ele>
        <time>2025-05-30T22:07:16.000Z</time>
        <extensions>
          <ns3:TrackPointExtension>
            <ns3:atemp>27.0</ns3:atemp>
            <ns3:hr>139</ns3:hr>
            <ns3:cad>85</ns3:cad>
          </ns3:TrackPointExtension>
        </extensions>
      </trkpt>
      <trkpt lat="25.8476436138153076171875" lon="119.570839069783687591552734375">
        <ele>14.19999980926513671875</ele>
        <time>2025-05-30T22:07:17.000Z</time>
        <extensions>
          <ns3:TrackPointExtension>
            <ns3:atemp>27.0</ns3:atemp>
            <ns3:hr>138</ns3:hr>
            <ns3:cad>84</ns3:cad>
          </ns3:TrackPointExtension>
        </extensions>
      </trkpt>
      <trkpt lat="25.84762626327574253082275390625" lon="119.57082775421440601348876953125">
        <ele>14.19999980926513671875</ele>
        <time>2025-05-30T22:07:18.000Z</time>
        <extensions>
          <ns3:TrackPointExtension>
            <ns3:atemp>27.0</ns3:atemp>
            <ns3:hr>139</ns3:hr>
            <ns3:cad>83</ns3:cad>
          </ns3:TrackPointExtension>
        </extensions>
      </trkpt>
      <trkpt lat="25.84760782308876514434814453125" lon="119.5708147622644901275634765625">
        <ele>14.19999980926513671875</ele>
        <time>2025-05-30T22:07:19.000Z</time>
        <extensions>
          <ns3:TrackPointExtension>
            <ns3:atemp>27.0</ns3:atemp>
            <ns3:hr>139</ns3:hr>
            <ns3:cad>83</ns3:cad>
          </ns3:TrackPointExtension>
        </extensions>
      </trkpt>
      <trkpt lat="25.8475928194820880889892578125" lon="119.57080897875130176544189453125">
        <ele>14.19999980926513671875</ele>
        <time>2025-05-30T22:07:20.000Z</time>
        <extensions>
          <ns3:TrackPointExtension>
            <ns3:atemp>27.0</ns3:atemp>
            <ns3:hr>138</ns3:hr>
            <ns3:cad>84</ns3:cad>
          </ns3:TrackPointExtension>
        </extensions>
      </trkpt>
      <trkpt lat="25.84757320582866668701171875" lon="119.570792131125926971435546875">
        <ele>14.19999980926513671875</ele>
        <time>2025-05-30T22:07:21.000Z</time>
        <extensions>
          <ns3:TrackPointExtension>
            <ns3:atemp>27.0</ns3:atemp>
            <ns3:hr>138</ns3:hr>
            <ns3:cad>84</ns3:cad>
          </ns3:TrackPointExtension>
        </extensions>
      </trkpt>
      <trkpt lat="25.8475599624216556549072265625" lon="119.57077193073928356170654296875">
        <ele>14.19999980926513671875</ele>
        <time>2025-05-30T22:07:22.000Z</time>
        <extensions>
          <ns3:TrackPointExtension>
            <ns3:atemp>27.0</ns3:atemp>
            <ns3:hr>139</ns3:hr>
            <ns3:cad>84</ns3:cad>
          </ns3:TrackPointExtension>
        </extensions>
      </trkpt>
      <trkpt lat="25.84754261188209056854248046875" lon="119.5707629621028900146484375">
        <ele>14.19999980926513671875</ele>
        <time>2025-05-30T22:07:23.000Z</time>
        <extensions>
          <ns3:TrackPointExtension>
            <ns3:atemp>27.0</ns3:atemp>
            <ns3:hr>139</ns3:hr>
            <ns3:cad>84</ns3:cad>
          </ns3:TrackPointExtension>
        </extensions>
      </trkpt>
      <trkpt lat="25.8475217409431934356689453125" lon="119.57074846141040325164794921875">
        <ele>14.19999980926513671875</ele>
        <time>2025-05-30T22:07:24.000Z</time>
        <extensions>
          <ns3:TrackPointExtension>
            <ns3:atemp>27.0</ns3:atemp>
            <ns3:hr>139</ns3:hr>
            <ns3:cad>84</ns3:cad>
          </ns3:TrackPointExtension>
        </extensions>
      </trkpt>
      <trkpt lat="25.84750724025070667266845703125" lon="119.57074192352592945098876953125">
        <ele>14.19999980926513671875</ele>
        <time>2025-05-30T22:07:25.000Z</time>
        <extensions>
          <ns3:TrackPointExtension>
            <ns3:atemp>27.0</ns3:atemp>
            <ns3:hr>139</ns3:hr>
            <ns3:cad>83</ns3:cad>
          </ns3:TrackPointExtension>
        </extensions>
      </trkpt>
      <trkpt lat="25.84748796187341213226318359375" lon="119.57072750665247440338134765625">
        <ele>14.3999996185302734375</ele>
        <time>2025-05-30T22:07:26.000Z</time>
        <extensions>
          <ns3:TrackPointExtension>
            <ns3:atemp>27.0</ns3:atemp>
            <ns3:hr>139</ns3:hr>
            <ns3:cad>83</ns3:cad>
          </ns3:TrackPointExtension>
        </extensions>
      </trkpt>
      <trkpt lat="25.84747128188610076904296875" lon="119.57071711309254169464111328125">
        <ele>14.3999996185302734375</ele>
        <time>2025-05-30T22:07:27.000Z</time>
        <extensions>
          <ns3:TrackPointExtension>
            <ns3:atemp>27.0</ns3:atemp>
            <ns3:hr>139</ns3:hr>
            <ns3:cad>83</ns3:cad>
          </ns3:TrackPointExtension>
        </extensions>
      </trkpt>
      <trkpt lat="25.8474563620984554290771484375" lon="119.57071728073060512542724609375">
        <ele>14.6000003814697265625</ele>
        <time>2025-05-30T22:07:28.000Z</time>
        <extensions>
          <ns3:TrackPointExtension>
            <ns3:atemp>27.0</ns3:atemp>
            <ns3:hr>139</ns3:hr>
            <ns3:cad>83</ns3:cad>
          </ns3:TrackPointExtension>
        </extensions>
      </trkpt>
      <trkpt lat="25.847437083721160888671875" lon="119.570710659027099609375">
        <ele>14.6000003814697265625</ele>
        <time>2025-05-30T22:07:29.000Z</time>
        <extensions>
          <ns3:TrackPointExtension>
            <ns3:atemp>27.0</ns3:atemp>
            <ns3:hr>139</ns3:hr>
            <ns3:cad>83</ns3:cad>
          </ns3:TrackPointExtension>
        </extensions>
      </trkpt>
      <trkpt lat="25.847422666847705841064453125" lon="119.5707034505903720855712890625">
        <ele>14.80000019073486328125</ele>
        <time>2025-05-30T22:07:30.000Z</time>
        <extensions>
          <ns3:TrackPointExtension>
            <ns3:atemp>27.0</ns3:atemp>
            <ns3:hr>140</ns3:hr>
            <ns3:cad>83</ns3:cad>
          </ns3:TrackPointExtension>
        </extensions>
      </trkpt>
      <trkpt lat="25.84740129299461841583251953125" lon="119.57069749943912029266357421875">
        <ele>14.6000003814697265625</ele>
        <time>2025-05-30T22:07:31.000Z</time>
        <extensions>
          <ns3:TrackPointExtension>
            <ns3:atemp>27.0</ns3:atemp>
            <ns3:hr>140</ns3:hr>
            <ns3:cad>83</ns3:cad>
          </ns3:TrackPointExtension>
        </extensions>
      </trkpt>
      <trkpt lat="25.8473769016563892364501953125" lon="119.5706863515079021453857421875">
        <ele>14.6000003814697265625</ele>
        <time>2025-05-30T22:07:32.000Z</time>
        <extensions>
          <ns3:TrackPointExtension>
            <ns3:atemp>27.0</ns3:atemp>
            <ns3:hr>140</ns3:hr>
            <ns3:cad>82</ns3:cad>
          </ns3:TrackPointExtension>
        </extensions>
      </trkpt>
      <trkpt lat="25.847361981868743896484375" lon="119.5706798136234283447265625">
        <ele>14.3999996185302734375</ele>
        <time>2025-05-30T22:07:33.000Z</time>
        <extensions>
          <ns3:TrackPointExtension>
            <ns3:atemp>27.0</ns3:atemp>
            <ns3:hr>140</ns3:hr>
            <ns3:cad>82</ns3:cad>
          </ns3:TrackPointExtension>
        </extensions>
      </trkpt>
      <trkpt lat="25.84734228439629077911376953125" lon="119.57066866569221019744873046875">
        <ele>14.3999996185302734375</ele>
        <time>2025-05-30T22:07:34.000Z</time>
        <extensions>
          <ns3:TrackPointExtension>
            <ns3:atemp>27.0</ns3:atemp>
            <ns3:hr>140</ns3:hr>
            <ns3:cad>81</ns3:cad>
          </ns3:TrackPointExtension>
        </extensions>
      </trkpt>
      <trkpt lat="25.8473249338567256927490234375" lon="119.57065508700907230377197265625">
        <ele>14.3999996185302734375</ele>
        <time>2025-05-30T22:07:35.000Z</time>
        <extensions>
          <ns3:TrackPointExtension>
            <ns3:atemp>27.0</ns3:atemp>
            <ns3:hr>140</ns3:hr>
            <ns3:cad>81</ns3:cad>
          </ns3:TrackPointExtension>
        </extensions>
      </trkpt>
      <trkpt lat="25.84730674512684345245361328125" lon="119.570654332637786865234375">
        <ele>14.3999996185302734375</ele>
        <time>2025-05-30T22:07:36.000Z</time>
        <extensions>
          <ns3:TrackPointExtension>
            <ns3:atemp>27.0</ns3:atemp>
            <ns3:hr>140</ns3:hr>
            <ns3:cad>81</ns3:cad>
          </ns3:TrackPointExtension>
        </extensions>
      </trkpt>
      <trkpt lat="25.84728226996958255767822265625" lon="119.57064150832593441009521484375">
        <ele>14.6000003814697265625</ele>
        <time>2025-05-30T22:07:37.000Z</time>
        <extensions>
          <ns3:TrackPointExtension>
            <ns3:atemp>27.0</ns3:atemp>
            <ns3:hr>140</ns3:hr>
            <ns3:cad>83</ns3:cad>
          </ns3:TrackPointExtension>
        </extensions>
      </trkpt>
      <trkpt lat="25.8472679369151592254638671875" lon="119.5706306956708431243896484375">
        <ele>14.3999996185302734375</ele>
        <time>2025-05-30T22:07:38.000Z</time>
        <extensions>
          <ns3:TrackPointExtension>
            <ns3:atemp>27.0</ns3:atemp>
            <ns3:hr>140</ns3:hr>
            <ns3:cad>83</ns3:cad>
          </ns3:TrackPointExtension>
        </extensions>
      </trkpt>
      <trkpt lat="25.847246311604976654052734375" lon="119.570621810853481292724609375">
        <ele>14.3999996185302734375</ele>
        <time>2025-05-30T22:07:39.000Z</time>
        <extensions>
          <ns3:TrackPointExtension>
            <ns3:atemp>27.0</ns3:atemp>
            <ns3:hr>140</ns3:hr>
            <ns3:cad>83</ns3:cad>
          </ns3:TrackPointExtension>
        </extensions>
      </trkpt>
      <trkpt lat="25.8472277037799358367919921875" lon="119.57060999237000942230224609375">
        <ele>14.3999996185302734375</ele>
        <time>2025-05-30T22:07:40.000Z</time>
        <extensions>
          <ns3:TrackPointExtension>
            <ns3:atemp>27.0</ns3:atemp>
            <ns3:hr>140</ns3:hr>
            <ns3:cad>83</ns3:cad>
          </ns3:TrackPointExtension>
        </extensions>
      </trkpt>
      <trkpt lat="25.8472099341452121734619140625" lon="119.57061451859772205352783203125">
        <ele>14.3999996185302734375</ele>
        <time>2025-05-30T22:07:41.000Z</time>
        <extensions>
          <ns3:TrackPointExtension>
            <ns3:atemp>27.0</ns3:atemp>
            <ns3:hr>141</ns3:hr>
            <ns3:cad>83</ns3:cad>
          </ns3:TrackPointExtension>
        </extensions>
      </trkpt>
      <trkpt lat="25.84718235768377780914306640625" lon="119.57061368040740489959716796875">
        <ele>14.3999996185302734375</ele>
        <time>2025-05-30T22:07:42.000Z</time>
        <extensions>
          <ns3:TrackPointExtension>
            <ns3:atemp>27.0</ns3:atemp>
            <ns3:hr>140</ns3:hr>
            <ns3:cad>83</ns3:cad>
          </ns3:TrackPointExtension>
        </extensions>
      </trkpt>
      <trkpt lat="25.84716618061065673828125" lon="119.570611417293548583984375">
        <ele>14.3999996185302734375</ele>
        <time>2025-05-30T22:07:43.000Z</time>
        <extensions>
          <ns3:TrackPointExtension>
            <ns3:atemp>27.0</ns3:atemp>
            <ns3:hr>141</ns3:hr>
            <ns3:cad>83</ns3:cad>
          </ns3:TrackPointExtension>
        </extensions>
      </trkpt>
      <trkpt lat="25.847144387662410736083984375" lon="119.57061451859772205352783203125">
        <ele>14.3999996185302734375</ele>
        <time>2025-05-30T22:07:44.000Z</time>
        <extensions>
          <ns3:TrackPointExtension>
            <ns3:atemp>27.0</ns3:atemp>
            <ns3:hr>140</ns3:hr>
            <ns3:cad>83</ns3:cad>
          </ns3:TrackPointExtension>
        </extensions>
      </trkpt>
      <trkpt lat="25.84712150506675243377685546875" lon="119.5706135965883731842041015625">
        <ele>14.3999996185302734375</ele>
        <time>2025-05-30T22:07:45.000Z</time>
        <extensions>
          <ns3:TrackPointExtension>
            <ns3:atemp>27.0</ns3:atemp>
            <ns3:hr>141</ns3:hr>
            <ns3:cad>83</ns3:cad>
          </ns3:TrackPointExtension>
        </extensions>
      </trkpt>
      <trkpt lat="25.84710608236491680145263671875" lon="119.570603035390377044677734375">
        <ele>14.19999980926513671875</ele>
        <time>2025-05-30T22:07:46.000Z</time>
        <extensions>
          <ns3:TrackPointExtension>
            <ns3:atemp>27.0</ns3:atemp>
            <ns3:hr>141</ns3:hr>
            <ns3:cad>83</ns3:cad>
          </ns3:TrackPointExtension>
        </extensions>
      </trkpt>
      <trkpt lat="25.84708177484571933746337890625" lon="119.57059507258236408233642578125">
        <ele>14.19999980926513671875</ele>
        <time>2025-05-30T22:07:47.000Z</time>
        <extensions>
          <ns3:TrackPointExtension>
            <ns3:atemp>27.0</ns3:atemp>
            <ns3:hr>141</ns3:hr>
            <ns3:cad>83</ns3:cad>
          </ns3:TrackPointExtension>
        </extensions>
      </trkpt>
      <trkpt lat="25.84706149064004421234130859375" lon="119.57058870233595371246337890625">
        <ele>14.19999980926513671875</ele>
        <time>2025-05-30T22:07:48.000Z</time>
        <extensions>
          <ns3:TrackPointExtension>
            <ns3:atemp>27.0</ns3:atemp>
            <ns3:hr>140</ns3:hr>
            <ns3:cad>83</ns3:cad>
          </ns3:TrackPointExtension>
        </extensions>
      </trkpt>
      <trkpt lat="25.84704254753887653350830078125" lon="119.57058928906917572021484375">
        <ele>14.19999980926513671875</ele>
        <time>2025-05-30T22:07:49.000Z</time>
        <extensions>
          <ns3:TrackPointExtension>
            <ns3:atemp>27.0</ns3:atemp>
            <ns3:hr>140</ns3:hr>
            <ns3:cad>83</ns3:cad>
          </ns3:TrackPointExtension>
        </extensions>
      </trkpt>
      <trkpt lat="25.8470151387155055999755859375" lon="119.5705901272594928741455078125">
        <ele>14.19999980926513671875</ele>
        <time>2025-05-30T22:07:50.000Z</time>
        <extensions>
          <ns3:TrackPointExtension>
            <ns3:atemp>27.0</ns3:atemp>
            <ns3:hr>140</ns3:hr>
            <ns3:cad>82</ns3:cad>
          </ns3:TrackPointExtension>
        </extensions>
      </trkpt>
      <trkpt lat="25.84699661470949649810791015625" lon="119.57058786414563655853271484375">
        <ele>14.19999980926513671875</ele>
        <time>2025-05-30T22:07:51.000Z</time>
        <extensions>
          <ns3:TrackPointExtension>
            <ns3:atemp>27.0</ns3:atemp>
            <ns3:hr>140</ns3:hr>
            <ns3:cad>82</ns3:cad>
          </ns3:TrackPointExtension>
        </extensions>
      </trkpt>
      <trkpt lat="25.84697817452251911163330078125" lon="119.5705924741923809051513671875">
        <ele>14.19999980926513671875</ele>
        <time>2025-05-30T22:07:52.000Z</time>
        <extensions>
          <ns3:TrackPointExtension>
            <ns3:atemp>27.0</ns3:atemp>
            <ns3:hr>140</ns3:hr>
            <ns3:cad>82</ns3:cad>
          </ns3:TrackPointExtension>
        </extensions>
      </trkpt>
      <trkpt lat="25.8469581417739391326904296875" lon="119.57058333791792392730712890625">
        <ele>14</ele>
        <time>2025-05-30T22:07:53.000Z</time>
        <extensions>
          <ns3:TrackPointExtension>
            <ns3:atemp>27.0</ns3:atemp>
            <ns3:hr>141</ns3:hr>
            <ns3:cad>82</ns3:cad>
          </ns3:TrackPointExtension>
        </extensions>
      </trkpt>
      <trkpt lat="25.846942551434040069580078125" lon="119.5705859363079071044921875">
        <ele>14</ele>
        <time>2025-05-30T22:07:54.000Z</time>
        <extensions>
          <ns3:TrackPointExtension>
            <ns3:atemp>27.0</ns3:atemp>
            <ns3:hr>140</ns3:hr>
            <ns3:cad>83</ns3:cad>
          </ns3:TrackPointExtension>
        </extensions>
      </trkpt>
      <trkpt lat="25.846919752657413482666015625" lon="119.57057445310056209564208984375">
        <ele>14</ele>
        <time>2025-05-30T22:07:55.000Z</time>
        <extensions>
          <ns3:TrackPointExtension>
            <ns3:atemp>27.0</ns3:atemp>
            <ns3:hr>141</ns3:hr>
            <ns3:cad>83</ns3:cad>
          </ns3:TrackPointExtension>
        </extensions>
      </trkpt>
      <trkpt lat="25.8469024859368801116943359375" lon="119.57056556828320026397705078125">
        <ele>14.19999980926513671875</ele>
        <time>2025-05-30T22:07:56.000Z</time>
        <extensions>
          <ns3:TrackPointExtension>
            <ns3:atemp>27.0</ns3:atemp>
            <ns3:hr>141</ns3:hr>
            <ns3:cad>83</ns3:cad>
          </ns3:TrackPointExtension>
        </extensions>
      </trkpt>
      <trkpt lat="25.84688530303537845611572265625" lon="119.57056112587451934814453125">
        <ele>14.19999980926513671875</ele>
        <time>2025-05-30T22:07:57.000Z</time>
        <extensions>
          <ns3:TrackPointExtension>
            <ns3:atemp>27.0</ns3:atemp>
            <ns3:hr>141</ns3:hr>
            <ns3:cad>83</ns3:cad>
          </ns3:TrackPointExtension>
        </extensions>
      </trkpt>
      <trkpt lat="25.84686233662068843841552734375" lon="119.570547044277191162109375">
        <ele>14.19999980926513671875</ele>
        <time>2025-05-30T22:07:58.000Z</time>
        <extensions>
          <ns3:TrackPointExtension>
            <ns3:atemp>27.0</ns3:atemp>
            <ns3:hr>141</ns3:hr>
            <ns3:cad>83</ns3:cad>
          </ns3:TrackPointExtension>
        </extensions>
      </trkpt>
      <trkpt lat="25.8468495123088359832763671875" lon="119.57054109312593936920166015625">
        <ele>14</ele>
        <time>2025-05-30T22:07:59.000Z</time>
        <extensions>
          <ns3:TrackPointExtension>
            <ns3:atemp>27.0</ns3:atemp>
            <ns3:hr>141</ns3:hr>
            <ns3:cad>83</ns3:cad>
          </ns3:TrackPointExtension>
        </extensions>
      </trkpt>
      <trkpt lat="25.8468250371515750885009765625" lon="119.5705301128327846527099609375">
        <ele>14</ele>
        <time>2025-05-30T22:08:00.000Z</time>
        <extensions>
          <ns3:TrackPointExtension>
            <ns3:atemp>27.0</ns3:atemp>
            <ns3:hr>141</ns3:hr>
            <ns3:cad>83</ns3:cad>
          </ns3:TrackPointExtension>
        </extensions>
      </trkpt>
      <trkpt lat="25.846807099878787994384765625" lon="119.5705210603773593902587890625">
        <ele>14</ele>
        <time>2025-05-30T22:08:01.000Z</time>
        <extensions>
          <ns3:TrackPointExtension>
            <ns3:atemp>27.0</ns3:atemp>
            <ns3:hr>141</ns3:hr>
            <ns3:cad>83</ns3:cad>
          </ns3:TrackPointExtension>
        </extensions>
      </trkpt>
      <trkpt lat="25.84678723476827144622802734375" lon="119.57051946781575679779052734375">
        <ele>14</ele>
        <time>2025-05-30T22:08:02.000Z</time>
        <extensions>
          <ns3:TrackPointExtension>
            <ns3:atemp>27.0</ns3:atemp>
            <ns3:hr>141</ns3:hr>
            <ns3:cad>84</ns3:cad>
          </ns3:TrackPointExtension>
        </extensions>
      </trkpt>
      <trkpt lat="25.84676309488713741302490234375" lon="119.57050806842744350433349609375">
        <ele>14</ele>
        <time>2025-05-30T22:08:03.000Z</time>
        <extensions>
          <ns3:TrackPointExtension>
            <ns3:atemp>27.0</ns3:atemp>
            <ns3:hr>141</ns3:hr>
            <ns3:cad>84</ns3:cad>
          </ns3:TrackPointExtension>
        </extensions>
      </trkpt>
      <trkpt lat="25.846750773489475250244140625" lon="119.57050203345715999603271484375">
        <ele>14</ele>
        <time>2025-05-30T22:08:04.000Z</time>
        <extensions>
          <ns3:TrackPointExtension>
            <ns3:atemp>27.0</ns3:atemp>
            <ns3:hr>140</ns3:hr>
            <ns3:cad>84</ns3:cad>
          </ns3:TrackPointExtension>
        </extensions>
      </trkpt>
      <trkpt lat="25.8467308245599269866943359375" lon="119.57049247808754444122314453125">
        <ele>13.80000019073486328125</ele>
        <time>2025-05-30T22:08:05.000Z</time>
        <extensions>
          <ns3:TrackPointExtension>
            <ns3:atemp>27.0</ns3:atemp>
            <ns3:hr>140</ns3:hr>
            <ns3:cad>84</ns3:cad>
          </ns3:TrackPointExtension>
        </extensions>
      </trkpt>
      <trkpt lat="25.84671280346810817718505859375" lon="119.57048225216567516326904296875">
        <ele>13.80000019073486328125</ele>
        <time>2025-05-30T22:08:06.000Z</time>
        <extensions>
          <ns3:TrackPointExtension>
            <ns3:atemp>27.0</ns3:atemp>
            <ns3:hr>140</ns3:hr>
            <ns3:cad>83</ns3:cad>
          </ns3:TrackPointExtension>
        </extensions>
      </trkpt>
      <trkpt lat="25.8466926030814647674560546875" lon="119.57047906704246997833251953125">
        <ele>13.80000019073486328125</ele>
        <time>2025-05-30T22:08:07.000Z</time>
        <extensions>
          <ns3:TrackPointExtension>
            <ns3:atemp>27.0</ns3:atemp>
            <ns3:hr>139</ns3:hr>
            <ns3:cad>83</ns3:cad>
          </ns3:TrackPointExtension>
        </extensions>
      </trkpt>
      <trkpt lat="25.84666821174323558807373046875" lon="119.570468254387378692626953125">
        <ele>13.80000019073486328125</ele>
        <time>2025-05-30T22:08:08.000Z</time>
        <extensions>
          <ns3:TrackPointExtension>
            <ns3:atemp>27.0</ns3:atemp>
            <ns3:hr>139</ns3:hr>
            <ns3:cad>83</ns3:cad>
          </ns3:TrackPointExtension>
        </extensions>
      </trkpt>
      <trkpt lat="25.8466527052223682403564453125" lon="119.57046079449355602264404296875">
        <ele>13.80000019073486328125</ele>
        <time>2025-05-30T22:08:09.000Z</time>
        <extensions>
          <ns3:TrackPointExtension>
            <ns3:atemp>27.0</ns3:atemp>
            <ns3:hr>139</ns3:hr>
            <ns3:cad>83</ns3:cad>
          </ns3:TrackPointExtension>
        </extensions>
      </trkpt>
      <trkpt lat="25.84663116373121738433837890625" lon="119.570451490581035614013671875">
        <ele>13.80000019073486328125</ele>
        <time>2025-05-30T22:08:10.000Z</time>
        <extensions>
          <ns3:TrackPointExtension>
            <ns3:atemp>27.0</ns3:atemp>
            <ns3:hr>139</ns3:hr>
            <ns3:cad>83</ns3:cad>
          </ns3:TrackPointExtension>
        </extensions>
      </trkpt>
      <trkpt lat="25.84661297500133514404296875" lon="119.57043916918337345123291015625">
        <ele>14</ele>
        <time>2025-05-30T22:08:11.000Z</time>
        <extensions>
          <ns3:TrackPointExtension>
            <ns3:atemp>27.0</ns3:atemp>
            <ns3:hr>139</ns3:hr>
            <ns3:cad>83</ns3:cad>
          </ns3:TrackPointExtension>
        </extensions>
      </trkpt>
      <trkpt lat="25.84659528918564319610595703125" lon="119.570436738431453704833984375">
        <ele>14</ele>
        <time>2025-05-30T22:08:12.000Z</time>
        <extensions>
          <ns3:TrackPointExtension>
            <ns3:atemp>27.0</ns3:atemp>
            <ns3:hr>139</ns3:hr>
            <ns3:cad>83</ns3:cad>
          </ns3:TrackPointExtension>
        </extensions>
      </trkpt>
      <trkpt lat="25.84657064639031887054443359375" lon="119.57042844034731388092041015625">
        <ele>14</ele>
        <time>2025-05-30T22:08:13.000Z</time>
        <extensions>
          <ns3:TrackPointExtension>
            <ns3:atemp>27.0</ns3:atemp>
            <ns3:hr>139</ns3:hr>
            <ns3:cad>84</ns3:cad>
          </ns3:TrackPointExtension>
        </extensions>
      </trkpt>
      <trkpt lat="25.84655354730784893035888671875" lon="119.5704188011586666107177734375">
        <ele>14</ele>
        <time>2025-05-30T22:08:14.000Z</time>
        <extensions>
          <ns3:TrackPointExtension>
            <ns3:atemp>27.0</ns3:atemp>
            <ns3:hr>139</ns3:hr>
            <ns3:cad>84</ns3:cad>
          </ns3:TrackPointExtension>
        </extensions>
      </trkpt>
      <trkpt lat="25.84653519093990325927734375" lon="119.5704171247780323028564453125">
        <ele>14</ele>
        <time>2025-05-30T22:08:15.000Z</time>
        <extensions>
          <ns3:TrackPointExtension>
            <ns3:atemp>27.0</ns3:atemp>
            <ns3:hr>140</ns3:hr>
            <ns3:cad>84</ns3:cad>
          </ns3:TrackPointExtension>
        </extensions>
      </trkpt>
      <trkpt lat="25.8465169183909893035888671875" lon="119.5704074017703533172607421875">
        <ele>14</ele>
        <time>2025-05-30T22:08:16.000Z</time>
        <extensions>
          <ns3:TrackPointExtension>
            <ns3:atemp>27.0</ns3:atemp>
            <ns3:hr>139</ns3:hr>
            <ns3:cad>83</ns3:cad>
          </ns3:TrackPointExtension>
        </extensions>
      </trkpt>
      <trkpt lat="25.84650090895593166351318359375" lon="119.57040362991392612457275390625">
        <ele>13.80000019073486328125</ele>
        <time>2025-05-30T22:08:17.000Z</time>
        <extensions>
          <ns3:TrackPointExtension>
            <ns3:atemp>27.0</ns3:atemp>
            <ns3:hr>139</ns3:hr>
            <ns3:cad>83</ns3:cad>
          </ns3:TrackPointExtension>
        </extensions>
      </trkpt>
      <trkpt lat="25.846475847065448760986328125" lon="119.5703933201730251312255859375">
        <ele>13.80000019073486328125</ele>
        <time>2025-05-30T22:08:18.000Z</time>
        <extensions>
          <ns3:TrackPointExtension>
            <ns3:atemp>27.0</ns3:atemp>
            <ns3:hr>139</ns3:hr>
            <ns3:cad>83</ns3:cad>
          </ns3:TrackPointExtension>
        </extensions>
      </trkpt>
      <trkpt lat="25.84645430557429790496826171875" lon="119.57038653083145618438720703125">
        <ele>13.80000019073486328125</ele>
        <time>2025-05-30T22:08:19.000Z</time>
        <extensions>
          <ns3:TrackPointExtension>
            <ns3:atemp>27.0</ns3:atemp>
            <ns3:hr>140</ns3:hr>
            <ns3:cad>82</ns3:cad>
          </ns3:TrackPointExtension>
        </extensions>
      </trkpt>
      <trkpt lat="25.84643368609249591827392578125" lon="119.57038636319339275360107421875">
        <ele>13.80000019073486328125</ele>
        <time>2025-05-30T22:08:20.000Z</time>
        <extensions>
          <ns3:TrackPointExtension>
            <ns3:atemp>27.0</ns3:atemp>
            <ns3:hr>140</ns3:hr>
            <ns3:cad>82</ns3:cad>
          </ns3:TrackPointExtension>
        </extensions>
      </trkpt>
      <trkpt lat="25.846410803496837615966796875" lon="119.57037580199539661407470703125">
        <ele>13.80000019073486328125</ele>
        <time>2025-05-30T22:08:21.000Z</time>
        <extensions>
          <ns3:TrackPointExtension>
            <ns3:atemp>27.0</ns3:atemp>
            <ns3:hr>140</ns3:hr>
            <ns3:cad>82</ns3:cad>
          </ns3:TrackPointExtension>
        </extensions>
      </trkpt>
      <trkpt lat="25.8463918603956699371337890625" lon="119.57037270069122314453125">
        <ele>13.80000019073486328125</ele>
        <time>2025-05-30T22:08:22.000Z</time>
        <extensions>
          <ns3:TrackPointExtension>
            <ns3:atemp>27.0</ns3:atemp>
            <ns3:hr>140</ns3:hr>
            <ns3:cad>83</ns3:cad>
          </ns3:TrackPointExtension>
        </extensions>
      </trkpt>
      <trkpt lat="25.84636713378131389617919921875" lon="119.570362307131290435791015625">
        <ele>13.80000019073486328125</ele>
        <time>2025-05-30T22:08:23.000Z</time>
        <extensions>
          <ns3:TrackPointExtension>
            <ns3:atemp>27.0</ns3:atemp>
            <ns3:hr>140</ns3:hr>
            <ns3:cad>84</ns3:cad>
          </ns3:TrackPointExtension>
        </extensions>
      </trkpt>
      <trkpt lat="25.84635020233690738677978515625" lon="119.5703510753810405731201171875">
        <ele>13.80000019073486328125</ele>
        <time>2025-05-30T22:08:24.000Z</time>
        <extensions>
          <ns3:TrackPointExtension>
            <ns3:atemp>27.0</ns3:atemp>
            <ns3:hr>141</ns3:hr>
            <ns3:cad>84</ns3:cad>
          </ns3:TrackPointExtension>
        </extensions>
      </trkpt>
      <trkpt lat="25.8463321812450885772705078125" lon="119.570348225533962249755859375">
        <ele>13.80000019073486328125</ele>
        <time>2025-05-30T22:08:25.000Z</time>
        <extensions>
          <ns3:TrackPointExtension>
            <ns3:atemp>27.0</ns3:atemp>
            <ns3:hr>141</ns3:hr>
            <ns3:cad>84</ns3:cad>
          </ns3:TrackPointExtension>
        </extensions>
      </trkpt>
      <trkpt lat="25.8463103882968425750732421875" lon="119.570332802832126617431640625">
        <ele>13.80000019073486328125</ele>
        <time>2025-05-30T22:08:26.000Z</time>
        <extensions>
          <ns3:TrackPointExtension>
            <ns3:atemp>27.0</ns3:atemp>
            <ns3:hr>141</ns3:hr>
            <ns3:cad>83</ns3:cad>
          </ns3:TrackPointExtension>
        </extensions>
      </trkpt>
      <trkpt lat="25.84629102610051631927490234375" lon="119.57032584585249423980712890625">
        <ele>13.80000019073486328125</ele>
        <time>2025-05-30T22:08:27.000Z</time>
        <extensions>
          <ns3:TrackPointExtension>
            <ns3:atemp>27.0</ns3:atemp>
            <ns3:hr>142</ns3:hr>
            <ns3:cad>83</ns3:cad>
          </ns3:TrackPointExtension>
        </extensions>
      </trkpt>
      <trkpt lat="25.84627040661871433258056640625" lon="119.57031662575900554656982421875">
        <ele>13.80000019073486328125</ele>
        <time>2025-05-30T22:08:28.000Z</time>
        <extensions>
          <ns3:TrackPointExtension>
            <ns3:atemp>27.0</ns3:atemp>
            <ns3:hr>142</ns3:hr>
            <ns3:cad>83</ns3:cad>
          </ns3:TrackPointExtension>
        </extensions>
      </trkpt>
      <trkpt lat="25.84625096060335636138916015625" lon="119.5703091658651828765869140625">
        <ele>13.80000019073486328125</ele>
        <time>2025-05-30T22:08:29.000Z</time>
        <extensions>
          <ns3:TrackPointExtension>
            <ns3:atemp>27.0</ns3:atemp>
            <ns3:hr>142</ns3:hr>
            <ns3:cad>83</ns3:cad>
          </ns3:TrackPointExtension>
        </extensions>
      </trkpt>
      <trkpt lat="25.84623277187347412109375" lon="119.570306651294231414794921875">
        <ele>13.80000019073486328125</ele>
        <time>2025-05-30T22:08:30.000Z</time>
        <extensions>
          <ns3:TrackPointExtension>
            <ns3:atemp>27.0</ns3:atemp>
            <ns3:hr>141</ns3:hr>
            <ns3:cad>83</ns3:cad>
          </ns3:TrackPointExtension>
        </extensions>
      </trkpt>
      <trkpt lat="25.846211649477481842041015625" lon="119.57029634155333042144775390625">
        <ele>13.6000003814697265625</ele>
        <time>2025-05-30T22:08:31.000Z</time>
        <extensions>
          <ns3:TrackPointExtension>
            <ns3:atemp>27.0</ns3:atemp>
            <ns3:hr>142</ns3:hr>
            <ns3:cad>83</ns3:cad>
          </ns3:TrackPointExtension>
        </extensions>
      </trkpt>
      <trkpt lat="25.8461967296898365020751953125" lon="119.5702964253723621368408203125">
        <ele>13.80000019073486328125</ele>
        <time>2025-05-30T22:08:32.000Z</time>
        <extensions>
          <ns3:TrackPointExtension>
            <ns3:atemp>27.0</ns3:atemp>
            <ns3:hr>142</ns3:hr>
            <ns3:cad>83</ns3:cad>
          </ns3:TrackPointExtension>
        </extensions>
      </trkpt>
      <trkpt lat="25.8461725898087024688720703125" lon="119.57028326578438282012939453125">
        <ele>13.80000019073486328125</ele>
        <time>2025-05-30T22:08:33.000Z</time>
        <extensions>
          <ns3:TrackPointExtension>
            <ns3:atemp>27.0</ns3:atemp>
            <ns3:hr>142</ns3:hr>
            <ns3:cad>84</ns3:cad>
          </ns3:TrackPointExtension>
        </extensions>
      </trkpt>
      <trkpt lat="25.846156664192676544189453125" lon="119.57027002237737178802490234375">
        <ele>13.6000003814697265625</ele>
        <time>2025-05-30T22:08:34.000Z</time>
        <extensions>
          <ns3:TrackPointExtension>
            <ns3:atemp>27.0</ns3:atemp>
            <ns3:hr>142</ns3:hr>
            <ns3:cad>84</ns3:cad>
          </ns3:TrackPointExtension>
        </extensions>
      </trkpt>
      <trkpt lat="25.8461424149572849273681640625" lon="119.570262730121612548828125">
        <ele>13.6000003814697265625</ele>
        <time>2025-05-30T22:08:35.000Z</time>
        <extensions>
          <ns3:TrackPointExtension>
            <ns3:atemp>27.0</ns3:atemp>
            <ns3:hr>142</ns3:hr>
            <ns3:cad>84</ns3:cad>
          </ns3:TrackPointExtension>
        </extensions>
      </trkpt>
      <trkpt lat="25.84612078964710235595703125" lon="119.5702498219907283782958984375">
        <ele>13.6000003814697265625</ele>
        <time>2025-05-30T22:08:36.000Z</time>
        <extensions>
          <ns3:TrackPointExtension>
            <ns3:atemp>27.0</ns3:atemp>
            <ns3:hr>142</ns3:hr>
            <ns3:cad>84</ns3:cad>
          </ns3:TrackPointExtension>
        </extensions>
      </trkpt>
      <trkpt lat="25.8461055345833301544189453125" lon="119.570250995457172393798828125">
        <ele>13.6000003814697265625</ele>
        <time>2025-05-30T22:08:37.000Z</time>
        <extensions>
          <ns3:TrackPointExtension>
            <ns3:atemp>27.0</ns3:atemp>
            <ns3:hr>141</ns3:hr>
            <ns3:cad>84</ns3:cad>
          </ns3:TrackPointExtension>
        </extensions>
      </trkpt>
      <trkpt lat="25.8460812270641326904296875" lon="119.5702394284307956695556640625">
        <ele>13.6000003814697265625</ele>
        <time>2025-05-30T22:08:38.000Z</time>
        <extensions>
          <ns3:TrackPointExtension>
            <ns3:atemp>27.0</ns3:atemp>
            <ns3:hr>141</ns3:hr>
            <ns3:cad>84</ns3:cad>
          </ns3:TrackPointExtension>
        </extensions>
      </trkpt>
      <trkpt lat="25.84606152959167957305908203125" lon="119.57022895105183124542236328125">
        <ele>13.6000003814697265625</ele>
        <time>2025-05-30T22:08:39.000Z</time>
        <extensions>
          <ns3:TrackPointExtension>
            <ns3:atemp>27.0</ns3:atemp>
            <ns3:hr>141</ns3:hr>
            <ns3:cad>84</ns3:cad>
          </ns3:TrackPointExtension>
        </extensions>
      </trkpt>
      <trkpt lat="25.84604124538600444793701171875" lon="119.5702253468334674835205078125">
        <ele>13.6000003814697265625</ele>
        <time>2025-05-30T22:08:40.000Z</time>
        <extensions>
          <ns3:TrackPointExtension>
            <ns3:atemp>27.0</ns3:atemp>
            <ns3:hr>140</ns3:hr>
            <ns3:cad>84</ns3:cad>
          </ns3:TrackPointExtension>
        </extensions>
      </trkpt>
      <trkpt lat="25.846016518771648406982421875" lon="119.57021185196936130523681640625">
        <ele>13.6000003814697265625</ele>
        <time>2025-05-30T22:08:41.000Z</time>
        <extensions>
          <ns3:TrackPointExtension>
            <ns3:atemp>27.0</ns3:atemp>
            <ns3:hr>140</ns3:hr>
            <ns3:cad>84</ns3:cad>
          </ns3:TrackPointExtension>
        </extensions>
      </trkpt>
      <trkpt lat="25.8460022695362567901611328125" lon="119.5702069066464900970458984375">
        <ele>13.6000003814697265625</ele>
        <time>2025-05-30T22:08:42.000Z</time>
        <extensions>
          <ns3:TrackPointExtension>
            <ns3:atemp>27.0</ns3:atemp>
            <ns3:hr>140</ns3:hr>
            <ns3:cad>84</ns3:cad>
          </ns3:TrackPointExtension>
        </extensions>
      </trkpt>
      <trkpt lat="25.84597569890320301055908203125" lon="119.5702023804187774658203125">
        <ele>13.6000003814697265625</ele>
        <time>2025-05-30T22:08:43.000Z</time>
        <extensions>
          <ns3:TrackPointExtension>
            <ns3:atemp>27.0</ns3:atemp>
            <ns3:hr>140</ns3:hr>
            <ns3:cad>84</ns3:cad>
          </ns3:TrackPointExtension>
        </extensions>
      </trkpt>
      <trkpt lat="25.84595306776463985443115234375" lon="119.5701961778104305267333984375">
        <ele>13.6000003814697265625</ele>
        <time>2025-05-30T22:08:44.000Z</time>
        <extensions>
          <ns3:TrackPointExtension>
            <ns3:atemp>27.0</ns3:atemp>
            <ns3:hr>140</ns3:hr>
            <ns3:cad>83</ns3:cad>
          </ns3:TrackPointExtension>
        </extensions>
      </trkpt>
      <trkpt lat="25.8459362201392650604248046875" lon="119.5701889693737030029296875">
        <ele>13.6000003814697265625</ele>
        <time>2025-05-30T22:08:45.000Z</time>
        <extensions>
          <ns3:TrackPointExtension>
            <ns3:atemp>27.0</ns3:atemp>
            <ns3:hr>140</ns3:hr>
            <ns3:cad>83</ns3:cad>
          </ns3:TrackPointExtension>
        </extensions>
      </trkpt>
      <trkpt lat="25.845912583172321319580078125" lon="119.57017363049089908599853515625">
        <ele>13.6000003814697265625</ele>
        <time>2025-05-30T22:08:46.000Z</time>
        <extensions>
          <ns3:TrackPointExtension>
            <ns3:atemp>27.0</ns3:atemp>
            <ns3:hr>140</ns3:hr>
            <ns3:cad>82</ns3:cad>
          </ns3:TrackPointExtension>
        </extensions>
      </trkpt>
      <trkpt lat="25.84589690901339054107666015625" lon="119.5701733790338039398193359375">
        <ele>13.6000003814697265625</ele>
        <time>2025-05-30T22:08:47.000Z</time>
        <extensions>
          <ns3:TrackPointExtension>
            <ns3:atemp>27.0</ns3:atemp>
            <ns3:hr>140</ns3:hr>
            <ns3:cad>82</ns3:cad>
          </ns3:TrackPointExtension>
        </extensions>
      </trkpt>
      <trkpt lat="25.84587578661739826202392578125" lon="119.57016072236001491546630859375">
        <ele>13.6000003814697265625</ele>
        <time>2025-05-30T22:08:48.000Z</time>
        <extensions>
          <ns3:TrackPointExtension>
            <ns3:atemp>27.0</ns3:atemp>
            <ns3:hr>140</ns3:hr>
            <ns3:cad>82</ns3:cad>
          </ns3:TrackPointExtension>
        </extensions>
      </trkpt>
      <trkpt lat="25.84585851989686489105224609375" lon="119.570154435932636260986328125">
        <ele>13.6000003814697265625</ele>
        <time>2025-05-30T22:08:49.000Z</time>
        <extensions>
          <ns3:TrackPointExtension>
            <ns3:atemp>27.0</ns3:atemp>
            <ns3:hr>140</ns3:hr>
            <ns3:cad>84</ns3:cad>
          </ns3:TrackPointExtension>
        </extensions>
      </trkpt>
      <trkpt lat="25.84584175609052181243896484375" lon="119.57015166990458965301513671875">
        <ele>13.3999996185302734375</ele>
        <time>2025-05-30T22:08:50.000Z</time>
        <extensions>
          <ns3:TrackPointExtension>
            <ns3:atemp>27.0</ns3:atemp>
            <ns3:hr>140</ns3:hr>
            <ns3:cad>84</ns3:cad>
          </ns3:TrackPointExtension>
        </extensions>
      </trkpt>
      <trkpt lat="25.84581711329519748687744140625" lon="119.5701432041823863983154296875">
        <ele>13.3999996185302734375</ele>
        <time>2025-05-30T22:08:51.000Z</time>
        <extensions>
          <ns3:TrackPointExtension>
            <ns3:atemp>27.0</ns3:atemp>
            <ns3:hr>140</ns3:hr>
            <ns3:cad>84</ns3:cad>
          </ns3:TrackPointExtension>
        </extensions>
      </trkpt>
      <trkpt lat="25.84580252878367900848388671875" lon="119.5701405219733715057373046875">
        <ele>13.3999996185302734375</ele>
        <time>2025-05-30T22:08:52.000Z</time>
        <extensions>
          <ns3:TrackPointExtension>
            <ns3:atemp>27.0</ns3:atemp>
            <ns3:hr>139</ns3:hr>
            <ns3:cad>84</ns3:cad>
          </ns3:TrackPointExtension>
        </extensions>
      </trkpt>
      <trkpt lat="25.8457779698073863983154296875" lon="119.57013197243213653564453125">
        <ele>13.6000003814697265625</ele>
        <time>2025-05-30T22:08:53.000Z</time>
        <extensions>
          <ns3:TrackPointExtension>
            <ns3:atemp>27.0</ns3:atemp>
            <ns3:hr>140</ns3:hr>
            <ns3:cad>84</ns3:cad>
          </ns3:TrackPointExtension>
        </extensions>
      </trkpt>
      <trkpt lat="25.84575793705880641937255859375" lon="119.57012669183313846588134765625">
        <ele>13.6000003814697265625</ele>
        <time>2025-05-30T22:08:54.000Z</time>
        <extensions>
          <ns3:TrackPointExtension>
            <ns3:atemp>27.0</ns3:atemp>
            <ns3:hr>140</ns3:hr>
            <ns3:cad>84</ns3:cad>
          </ns3:TrackPointExtension>
        </extensions>
      </trkpt>
      <trkpt lat="25.84573832340538501739501953125" lon="119.570123590528964996337890625">
        <ele>13.6000003814697265625</ele>
        <time>2025-05-30T22:08:55.000Z</time>
        <extensions>
          <ns3:TrackPointExtension>
            <ns3:atemp>27.0</ns3:atemp>
            <ns3:hr>140</ns3:hr>
            <ns3:cad>83</ns3:cad>
          </ns3:TrackPointExtension>
        </extensions>
      </trkpt>
      <trkpt lat="25.84571619518101215362548828125" lon="119.57010892219841480255126953125">
        <ele>13.3999996185302734375</ele>
        <time>2025-05-30T22:08:56.000Z</time>
        <extensions>
          <ns3:TrackPointExtension>
            <ns3:atemp>27.0</ns3:atemp>
            <ns3:hr>140</ns3:hr>
            <ns3:cad>83</ns3:cad>
          </ns3:TrackPointExtension>
        </extensions>
      </trkpt>
      <trkpt lat="25.84570194594562053680419921875" lon="119.57010456360876560211181640625">
        <ele>13.3999996185302734375</ele>
        <time>2025-05-30T22:08:57.000Z</time>
        <extensions>
          <ns3:TrackPointExtension>
            <ns3:atemp>27.0</ns3:atemp>
            <ns3:hr>140</ns3:hr>
            <ns3:cad>84</ns3:cad>
          </ns3:TrackPointExtension>
        </extensions>
      </trkpt>
      <trkpt lat="25.84567965008318424224853515625" lon="119.570091404020786285400390625">
        <ele>13.3999996185302734375</ele>
        <time>2025-05-30T22:08:58.000Z</time>
        <extensions>
          <ns3:TrackPointExtension>
            <ns3:atemp>27.0</ns3:atemp>
            <ns3:hr>140</ns3:hr>
            <ns3:cad>84</ns3:cad>
          </ns3:TrackPointExtension>
        </extensions>
      </trkpt>
      <trkpt lat="25.84566489793360233306884765625" lon="119.57007556222379207611083984375">
        <ele>13.6000003814697265625</ele>
        <time>2025-05-30T22:08:59.000Z</time>
        <extensions>
          <ns3:TrackPointExtension>
            <ns3:atemp>27.0</ns3:atemp>
            <ns3:hr>140</ns3:hr>
            <ns3:cad>84</ns3:cad>
          </ns3:TrackPointExtension>
        </extensions>
      </trkpt>
      <trkpt lat="25.8456465415656566619873046875" lon="119.57007388584315776824951171875">
        <ele>13.6000003814697265625</ele>
        <time>2025-05-30T22:09:00.000Z</time>
        <extensions>
          <ns3:TrackPointExtension>
            <ns3:atemp>27.0</ns3:atemp>
            <ns3:hr>140</ns3:hr>
            <ns3:cad>84</ns3:cad>
          </ns3:TrackPointExtension>
        </extensions>
      </trkpt>
      <trkpt lat="25.84562667645514011383056640625" lon="119.5700624026358127593994140625">
        <ele>13.6000003814697265625</ele>
        <time>2025-05-30T22:09:01.000Z</time>
        <extensions>
          <ns3:TrackPointExtension>
            <ns3:atemp>27.0</ns3:atemp>
            <ns3:hr>140</ns3:hr>
            <ns3:cad>84</ns3:cad>
          </ns3:TrackPointExtension>
        </extensions>
      </trkpt>
      <trkpt lat="25.84561209194362163543701171875" lon="119.57005913369357585906982421875">
        <ele>13.6000003814697265625</ele>
        <time>2025-05-30T22:09:02.000Z</time>
        <extensions>
          <ns3:TrackPointExtension>
            <ns3:atemp>27.0</ns3:atemp>
            <ns3:hr>141</ns3:hr>
            <ns3:cad>84</ns3:cad>
          </ns3:TrackPointExtension>
        </extensions>
      </trkpt>
      <trkpt lat="25.84559239447116851806640625" lon="119.5700469799339771270751953125">
        <ele>13.6000003814697265625</ele>
        <time>2025-05-30T22:09:03.000Z</time>
        <extensions>
          <ns3:TrackPointExtension>
            <ns3:atemp>27.0</ns3:atemp>
            <ns3:hr>140</ns3:hr>
            <ns3:cad>84</ns3:cad>
          </ns3:TrackPointExtension>
        </extensions>
      </trkpt>
      <trkpt lat="25.84557236172258853912353515625" lon="119.5700392685830593109130859375">
        <ele>13.6000003814697265625</ele>
        <time>2025-05-30T22:09:04.000Z</time>
        <extensions>
          <ns3:TrackPointExtension>
            <ns3:atemp>27.0</ns3:atemp>
            <ns3:hr>140</ns3:hr>
            <ns3:cad>85</ns3:cad>
          </ns3:TrackPointExtension>
        </extensions>
      </trkpt>
      <trkpt lat="25.8455576933920383453369140625" lon="119.5700375922024250030517578125">
        <ele>13.6000003814697265625</ele>
        <time>2025-05-30T22:09:05.000Z</time>
        <extensions>
          <ns3:TrackPointExtension>
            <ns3:atemp>27.0</ns3:atemp>
            <ns3:hr>140</ns3:hr>
            <ns3:cad>85</ns3:cad>
          </ns3:TrackPointExtension>
        </extensions>
      </trkpt>
      <trkpt lat="25.845531709492206573486328125" lon="119.570029713213443756103515625">
        <ele>13.6000003814697265625</ele>
        <time>2025-05-30T22:09:06.000Z</time>
        <extensions>
          <ns3:TrackPointExtension>
            <ns3:atemp>28.0</ns3:atemp>
            <ns3:hr>140</ns3:hr>
            <ns3:cad>85</ns3:cad>
          </ns3:TrackPointExtension>
        </extensions>
      </trkpt>
      <trkpt lat="25.845510251820087432861328125" lon="119.57002158276736736297607421875">
        <ele>13.6000003814697265625</ele>
        <time>2025-05-30T22:09:07.000Z</time>
        <extensions>
          <ns3:TrackPointExtension>
            <ns3:atemp>27.0</ns3:atemp>
            <ns3:hr>141</ns3:hr>
            <ns3:cad>82</ns3:cad>
          </ns3:TrackPointExtension>
        </extensions>
      </trkpt>
      <trkpt lat="25.84549239836633205413818359375" lon="119.5700211636722087860107421875">
        <ele>13.6000003814697265625</ele>
        <time>2025-05-30T22:09:08.000Z</time>
        <extensions>
          <ns3:TrackPointExtension>
            <ns3:atemp>27.0</ns3:atemp>
            <ns3:hr>140</ns3:hr>
            <ns3:cad>81</ns3:cad>
          </ns3:TrackPointExtension>
        </extensions>
      </trkpt>
      <trkpt lat="25.8454654924571514129638671875" lon="119.5700119435787200927734375">
        <ele>13.6000003814697265625</ele>
        <time>2025-05-30T22:09:09.000Z</time>
        <extensions>
          <ns3:TrackPointExtension>
            <ns3:atemp>27.0</ns3:atemp>
            <ns3:hr>140</ns3:hr>
            <ns3:cad>81</ns3:cad>
          </ns3:TrackPointExtension>
        </extensions>
      </trkpt>
      <trkpt lat="25.84544361568987369537353515625" lon="119.5700007118284702301025390625">
        <ele>13.6000003814697265625</ele>
        <time>2025-05-30T22:09:10.000Z</time>
        <extensions>
          <ns3:TrackPointExtension>
            <ns3:atemp>27.0</ns3:atemp>
            <ns3:hr>140</ns3:hr>
            <ns3:cad>80</ns3:cad>
          </ns3:TrackPointExtension>
        </extensions>
      </trkpt>
      <trkpt lat="25.8454222418367862701416015625" lon="119.57000096328556537628173828125">
        <ele>13.3999996185302734375</ele>
        <time>2025-05-30T22:09:11.000Z</time>
        <extensions>
          <ns3:TrackPointExtension>
            <ns3:atemp>27.0</ns3:atemp>
            <ns3:hr>140</ns3:hr>
            <ns3:cad>80</ns3:cad>
          </ns3:TrackPointExtension>
        </extensions>
      </trkpt>
      <trkpt lat="25.84539919160306453704833984375" lon="119.569986797869205474853515625">
        <ele>13.3999996185302734375</ele>
        <time>2025-05-30T22:09:12.000Z</time>
        <extensions>
          <ns3:TrackPointExtension>
            <ns3:atemp>27.0</ns3:atemp>
            <ns3:hr>140</ns3:hr>
            <ns3:cad>82</ns3:cad>
          </ns3:TrackPointExtension>
        </extensions>
      </trkpt>
      <trkpt lat="25.84538276307284832000732421875" lon="119.569989480078220367431640625">
        <ele>13.3999996185302734375</ele>
        <time>2025-05-30T22:09:13.000Z</time>
        <extensions>
          <ns3:TrackPointExtension>
            <ns3:atemp>27.0</ns3:atemp>
            <ns3:hr>140</ns3:hr>
            <ns3:cad>82</ns3:cad>
          </ns3:TrackPointExtension>
        </extensions>
      </trkpt>
      <trkpt lat="25.84535962902009487152099609375" lon="119.5699824392795562744140625">
        <ele>13.3999996185302734375</ele>
        <time>2025-05-30T22:09:14.000Z</time>
        <extensions>
          <ns3:TrackPointExtension>
            <ns3:atemp>27.0</ns3:atemp>
            <ns3:hr>140</ns3:hr>
            <ns3:cad>82</ns3:cad>
          </ns3:TrackPointExtension>
        </extensions>
      </trkpt>
      <trkpt lat="25.84534118883311748504638671875" lon="119.56997313536703586578369140625">
        <ele>13.3999996185302734375</ele>
        <time>2025-05-30T22:09:15.000Z</time>
        <extensions>
          <ns3:TrackPointExtension>
            <ns3:atemp>27.0</ns3:atemp>
            <ns3:hr>141</ns3:hr>
            <ns3:cad>82</ns3:cad>
          </ns3:TrackPointExtension>
        </extensions>
      </trkpt>
      <trkpt lat="25.8453260175883769989013671875" lon="119.5699685253202915191650390625">
        <ele>13.3999996185302734375</ele>
        <time>2025-05-30T22:09:16.000Z</time>
        <extensions>
          <ns3:TrackPointExtension>
            <ns3:atemp>27.0</ns3:atemp>
            <ns3:hr>140</ns3:hr>
            <ns3:cad>82</ns3:cad>
          </ns3:TrackPointExtension>
        </extensions>
      </trkpt>
      <trkpt lat="25.8453032188117504119873046875" lon="119.56995570100843906402587890625">
        <ele>13.3999996185302734375</ele>
        <time>2025-05-30T22:09:17.000Z</time>
        <extensions>
          <ns3:TrackPointExtension>
            <ns3:atemp>27.0</ns3:atemp>
            <ns3:hr>140</ns3:hr>
            <ns3:cad>82</ns3:cad>
          </ns3:TrackPointExtension>
        </extensions>
      </trkpt>
      <trkpt lat="25.845289640128612518310546875" lon="119.5699487440288066864013671875">
        <ele>13.3999996185302734375</ele>
        <time>2025-05-30T22:09:18.000Z</time>
        <extensions>
          <ns3:TrackPointExtension>
            <ns3:atemp>27.0</ns3:atemp>
            <ns3:hr>140</ns3:hr>
            <ns3:cad>82</ns3:cad>
          </ns3:TrackPointExtension>
        </extensions>
      </trkpt>
      <trkpt lat="25.845266841351985931396484375" lon="119.5699360035359859466552734375">
        <ele>13.3999996185302734375</ele>
        <time>2025-05-30T22:09:19.000Z</time>
        <extensions>
          <ns3:TrackPointExtension>
            <ns3:atemp>28.0</ns3:atemp>
            <ns3:hr>140</ns3:hr>
            <ns3:cad>83</ns3:cad>
          </ns3:TrackPointExtension>
        </extensions>
      </trkpt>
      <trkpt lat="25.8452472276985645294189453125" lon="119.56992502324283123016357421875">
        <ele>13.3999996185302734375</ele>
        <time>2025-05-30T22:09:20.000Z</time>
        <extensions>
          <ns3:TrackPointExtension>
            <ns3:atemp>27.0</ns3:atemp>
            <ns3:hr>140</ns3:hr>
            <ns3:cad>83</ns3:cad>
          </ns3:TrackPointExtension>
        </extensions>
      </trkpt>
      <trkpt lat="25.84522803314030170440673828125" lon="119.569917730987071990966796875">
        <ele>13.3999996185302734375</ele>
        <time>2025-05-30T22:09:21.000Z</time>
        <extensions>
          <ns3:TrackPointExtension>
            <ns3:atemp>27.0</ns3:atemp>
            <ns3:hr>140</ns3:hr>
            <ns3:cad>84</ns3:cad>
          </ns3:TrackPointExtension>
        </extensions>
      </trkpt>
      <trkpt lat="25.84520406089723110198974609375" lon="119.56990524195134639739990234375">
        <ele>13.3999996185302734375</ele>
        <time>2025-05-30T22:09:22.000Z</time>
        <extensions>
          <ns3:TrackPointExtension>
            <ns3:atemp>27.0</ns3:atemp>
            <ns3:hr>140</ns3:hr>
            <ns3:cad>84</ns3:cad>
          </ns3:TrackPointExtension>
        </extensions>
      </trkpt>
      <trkpt lat="25.84518872201442718505859375" lon="119.569900967180728912353515625">
        <ele>13.3999996185302734375</ele>
        <time>2025-05-30T22:09:23.000Z</time>
        <extensions>
          <ns3:TrackPointExtension>
            <ns3:atemp>27.0</ns3:atemp>
            <ns3:hr>140</ns3:hr>
            <ns3:cad>84</ns3:cad>
          </ns3:TrackPointExtension>
        </extensions>
      </trkpt>
      <trkpt lat="25.84516516886651515960693359375" lon="119.56989183090627193450927734375">
        <ele>13.3999996185302734375</ele>
        <time>2025-05-30T22:09:24.000Z</time>
        <extensions>
          <ns3:TrackPointExtension>
            <ns3:atemp>27.0</ns3:atemp>
            <ns3:hr>140</ns3:hr>
            <ns3:cad>84</ns3:cad>
          </ns3:TrackPointExtension>
        </extensions>
      </trkpt>
      <trkpt lat="25.8451489917933940887451171875" lon="119.56987573765218257904052734375">
        <ele>13.3999996185302734375</ele>
        <time>2025-05-30T22:09:25.000Z</time>
        <extensions>
          <ns3:TrackPointExtension>
            <ns3:atemp>27.0</ns3:atemp>
            <ns3:hr>140</ns3:hr>
            <ns3:cad>84</ns3:cad>
          </ns3:TrackPointExtension>
        </extensions>
      </trkpt>
      <trkpt lat="25.8451317250728607177734375" lon="119.56987640820443630218505859375">
        <ele>13.3999996185302734375</ele>
        <time>2025-05-30T22:09:26.000Z</time>
        <extensions>
          <ns3:TrackPointExtension>
            <ns3:atemp>27.0</ns3:atemp>
            <ns3:hr>140</ns3:hr>
            <ns3:cad>83</ns3:cad>
          </ns3:TrackPointExtension>
        </extensions>
      </trkpt>
      <trkpt lat="25.84510959684848785400390625" lon="119.56986584700644016265869140625">
        <ele>13.3999996185302734375</ele>
        <time>2025-05-30T22:09:27.000Z</time>
        <extensions>
          <ns3:TrackPointExtension>
            <ns3:atemp>27.0</ns3:atemp>
            <ns3:hr>141</ns3:hr>
            <ns3:cad>83</ns3:cad>
          </ns3:TrackPointExtension>
        </extensions>
      </trkpt>
      <trkpt lat="25.84509325213730335235595703125" lon="119.56985972821712493896484375">
        <ele>13.3999996185302734375</ele>
        <time>2025-05-30T22:09:28.000Z</time>
        <extensions>
          <ns3:TrackPointExtension>
            <ns3:atemp>27.0</ns3:atemp>
            <ns3:hr>140</ns3:hr>
            <ns3:cad>83</ns3:cad>
          </ns3:TrackPointExtension>
        </extensions>
      </trkpt>
      <trkpt lat="25.84507196210324764251708984375" lon="119.5698495022952556610107421875">
        <ele>13.19999980926513671875</ele>
        <time>2025-05-30T22:09:29.000Z</time>
        <extensions>
          <ns3:TrackPointExtension>
            <ns3:atemp>27.0</ns3:atemp>
            <ns3:hr>140</ns3:hr>
            <ns3:cad>84</ns3:cad>
          </ns3:TrackPointExtension>
        </extensions>
      </trkpt>
      <trkpt lat="25.84505452774465084075927734375" lon="119.56983692944049835205078125">
        <ele>13.19999980926513671875</ele>
        <time>2025-05-30T22:09:30.000Z</time>
        <extensions>
          <ns3:TrackPointExtension>
            <ns3:atemp>27.0</ns3:atemp>
            <ns3:hr>141</ns3:hr>
            <ns3:cad>84</ns3:cad>
          </ns3:TrackPointExtension>
        </extensions>
      </trkpt>
      <trkpt lat="25.84503575228154659271240234375" lon="119.5698344148695468902587890625">
        <ele>13.19999980926513671875</ele>
        <time>2025-05-30T22:09:31.000Z</time>
        <extensions>
          <ns3:TrackPointExtension>
            <ns3:atemp>27.0</ns3:atemp>
            <ns3:hr>141</ns3:hr>
            <ns3:cad>84</ns3:cad>
          </ns3:TrackPointExtension>
        </extensions>
      </trkpt>
      <trkpt lat="25.845014713704586029052734375" lon="119.56982175819575786590576171875">
        <ele>13.19999980926513671875</ele>
        <time>2025-05-30T22:09:32.000Z</time>
        <extensions>
          <ns3:TrackPointExtension>
            <ns3:atemp>27.0</ns3:atemp>
            <ns3:hr>141</ns3:hr>
            <ns3:cad>84</ns3:cad>
          </ns3:TrackPointExtension>
        </extensions>
      </trkpt>
      <trkpt lat="25.8450014702975749969482421875" lon="119.56980876624584197998046875">
        <ele>13.19999980926513671875</ele>
        <time>2025-05-30T22:09:33.000Z</time>
        <extensions>
          <ns3:TrackPointExtension>
            <ns3:atemp>27.0</ns3:atemp>
            <ns3:hr>141</ns3:hr>
            <ns3:cad>83</ns3:cad>
          </ns3:TrackPointExtension>
        </extensions>
      </trkpt>
      <trkpt lat="25.8449800126254558563232421875" lon="119.56979812122881412506103515625">
        <ele>13.3999996185302734375</ele>
        <time>2025-05-30T22:09:34.000Z</time>
        <extensions>
          <ns3:TrackPointExtension>
            <ns3:atemp>27.0</ns3:atemp>
            <ns3:hr>141</ns3:hr>
            <ns3:cad>83</ns3:cad>
          </ns3:TrackPointExtension>
        </extensions>
      </trkpt>
      <trkpt lat="25.8449622429907321929931640625" lon="119.5697851292788982391357421875">
        <ele>13.3999996185302734375</ele>
        <time>2025-05-30T22:09:35.000Z</time>
        <extensions>
          <ns3:TrackPointExtension>
            <ns3:atemp>27.0</ns3:atemp>
            <ns3:hr>141</ns3:hr>
            <ns3:cad>84</ns3:cad>
          </ns3:TrackPointExtension>
        </extensions>
      </trkpt>
      <trkpt lat="25.8449444733560085296630859375" lon="119.56978152506053447723388671875">
        <ele>13.3999996185302734375</ele>
        <time>2025-05-30T22:09:36.000Z</time>
        <extensions>
          <ns3:TrackPointExtension>
            <ns3:atemp>27.0</ns3:atemp>
            <ns3:hr>141</ns3:hr>
            <ns3:cad>84</ns3:cad>
          </ns3:TrackPointExtension>
        </extensions>
      </trkpt>
      <trkpt lat="25.84491941146552562713623046875" lon="119.56977121531963348388671875">
        <ele>13.3999996185302734375</ele>
        <time>2025-05-30T22:09:37.000Z</time>
        <extensions>
          <ns3:TrackPointExtension>
            <ns3:atemp>27.0</ns3:atemp>
            <ns3:hr>141</ns3:hr>
            <ns3:cad>83</ns3:cad>
          </ns3:TrackPointExtension>
        </extensions>
      </trkpt>
      <trkpt lat="25.8448998816311359405517578125" lon="119.56976828165352344512939453125">
        <ele>13.3999996185302734375</ele>
        <time>2025-05-30T22:09:38.000Z</time>
        <extensions>
          <ns3:TrackPointExtension>
            <ns3:atemp>27.0</ns3:atemp>
            <ns3:hr>141</ns3:hr>
            <ns3:cad>83</ns3:cad>
          </ns3:TrackPointExtension>
        </extensions>
      </trkpt>
      <trkpt lat="25.84487582556903362274169921875" lon="119.56976241432130336761474609375">
        <ele>13.3999996185302734375</ele>
        <time>2025-05-30T22:09:39.000Z</time>
        <extensions>
          <ns3:TrackPointExtension>
            <ns3:atemp>27.0</ns3:atemp>
            <ns3:hr>141</ns3:hr>
            <ns3:cad>83</ns3:cad>
          </ns3:TrackPointExtension>
        </extensions>
      </trkpt>
      <trkpt lat="25.84485755302011966705322265625" lon="119.56975000910460948944091796875">
        <ele>13.19999980926513671875</ele>
        <time>2025-05-30T22:09:40.000Z</time>
        <extensions>
          <ns3:TrackPointExtension>
            <ns3:atemp>27.0</ns3:atemp>
            <ns3:hr>140</ns3:hr>
            <ns3:cad>83</ns3:cad>
          </ns3:TrackPointExtension>
        </extensions>
      </trkpt>
      <trkpt lat="25.8448412083089351654052734375" lon="119.56974883563816547393798828125">
        <ele>13.19999980926513671875</ele>
        <time>2025-05-30T22:09:41.000Z</time>
        <extensions>
          <ns3:TrackPointExtension>
            <ns3:atemp>27.0</ns3:atemp>
            <ns3:hr>140</ns3:hr>
            <ns3:cad>83</ns3:cad>
          </ns3:TrackPointExtension>
        </extensions>
      </trkpt>
      <trkpt lat="25.8448190800845623016357421875" lon="119.569740034639835357666015625">
        <ele>13.19999980926513671875</ele>
        <time>2025-05-30T22:09:42.000Z</time>
        <extensions>
          <ns3:TrackPointExtension>
            <ns3:atemp>27.0</ns3:atemp>
            <ns3:hr>140</ns3:hr>
            <ns3:cad>84</ns3:cad>
          </ns3:TrackPointExtension>
        </extensions>
      </trkpt>
      <trkpt lat="25.84480407647788524627685546875" lon="119.56972964107990264892578125">
        <ele>13.3999996185302734375</ele>
        <time>2025-05-30T22:09:43.000Z</time>
        <extensions>
          <ns3:TrackPointExtension>
            <ns3:atemp>27.0</ns3:atemp>
            <ns3:hr>140</ns3:hr>
            <ns3:cad>84</ns3:cad>
          </ns3:TrackPointExtension>
        </extensions>
      </trkpt>
      <trkpt lat="25.8447832055389881134033203125" lon="119.56972025334835052490234375">
        <ele>13.3999996185302734375</ele>
        <time>2025-05-30T22:09:44.000Z</time>
        <extensions>
          <ns3:TrackPointExtension>
            <ns3:atemp>27.0</ns3:atemp>
            <ns3:hr>140</ns3:hr>
            <ns3:cad>84</ns3:cad>
          </ns3:TrackPointExtension>
        </extensions>
      </trkpt>
      <trkpt lat="25.84476635791361331939697265625" lon="119.5697080157697200775146484375">
        <ele>13.3999996185302734375</ele>
        <time>2025-05-30T22:09:45.000Z</time>
        <extensions>
          <ns3:TrackPointExtension>
            <ns3:atemp>27.0</ns3:atemp>
            <ns3:hr>141</ns3:hr>
            <ns3:cad>84</ns3:cad>
          </ns3:TrackPointExtension>
        </extensions>
      </trkpt>
      <trkpt lat="25.84474909119307994842529296875" lon="119.56970558501780033111572265625">
        <ele>13.19999980926513671875</ele>
        <time>2025-05-30T22:09:46.000Z</time>
        <extensions>
          <ns3:TrackPointExtension>
            <ns3:atemp>27.0</ns3:atemp>
            <ns3:hr>140</ns3:hr>
            <ns3:cad>83</ns3:cad>
          </ns3:TrackPointExtension>
        </extensions>
      </trkpt>
      <trkpt lat="25.8447248674929141998291015625" lon="119.56969653256237506866455078125">
        <ele>13.3999996185302734375</ele>
        <time>2025-05-30T22:09:47.000Z</time>
        <extensions>
          <ns3:TrackPointExtension>
            <ns3:atemp>27.0</ns3:atemp>
            <ns3:hr>140</ns3:hr>
            <ns3:cad>83</ns3:cad>
          </ns3:TrackPointExtension>
        </extensions>
      </trkpt>
      <trkpt lat="25.844709612429141998291015625" lon="119.56969209015369415283203125">
        <ele>13.19999980926513671875</ele>
        <time>2025-05-30T22:09:48.000Z</time>
        <extensions>
          <ns3:TrackPointExtension>
            <ns3:atemp>27.0</ns3:atemp>
            <ns3:hr>140</ns3:hr>
            <ns3:cad>83</ns3:cad>
          </ns3:TrackPointExtension>
        </extensions>
      </trkpt>
      <trkpt lat="25.8446899987757205963134765625" lon="119.56968496553599834442138671875">
        <ele>13.19999980926513671875</ele>
        <time>2025-05-30T22:09:49.000Z</time>
        <extensions>
          <ns3:TrackPointExtension>
            <ns3:atemp>27.0</ns3:atemp>
            <ns3:hr>140</ns3:hr>
            <ns3:cad>83</ns3:cad>
          </ns3:TrackPointExtension>
        </extensions>
      </trkpt>
      <trkpt lat="25.84466661326587200164794921875" lon="119.56967490725219249725341796875">
        <ele>13.19999980926513671875</ele>
        <time>2025-05-30T22:09:50.000Z</time>
        <extensions>
          <ns3:TrackPointExtension>
            <ns3:atemp>27.0</ns3:atemp>
            <ns3:hr>140</ns3:hr>
            <ns3:cad>83</ns3:cad>
          </ns3:TrackPointExtension>
        </extensions>
      </trkpt>
      <trkpt lat="25.84465119056403636932373046875" lon="119.5696677826344966888427734375">
        <ele>13.19999980926513671875</ele>
        <time>2025-05-30T22:09:51.000Z</time>
        <extensions>
          <ns3:TrackPointExtension>
            <ns3:atemp>27.0</ns3:atemp>
            <ns3:hr>140</ns3:hr>
            <ns3:cad>83</ns3:cad>
          </ns3:TrackPointExtension>
        </extensions>
      </trkpt>
      <trkpt lat="25.844626128673553466796875" lon="119.56966099329292774200439453125">
        <ele>13.19999980926513671875</ele>
        <time>2025-05-30T22:09:52.000Z</time>
        <extensions>
          <ns3:TrackPointExtension>
            <ns3:atemp>27.0</ns3:atemp>
            <ns3:hr>141</ns3:hr>
            <ns3:cad>83</ns3:cad>
          </ns3:TrackPointExtension>
        </extensions>
      </trkpt>
      <trkpt lat="25.8446081914007663726806640625" lon="119.5696526952087879180908203125">
        <ele>13.19999980926513671875</ele>
        <time>2025-05-30T22:09:53.000Z</time>
        <extensions>
          <ns3:TrackPointExtension>
            <ns3:atemp>27.0</ns3:atemp>
            <ns3:hr>140</ns3:hr>
            <ns3:cad>82</ns3:cad>
          </ns3:TrackPointExtension>
        </extensions>
      </trkpt>
      <trkpt lat="25.84458732046186923980712890625" lon="119.56965143792331218719482421875">
        <ele>13.19999980926513671875</ele>
        <time>2025-05-30T22:09:54.000Z</time>
        <extensions>
          <ns3:TrackPointExtension>
            <ns3:atemp>27.0</ns3:atemp>
            <ns3:hr>140</ns3:hr>
            <ns3:cad>82</ns3:cad>
          </ns3:TrackPointExtension>
        </extensions>
      </trkpt>
      <trkpt lat="25.8445632643997669219970703125" lon="119.5696469955146312713623046875">
        <ele>13.19999980926513671875</ele>
        <time>2025-05-30T22:09:55.000Z</time>
        <extensions>
          <ns3:TrackPointExtension>
            <ns3:atemp>27.0</ns3:atemp>
            <ns3:hr>140</ns3:hr>
            <ns3:cad>83</ns3:cad>
          </ns3:TrackPointExtension>
        </extensions>
      </trkpt>
      <trkpt lat="25.84454708732664585113525390625" lon="119.569646827876567840576171875">
        <ele>13.19999980926513671875</ele>
        <time>2025-05-30T22:09:56.000Z</time>
        <extensions>
          <ns3:TrackPointExtension>
            <ns3:atemp>27.0</ns3:atemp>
            <ns3:hr>140</ns3:hr>
            <ns3:cad>83</ns3:cad>
          </ns3:TrackPointExtension>
        </extensions>
      </trkpt>
      <trkpt lat="25.84452244453132152557373046875" lon="119.5696362666785717010498046875">
        <ele>13.19999980926513671875</ele>
        <time>2025-05-30T22:09:57.000Z</time>
        <extensions>
          <ns3:TrackPointExtension>
            <ns3:atemp>27.0</ns3:atemp>
            <ns3:hr>140</ns3:hr>
            <ns3:cad>83</ns3:cad>
          </ns3:TrackPointExtension>
        </extensions>
      </trkpt>
      <trkpt lat="25.84450475871562957763671875" lon="119.56962361000478267669677734375">
        <ele>13.19999980926513671875</ele>
        <time>2025-05-30T22:09:58.000Z</time>
        <extensions>
          <ns3:TrackPointExtension>
            <ns3:atemp>27.0</ns3:atemp>
            <ns3:hr>140</ns3:hr>
            <ns3:cad>84</ns3:cad>
          </ns3:TrackPointExtension>
        </extensions>
      </trkpt>
      <trkpt lat="25.844486318528652191162109375" lon="119.569622017443180084228515625">
        <ele>13.19999980926513671875</ele>
        <time>2025-05-30T22:09:59.000Z</time>
        <extensions>
          <ns3:TrackPointExtension>
            <ns3:atemp>27.0</ns3:atemp>
            <ns3:hr>140</ns3:hr>
            <ns3:cad>84</ns3:cad>
          </ns3:TrackPointExtension>
        </extensions>
      </trkpt>
      <trkpt lat="25.8444653637707233428955078125" lon="119.56961086951196193695068359375">
        <ele>13.19999980926513671875</ele>
        <time>2025-05-30T22:10:00.000Z</time>
        <extensions>
          <ns3:TrackPointExtension>
            <ns3:atemp>27.0</ns3:atemp>
            <ns3:hr>140</ns3:hr>
            <ns3:cad>84</ns3:cad>
          </ns3:TrackPointExtension>
        </extensions>
      </trkpt>
      <trkpt lat="25.8444492705166339874267578125" lon="119.5696042478084564208984375">
        <ele>13.19999980926513671875</ele>
        <time>2025-05-30T22:10:01.000Z</time>
        <extensions>
          <ns3:TrackPointExtension>
            <ns3:atemp>27.0</ns3:atemp>
            <ns3:hr>141</ns3:hr>
            <ns3:cad>84</ns3:cad>
          </ns3:TrackPointExtension>
        </extensions>
      </trkpt>
      <trkpt lat="25.84442471154034137725830078125" lon="119.569594860076904296875">
        <ele>13.19999980926513671875</ele>
        <time>2025-05-30T22:10:02.000Z</time>
        <extensions>
          <ns3:TrackPointExtension>
            <ns3:atemp>27.0</ns3:atemp>
            <ns3:hr>140</ns3:hr>
            <ns3:cad>83</ns3:cad>
          </ns3:TrackPointExtension>
        </extensions>
      </trkpt>
      <trkpt lat="25.844405181705951690673828125" lon="119.56958748400211334228515625">
        <ele>13.19999980926513671875</ele>
        <time>2025-05-30T22:10:03.000Z</time>
        <extensions>
          <ns3:TrackPointExtension>
            <ns3:atemp>27.0</ns3:atemp>
            <ns3:hr>140</ns3:hr>
            <ns3:cad>83</ns3:cad>
          </ns3:TrackPointExtension>
        </extensions>
      </trkpt>
      <trkpt lat="25.84438850171864032745361328125" lon="119.5695876516401767730712890625">
        <ele>13.19999980926513671875</ele>
        <time>2025-05-30T22:10:04.000Z</time>
        <extensions>
          <ns3:TrackPointExtension>
            <ns3:atemp>27.0</ns3:atemp>
            <ns3:hr>140</ns3:hr>
            <ns3:cad>84</ns3:cad>
          </ns3:TrackPointExtension>
        </extensions>
      </trkpt>
      <trkpt lat="25.84436771459877490997314453125" lon="119.56957407295703887939453125">
        <ele>13.19999980926513671875</ele>
        <time>2025-05-30T22:10:05.000Z</time>
        <extensions>
          <ns3:TrackPointExtension>
            <ns3:atemp>27.0</ns3:atemp>
            <ns3:hr>139</ns3:hr>
            <ns3:cad>84</ns3:cad>
          </ns3:TrackPointExtension>
        </extensions>
      </trkpt>
      <trkpt lat="25.844351537525653839111328125" lon="119.56956862471997737884521484375">
        <ele>13.19999980926513671875</ele>
        <time>2025-05-30T22:10:06.000Z</time>
        <extensions>
          <ns3:TrackPointExtension>
            <ns3:atemp>27.0</ns3:atemp>
            <ns3:hr>139</ns3:hr>
            <ns3:cad>84</ns3:cad>
          </ns3:TrackPointExtension>
        </extensions>
      </trkpt>
      <trkpt lat="25.84432773292064666748046875" lon="119.5695558004081249237060546875">
        <ele>13</ele>
        <time>2025-05-30T22:10:07.000Z</time>
        <extensions>
          <ns3:TrackPointExtension>
            <ns3:atemp>27.0</ns3:atemp>
            <ns3:hr>139</ns3:hr>
            <ns3:cad>84</ns3:cad>
          </ns3:TrackPointExtension>
        </extensions>
      </trkpt>
      <trkpt lat="25.84430770017206668853759765625" lon="119.5695497654378414154052734375">
        <ele>13</ele>
        <time>2025-05-30T22:10:08.000Z</time>
        <extensions>
          <ns3:TrackPointExtension>
            <ns3:atemp>27.0</ns3:atemp>
            <ns3:hr>138</ns3:hr>
            <ns3:cad>83</ns3:cad>
          </ns3:TrackPointExtension>
        </extensions>
      </trkpt>
      <trkpt lat="25.8442886732518672943115234375" lon="119.5695447362959384918212890625">
        <ele>13</ele>
        <time>2025-05-30T22:10:09.000Z</time>
        <extensions>
          <ns3:TrackPointExtension>
            <ns3:atemp>27.0</ns3:atemp>
            <ns3:hr>138</ns3:hr>
            <ns3:cad>83</ns3:cad>
          </ns3:TrackPointExtension>
        </extensions>
      </trkpt>
      <trkpt lat="25.84426327608525753021240234375" lon="119.56953710876405239105224609375">
        <ele>13</ele>
        <time>2025-05-30T22:10:10.000Z</time>
        <extensions>
          <ns3:TrackPointExtension>
            <ns3:atemp>27.0</ns3:atemp>
            <ns3:hr>138</ns3:hr>
            <ns3:cad>84</ns3:cad>
          </ns3:TrackPointExtension>
        </extensions>
      </trkpt>
      <trkpt lat="25.84424835629761219024658203125" lon="119.56953291781246662139892578125">
        <ele>13</ele>
        <time>2025-05-30T22:10:11.000Z</time>
        <extensions>
          <ns3:TrackPointExtension>
            <ns3:atemp>27.0</ns3:atemp>
            <ns3:hr>138</ns3:hr>
            <ns3:cad>84</ns3:cad>
          </ns3:TrackPointExtension>
        </extensions>
      </trkpt>
      <trkpt lat="25.84422857500612735748291015625" lon="119.56952537409961223602294921875">
        <ele>13</ele>
        <time>2025-05-30T22:10:12.000Z</time>
        <extensions>
          <ns3:TrackPointExtension>
            <ns3:atemp>27.0</ns3:atemp>
            <ns3:hr>138</ns3:hr>
            <ns3:cad>84</ns3:cad>
          </ns3:TrackPointExtension>
        </extensions>
      </trkpt>
      <trkpt lat="25.8442102186381816864013671875" lon="119.5695135556161403656005859375">
        <ele>13</ele>
        <time>2025-05-30T22:10:13.000Z</time>
        <extensions>
          <ns3:TrackPointExtension>
            <ns3:atemp>27.0</ns3:atemp>
            <ns3:hr>137</ns3:hr>
            <ns3:cad>84</ns3:cad>
          </ns3:TrackPointExtension>
        </extensions>
      </trkpt>
      <trkpt lat="25.844192616641521453857421875" lon="119.569511711597442626953125">
        <ele>13.19999980926513671875</ele>
        <time>2025-05-30T22:10:14.000Z</time>
        <extensions>
          <ns3:TrackPointExtension>
            <ns3:atemp>27.0</ns3:atemp>
            <ns3:hr>137</ns3:hr>
            <ns3:cad>84</ns3:cad>
          </ns3:TrackPointExtension>
        </extensions>
      </trkpt>
      <trkpt lat="25.84416587837040424346923828125" lon="119.56950508989393711090087890625">
        <ele>13.19999980926513671875</ele>
        <time>2025-05-30T22:10:15.000Z</time>
        <extensions>
          <ns3:TrackPointExtension>
            <ns3:atemp>27.0</ns3:atemp>
            <ns3:hr>138</ns3:hr>
            <ns3:cad>84</ns3:cad>
          </ns3:TrackPointExtension>
        </extensions>
      </trkpt>
      <trkpt lat="25.8441481925547122955322265625" lon="119.56949419341981410980224609375">
        <ele>13.19999980926513671875</ele>
        <time>2025-05-30T22:10:16.000Z</time>
        <extensions>
          <ns3:TrackPointExtension>
            <ns3:atemp>27.0</ns3:atemp>
            <ns3:hr>138</ns3:hr>
            <ns3:cad>82</ns3:cad>
          </ns3:TrackPointExtension>
        </extensions>
      </trkpt>
      <trkpt lat="25.84412933327257633209228515625" lon="119.56949033774435520172119140625">
        <ele>13</ele>
        <time>2025-05-30T22:10:17.000Z</time>
        <extensions>
          <ns3:TrackPointExtension>
            <ns3:atemp>27.0</ns3:atemp>
            <ns3:hr>138</ns3:hr>
            <ns3:cad>82</ns3:cad>
          </ns3:TrackPointExtension>
        </extensions>
      </trkpt>
      <trkpt lat="25.84410703741014003753662109375" lon="119.56948011182248592376708984375">
        <ele>13</ele>
        <time>2025-05-30T22:10:18.000Z</time>
        <extensions>
          <ns3:TrackPointExtension>
            <ns3:atemp>27.0</ns3:atemp>
            <ns3:hr>138</ns3:hr>
            <ns3:cad>82</ns3:cad>
          </ns3:TrackPointExtension>
        </extensions>
      </trkpt>
      <trkpt lat="25.844092033803462982177734375" lon="119.56947483122348785400390625">
        <ele>13</ele>
        <time>2025-05-30T22:10:19.000Z</time>
        <extensions>
          <ns3:TrackPointExtension>
            <ns3:atemp>27.0</ns3:atemp>
            <ns3:hr>138</ns3:hr>
            <ns3:cad>82</ns3:cad>
          </ns3:TrackPointExtension>
        </extensions>
      </trkpt>
      <trkpt lat="25.84407350979745388031005859375" lon="119.56946468912065029144287109375">
        <ele>13</ele>
        <time>2025-05-30T22:10:20.000Z</time>
        <extensions>
          <ns3:TrackPointExtension>
            <ns3:atemp>27.0</ns3:atemp>
            <ns3:hr>138</ns3:hr>
            <ns3:cad>82</ns3:cad>
          </ns3:TrackPointExtension>
        </extensions>
      </trkpt>
      <trkpt lat="25.8440580032765865325927734375" lon="119.56944826059043407440185546875">
        <ele>13</ele>
        <time>2025-05-30T22:10:21.000Z</time>
        <extensions>
          <ns3:TrackPointExtension>
            <ns3:atemp>27.0</ns3:atemp>
            <ns3:hr>138</ns3:hr>
            <ns3:cad>82</ns3:cad>
          </ns3:TrackPointExtension>
        </extensions>
      </trkpt>
      <trkpt lat="25.84404132328927516937255859375" lon="119.5694424770772457122802734375">
        <ele>13</ele>
        <time>2025-05-30T22:10:22.000Z</time>
        <extensions>
          <ns3:TrackPointExtension>
            <ns3:atemp>27.0</ns3:atemp>
            <ns3:hr>138</ns3:hr>
            <ns3:cad>82</ns3:cad>
          </ns3:TrackPointExtension>
        </extensions>
      </trkpt>
      <trkpt lat="25.84401684813201427459716796875" lon="119.569434262812137603759765625">
        <ele>13</ele>
        <time>2025-05-30T22:10:23.000Z</time>
        <extensions>
          <ns3:TrackPointExtension>
            <ns3:atemp>27.0</ns3:atemp>
            <ns3:hr>138</ns3:hr>
            <ns3:cad>82</ns3:cad>
          </ns3:TrackPointExtension>
        </extensions>
      </trkpt>
      <trkpt lat="25.8439969830214977264404296875" lon="119.56942277960479259490966796875">
        <ele>13.19999980926513671875</ele>
        <time>2025-05-30T22:10:24.000Z</time>
        <extensions>
          <ns3:TrackPointExtension>
            <ns3:atemp>27.0</ns3:atemp>
            <ns3:hr>138</ns3:hr>
            <ns3:cad>82</ns3:cad>
          </ns3:TrackPointExtension>
        </extensions>
      </trkpt>
      <trkpt lat="25.843983404338359832763671875" lon="119.56942252814769744873046875">
        <ele>13.19999980926513671875</ele>
        <time>2025-05-30T22:10:25.000Z</time>
        <extensions>
          <ns3:TrackPointExtension>
            <ns3:atemp>27.0</ns3:atemp>
            <ns3:hr>139</ns3:hr>
            <ns3:cad>81</ns3:cad>
          </ns3:TrackPointExtension>
        </extensions>
      </trkpt>
      <trkpt lat="25.84396161139011383056640625" lon="119.56941322423517704010009765625">
        <ele>13</ele>
        <time>2025-05-30T22:10:26.000Z</time>
        <extensions>
          <ns3:TrackPointExtension>
            <ns3:atemp>27.0</ns3:atemp>
            <ns3:hr>139</ns3:hr>
            <ns3:cad>81</ns3:cad>
          </ns3:TrackPointExtension>
        </extensions>
      </trkpt>
      <trkpt lat="25.843947194516658782958984375" lon="119.569414146244525909423828125">
        <ele>13</ele>
        <time>2025-05-30T22:10:27.000Z</time>
        <extensions>
          <ns3:TrackPointExtension>
            <ns3:atemp>27.0</ns3:atemp>
            <ns3:hr>139</ns3:hr>
            <ns3:cad>82</ns3:cad>
          </ns3:TrackPointExtension>
        </extensions>
      </trkpt>
      <trkpt lat="25.84392146207392215728759765625" lon="119.56940685398876667022705078125">
        <ele>13</ele>
        <time>2025-05-30T22:10:28.000Z</time>
        <extensions>
          <ns3:TrackPointExtension>
            <ns3:atemp>27.0</ns3:atemp>
            <ns3:hr>140</ns3:hr>
            <ns3:cad>82</ns3:cad>
          </ns3:TrackPointExtension>
        </extensions>
      </trkpt>
      <trkpt lat="25.8439034409821033477783203125" lon="119.569396711885929107666015625">
        <ele>13</ele>
        <time>2025-05-30T22:10:29.000Z</time>
        <extensions>
          <ns3:TrackPointExtension>
            <ns3:atemp>27.0</ns3:atemp>
            <ns3:hr>140</ns3:hr>
            <ns3:cad>83</ns3:cad>
          </ns3:TrackPointExtension>
        </extensions>
      </trkpt>
      <trkpt lat="25.84388357587158679962158203125" lon="119.56939260475337505340576171875">
        <ele>13</ele>
        <time>2025-05-30T22:10:30.000Z</time>
        <extensions>
          <ns3:TrackPointExtension>
            <ns3:atemp>27.0</ns3:atemp>
            <ns3:hr>140</ns3:hr>
            <ns3:cad>83</ns3:cad>
          </ns3:TrackPointExtension>
        </extensions>
      </trkpt>
      <trkpt lat="25.843860693275928497314453125" lon="119.5693824626505374908447265625">
        <ele>13</ele>
        <time>2025-05-30T22:10:31.000Z</time>
        <extensions>
          <ns3:TrackPointExtension>
            <ns3:atemp>27.0</ns3:atemp>
            <ns3:hr>141</ns3:hr>
            <ns3:cad>83</ns3:cad>
          </ns3:TrackPointExtension>
        </extensions>
      </trkpt>
      <trkpt lat="25.84384317509829998016357421875" lon="119.56937550567090511322021484375">
        <ele>13</ele>
        <time>2025-05-30T22:10:32.000Z</time>
        <extensions>
          <ns3:TrackPointExtension>
            <ns3:atemp>27.0</ns3:atemp>
            <ns3:hr>141</ns3:hr>
            <ns3:cad>83</ns3:cad>
          </ns3:TrackPointExtension>
        </extensions>
      </trkpt>
      <trkpt lat="25.84382255561649799346923828125" lon="119.56936460919678211212158203125">
        <ele>13</ele>
        <time>2025-05-30T22:10:33.000Z</time>
        <extensions>
          <ns3:TrackPointExtension>
            <ns3:atemp>27.0</ns3:atemp>
            <ns3:hr>141</ns3:hr>
            <ns3:cad>83</ns3:cad>
          </ns3:TrackPointExtension>
        </extensions>
      </trkpt>
      <trkpt lat="25.843805372714996337890625" lon="119.56935354508459568023681640625">
        <ele>13.19999980926513671875</ele>
        <time>2025-05-30T22:10:34.000Z</time>
        <extensions>
          <ns3:TrackPointExtension>
            <ns3:atemp>27.0</ns3:atemp>
            <ns3:hr>142</ns3:hr>
            <ns3:cad>83</ns3:cad>
          </ns3:TrackPointExtension>
        </extensions>
      </trkpt>
      <trkpt lat="25.8437879383563995361328125" lon="119.569345079362392425537109375">
        <ele>13.19999980926513671875</ele>
        <time>2025-05-30T22:10:35.000Z</time>
        <extensions>
          <ns3:TrackPointExtension>
            <ns3:atemp>27.0</ns3:atemp>
            <ns3:hr>142</ns3:hr>
            <ns3:cad>84</ns3:cad>
          </ns3:TrackPointExtension>
        </extensions>
      </trkpt>
      <trkpt lat="25.84376723505556583404541015625" lon="119.56933401525020599365234375">
        <ele>13.3999996185302734375</ele>
        <time>2025-05-30T22:10:36.000Z</time>
        <extensions>
          <ns3:TrackPointExtension>
            <ns3:atemp>27.0</ns3:atemp>
            <ns3:hr>142</ns3:hr>
            <ns3:cad>83</ns3:cad>
          </ns3:TrackPointExtension>
        </extensions>
      </trkpt>
      <trkpt lat="25.84374980069696903228759765625" lon="119.56933267414569854736328125">
        <ele>13.3999996185302734375</ele>
        <time>2025-05-30T22:10:37.000Z</time>
        <extensions>
          <ns3:TrackPointExtension>
            <ns3:atemp>27.0</ns3:atemp>
            <ns3:hr>142</ns3:hr>
            <ns3:cad>83</ns3:cad>
          </ns3:TrackPointExtension>
        </extensions>
      </trkpt>
      <trkpt lat="25.84373018704354763031005859375" lon="119.56932370550930500030517578125">
        <ele>13.3999996185302734375</ele>
        <time>2025-05-30T22:10:38.000Z</time>
        <extensions>
          <ns3:TrackPointExtension>
            <ns3:atemp>27.0</ns3:atemp>
            <ns3:hr>143</ns3:hr>
            <ns3:cad>82</ns3:cad>
          </ns3:TrackPointExtension>
        </extensions>
      </trkpt>
      <trkpt lat="25.84371409378945827484130859375" lon="119.56931364722549915313720703125">
        <ele>13.3999996185302734375</ele>
        <time>2025-05-30T22:10:39.000Z</time>
        <extensions>
          <ns3:TrackPointExtension>
            <ns3:atemp>27.0</ns3:atemp>
            <ns3:hr>142</ns3:hr>
            <ns3:cad>82</ns3:cad>
          </ns3:TrackPointExtension>
        </extensions>
      </trkpt>
      <trkpt lat="25.843694396317005157470703125" lon="119.56930727697908878326416015625">
        <ele>13.19999980926513671875</ele>
        <time>2025-05-30T22:10:40.000Z</time>
        <extensions>
          <ns3:TrackPointExtension>
            <ns3:atemp>27.0</ns3:atemp>
            <ns3:hr>142</ns3:hr>
            <ns3:cad>82</ns3:cad>
          </ns3:TrackPointExtension>
        </extensions>
      </trkpt>
      <trkpt lat="25.8436752855777740478515625" lon="119.5692993141710758209228515625">
        <ele>13.19999980926513671875</ele>
        <time>2025-05-30T22:10:41.000Z</time>
        <extensions>
          <ns3:TrackPointExtension>
            <ns3:atemp>27.0</ns3:atemp>
            <ns3:hr>142</ns3:hr>
            <ns3:cad>82</ns3:cad>
          </ns3:TrackPointExtension>
        </extensions>
      </trkpt>
      <trkpt lat="25.84365961141884326934814453125" lon="119.569297470152378082275390625">
        <ele>13.19999980926513671875</ele>
        <time>2025-05-30T22:10:42.000Z</time>
        <extensions>
          <ns3:TrackPointExtension>
            <ns3:atemp>27.0</ns3:atemp>
            <ns3:hr>142</ns3:hr>
            <ns3:cad>82</ns3:cad>
          </ns3:TrackPointExtension>
        </extensions>
      </trkpt>
      <trkpt lat="25.8436348848044872283935546875" lon="119.56929168663918972015380859375">
        <ele>13</ele>
        <time>2025-05-30T22:10:43.000Z</time>
        <extensions>
          <ns3:TrackPointExtension>
            <ns3:atemp>27.0</ns3:atemp>
            <ns3:hr>142</ns3:hr>
            <ns3:cad>86</ns3:cad>
          </ns3:TrackPointExtension>
        </extensions>
      </trkpt>
      <trkpt lat="25.8436187915503978729248046875" lon="119.56928799860179424285888671875">
        <ele>13</ele>
        <time>2025-05-30T22:10:44.000Z</time>
        <extensions>
          <ns3:TrackPointExtension>
            <ns3:atemp>27.0</ns3:atemp>
            <ns3:hr>142</ns3:hr>
            <ns3:cad>86</ns3:cad>
          </ns3:TrackPointExtension>
        </extensions>
      </trkpt>
      <trkpt lat="25.843593813478946685791015625" lon="119.5692818798124790191650390625">
        <ele>13</ele>
        <time>2025-05-30T22:10:45.000Z</time>
        <extensions>
          <ns3:TrackPointExtension>
            <ns3:atemp>27.0</ns3:atemp>
            <ns3:hr>141</ns3:hr>
            <ns3:cad>86</ns3:cad>
          </ns3:TrackPointExtension>
        </extensions>
      </trkpt>
      <trkpt lat="25.84357671439647674560546875" lon="119.56927006132900714874267578125">
        <ele>13</ele>
        <time>2025-05-30T22:10:46.000Z</time>
        <extensions>
          <ns3:TrackPointExtension>
            <ns3:atemp>27.0</ns3:atemp>
            <ns3:hr>141</ns3:hr>
            <ns3:cad>85</ns3:cad>
          </ns3:TrackPointExtension>
        </extensions>
      </trkpt>
      <trkpt lat="25.84355919621884822845458984375" lon="119.5692688040435314178466796875">
        <ele>13</ele>
        <time>2025-05-30T22:10:47.000Z</time>
        <extensions>
          <ns3:TrackPointExtension>
            <ns3:atemp>27.0</ns3:atemp>
            <ns3:hr>141</ns3:hr>
            <ns3:cad>85</ns3:cad>
          </ns3:TrackPointExtension>
        </extensions>
      </trkpt>
      <trkpt lat="25.8435379900038242340087890625" lon="119.56925547681748867034912109375">
        <ele>12.80000019073486328125</ele>
        <time>2025-05-30T22:10:48.000Z</time>
        <extensions>
          <ns3:TrackPointExtension>
            <ns3:atemp>27.0</ns3:atemp>
            <ns3:hr>142</ns3:hr>
            <ns3:cad>85</ns3:cad>
          </ns3:TrackPointExtension>
        </extensions>
      </trkpt>
      <trkpt lat="25.8435222320258617401123046875" lon="119.5692480169236660003662109375">
        <ele>12.80000019073486328125</ele>
        <time>2025-05-30T22:10:49.000Z</time>
        <extensions>
          <ns3:TrackPointExtension>
            <ns3:atemp>27.0</ns3:atemp>
            <ns3:hr>141</ns3:hr>
            <ns3:cad>85</ns3:cad>
          </ns3:TrackPointExtension>
        </extensions>
      </trkpt>
      <trkpt lat="25.8434997685253620147705078125" lon="119.56924005411565303802490234375">
        <ele>12.80000019073486328125</ele>
        <time>2025-05-30T22:10:50.000Z</time>
        <extensions>
          <ns3:TrackPointExtension>
            <ns3:atemp>27.0</ns3:atemp>
            <ns3:hr>141</ns3:hr>
            <ns3:cad>84</ns3:cad>
          </ns3:TrackPointExtension>
        </extensions>
      </trkpt>
      <trkpt lat="25.84348057396709918975830078125" lon="119.56922781653702259063720703125">
        <ele>12.80000019073486328125</ele>
        <time>2025-05-30T22:10:51.000Z</time>
        <extensions>
          <ns3:TrackPointExtension>
            <ns3:atemp>27.0</ns3:atemp>
            <ns3:hr>142</ns3:hr>
            <ns3:cad>84</ns3:cad>
          </ns3:TrackPointExtension>
        </extensions>
      </trkpt>
      <trkpt lat="25.84346003830432891845703125" lon="119.569226391613483428955078125">
        <ele>12.80000019073486328125</ele>
        <time>2025-05-30T22:10:52.000Z</time>
        <extensions>
          <ns3:TrackPointExtension>
            <ns3:atemp>27.0</ns3:atemp>
            <ns3:hr>141</ns3:hr>
            <ns3:cad>84</ns3:cad>
          </ns3:TrackPointExtension>
        </extensions>
      </trkpt>
      <trkpt lat="25.8434347249567508697509765625" lon="119.56922178156673908233642578125">
        <ele>12.80000019073486328125</ele>
        <time>2025-05-30T22:10:53.000Z</time>
        <extensions>
          <ns3:TrackPointExtension>
            <ns3:atemp>27.0</ns3:atemp>
            <ns3:hr>141</ns3:hr>
            <ns3:cad>84</ns3:cad>
          </ns3:TrackPointExtension>
        </extensions>
      </trkpt>
      <trkpt lat="25.843414776027202606201171875" lon="119.5692178420722484588623046875">
        <ele>12.80000019073486328125</ele>
        <time>2025-05-30T22:10:54.000Z</time>
        <extensions>
          <ns3:TrackPointExtension>
            <ns3:atemp>27.0</ns3:atemp>
            <ns3:hr>140</ns3:hr>
            <ns3:cad>84</ns3:cad>
          </ns3:TrackPointExtension>
        </extensions>
      </trkpt>
      <trkpt lat="25.84339172579348087310791015625" lon="119.5692057721316814422607421875">
        <ele>12.80000019073486328125</ele>
        <time>2025-05-30T22:10:55.000Z</time>
        <extensions>
          <ns3:TrackPointExtension>
            <ns3:atemp>27.0</ns3:atemp>
            <ns3:hr>140</ns3:hr>
            <ns3:cad>84</ns3:cad>
          </ns3:TrackPointExtension>
        </extensions>
      </trkpt>
      <trkpt lat="25.8433723635971546173095703125" lon="119.56919680349528789520263671875">
        <ele>12.80000019073486328125</ele>
        <time>2025-05-30T22:10:56.000Z</time>
        <extensions>
          <ns3:TrackPointExtension>
            <ns3:atemp>27.0</ns3:atemp>
            <ns3:hr>140</ns3:hr>
            <ns3:cad>84</ns3:cad>
          </ns3:TrackPointExtension>
        </extensions>
      </trkpt>
      <trkpt lat="25.843354426324367523193359375" lon="119.56919630058109760284423828125">
        <ele>12.80000019073486328125</ele>
        <time>2025-05-30T22:10:57.000Z</time>
        <extensions>
          <ns3:TrackPointExtension>
            <ns3:atemp>27.0</ns3:atemp>
            <ns3:hr>140</ns3:hr>
            <ns3:cad>84</ns3:cad>
          </ns3:TrackPointExtension>
        </extensions>
      </trkpt>
      <trkpt lat="25.84333154372870922088623046875" lon="119.56919185817241668701171875">
        <ele>12.80000019073486328125</ele>
        <time>2025-05-30T22:10:58.000Z</time>
        <extensions>
          <ns3:TrackPointExtension>
            <ns3:atemp>27.0</ns3:atemp>
            <ns3:hr>141</ns3:hr>
            <ns3:cad>84</ns3:cad>
          </ns3:TrackPointExtension>
        </extensions>
      </trkpt>
      <trkpt lat="25.8433146961033344268798828125" lon="119.5691893436014652252197265625">
        <ele>12.80000019073486328125</ele>
        <time>2025-05-30T22:10:59.000Z</time>
        <extensions>
          <ns3:TrackPointExtension>
            <ns3:atemp>27.0</ns3:atemp>
            <ns3:hr>140</ns3:hr>
            <ns3:cad>84</ns3:cad>
          </ns3:TrackPointExtension>
        </extensions>
      </trkpt>
      <trkpt lat="25.843290388584136962890625" lon="119.5691802911460399627685546875">
        <ele>12.80000019073486328125</ele>
        <time>2025-05-30T22:11:00.000Z</time>
        <extensions>
          <ns3:TrackPointExtension>
            <ns3:atemp>27.0</ns3:atemp>
            <ns3:hr>140</ns3:hr>
            <ns3:cad>84</ns3:cad>
          </ns3:TrackPointExtension>
        </extensions>
      </trkpt>
      <trkpt lat="25.84327504970133304595947265625" lon="119.56917031668126583099365234375">
        <ele>12.80000019073486328125</ele>
        <time>2025-05-30T22:11:01.000Z</time>
        <extensions>
          <ns3:TrackPointExtension>
            <ns3:atemp>27.0</ns3:atemp>
            <ns3:hr>140</ns3:hr>
            <ns3:cad>84</ns3:cad>
          </ns3:TrackPointExtension>
        </extensions>
      </trkpt>
      <trkpt lat="25.84325342439115047454833984375" lon="119.56916377879679203033447265625">
        <ele>12.80000019073486328125</ele>
        <time>2025-05-30T22:11:02.000Z</time>
        <extensions>
          <ns3:TrackPointExtension>
            <ns3:atemp>27.0</ns3:atemp>
            <ns3:hr>140</ns3:hr>
            <ns3:cad>84</ns3:cad>
          </ns3:TrackPointExtension>
        </extensions>
      </trkpt>
      <trkpt lat="25.8432332240045070648193359375" lon="119.569149948656558990478515625">
        <ele>12.80000019073486328125</ele>
        <time>2025-05-30T22:11:03.000Z</time>
        <extensions>
          <ns3:TrackPointExtension>
            <ns3:atemp>27.0</ns3:atemp>
            <ns3:hr>140</ns3:hr>
            <ns3:cad>84</ns3:cad>
          </ns3:TrackPointExtension>
        </extensions>
      </trkpt>
      <trkpt lat="25.84321620874106884002685546875" lon="119.56913913600146770477294921875">
        <ele>12.80000019073486328125</ele>
        <time>2025-05-30T22:11:04.000Z</time>
        <extensions>
          <ns3:TrackPointExtension>
            <ns3:atemp>27.0</ns3:atemp>
            <ns3:hr>140</ns3:hr>
            <ns3:cad>85</ns3:cad>
          </ns3:TrackPointExtension>
        </extensions>
      </trkpt>
      <trkpt lat="25.8431929908692836761474609375" lon="119.56912622787058353424072265625">
        <ele>12.80000019073486328125</ele>
        <time>2025-05-30T22:11:05.000Z</time>
        <extensions>
          <ns3:TrackPointExtension>
            <ns3:atemp>27.0</ns3:atemp>
            <ns3:hr>140</ns3:hr>
            <ns3:cad>85</ns3:cad>
          </ns3:TrackPointExtension>
        </extensions>
      </trkpt>
      <trkpt lat="25.8431779034435749053955078125" lon="119.56911801360547542572021484375">
        <ele>12.80000019073486328125</ele>
        <time>2025-05-30T22:11:06.000Z</time>
        <extensions>
          <ns3:TrackPointExtension>
            <ns3:atemp>27.0</ns3:atemp>
            <ns3:hr>141</ns3:hr>
            <ns3:cad>85</ns3:cad>
          </ns3:TrackPointExtension>
        </extensions>
      </trkpt>
      <trkpt lat="25.84315770305693149566650390625" lon="119.569111056625843048095703125">
        <ele>12.80000019073486328125</ele>
        <time>2025-05-30T22:11:07.000Z</time>
        <extensions>
          <ns3:TrackPointExtension>
            <ns3:atemp>27.0</ns3:atemp>
            <ns3:hr>140</ns3:hr>
            <ns3:cad>85</ns3:cad>
          </ns3:TrackPointExtension>
        </extensions>
      </trkpt>
      <trkpt lat="25.84313825704157352447509765625" lon="119.56909957341849803924560546875">
        <ele>12.6000003814697265625</ele>
        <time>2025-05-30T22:11:08.000Z</time>
        <extensions>
          <ns3:TrackPointExtension>
            <ns3:atemp>27.0</ns3:atemp>
            <ns3:hr>140</ns3:hr>
            <ns3:cad>85</ns3:cad>
          </ns3:TrackPointExtension>
        </extensions>
      </trkpt>
      <trkpt lat="25.843118391931056976318359375" lon="119.5690958015620708465576171875">
        <ele>12.6000003814697265625</ele>
        <time>2025-05-30T22:11:09.000Z</time>
        <extensions>
          <ns3:TrackPointExtension>
            <ns3:atemp>27.0</ns3:atemp>
            <ns3:hr>140</ns3:hr>
            <ns3:cad>83</ns3:cad>
          </ns3:TrackPointExtension>
        </extensions>
      </trkpt>
      <trkpt lat="25.8430950902402400970458984375" lon="119.5690830610692501068115234375">
        <ele>12.6000003814697265625</ele>
        <time>2025-05-30T22:11:10.000Z</time>
        <extensions>
          <ns3:TrackPointExtension>
            <ns3:atemp>27.0</ns3:atemp>
            <ns3:hr>140</ns3:hr>
            <ns3:cad>83</ns3:cad>
          </ns3:TrackPointExtension>
        </extensions>
      </trkpt>
      <trkpt lat="25.8430776558816432952880859375" lon="119.56907107494771480560302734375">
        <ele>12.6000003814697265625</ele>
        <time>2025-05-30T22:11:11.000Z</time>
        <extensions>
          <ns3:TrackPointExtension>
            <ns3:atemp>27.0</ns3:atemp>
            <ns3:hr>140</ns3:hr>
            <ns3:cad>84</ns3:cad>
          </ns3:TrackPointExtension>
        </extensions>
      </trkpt>
      <trkpt lat="25.84305359981954097747802734375" lon="119.569062776863574981689453125">
        <ele>12.80000019073486328125</ele>
        <time>2025-05-30T22:11:12.000Z</time>
        <extensions>
          <ns3:TrackPointExtension>
            <ns3:atemp>27.0</ns3:atemp>
            <ns3:hr>141</ns3:hr>
            <ns3:cad>84</ns3:cad>
          </ns3:TrackPointExtension>
        </extensions>
      </trkpt>
      <trkpt lat="25.84303046576678752899169921875" lon="119.56905330531299114227294921875">
        <ele>12.80000019073486328125</ele>
        <time>2025-05-30T22:11:13.000Z</time>
        <extensions>
          <ns3:TrackPointExtension>
            <ns3:atemp>27.0</ns3:atemp>
            <ns3:hr>140</ns3:hr>
            <ns3:cad>85</ns3:cad>
          </ns3:TrackPointExtension>
        </extensions>
      </trkpt>
      <trkpt lat="25.84301076829433441162109375" lon="119.569051377475261688232421875">
        <ele>12.80000019073486328125</ele>
        <time>2025-05-30T22:11:14.000Z</time>
        <extensions>
          <ns3:TrackPointExtension>
            <ns3:atemp>27.0</ns3:atemp>
            <ns3:hr>140</ns3:hr>
            <ns3:cad>85</ns3:cad>
          </ns3:TrackPointExtension>
        </extensions>
      </trkpt>
      <trkpt lat="25.8429891429841518402099609375" lon="119.56904374994337558746337890625">
        <ele>12.80000019073486328125</ele>
        <time>2025-05-30T22:11:15.000Z</time>
        <extensions>
          <ns3:TrackPointExtension>
            <ns3:atemp>27.0</ns3:atemp>
            <ns3:hr>141</ns3:hr>
            <ns3:cad>84</ns3:cad>
          </ns3:TrackPointExtension>
        </extensions>
      </trkpt>
      <trkpt lat="25.8429725468158721923828125" lon="119.5690364576876163482666015625">
        <ele>12.80000019073486328125</ele>
        <time>2025-05-30T22:11:16.000Z</time>
        <extensions>
          <ns3:TrackPointExtension>
            <ns3:atemp>27.0</ns3:atemp>
            <ns3:hr>140</ns3:hr>
            <ns3:cad>84</ns3:cad>
          </ns3:TrackPointExtension>
        </extensions>
      </trkpt>
      <trkpt lat="25.84294782020151615142822265625" lon="119.56902916543185710906982421875">
        <ele>12.80000019073486328125</ele>
        <time>2025-05-30T22:11:17.000Z</time>
        <extensions>
          <ns3:TrackPointExtension>
            <ns3:atemp>27.0</ns3:atemp>
            <ns3:hr>140</ns3:hr>
            <ns3:cad>84</ns3:cad>
          </ns3:TrackPointExtension>
        </extensions>
      </trkpt>
      <trkpt lat="25.8429271169006824493408203125" lon="119.56901374273002147674560546875">
        <ele>12.80000019073486328125</ele>
        <time>2025-05-30T22:11:18.000Z</time>
        <extensions>
          <ns3:TrackPointExtension>
            <ns3:atemp>27.0</ns3:atemp>
            <ns3:hr>141</ns3:hr>
            <ns3:cad>83</ns3:cad>
          </ns3:TrackPointExtension>
        </extensions>
      </trkpt>
      <trkpt lat="25.84290993399918079376220703125" lon="119.56901080906391143798828125">
        <ele>12.6000003814697265625</ele>
        <time>2025-05-30T22:11:19.000Z</time>
        <extensions>
          <ns3:TrackPointExtension>
            <ns3:atemp>27.0</ns3:atemp>
            <ns3:hr>140</ns3:hr>
            <ns3:cad>83</ns3:cad>
          </ns3:TrackPointExtension>
        </extensions>
      </trkpt>
      <trkpt lat="25.84288612939417362213134765625" lon="119.56900083459913730621337890625">
        <ele>12.6000003814697265625</ele>
        <time>2025-05-30T22:11:20.000Z</time>
        <extensions>
          <ns3:TrackPointExtension>
            <ns3:atemp>27.0</ns3:atemp>
            <ns3:hr>140</ns3:hr>
            <ns3:cad>83</ns3:cad>
          </ns3:TrackPointExtension>
        </extensions>
      </trkpt>
      <trkpt lat="25.8428711257874965667724609375" lon="119.5689922012388706207275390625">
        <ele>12.6000003814697265625</ele>
        <time>2025-05-30T22:11:21.000Z</time>
        <extensions>
          <ns3:TrackPointExtension>
            <ns3:atemp>27.0</ns3:atemp>
            <ns3:hr>140</ns3:hr>
            <ns3:cad>84</ns3:cad>
          </ns3:TrackPointExtension>
        </extensions>
      </trkpt>
      <trkpt lat="25.8428503386676311492919921875" lon="119.568981640040874481201171875">
        <ele>12.6000003814697265625</ele>
        <time>2025-05-30T22:11:22.000Z</time>
        <extensions>
          <ns3:TrackPointExtension>
            <ns3:atemp>27.0</ns3:atemp>
            <ns3:hr>141</ns3:hr>
            <ns3:cad>84</ns3:cad>
          </ns3:TrackPointExtension>
        </extensions>
      </trkpt>
      <trkpt lat="25.84283214993774890899658203125" lon="119.56896722316741943359375">
        <ele>12.6000003814697265625</ele>
        <time>2025-05-30T22:11:23.000Z</time>
        <extensions>
          <ns3:TrackPointExtension>
            <ns3:atemp>27.0</ns3:atemp>
            <ns3:hr>141</ns3:hr>
            <ns3:cad>83</ns3:cad>
          </ns3:TrackPointExtension>
        </extensions>
      </trkpt>
      <trkpt lat="25.84281471557915210723876953125" lon="119.56896328367292881011962890625">
        <ele>12.6000003814697265625</ele>
        <time>2025-05-30T22:11:24.000Z</time>
        <extensions>
          <ns3:TrackPointExtension>
            <ns3:atemp>27.0</ns3:atemp>
            <ns3:hr>141</ns3:hr>
            <ns3:cad>83</ns3:cad>
          </ns3:TrackPointExtension>
        </extensions>
      </trkpt>
      <trkpt lat="25.84278923459351062774658203125" lon="119.568958170711994171142578125">
        <ele>12.6000003814697265625</ele>
        <time>2025-05-30T22:11:25.000Z</time>
        <extensions>
          <ns3:TrackPointExtension>
            <ns3:atemp>27.0</ns3:atemp>
            <ns3:hr>141</ns3:hr>
            <ns3:cad>83</ns3:cad>
          </ns3:TrackPointExtension>
        </extensions>
      </trkpt>
      <trkpt lat="25.84277096204459667205810546875" lon="119.56895255483686923980712890625">
        <ele>12.6000003814697265625</ele>
        <time>2025-05-30T22:11:26.000Z</time>
        <extensions>
          <ns3:TrackPointExtension>
            <ns3:atemp>27.0</ns3:atemp>
            <ns3:hr>141</ns3:hr>
            <ns3:cad>83</ns3:cad>
          </ns3:TrackPointExtension>
        </extensions>
      </trkpt>
      <trkpt lat="25.8427467383444309234619140625" lon="119.56894350238144397735595703125">
        <ele>12.6000003814697265625</ele>
        <time>2025-05-30T22:11:27.000Z</time>
        <extensions>
          <ns3:TrackPointExtension>
            <ns3:atemp>27.0</ns3:atemp>
            <ns3:hr>141</ns3:hr>
            <ns3:cad>84</ns3:cad>
          </ns3:TrackPointExtension>
        </extensions>
      </trkpt>
      <trkpt lat="25.84272972308099269866943359375" lon="119.56892908550798892974853515625">
        <ele>12.6000003814697265625</ele>
        <time>2025-05-30T22:11:28.000Z</time>
        <extensions>
          <ns3:TrackPointExtension>
            <ns3:atemp>27.0</ns3:atemp>
            <ns3:hr>141</ns3:hr>
            <ns3:cad>85</ns3:cad>
          </ns3:TrackPointExtension>
        </extensions>
      </trkpt>
      <trkpt lat="25.84271597675979137420654296875" lon="119.56892070360481739044189453125">
        <ele>12.6000003814697265625</ele>
        <time>2025-05-30T22:11:29.000Z</time>
        <extensions>
          <ns3:TrackPointExtension>
            <ns3:atemp>27.0</ns3:atemp>
            <ns3:hr>141</ns3:hr>
            <ns3:cad>85</ns3:cad>
          </ns3:TrackPointExtension>
        </extensions>
      </trkpt>
      <trkpt lat="25.84269753657281398773193359375" lon="119.56890754401683807373046875">
        <ele>12.6000003814697265625</ele>
        <time>2025-05-30T22:11:30.000Z</time>
        <extensions>
          <ns3:TrackPointExtension>
            <ns3:atemp>27.0</ns3:atemp>
            <ns3:hr>141</ns3:hr>
            <ns3:cad>85</ns3:cad>
          </ns3:TrackPointExtension>
        </extensions>
      </trkpt>
      <trkpt lat="25.84268328733742237091064453125" lon="119.5689033530652523040771484375">
        <ele>12.80000019073486328125</ele>
        <time>2025-05-30T22:11:31.000Z</time>
        <extensions>
          <ns3:TrackPointExtension>
            <ns3:atemp>27.0</ns3:atemp>
            <ns3:hr>141</ns3:hr>
            <ns3:cad>85</ns3:cad>
          </ns3:TrackPointExtension>
        </extensions>
      </trkpt>
      <trkpt lat="25.8426585607230663299560546875" lon="119.56889471970498561859130859375">
        <ele>12.6000003814697265625</ele>
        <time>2025-05-30T22:11:32.000Z</time>
        <extensions>
          <ns3:TrackPointExtension>
            <ns3:atemp>27.0</ns3:atemp>
            <ns3:hr>141</ns3:hr>
            <ns3:cad>85</ns3:cad>
          </ns3:TrackPointExtension>
        </extensions>
      </trkpt>
      <trkpt lat="25.84264087490737438201904296875" lon="119.56888214685022830963134765625">
        <ele>12.6000003814697265625</ele>
        <time>2025-05-30T22:11:33.000Z</time>
        <extensions>
          <ns3:TrackPointExtension>
            <ns3:atemp>27.0</ns3:atemp>
            <ns3:hr>140</ns3:hr>
            <ns3:cad>85</ns3:cad>
          </ns3:TrackPointExtension>
        </extensions>
      </trkpt>
      <trkpt lat="25.84262109361588954925537109375" lon="119.5688760280609130859375">
        <ele>12.3999996185302734375</ele>
        <time>2025-05-30T22:11:34.000Z</time>
        <extensions>
          <ns3:TrackPointExtension>
            <ns3:atemp>27.0</ns3:atemp>
            <ns3:hr>140</ns3:hr>
            <ns3:cad>85</ns3:cad>
          </ns3:TrackPointExtension>
        </extensions>
      </trkpt>
      <trkpt lat="25.8425982110202312469482421875" lon="119.56886328756809234619140625">
        <ele>12.3999996185302734375</ele>
        <time>2025-05-30T22:11:35.000Z</time>
        <extensions>
          <ns3:TrackPointExtension>
            <ns3:atemp>27.0</ns3:atemp>
            <ns3:hr>140</ns3:hr>
            <ns3:cad>85</ns3:cad>
          </ns3:TrackPointExtension>
        </extensions>
      </trkpt>
      <trkpt lat="25.84258488379418849945068359375" lon="119.56885850988328456878662109375">
        <ele>12.3999996185302734375</ele>
        <time>2025-05-30T22:11:36.000Z</time>
        <extensions>
          <ns3:TrackPointExtension>
            <ns3:atemp>27.0</ns3:atemp>
            <ns3:hr>140</ns3:hr>
            <ns3:cad>85</ns3:cad>
          </ns3:TrackPointExtension>
        </extensions>
      </trkpt>
      <trkpt lat="25.84256275556981563568115234375" lon="119.56884643994271755218505859375">
        <ele>12.3999996185302734375</ele>
        <time>2025-05-30T22:11:37.000Z</time>
        <extensions>
          <ns3:TrackPointExtension>
            <ns3:atemp>27.0</ns3:atemp>
            <ns3:hr>140</ns3:hr>
            <ns3:cad>85</ns3:cad>
          </ns3:TrackPointExtension>
        </extensions>
      </trkpt>
      <trkpt lat="25.84254263900220394134521484375" lon="119.56884057261049747467041015625">
        <ele>12.6000003814697265625</ele>
        <time>2025-05-30T22:11:38.000Z</time>
        <extensions>
          <ns3:TrackPointExtension>
            <ns3:atemp>27.0</ns3:atemp>
            <ns3:hr>140</ns3:hr>
            <ns3:cad>83</ns3:cad>
          </ns3:TrackPointExtension>
        </extensions>
      </trkpt>
      <trkpt lat="25.84252269007265567779541015625" lon="119.56883244216442108154296875">
        <ele>12.6000003814697265625</ele>
        <time>2025-05-30T22:11:39.000Z</time>
        <extensions>
          <ns3:TrackPointExtension>
            <ns3:atemp>27.0</ns3:atemp>
            <ns3:hr>140</ns3:hr>
            <ns3:cad>83</ns3:cad>
          </ns3:TrackPointExtension>
        </extensions>
      </trkpt>
      <trkpt lat="25.84250173531472682952880859375" lon="119.56882171332836151123046875">
        <ele>12.80000019073486328125</ele>
        <time>2025-05-30T22:11:40.000Z</time>
        <extensions>
          <ns3:TrackPointExtension>
            <ns3:atemp>27.0</ns3:atemp>
            <ns3:hr>140</ns3:hr>
            <ns3:cad>83</ns3:cad>
          </ns3:TrackPointExtension>
        </extensions>
      </trkpt>
      <trkpt lat="25.84248430095613002777099609375" lon="119.56882028840482234954833984375">
        <ele>12.80000019073486328125</ele>
        <time>2025-05-30T22:11:41.000Z</time>
        <extensions>
          <ns3:TrackPointExtension>
            <ns3:atemp>27.0</ns3:atemp>
            <ns3:hr>140</ns3:hr>
            <ns3:cad>83</ns3:cad>
          </ns3:TrackPointExtension>
        </extensions>
      </trkpt>
      <trkpt lat="25.842461250722408294677734375" lon="119.568818025290966033935546875">
        <ele>12.80000019073486328125</ele>
        <time>2025-05-30T22:11:42.000Z</time>
        <extensions>
          <ns3:TrackPointExtension>
            <ns3:atemp>27.0</ns3:atemp>
            <ns3:hr>140</ns3:hr>
            <ns3:cad>83</ns3:cad>
          </ns3:TrackPointExtension>
        </extensions>
      </trkpt>
      <trkpt lat="25.84244406782090663909912109375" lon="119.5688185282051563262939453125">
        <ele>12.80000019073486328125</ele>
        <time>2025-05-30T22:11:43.000Z</time>
        <extensions>
          <ns3:TrackPointExtension>
            <ns3:atemp>27.0</ns3:atemp>
            <ns3:hr>140</ns3:hr>
            <ns3:cad>83</ns3:cad>
          </ns3:TrackPointExtension>
        </extensions>
      </trkpt>
      <trkpt lat="25.84243007004261016845703125" lon="119.56883520819246768951416015625">
        <ele>12.80000019073486328125</ele>
        <time>2025-05-30T22:11:44.000Z</time>
        <extensions>
          <ns3:TrackPointExtension>
            <ns3:atemp>27.0</ns3:atemp>
            <ns3:hr>140</ns3:hr>
            <ns3:cad>83</ns3:cad>
          </ns3:TrackPointExtension>
        </extensions>
      </trkpt>
      <trkpt lat="25.8424084447324275970458984375" lon="119.568848870694637298583984375">
        <ele>12.6000003814697265625</ele>
        <time>2025-05-30T22:11:45.000Z</time>
        <extensions>
          <ns3:TrackPointExtension>
            <ns3:atemp>27.0</ns3:atemp>
            <ns3:hr>140</ns3:hr>
            <ns3:cad>83</ns3:cad>
          </ns3:TrackPointExtension>
        </extensions>
      </trkpt>
      <trkpt lat="25.84240551106631755828857421875" lon="119.5688678137958049774169921875">
        <ele>12.6000003814697265625</ele>
        <time>2025-05-30T22:11:46.000Z</time>
        <extensions>
          <ns3:TrackPointExtension>
            <ns3:atemp>27.0</ns3:atemp>
            <ns3:hr>140</ns3:hr>
            <ns3:cad>84</ns3:cad>
          </ns3:TrackPointExtension>
        </extensions>
      </trkpt>
      <trkpt lat="25.8423913456499576568603515625" lon="119.56889404915273189544677734375">
        <ele>12.6000003814697265625</ele>
        <time>2025-05-30T22:11:47.000Z</time>
        <extensions>
          <ns3:TrackPointExtension>
            <ns3:atemp>27.0</ns3:atemp>
            <ns3:hr>140</ns3:hr>
            <ns3:cad>84</ns3:cad>
          </ns3:TrackPointExtension>
        </extensions>
      </trkpt>
      <trkpt lat="25.84238204173743724822998046875" lon="119.56891349516808986663818359375">
        <ele>12.6000003814697265625</ele>
        <time>2025-05-30T22:11:48.000Z</time>
        <extensions>
          <ns3:TrackPointExtension>
            <ns3:atemp>27.0</ns3:atemp>
            <ns3:hr>140</ns3:hr>
            <ns3:cad>84</ns3:cad>
          </ns3:TrackPointExtension>
        </extensions>
      </trkpt>
      <trkpt lat="25.84238287992775440216064453125" lon="119.56893704831600189208984375">
        <ele>12.6000003814697265625</ele>
        <time>2025-05-30T22:11:49.000Z</time>
        <extensions>
          <ns3:TrackPointExtension>
            <ns3:atemp>27.0</ns3:atemp>
            <ns3:hr>140</ns3:hr>
            <ns3:cad>84</ns3:cad>
          </ns3:TrackPointExtension>
        </extensions>
      </trkpt>
      <trkpt lat="25.84238313138484954833984375" lon="119.568962194025516510009765625">
        <ele>12.6000003814697265625</ele>
        <time>2025-05-30T22:11:50.000Z</time>
        <extensions>
          <ns3:TrackPointExtension>
            <ns3:atemp>27.0</ns3:atemp>
            <ns3:hr>140</ns3:hr>
            <ns3:cad>84</ns3:cad>
          </ns3:TrackPointExtension>
        </extensions>
      </trkpt>
      <trkpt lat="25.8423879928886890411376953125" lon="119.56897987984120845794677734375">
        <ele>12.6000003814697265625</ele>
        <time>2025-05-30T22:11:51.000Z</time>
        <extensions>
          <ns3:TrackPointExtension>
            <ns3:atemp>27.0</ns3:atemp>
            <ns3:hr>140</ns3:hr>
            <ns3:cad>84</ns3:cad>
          </ns3:TrackPointExtension>
        </extensions>
      </trkpt>
      <trkpt lat="25.842402912676334381103515625" lon="119.569002091884613037109375">
        <ele>12.3999996185302734375</ele>
        <time>2025-05-30T22:11:52.000Z</time>
        <extensions>
          <ns3:TrackPointExtension>
            <ns3:atemp>27.0</ns3:atemp>
            <ns3:hr>140</ns3:hr>
            <ns3:cad>83</ns3:cad>
          </ns3:TrackPointExtension>
        </extensions>
      </trkpt>
      <trkpt lat="25.84241657517850399017333984375" lon="119.56901458092033863067626953125">
        <ele>12.3999996185302734375</ele>
        <time>2025-05-30T22:11:53.000Z</time>
        <extensions>
          <ns3:TrackPointExtension>
            <ns3:atemp>27.0</ns3:atemp>
            <ns3:hr>140</ns3:hr>
            <ns3:cad>83</ns3:cad>
          </ns3:TrackPointExtension>
        </extensions>
      </trkpt>
      <trkpt lat="25.84243409335613250732421875" lon="119.56902396865189075469970703125">
        <ele>12.3999996185302734375</ele>
        <time>2025-05-30T22:11:54.000Z</time>
        <extensions>
          <ns3:TrackPointExtension>
            <ns3:atemp>27.0</ns3:atemp>
            <ns3:hr>140</ns3:hr>
            <ns3:cad>84</ns3:cad>
          </ns3:TrackPointExtension>
        </extensions>
      </trkpt>
      <trkpt lat="25.842450521886348724365234375" lon="119.56903637386858463287353515625">
        <ele>12.3999996185302734375</ele>
        <time>2025-05-30T22:11:55.000Z</time>
        <extensions>
          <ns3:TrackPointExtension>
            <ns3:atemp>27.0</ns3:atemp>
            <ns3:hr>140</ns3:hr>
            <ns3:cad>84</ns3:cad>
          </ns3:TrackPointExtension>
        </extensions>
      </trkpt>
      <trkpt lat="25.84246887825429439544677734375" lon="119.56903763115406036376953125">
        <ele>12.19999980926513671875</ele>
        <time>2025-05-30T22:11:56.000Z</time>
        <extensions>
          <ns3:TrackPointExtension>
            <ns3:atemp>27.0</ns3:atemp>
            <ns3:hr>140</ns3:hr>
            <ns3:cad>85</ns3:cad>
          </ns3:TrackPointExtension>
        </extensions>
      </trkpt>
      <trkpt lat="25.8424929343163967132568359375" lon="119.56904693506658077239990234375">
        <ele>12.19999980926513671875</ele>
        <time>2025-05-30T22:11:57.000Z</time>
        <extensions>
          <ns3:TrackPointExtension>
            <ns3:atemp>27.0</ns3:atemp>
            <ns3:hr>140</ns3:hr>
            <ns3:cad>85</ns3:cad>
          </ns3:TrackPointExtension>
        </extensions>
      </trkpt>
      <trkpt lat="25.8425107039511203765869140625" lon="119.5690498687326908111572265625">
        <ele>12.19999980926513671875</ele>
        <time>2025-05-30T22:11:58.000Z</time>
        <extensions>
          <ns3:TrackPointExtension>
            <ns3:atemp>27.0</ns3:atemp>
            <ns3:hr>140</ns3:hr>
            <ns3:cad>84</ns3:cad>
          </ns3:TrackPointExtension>
        </extensions>
      </trkpt>
      <trkpt lat="25.84253660403192043304443359375" lon="119.56905347295105457305908203125">
        <ele>12.19999980926513671875</ele>
        <time>2025-05-30T22:11:59.000Z</time>
        <extensions>
          <ns3:TrackPointExtension>
            <ns3:atemp>27.0</ns3:atemp>
            <ns3:hr>140</ns3:hr>
            <ns3:cad>84</ns3:cad>
          </ns3:TrackPointExtension>
        </extensions>
      </trkpt>
      <trkpt lat="25.84255806170403957366943359375" lon="119.56906386651098728179931640625">
        <ele>12.3999996185302734375</ele>
        <time>2025-05-30T22:12:00.000Z</time>
        <extensions>
          <ns3:TrackPointExtension>
            <ns3:atemp>27.0</ns3:atemp>
            <ns3:hr>140</ns3:hr>
            <ns3:cad>84</ns3:cad>
          </ns3:TrackPointExtension>
        </extensions>
      </trkpt>
      <trkpt lat="25.84257625043392181396484375" lon="119.56906705163419246673583984375">
        <ele>12.3999996185302734375</ele>
        <time>2025-05-30T22:12:01.000Z</time>
        <extensions>
          <ns3:TrackPointExtension>
            <ns3:atemp>27.0</ns3:atemp>
            <ns3:hr>140</ns3:hr>
            <ns3:cad>84</ns3:cad>
          </ns3:TrackPointExtension>
        </extensions>
      </trkpt>
      <trkpt lat="25.8425968699157238006591796875" lon="119.5690785348415374755859375">
        <ele>12.3999996185302734375</ele>
        <time>2025-05-30T22:12:02.000Z</time>
        <extensions>
          <ns3:TrackPointExtension>
            <ns3:atemp>27.0</ns3:atemp>
            <ns3:hr>140</ns3:hr>
            <ns3:cad>84</ns3:cad>
          </ns3:TrackPointExtension>
        </extensions>
      </trkpt>
      <trkpt lat="25.8426102809607982635498046875" lon="119.56908515654504299163818359375">
        <ele>12.3999996185302734375</ele>
        <time>2025-05-30T22:12:03.000Z</time>
        <extensions>
          <ns3:TrackPointExtension>
            <ns3:atemp>27.0</ns3:atemp>
            <ns3:hr>140</ns3:hr>
            <ns3:cad>84</ns3:cad>
          </ns3:TrackPointExtension>
        </extensions>
      </trkpt>
      <trkpt lat="25.84262712858617305755615234375" lon="119.569091610610485076904296875">
        <ele>12.3999996185302734375</ele>
        <time>2025-05-30T22:12:04.000Z</time>
        <extensions>
          <ns3:TrackPointExtension>
            <ns3:atemp>27.0</ns3:atemp>
            <ns3:hr>140</ns3:hr>
            <ns3:cad>84</ns3:cad>
          </ns3:TrackPointExtension>
        </extensions>
      </trkpt>
      <trkpt lat="25.84264406003057956695556640625" lon="119.56910242326557636260986328125">
        <ele>12.3999996185302734375</ele>
        <time>2025-05-30T22:12:05.000Z</time>
        <extensions>
          <ns3:TrackPointExtension>
            <ns3:atemp>27.0</ns3:atemp>
            <ns3:hr>139</ns3:hr>
            <ns3:cad>83</ns3:cad>
          </ns3:TrackPointExtension>
        </extensions>
      </trkpt>
      <trkpt lat="25.84265914745628833770751953125" lon="119.56910602748394012451171875">
        <ele>12.3999996185302734375</ele>
        <time>2025-05-30T22:12:06.000Z</time>
        <extensions>
          <ns3:TrackPointExtension>
            <ns3:atemp>27.0</ns3:atemp>
            <ns3:hr>140</ns3:hr>
            <ns3:cad>83</ns3:cad>
          </ns3:TrackPointExtension>
        </extensions>
      </trkpt>
      <trkpt lat="25.84268060512840747833251953125" lon="119.56911667250096797943115234375">
        <ele>12.3999996185302734375</ele>
        <time>2025-05-30T22:12:07.000Z</time>
        <extensions>
          <ns3:TrackPointExtension>
            <ns3:atemp>27.0</ns3:atemp>
            <ns3:hr>140</ns3:hr>
            <ns3:cad>84</ns3:cad>
          </ns3:TrackPointExtension>
        </extensions>
      </trkpt>
      <trkpt lat="25.84269653074443340301513671875" lon="119.56911868415772914886474609375">
        <ele>12.6000003814697265625</ele>
        <time>2025-05-30T22:12:08.000Z</time>
        <extensions>
          <ns3:TrackPointExtension>
            <ns3:atemp>27.0</ns3:atemp>
            <ns3:hr>140</ns3:hr>
            <ns3:cad>84</ns3:cad>
          </ns3:TrackPointExtension>
        </extensions>
      </trkpt>
      <trkpt lat="25.84272134117782115936279296875" lon="119.5691273175179958343505859375">
        <ele>12.6000003814697265625</ele>
        <time>2025-05-30T22:12:09.000Z</time>
        <extensions>
          <ns3:TrackPointExtension>
            <ns3:atemp>27.0</ns3:atemp>
            <ns3:hr>139</ns3:hr>
            <ns3:cad>84</ns3:cad>
          </ns3:TrackPointExtension>
        </extensions>
      </trkpt>
      <trkpt lat="25.84274330176413059234619140625" lon="119.56913142465054988861083984375">
        <ele>12.6000003814697265625</ele>
        <time>2025-05-30T22:12:10.000Z</time>
        <extensions>
          <ns3:TrackPointExtension>
            <ns3:atemp>27.0</ns3:atemp>
            <ns3:hr>139</ns3:hr>
            <ns3:cad>84</ns3:cad>
          </ns3:TrackPointExtension>
        </extensions>
      </trkpt>
      <trkpt lat="25.84276241250336170196533203125" lon="119.56913729198276996612548828125">
        <ele>12.6000003814697265625</ele>
        <time>2025-05-30T22:12:11.000Z</time>
        <extensions>
          <ns3:TrackPointExtension>
            <ns3:atemp>27.0</ns3:atemp>
            <ns3:hr>140</ns3:hr>
            <ns3:cad>83</ns3:cad>
          </ns3:TrackPointExtension>
        </extensions>
      </trkpt>
      <trkpt lat="25.84278202615678310394287109375" lon="119.56915304996073246002197265625">
        <ele>12.3999996185302734375</ele>
        <time>2025-05-30T22:12:12.000Z</time>
        <extensions>
          <ns3:TrackPointExtension>
            <ns3:atemp>27.0</ns3:atemp>
            <ns3:hr>140</ns3:hr>
            <ns3:cad>83</ns3:cad>
          </ns3:TrackPointExtension>
        </extensions>
      </trkpt>
      <trkpt lat="25.84279828704893589019775390625" lon="119.56915087066590785980224609375">
        <ele>12.3999996185302734375</ele>
        <time>2025-05-30T22:12:13.000Z</time>
        <extensions>
          <ns3:TrackPointExtension>
            <ns3:atemp>27.0</ns3:atemp>
            <ns3:hr>140</ns3:hr>
            <ns3:cad>83</ns3:cad>
          </ns3:TrackPointExtension>
        </extensions>
      </trkpt>
      <trkpt lat="25.84282435476779937744140625" lon="119.56916377879679203033447265625">
        <ele>12.3999996185302734375</ele>
        <time>2025-05-30T22:12:14.000Z</time>
        <extensions>
          <ns3:TrackPointExtension>
            <ns3:atemp>27.0</ns3:atemp>
            <ns3:hr>139</ns3:hr>
            <ns3:cad>83</ns3:cad>
          </ns3:TrackPointExtension>
        </extensions>
      </trkpt>
      <trkpt lat="25.84284170530736446380615234375" lon="119.5691678859293460845947265625">
        <ele>12.3999996185302734375</ele>
        <time>2025-05-30T22:12:15.000Z</time>
        <extensions>
          <ns3:TrackPointExtension>
            <ns3:atemp>27.0</ns3:atemp>
            <ns3:hr>140</ns3:hr>
            <ns3:cad>86</ns3:cad>
          </ns3:TrackPointExtension>
        </extensions>
      </trkpt>
      <trkpt lat="25.84286324679851531982421875" lon="119.56917232833802700042724609375">
        <ele>12.3999996185302734375</ele>
        <time>2025-05-30T22:12:16.000Z</time>
        <extensions>
          <ns3:TrackPointExtension>
            <ns3:atemp>27.0</ns3:atemp>
            <ns3:hr>139</ns3:hr>
            <ns3:cad>86</ns3:cad>
          </ns3:TrackPointExtension>
        </extensions>
      </trkpt>
      <trkpt lat="25.84288361482322216033935546875" lon="119.56918423064053058624267578125">
        <ele>12.6000003814697265625</ele>
        <time>2025-05-30T22:12:17.000Z</time>
        <extensions>
          <ns3:TrackPointExtension>
            <ns3:atemp>27.0</ns3:atemp>
            <ns3:hr>139</ns3:hr>
            <ns3:cad>86</ns3:cad>
          </ns3:TrackPointExtension>
        </extensions>
      </trkpt>
      <trkpt lat="25.84290021099150180816650390625" lon="119.5691911876201629638671875">
        <ele>12.6000003814697265625</ele>
        <time>2025-05-30T22:12:18.000Z</time>
        <extensions>
          <ns3:TrackPointExtension>
            <ns3:atemp>27.0</ns3:atemp>
            <ns3:hr>139</ns3:hr>
            <ns3:cad>86</ns3:cad>
          </ns3:TrackPointExtension>
        </extensions>
      </trkpt>
      <trkpt lat="25.8429162204265594482421875" lon="119.5691997371613979339599609375">
        <ele>12.80000019073486328125</ele>
        <time>2025-05-30T22:12:19.000Z</time>
        <extensions>
          <ns3:TrackPointExtension>
            <ns3:atemp>27.0</ns3:atemp>
            <ns3:hr>138</ns3:hr>
            <ns3:cad>84</ns3:cad>
          </ns3:TrackPointExtension>
        </extensions>
      </trkpt>
      <trkpt lat="25.84293164312839508056640625" lon="119.56920468248426914215087890625">
        <ele>12.80000019073486328125</ele>
        <time>2025-05-30T22:12:20.000Z</time>
        <extensions>
          <ns3:TrackPointExtension>
            <ns3:atemp>27.0</ns3:atemp>
            <ns3:hr>138</ns3:hr>
            <ns3:cad>84</ns3:cad>
          </ns3:TrackPointExtension>
        </extensions>
      </trkpt>
      <trkpt lat="25.842948071658611297607421875" lon="119.5692141540348529815673828125">
        <ele>12.80000019073486328125</ele>
        <time>2025-05-30T22:12:21.000Z</time>
        <extensions>
          <ns3:TrackPointExtension>
            <ns3:atemp>27.0</ns3:atemp>
            <ns3:hr>137</ns3:hr>
            <ns3:cad>83</ns3:cad>
          </ns3:TrackPointExtension>
        </extensions>
      </trkpt>
      <trkpt lat="25.8429663442075252532958984375" lon="119.5692222006618976593017578125">
        <ele>12.80000019073486328125</ele>
        <time>2025-05-30T22:12:22.000Z</time>
        <extensions>
          <ns3:TrackPointExtension>
            <ns3:atemp>27.0</ns3:atemp>
            <ns3:hr>137</ns3:hr>
            <ns3:cad>84</ns3:cad>
          </ns3:TrackPointExtension>
        </extensions>
      </trkpt>
      <trkpt lat="25.84298369474709033966064453125" lon="119.569223709404468536376953125">
        <ele>12.80000019073486328125</ele>
        <time>2025-05-30T22:12:23.000Z</time>
        <extensions>
          <ns3:TrackPointExtension>
            <ns3:atemp>27.0</ns3:atemp>
            <ns3:hr>136</ns3:hr>
            <ns3:cad>85</ns3:cad>
          </ns3:TrackPointExtension>
        </extensions>
      </trkpt>
      <trkpt lat="25.84300615824759006500244140625" lon="119.569235779345035552978515625">
        <ele>12.80000019073486328125</ele>
        <time>2025-05-30T22:12:24.000Z</time>
        <extensions>
          <ns3:TrackPointExtension>
            <ns3:atemp>27.0</ns3:atemp>
            <ns3:hr>136</ns3:hr>
            <ns3:cad>85</ns3:cad>
          </ns3:TrackPointExtension>
        </extensions>
      </trkpt>
      <trkpt lat="25.8430199883878231048583984375" lon="119.56923653371632099151611328125">
        <ele>12.80000019073486328125</ele>
        <time>2025-05-30T22:12:25.000Z</time>
        <extensions>
          <ns3:TrackPointExtension>
            <ns3:atemp>27.0</ns3:atemp>
            <ns3:hr>135</ns3:hr>
            <ns3:cad>84</ns3:cad>
          </ns3:TrackPointExtension>
        </extensions>
      </trkpt>
      <trkpt lat="25.84304437972605228424072265625" lon="119.569243490695953369140625">
        <ele>12.6000003814697265625</ele>
        <time>2025-05-30T22:12:26.000Z</time>
        <extensions>
          <ns3:TrackPointExtension>
            <ns3:atemp>27.0</ns3:atemp>
            <ns3:hr>134</ns3:hr>
            <ns3:cad>84</ns3:cad>
          </ns3:TrackPointExtension>
        </extensions>
      </trkpt>
      <trkpt lat="25.84306097589433193206787109375" lon="119.56925530917942523956298828125">
        <ele>12.6000003814697265625</ele>
        <time>2025-05-30T22:12:27.000Z</time>
        <extensions>
          <ns3:TrackPointExtension>
            <ns3:atemp>27.0</ns3:atemp>
            <ns3:hr>134</ns3:hr>
            <ns3:cad>84</ns3:cad>
          </ns3:TrackPointExtension>
        </extensions>
      </trkpt>
      <trkpt lat="25.84308142773807048797607421875" lon="119.56926385872066020965576171875">
        <ele>12.6000003814697265625</ele>
        <time>2025-05-30T22:12:28.000Z</time>
        <extensions>
          <ns3:TrackPointExtension>
            <ns3:atemp>27.0</ns3:atemp>
            <ns3:hr>133</ns3:hr>
            <ns3:cad>84</ns3:cad>
          </ns3:TrackPointExtension>
        </extensions>
      </trkpt>
      <trkpt lat="25.843102298676967620849609375" lon="119.5692729949951171875">
        <ele>12.6000003814697265625</ele>
        <time>2025-05-30T22:12:29.000Z</time>
        <extensions>
          <ns3:TrackPointExtension>
            <ns3:atemp>27.0</ns3:atemp>
            <ns3:hr>133</ns3:hr>
            <ns3:cad>84</ns3:cad>
          </ns3:TrackPointExtension>
        </extensions>
      </trkpt>
      <trkpt lat="25.84311763755977153778076171875" lon="119.56927240826189517974853515625">
        <ele>12.6000003814697265625</ele>
        <time>2025-05-30T22:12:30.000Z</time>
        <extensions>
          <ns3:TrackPointExtension>
            <ns3:atemp>27.0</ns3:atemp>
            <ns3:hr>132</ns3:hr>
            <ns3:cad>84</ns3:cad>
          </ns3:TrackPointExtension>
        </extensions>
      </trkpt>
      <trkpt lat="25.84314479492604732513427734375" lon="119.5692808739840984344482421875">
        <ele>12.6000003814697265625</ele>
        <time>2025-05-30T22:12:31.000Z</time>
        <extensions>
          <ns3:TrackPointExtension>
            <ns3:atemp>27.0</ns3:atemp>
            <ns3:hr>132</ns3:hr>
            <ns3:cad>84</ns3:cad>
          </ns3:TrackPointExtension>
        </extensions>
      </trkpt>
      <trkpt lat="25.84316574968397617340087890625" lon="119.5692922733724117279052734375">
        <ele>12.6000003814697265625</ele>
        <time>2025-05-30T22:12:32.000Z</time>
        <extensions>
          <ns3:TrackPointExtension>
            <ns3:atemp>27.0</ns3:atemp>
            <ns3:hr>132</ns3:hr>
            <ns3:cad>85</ns3:cad>
          </ns3:TrackPointExtension>
        </extensions>
      </trkpt>
      <trkpt lat="25.84318636916577816009521484375" lon="119.56929621286690235137939453125">
        <ele>12.6000003814697265625</ele>
        <time>2025-05-30T22:12:33.000Z</time>
        <extensions>
          <ns3:TrackPointExtension>
            <ns3:atemp>27.0</ns3:atemp>
            <ns3:hr>133</ns3:hr>
            <ns3:cad>85</ns3:cad>
          </ns3:TrackPointExtension>
        </extensions>
      </trkpt>
      <trkpt lat="25.84320749156177043914794921875" lon="119.56931280903518199920654296875">
        <ele>12.6000003814697265625</ele>
        <time>2025-05-30T22:12:34.000Z</time>
        <extensions>
          <ns3:TrackPointExtension>
            <ns3:atemp>27.0</ns3:atemp>
            <ns3:hr>134</ns3:hr>
            <ns3:cad>84</ns3:cad>
          </ns3:TrackPointExtension>
        </extensions>
      </trkpt>
      <trkpt lat="25.84322593174874782562255859375" lon="119.56931549124419689178466796875">
        <ele>12.6000003814697265625</ele>
        <time>2025-05-30T22:12:35.000Z</time>
        <extensions>
          <ns3:TrackPointExtension>
            <ns3:atemp>27.0</ns3:atemp>
            <ns3:hr>137</ns3:hr>
            <ns3:cad>84</ns3:cad>
          </ns3:TrackPointExtension>
        </extensions>
      </trkpt>
      <trkpt lat="25.84325023926794528961181640625" lon="119.5693266391754150390625">
        <ele>12.6000003814697265625</ele>
        <time>2025-05-30T22:12:36.000Z</time>
        <extensions>
          <ns3:TrackPointExtension>
            <ns3:atemp>27.0</ns3:atemp>
            <ns3:hr>138</ns3:hr>
            <ns3:cad>84</ns3:cad>
          </ns3:TrackPointExtension>
        </extensions>
      </trkpt>
      <trkpt lat="25.8432687632739543914794921875" lon="119.56933292560279369354248046875">
        <ele>12.6000003814697265625</ele>
        <time>2025-05-30T22:12:37.000Z</time>
        <extensions>
          <ns3:TrackPointExtension>
            <ns3:atemp>27.0</ns3:atemp>
            <ns3:hr>138</ns3:hr>
            <ns3:cad>85</ns3:cad>
          </ns3:TrackPointExtension>
        </extensions>
      </trkpt>
      <trkpt lat="25.84329013712704181671142578125" lon="119.5693361945450305938720703125">
        <ele>12.6000003814697265625</ele>
        <time>2025-05-30T22:12:38.000Z</time>
        <extensions>
          <ns3:TrackPointExtension>
            <ns3:atemp>27.0</ns3:atemp>
            <ns3:hr>139</ns3:hr>
            <ns3:cad>85</ns3:cad>
          </ns3:TrackPointExtension>
        </extensions>
      </trkpt>
      <trkpt lat="25.84330958314239978790283203125" lon="119.56934583373367786407470703125">
        <ele>12.6000003814697265625</ele>
        <time>2025-05-30T22:12:39.000Z</time>
        <extensions>
          <ns3:TrackPointExtension>
            <ns3:atemp>27.0</ns3:atemp>
            <ns3:hr>139</ns3:hr>
            <ns3:cad>85</ns3:cad>
          </ns3:TrackPointExtension>
        </extensions>
      </trkpt>
      <trkpt lat="25.84332802332937717437744140625" lon="119.5693482644855976104736328125">
        <ele>12.6000003814697265625</ele>
        <time>2025-05-30T22:12:40.000Z</time>
        <extensions>
          <ns3:TrackPointExtension>
            <ns3:atemp>27.0</ns3:atemp>
            <ns3:hr>140</ns3:hr>
            <ns3:cad>85</ns3:cad>
          </ns3:TrackPointExtension>
        </extensions>
      </trkpt>
      <trkpt lat="25.843347050249576568603515625" lon="119.56936083734035491943359375">
        <ele>12.6000003814697265625</ele>
        <time>2025-05-30T22:12:41.000Z</time>
        <extensions>
          <ns3:TrackPointExtension>
            <ns3:atemp>27.0</ns3:atemp>
            <ns3:hr>140</ns3:hr>
            <ns3:cad>85</ns3:cad>
          </ns3:TrackPointExtension>
        </extensions>
      </trkpt>
      <trkpt lat="25.8433609642088413238525390625" lon="119.56936276517808437347412109375">
        <ele>12.6000003814697265625</ele>
        <time>2025-05-30T22:12:42.000Z</time>
        <extensions>
          <ns3:TrackPointExtension>
            <ns3:atemp>27.0</ns3:atemp>
            <ns3:hr>141</ns3:hr>
            <ns3:cad>84</ns3:cad>
          </ns3:TrackPointExtension>
        </extensions>
      </trkpt>
      <trkpt lat="25.8433829247951507568359375" lon="119.5693735778331756591796875">
        <ele>12.6000003814697265625</ele>
        <time>2025-05-30T22:12:43.000Z</time>
        <extensions>
          <ns3:TrackPointExtension>
            <ns3:atemp>27.0</ns3:atemp>
            <ns3:hr>142</ns3:hr>
            <ns3:cad>84</ns3:cad>
          </ns3:TrackPointExtension>
        </extensions>
      </trkpt>
      <trkpt lat="25.843403376638889312744140625" lon="119.56938573159277439117431640625">
        <ele>12.6000003814697265625</ele>
        <time>2025-05-30T22:12:44.000Z</time>
        <extensions>
          <ns3:TrackPointExtension>
            <ns3:atemp>27.0</ns3:atemp>
            <ns3:hr>142</ns3:hr>
            <ns3:cad>84</ns3:cad>
          </ns3:TrackPointExtension>
        </extensions>
      </trkpt>
      <trkpt lat="25.84342139773070812225341796875" lon="119.569383971393108367919921875">
        <ele>12.6000003814697265625</ele>
        <time>2025-05-30T22:12:45.000Z</time>
        <extensions>
          <ns3:TrackPointExtension>
            <ns3:atemp>27.0</ns3:atemp>
            <ns3:hr>142</ns3:hr>
            <ns3:cad>84</ns3:cad>
          </ns3:TrackPointExtension>
        </extensions>
      </trkpt>
      <trkpt lat="25.84344117902219295501708984375" lon="119.5693978853523731231689453125">
        <ele>12.6000003814697265625</ele>
        <time>2025-05-30T22:12:46.000Z</time>
        <extensions>
          <ns3:TrackPointExtension>
            <ns3:atemp>27.0</ns3:atemp>
            <ns3:hr>143</ns3:hr>
            <ns3:cad>84</ns3:cad>
          </ns3:TrackPointExtension>
        </extensions>
      </trkpt>
      <trkpt lat="25.84345660172402858734130859375" lon="119.56940048374235630035400390625">
        <ele>12.6000003814697265625</ele>
        <time>2025-05-30T22:12:47.000Z</time>
        <extensions>
          <ns3:TrackPointExtension>
            <ns3:atemp>27.0</ns3:atemp>
            <ns3:hr>143</ns3:hr>
            <ns3:cad>85</ns3:cad>
          </ns3:TrackPointExtension>
        </extensions>
      </trkpt>
      <trkpt lat="25.84347789175808429718017578125" lon="119.569409787654876708984375">
        <ele>12.6000003814697265625</ele>
        <time>2025-05-30T22:12:48.000Z</time>
        <extensions>
          <ns3:TrackPointExtension>
            <ns3:atemp>27.0</ns3:atemp>
            <ns3:hr>143</ns3:hr>
            <ns3:cad>85</ns3:cad>
          </ns3:TrackPointExtension>
        </extensions>
      </trkpt>
      <trkpt lat="25.84349331445991992950439453125" lon="119.56942043267190456390380859375">
        <ele>12.80000019073486328125</ele>
        <time>2025-05-30T22:12:49.000Z</time>
        <extensions>
          <ns3:TrackPointExtension>
            <ns3:atemp>27.0</ns3:atemp>
            <ns3:hr>143</ns3:hr>
            <ns3:cad>84</ns3:cad>
          </ns3:TrackPointExtension>
        </extensions>
      </trkpt>
      <trkpt lat="25.84351141937077045440673828125" lon="119.56942462362349033355712890625">
        <ele>12.6000003814697265625</ele>
        <time>2025-05-30T22:12:50.000Z</time>
        <extensions>
          <ns3:TrackPointExtension>
            <ns3:atemp>27.0</ns3:atemp>
            <ns3:hr>143</ns3:hr>
            <ns3:cad>84</ns3:cad>
          </ns3:TrackPointExtension>
        </extensions>
      </trkpt>
      <trkpt lat="25.84353245794773101806640625" lon="119.56943719647824764251708984375">
        <ele>12.6000003814697265625</ele>
        <time>2025-05-30T22:12:51.000Z</time>
        <extensions>
          <ns3:TrackPointExtension>
            <ns3:atemp>27.0</ns3:atemp>
            <ns3:hr>143</ns3:hr>
            <ns3:cad>84</ns3:cad>
          </ns3:TrackPointExtension>
        </extensions>
      </trkpt>
      <trkpt lat="25.8435530774295330047607421875" lon="119.56943971104919910430908203125">
        <ele>12.80000019073486328125</ele>
        <time>2025-05-30T22:12:52.000Z</time>
        <extensions>
          <ns3:TrackPointExtension>
            <ns3:atemp>27.0</ns3:atemp>
            <ns3:hr>142</ns3:hr>
            <ns3:cad>84</ns3:cad>
          </ns3:TrackPointExtension>
        </extensions>
      </trkpt>
      <trkpt lat="25.8435782231390476226806640625" lon="119.56945077516138553619384765625">
        <ele>12.80000019073486328125</ele>
        <time>2025-05-30T22:12:53.000Z</time>
        <extensions>
          <ns3:TrackPointExtension>
            <ns3:atemp>27.0</ns3:atemp>
            <ns3:hr>142</ns3:hr>
            <ns3:cad>84</ns3:cad>
          </ns3:TrackPointExtension>
        </extensions>
      </trkpt>
      <trkpt lat="25.84359456785023212432861328125" lon="119.5694501884281635284423828125">
        <ele>12.6000003814697265625</ele>
        <time>2025-05-30T22:12:54.000Z</time>
        <extensions>
          <ns3:TrackPointExtension>
            <ns3:atemp>27.0</ns3:atemp>
            <ns3:hr>142</ns3:hr>
            <ns3:cad>84</ns3:cad>
          </ns3:TrackPointExtension>
        </extensions>
      </trkpt>
      <trkpt lat="25.84361552260816097259521484375" lon="119.56945848651230335235595703125">
        <ele>12.6000003814697265625</ele>
        <time>2025-05-30T22:12:55.000Z</time>
        <extensions>
          <ns3:TrackPointExtension>
            <ns3:atemp>27.0</ns3:atemp>
            <ns3:hr>142</ns3:hr>
            <ns3:cad>85</ns3:cad>
          </ns3:TrackPointExtension>
        </extensions>
      </trkpt>
      <trkpt lat="25.84363597445189952850341796875" lon="119.5694723166525363922119140625">
        <ele>12.6000003814697265625</ele>
        <time>2025-05-30T22:12:56.000Z</time>
        <extensions>
          <ns3:TrackPointExtension>
            <ns3:atemp>27.0</ns3:atemp>
            <ns3:hr>141</ns3:hr>
            <ns3:cad>85</ns3:cad>
          </ns3:TrackPointExtension>
        </extensions>
      </trkpt>
      <trkpt lat="25.84365391172468662261962890625" lon="119.56947944127023220062255859375">
        <ele>12.6000003814697265625</ele>
        <time>2025-05-30T22:12:57.000Z</time>
        <extensions>
          <ns3:TrackPointExtension>
            <ns3:atemp>27.0</ns3:atemp>
            <ns3:hr>141</ns3:hr>
            <ns3:cad>86</ns3:cad>
          </ns3:TrackPointExtension>
        </extensions>
      </trkpt>
      <trkpt lat="25.843678973615169525146484375" lon="119.5694914273917675018310546875">
        <ele>12.6000003814697265625</ele>
        <time>2025-05-30T22:12:58.000Z</time>
        <extensions>
          <ns3:TrackPointExtension>
            <ns3:atemp>27.0</ns3:atemp>
            <ns3:hr>141</ns3:hr>
            <ns3:cad>86</ns3:cad>
          </ns3:TrackPointExtension>
        </extensions>
      </trkpt>
      <trkpt lat="25.84369498305022716522216796875" lon="119.5694924332201480865478515625">
        <ele>12.6000003814697265625</ele>
        <time>2025-05-30T22:12:59.000Z</time>
        <extensions>
          <ns3:TrackPointExtension>
            <ns3:atemp>27.0</ns3:atemp>
            <ns3:hr>141</ns3:hr>
            <ns3:cad>86</ns3:cad>
          </ns3:TrackPointExtension>
        </extensions>
      </trkpt>
      <trkpt lat="25.84372012875974178314208984375" lon="119.5695023238658905029296875">
        <ele>12.6000003814697265625</ele>
        <time>2025-05-30T22:13:00.000Z</time>
        <extensions>
          <ns3:TrackPointExtension>
            <ns3:atemp>27.0</ns3:atemp>
            <ns3:hr>140</ns3:hr>
            <ns3:cad>86</ns3:cad>
          </ns3:TrackPointExtension>
        </extensions>
      </trkpt>
      <trkpt lat="25.8437378145754337310791015625" lon="119.5695132203400135040283203125">
        <ele>12.6000003814697265625</ele>
        <time>2025-05-30T22:13:01.000Z</time>
        <extensions>
          <ns3:TrackPointExtension>
            <ns3:atemp>27.0</ns3:atemp>
            <ns3:hr>140</ns3:hr>
            <ns3:cad>85</ns3:cad>
          </ns3:TrackPointExtension>
        </extensions>
      </trkpt>
      <trkpt lat="25.8437549136579036712646484375" lon="119.56951565109193325042724609375">
        <ele>12.6000003814697265625</ele>
        <time>2025-05-30T22:13:02.000Z</time>
        <extensions>
          <ns3:TrackPointExtension>
            <ns3:atemp>27.0</ns3:atemp>
            <ns3:hr>140</ns3:hr>
            <ns3:cad>84</ns3:cad>
          </ns3:TrackPointExtension>
        </extensions>
      </trkpt>
      <trkpt lat="25.84377913735806941986083984375" lon="119.56953275017440319061279296875">
        <ele>12.6000003814697265625</ele>
        <time>2025-05-30T22:13:03.000Z</time>
        <extensions>
          <ns3:TrackPointExtension>
            <ns3:atemp>27.0</ns3:atemp>
            <ns3:hr>140</ns3:hr>
            <ns3:cad>83</ns3:cad>
          </ns3:TrackPointExtension>
        </extensions>
      </trkpt>
      <trkpt lat="25.84379154257476329803466796875" lon="119.56953115761280059814453125">
        <ele>12.6000003814697265625</ele>
        <time>2025-05-30T22:13:04.000Z</time>
        <extensions>
          <ns3:TrackPointExtension>
            <ns3:atemp>27.0</ns3:atemp>
            <ns3:hr>140</ns3:hr>
            <ns3:cad>83</ns3:cad>
          </ns3:TrackPointExtension>
        </extensions>
      </trkpt>
      <trkpt lat="25.843811742961406707763671875" lon="119.5695373602211475372314453125">
        <ele>12.6000003814697265625</ele>
        <time>2025-05-30T22:13:05.000Z</time>
        <extensions>
          <ns3:TrackPointExtension>
            <ns3:atemp>27.0</ns3:atemp>
            <ns3:hr>140</ns3:hr>
            <ns3:cad>83</ns3:cad>
          </ns3:TrackPointExtension>
        </extensions>
      </trkpt>
      <trkpt lat="25.843829177320003509521484375" lon="119.5695452392101287841796875">
        <ele>12.80000019073486328125</ele>
        <time>2025-05-30T22:13:06.000Z</time>
        <extensions>
          <ns3:TrackPointExtension>
            <ns3:atemp>27.0</ns3:atemp>
            <ns3:hr>140</ns3:hr>
            <ns3:cad>84</ns3:cad>
          </ns3:TrackPointExtension>
        </extensions>
      </trkpt>
      <trkpt lat="25.84384636022150516510009765625" lon="119.569552280008792877197265625">
        <ele>12.80000019073486328125</ele>
        <time>2025-05-30T22:13:07.000Z</time>
        <extensions>
          <ns3:TrackPointExtension>
            <ns3:atemp>27.0</ns3:atemp>
            <ns3:hr>140</ns3:hr>
            <ns3:cad>84</ns3:cad>
          </ns3:TrackPointExtension>
        </extensions>
      </trkpt>
      <trkpt lat="25.8438670635223388671875" lon="119.569570720195770263671875">
        <ele>12.6000003814697265625</ele>
        <time>2025-05-30T22:13:08.000Z</time>
        <extensions>
          <ns3:TrackPointExtension>
            <ns3:atemp>27.0</ns3:atemp>
            <ns3:hr>140</ns3:hr>
            <ns3:cad>84</ns3:cad>
          </ns3:TrackPointExtension>
        </extensions>
      </trkpt>
      <trkpt lat="25.8438803069293498992919921875" lon="119.56957348622381687164306640625">
        <ele>12.6000003814697265625</ele>
        <time>2025-05-30T22:13:09.000Z</time>
        <extensions>
          <ns3:TrackPointExtension>
            <ns3:atemp>27.0</ns3:atemp>
            <ns3:hr>139</ns3:hr>
            <ns3:cad>84</ns3:cad>
          </ns3:TrackPointExtension>
        </extensions>
      </trkpt>
      <trkpt lat="25.84389816038310527801513671875" lon="119.56957868300378322601318359375">
        <ele>12.80000019073486328125</ele>
        <time>2025-05-30T22:13:10.000Z</time>
        <extensions>
          <ns3:TrackPointExtension>
            <ns3:atemp>27.0</ns3:atemp>
            <ns3:hr>140</ns3:hr>
            <ns3:cad>84</ns3:cad>
          </ns3:TrackPointExtension>
        </extensions>
      </trkpt>
      <trkpt lat="25.84391660057008266448974609375" lon="119.56958471797406673431396484375">
        <ele>12.80000019073486328125</ele>
        <time>2025-05-30T22:13:11.000Z</time>
        <extensions>
          <ns3:TrackPointExtension>
            <ns3:atemp>27.0</ns3:atemp>
            <ns3:hr>140</ns3:hr>
            <ns3:cad>84</ns3:cad>
          </ns3:TrackPointExtension>
        </extensions>
      </trkpt>
      <trkpt lat="25.84393504075706005096435546875" lon="119.56959276460111141204833984375">
        <ele>13</ele>
        <time>2025-05-30T22:13:12.000Z</time>
        <extensions>
          <ns3:TrackPointExtension>
            <ns3:atemp>27.0</ns3:atemp>
            <ns3:hr>140</ns3:hr>
            <ns3:cad>84</ns3:cad>
          </ns3:TrackPointExtension>
        </extensions>
      </trkpt>
      <trkpt lat="25.843953900039196014404296875" lon="119.569608271121978759765625">
        <ele>13</ele>
        <time>2025-05-30T22:13:13.000Z</time>
        <extensions>
          <ns3:TrackPointExtension>
            <ns3:atemp>27.0</ns3:atemp>
            <ns3:hr>140</ns3:hr>
            <ns3:cad>84</ns3:cad>
          </ns3:TrackPointExtension>
        </extensions>
      </trkpt>
      <trkpt lat="25.843972004950046539306640625" lon="119.5696094445884227752685546875">
        <ele>13</ele>
        <time>2025-05-30T22:13:14.000Z</time>
        <extensions>
          <ns3:TrackPointExtension>
            <ns3:atemp>27.0</ns3:atemp>
            <ns3:hr>140</ns3:hr>
            <ns3:cad>84</ns3:cad>
          </ns3:TrackPointExtension>
        </extensions>
      </trkpt>
      <trkpt lat="25.84399622865021228790283203125" lon="119.5696215145289897918701171875">
        <ele>13</ele>
        <time>2025-05-30T22:13:15.000Z</time>
        <extensions>
          <ns3:TrackPointExtension>
            <ns3:atemp>27.0</ns3:atemp>
            <ns3:hr>139</ns3:hr>
            <ns3:cad>83</ns3:cad>
          </ns3:TrackPointExtension>
        </extensions>
      </trkpt>
      <trkpt lat="25.844011567533016204833984375" lon="119.5696270465850830078125">
        <ele>13</ele>
        <time>2025-05-30T22:13:16.000Z</time>
        <extensions>
          <ns3:TrackPointExtension>
            <ns3:atemp>27.0</ns3:atemp>
            <ns3:hr>140</ns3:hr>
            <ns3:cad>83</ns3:cad>
          </ns3:TrackPointExtension>
        </extensions>
      </trkpt>
      <trkpt lat="25.8440318517386913299560546875" lon="119.56963266246020793914794921875">
        <ele>13</ele>
        <time>2025-05-30T22:13:17.000Z</time>
        <extensions>
          <ns3:TrackPointExtension>
            <ns3:atemp>27.0</ns3:atemp>
            <ns3:hr>140</ns3:hr>
            <ns3:cad>83</ns3:cad>
          </ns3:TrackPointExtension>
        </extensions>
      </trkpt>
      <trkpt lat="25.84404920227825641632080078125" lon="119.56964649260044097900390625">
        <ele>13</ele>
        <time>2025-05-30T22:13:18.000Z</time>
        <extensions>
          <ns3:TrackPointExtension>
            <ns3:atemp>27.0</ns3:atemp>
            <ns3:hr>140</ns3:hr>
            <ns3:cad>84</ns3:cad>
          </ns3:TrackPointExtension>
        </extensions>
      </trkpt>
      <trkpt lat="25.84406361915171146392822265625" lon="119.5696471631526947021484375">
        <ele>13</ele>
        <time>2025-05-30T22:13:19.000Z</time>
        <extensions>
          <ns3:TrackPointExtension>
            <ns3:atemp>27.0</ns3:atemp>
            <ns3:hr>140</ns3:hr>
            <ns3:cad>84</ns3:cad>
          </ns3:TrackPointExtension>
        </extensions>
      </trkpt>
      <trkpt lat="25.84408474154770374298095703125" lon="119.5696632564067840576171875">
        <ele>13</ele>
        <time>2025-05-30T22:13:20.000Z</time>
        <extensions>
          <ns3:TrackPointExtension>
            <ns3:atemp>27.0</ns3:atemp>
            <ns3:hr>139</ns3:hr>
            <ns3:cad>84</ns3:cad>
          </ns3:TrackPointExtension>
        </extensions>
      </trkpt>
      <trkpt lat="25.8440990746021270751953125" lon="119.56966233439743518829345703125">
        <ele>13</ele>
        <time>2025-05-30T22:13:21.000Z</time>
        <extensions>
          <ns3:TrackPointExtension>
            <ns3:atemp>27.0</ns3:atemp>
            <ns3:hr>140</ns3:hr>
            <ns3:cad>84</ns3:cad>
          </ns3:TrackPointExtension>
        </extensions>
      </trkpt>
      <trkpt lat="25.84412011317908763885498046875" lon="119.56966971047222614288330078125">
        <ele>13</ele>
        <time>2025-05-30T22:13:22.000Z</time>
        <extensions>
          <ns3:TrackPointExtension>
            <ns3:atemp>27.0</ns3:atemp>
            <ns3:hr>140</ns3:hr>
            <ns3:cad>84</ns3:cad>
          </ns3:TrackPointExtension>
        </extensions>
      </trkpt>
      <trkpt lat="25.84413729608058929443359375" lon="119.5696781761944293975830078125">
        <ele>13.19999980926513671875</ele>
        <time>2025-05-30T22:13:23.000Z</time>
        <extensions>
          <ns3:TrackPointExtension>
            <ns3:atemp>27.0</ns3:atemp>
            <ns3:hr>140</ns3:hr>
            <ns3:cad>84</ns3:cad>
          </ns3:TrackPointExtension>
        </extensions>
      </trkpt>
      <trkpt lat="25.84415397606790065765380859375" lon="119.56968136131763458251953125">
        <ele>13.19999980926513671875</ele>
        <time>2025-05-30T22:13:24.000Z</time>
        <extensions>
          <ns3:TrackPointExtension>
            <ns3:atemp>27.0</ns3:atemp>
            <ns3:hr>140</ns3:hr>
            <ns3:cad>85</ns3:cad>
          </ns3:TrackPointExtension>
        </extensions>
      </trkpt>
      <trkpt lat="25.844174511730670928955078125" lon="119.56969435326755046844482421875">
        <ele>13.3999996185302734375</ele>
        <time>2025-05-30T22:13:25.000Z</time>
        <extensions>
          <ns3:TrackPointExtension>
            <ns3:atemp>27.0</ns3:atemp>
            <ns3:hr>140</ns3:hr>
            <ns3:cad>85</ns3:cad>
          </ns3:TrackPointExtension>
        </extensions>
      </trkpt>
      <trkpt lat="25.84418482147157192230224609375" lon="119.56970256753265857696533203125">
        <ele>13.3999996185302734375</ele>
        <time>2025-05-30T22:13:26.000Z</time>
        <extensions>
          <ns3:TrackPointExtension>
            <ns3:atemp>27.0</ns3:atemp>
            <ns3:hr>140</ns3:hr>
            <ns3:cad>85</ns3:cad>
          </ns3:TrackPointExtension>
        </extensions>
      </trkpt>
      <trkpt lat="25.84420510567724704742431640625" lon="119.56971463747322559356689453125">
        <ele>13.3999996185302734375</ele>
        <time>2025-05-30T22:13:27.000Z</time>
        <extensions>
          <ns3:TrackPointExtension>
            <ns3:atemp>27.0</ns3:atemp>
            <ns3:hr>140</ns3:hr>
            <ns3:cad>85</ns3:cad>
          </ns3:TrackPointExtension>
        </extensions>
      </trkpt>
      <trkpt lat="25.8442224562168121337890625" lon="119.56971681676805019378662109375">
        <ele>13.3999996185302734375</ele>
        <time>2025-05-30T22:13:28.000Z</time>
        <extensions>
          <ns3:TrackPointExtension>
            <ns3:atemp>27.0</ns3:atemp>
            <ns3:hr>140</ns3:hr>
            <ns3:cad>85</ns3:cad>
          </ns3:TrackPointExtension>
        </extensions>
      </trkpt>
      <trkpt lat="25.8442474342882633209228515625" lon="119.56972151063382625579833984375">
        <ele>13.19999980926513671875</ele>
        <time>2025-05-30T22:13:29.000Z</time>
        <extensions>
          <ns3:TrackPointExtension>
            <ns3:atemp>27.0</ns3:atemp>
            <ns3:hr>140</ns3:hr>
            <ns3:cad>85</ns3:cad>
          </ns3:TrackPointExtension>
        </extensions>
      </trkpt>
      <trkpt lat="25.8442662097513675689697265625" lon="119.569729976356029510498046875">
        <ele>13.19999980926513671875</ele>
        <time>2025-05-30T22:13:30.000Z</time>
        <extensions>
          <ns3:TrackPointExtension>
            <ns3:atemp>27.0</ns3:atemp>
            <ns3:hr>140</ns3:hr>
            <ns3:cad>85</ns3:cad>
          </ns3:TrackPointExtension>
        </extensions>
      </trkpt>
      <trkpt lat="25.84428858943283557891845703125" lon="119.56973408348858356475830078125">
        <ele>13.19999980926513671875</ele>
        <time>2025-05-30T22:13:31.000Z</time>
        <extensions>
          <ns3:TrackPointExtension>
            <ns3:atemp>27.0</ns3:atemp>
            <ns3:hr>140</ns3:hr>
            <ns3:cad>86</ns3:cad>
          </ns3:TrackPointExtension>
        </extensions>
      </trkpt>
      <trkpt lat="25.84431239403784275054931640625" lon="119.56974816508591175079345703125">
        <ele>13.19999980926513671875</ele>
        <time>2025-05-30T22:13:32.000Z</time>
        <extensions>
          <ns3:TrackPointExtension>
            <ns3:atemp>27.0</ns3:atemp>
            <ns3:hr>140</ns3:hr>
            <ns3:cad>86</ns3:cad>
          </ns3:TrackPointExtension>
        </extensions>
      </trkpt>
      <trkpt lat="25.844332091510295867919921875" lon="119.569754116237163543701171875">
        <ele>13.19999980926513671875</ele>
        <time>2025-05-30T22:13:33.000Z</time>
        <extensions>
          <ns3:TrackPointExtension>
            <ns3:atemp>27.0</ns3:atemp>
            <ns3:hr>139</ns3:hr>
            <ns3:cad>86</ns3:cad>
          </ns3:TrackPointExtension>
        </extensions>
      </trkpt>
      <trkpt lat="25.84435447119176387786865234375" lon="119.5697623305022716522216796875">
        <ele>13.19999980926513671875</ele>
        <time>2025-05-30T22:13:34.000Z</time>
        <extensions>
          <ns3:TrackPointExtension>
            <ns3:atemp>27.0</ns3:atemp>
            <ns3:hr>139</ns3:hr>
            <ns3:cad>85</ns3:cad>
          </ns3:TrackPointExtension>
        </extensions>
      </trkpt>
      <trkpt lat="25.8443714864552021026611328125" lon="119.5697693713009357452392578125">
        <ele>13.3999996185302734375</ele>
        <time>2025-05-30T22:13:35.000Z</time>
        <extensions>
          <ns3:TrackPointExtension>
            <ns3:atemp>27.0</ns3:atemp>
            <ns3:hr>139</ns3:hr>
            <ns3:cad>85</ns3:cad>
          </ns3:TrackPointExtension>
        </extensions>
      </trkpt>
      <trkpt lat="25.8443899266421794891357421875" lon="119.56977926194667816162109375">
        <ele>13.3999996185302734375</ele>
        <time>2025-05-30T22:13:36.000Z</time>
        <extensions>
          <ns3:TrackPointExtension>
            <ns3:atemp>27.0</ns3:atemp>
            <ns3:hr>139</ns3:hr>
            <ns3:cad>85</ns3:cad>
          </ns3:TrackPointExtension>
        </extensions>
      </trkpt>
      <trkpt lat="25.8444097079336643218994140625" lon="119.56979242153465747833251953125">
        <ele>13.3999996185302734375</ele>
        <time>2025-05-30T22:13:37.000Z</time>
        <extensions>
          <ns3:TrackPointExtension>
            <ns3:atemp>27.0</ns3:atemp>
            <ns3:hr>139</ns3:hr>
            <ns3:cad>84</ns3:cad>
          </ns3:TrackPointExtension>
        </extensions>
      </trkpt>
      <trkpt lat="25.844427645206451416015625" lon="119.56979476846754550933837890625">
        <ele>13.3999996185302734375</ele>
        <time>2025-05-30T22:13:38.000Z</time>
        <extensions>
          <ns3:TrackPointExtension>
            <ns3:atemp>27.0</ns3:atemp>
            <ns3:hr>138</ns3:hr>
            <ns3:cad>84</ns3:cad>
          </ns3:TrackPointExtension>
        </extensions>
      </trkpt>
      <trkpt lat="25.84444700740277767181396484375" lon="119.5698045752942562103271484375">
        <ele>13.3999996185302734375</ele>
        <time>2025-05-30T22:13:39.000Z</time>
        <extensions>
          <ns3:TrackPointExtension>
            <ns3:atemp>27.0</ns3:atemp>
            <ns3:hr>139</ns3:hr>
            <ns3:cad>84</ns3:cad>
          </ns3:TrackPointExtension>
        </extensions>
      </trkpt>
      <trkpt lat="25.8444633521139621734619140625" lon="119.569807089865207672119140625">
        <ele>13.19999980926513671875</ele>
        <time>2025-05-30T22:13:40.000Z</time>
        <extensions>
          <ns3:TrackPointExtension>
            <ns3:atemp>27.0</ns3:atemp>
            <ns3:hr>139</ns3:hr>
            <ns3:cad>84</ns3:cad>
          </ns3:TrackPointExtension>
        </extensions>
      </trkpt>
      <trkpt lat="25.84448397159576416015625" lon="119.5698196627199649810791015625">
        <ele>13.19999980926513671875</ele>
        <time>2025-05-30T22:13:41.000Z</time>
        <extensions>
          <ns3:TrackPointExtension>
            <ns3:atemp>27.0</ns3:atemp>
            <ns3:hr>139</ns3:hr>
            <ns3:cad>84</ns3:cad>
          </ns3:TrackPointExtension>
        </extensions>
      </trkpt>
      <trkpt lat="25.8445019088685512542724609375" lon="119.56983148120343685150146484375">
        <ele>13.19999980926513671875</ele>
        <time>2025-05-30T22:13:42.000Z</time>
        <extensions>
          <ns3:TrackPointExtension>
            <ns3:atemp>27.0</ns3:atemp>
            <ns3:hr>139</ns3:hr>
            <ns3:cad>84</ns3:cad>
          </ns3:TrackPointExtension>
        </extensions>
      </trkpt>
      <trkpt lat="25.84452085196971893310546875" lon="119.56983583979308605194091796875">
        <ele>13.19999980926513671875</ele>
        <time>2025-05-30T22:13:43.000Z</time>
        <extensions>
          <ns3:TrackPointExtension>
            <ns3:atemp>27.0</ns3:atemp>
            <ns3:hr>139</ns3:hr>
            <ns3:cad>84</ns3:cad>
          </ns3:TrackPointExtension>
        </extensions>
      </trkpt>
      <trkpt lat="25.84454390220344066619873046875" lon="119.5698508433997631072998046875">
        <ele>13.19999980926513671875</ele>
        <time>2025-05-30T22:13:44.000Z</time>
        <extensions>
          <ns3:TrackPointExtension>
            <ns3:atemp>27.0</ns3:atemp>
            <ns3:hr>139</ns3:hr>
            <ns3:cad>84</ns3:cad>
          </ns3:TrackPointExtension>
        </extensions>
      </trkpt>
      <trkpt lat="25.844559408724308013916015625" lon="119.5698471553623676300048828125">
        <ele>13</ele>
        <time>2025-05-30T22:13:45.000Z</time>
        <extensions>
          <ns3:TrackPointExtension>
            <ns3:atemp>27.0</ns3:atemp>
            <ns3:hr>139</ns3:hr>
            <ns3:cad>84</ns3:cad>
          </ns3:TrackPointExtension>
        </extensions>
      </trkpt>
      <trkpt lat="25.84458254277706146240234375" lon="119.56985277123749256134033203125">
        <ele>13</ele>
        <time>2025-05-30T22:13:46.000Z</time>
        <extensions>
          <ns3:TrackPointExtension>
            <ns3:atemp>27.0</ns3:atemp>
            <ns3:hr>139</ns3:hr>
            <ns3:cad>84</ns3:cad>
          </ns3:TrackPointExtension>
        </extensions>
      </trkpt>
      <trkpt lat="25.844600982964038848876953125" lon="119.56986249424517154693603515625">
        <ele>13.19999980926513671875</ele>
        <time>2025-05-30T22:13:47.000Z</time>
        <extensions>
          <ns3:TrackPointExtension>
            <ns3:atemp>27.0</ns3:atemp>
            <ns3:hr>140</ns3:hr>
            <ns3:cad>84</ns3:cad>
          </ns3:TrackPointExtension>
        </extensions>
      </trkpt>
      <trkpt lat="25.84461984224617481231689453125" lon="119.56986350007355213165283203125">
        <ele>13.19999980926513671875</ele>
        <time>2025-05-30T22:13:48.000Z</time>
        <extensions>
          <ns3:TrackPointExtension>
            <ns3:atemp>27.0</ns3:atemp>
            <ns3:hr>140</ns3:hr>
            <ns3:cad>84</ns3:cad>
          </ns3:TrackPointExtension>
        </extensions>
      </trkpt>
      <trkpt lat="25.84464297629892826080322265625" lon="119.569879509508609771728515625">
        <ele>13.19999980926513671875</ele>
        <time>2025-05-30T22:13:49.000Z</time>
        <extensions>
          <ns3:TrackPointExtension>
            <ns3:atemp>27.0</ns3:atemp>
            <ns3:hr>140</ns3:hr>
            <ns3:cad>84</ns3:cad>
          </ns3:TrackPointExtension>
        </extensions>
      </trkpt>
      <trkpt lat="25.84466166794300079345703125" lon="119.5698810182511806488037109375">
        <ele>13.19999980926513671875</ele>
        <time>2025-05-30T22:13:50.000Z</time>
        <extensions>
          <ns3:TrackPointExtension>
            <ns3:atemp>27.0</ns3:atemp>
            <ns3:hr>140</ns3:hr>
            <ns3:cad>84</ns3:cad>
          </ns3:TrackPointExtension>
        </extensions>
      </trkpt>
      <trkpt lat="25.84468656219542026519775390625" lon="119.56989568658173084259033203125">
        <ele>13.19999980926513671875</ele>
        <time>2025-05-30T22:13:51.000Z</time>
        <extensions>
          <ns3:TrackPointExtension>
            <ns3:atemp>27.0</ns3:atemp>
            <ns3:hr>140</ns3:hr>
            <ns3:cad>84</ns3:cad>
          </ns3:TrackPointExtension>
        </extensions>
      </trkpt>
      <trkpt lat="25.844702236354351043701171875" lon="119.5699044875800609588623046875">
        <ele>13</ele>
        <time>2025-05-30T22:13:52.000Z</time>
        <extensions>
          <ns3:TrackPointExtension>
            <ns3:atemp>27.0</ns3:atemp>
            <ns3:hr>140</ns3:hr>
            <ns3:cad>84</ns3:cad>
          </ns3:TrackPointExtension>
        </extensions>
      </trkpt>
      <trkpt lat="25.84472478367388248443603515625" lon="119.569909684360027313232421875">
        <ele>13</ele>
        <time>2025-05-30T22:13:53.000Z</time>
        <extensions>
          <ns3:TrackPointExtension>
            <ns3:atemp>27.0</ns3:atemp>
            <ns3:hr>140</ns3:hr>
            <ns3:cad>84</ns3:cad>
          </ns3:TrackPointExtension>
        </extensions>
      </trkpt>
      <trkpt lat="25.8447469957172870635986328125" lon="119.56992267630994319915771484375">
        <ele>13.19999980926513671875</ele>
        <time>2025-05-30T22:13:54.000Z</time>
        <extensions>
          <ns3:TrackPointExtension>
            <ns3:atemp>27.0</ns3:atemp>
            <ns3:hr>140</ns3:hr>
            <ns3:cad>85</ns3:cad>
          </ns3:TrackPointExtension>
        </extensions>
      </trkpt>
      <trkpt lat="25.84476669318974018096923828125" lon="119.56992368213832378387451171875">
        <ele>13.19999980926513671875</ele>
        <time>2025-05-30T22:13:55.000Z</time>
        <extensions>
          <ns3:TrackPointExtension>
            <ns3:atemp>27.0</ns3:atemp>
            <ns3:hr>140</ns3:hr>
            <ns3:cad>85</ns3:cad>
          </ns3:TrackPointExtension>
        </extensions>
      </trkpt>
      <trkpt lat="25.84479385055601596832275390625" lon="119.56993776373565196990966796875">
        <ele>13.19999980926513671875</ele>
        <time>2025-05-30T22:13:56.000Z</time>
        <extensions>
          <ns3:TrackPointExtension>
            <ns3:atemp>27.0</ns3:atemp>
            <ns3:hr>140</ns3:hr>
            <ns3:cad>85</ns3:cad>
          </ns3:TrackPointExtension>
        </extensions>
      </trkpt>
      <trkpt lat="25.84481111727654933929443359375" lon="119.56993885338306427001953125">
        <ele>13.19999980926513671875</ele>
        <time>2025-05-30T22:13:57.000Z</time>
        <extensions>
          <ns3:TrackPointExtension>
            <ns3:atemp>27.0</ns3:atemp>
            <ns3:hr>140</ns3:hr>
            <ns3:cad>84</ns3:cad>
          </ns3:TrackPointExtension>
        </extensions>
      </trkpt>
      <trkpt lat="25.84483542479574680328369140625" lon="119.569945894181728363037109375">
        <ele>13.3999996185302734375</ele>
        <time>2025-05-30T22:13:58.000Z</time>
        <extensions>
          <ns3:TrackPointExtension>
            <ns3:atemp>27.0</ns3:atemp>
            <ns3:hr>141</ns3:hr>
            <ns3:cad>84</ns3:cad>
          </ns3:TrackPointExtension>
        </extensions>
      </trkpt>
      <trkpt lat="25.84485252387821674346923828125" lon="119.569955952465534210205078125">
        <ele>13.3999996185302734375</ele>
        <time>2025-05-30T22:13:59.000Z</time>
        <extensions>
          <ns3:TrackPointExtension>
            <ns3:atemp>27.0</ns3:atemp>
            <ns3:hr>141</ns3:hr>
            <ns3:cad>84</ns3:cad>
          </ns3:TrackPointExtension>
        </extensions>
      </trkpt>
      <trkpt lat="25.84487448446452617645263671875" lon="119.56996005959808826446533203125">
        <ele>13.3999996185302734375</ele>
        <time>2025-05-30T22:14:00.000Z</time>
        <extensions>
          <ns3:TrackPointExtension>
            <ns3:atemp>27.0</ns3:atemp>
            <ns3:hr>141</ns3:hr>
            <ns3:cad>85</ns3:cad>
          </ns3:TrackPointExtension>
        </extensions>
      </trkpt>
      <trkpt lat="25.8448955230414867401123046875" lon="119.56997497938573360443115234375">
        <ele>13.3999996185302734375</ele>
        <time>2025-05-30T22:14:01.000Z</time>
        <extensions>
          <ns3:TrackPointExtension>
            <ns3:atemp>27.0</ns3:atemp>
            <ns3:hr>141</ns3:hr>
            <ns3:cad>85</ns3:cad>
          </ns3:TrackPointExtension>
        </extensions>
      </trkpt>
      <trkpt lat="25.84491170011460781097412109375" lon="119.56997581757605075836181640625">
        <ele>13.3999996185302734375</ele>
        <time>2025-05-30T22:14:02.000Z</time>
        <extensions>
          <ns3:TrackPointExtension>
            <ns3:atemp>27.0</ns3:atemp>
            <ns3:hr>142</ns3:hr>
            <ns3:cad>85</ns3:cad>
          </ns3:TrackPointExtension>
        </extensions>
      </trkpt>
      <trkpt lat="25.84493734873831272125244140625" lon="119.56998906098306179046630859375">
        <ele>13.3999996185302734375</ele>
        <time>2025-05-30T22:14:03.000Z</time>
        <extensions>
          <ns3:TrackPointExtension>
            <ns3:atemp>27.0</ns3:atemp>
            <ns3:hr>141</ns3:hr>
            <ns3:cad>85</ns3:cad>
          </ns3:TrackPointExtension>
        </extensions>
      </trkpt>
      <trkpt lat="25.84495176561176776885986328125" lon="119.5699926652014255523681640625">
        <ele>13.3999996185302734375</ele>
        <time>2025-05-30T22:14:04.000Z</time>
        <extensions>
          <ns3:TrackPointExtension>
            <ns3:atemp>27.0</ns3:atemp>
            <ns3:hr>141</ns3:hr>
            <ns3:cad>85</ns3:cad>
          </ns3:TrackPointExtension>
        </extensions>
      </trkpt>
      <trkpt lat="25.84497557021677494049072265625" lon="119.57000029273331165313720703125">
        <ele>13.3999996185302734375</ele>
        <time>2025-05-30T22:14:05.000Z</time>
        <extensions>
          <ns3:TrackPointExtension>
            <ns3:atemp>27.0</ns3:atemp>
            <ns3:hr>142</ns3:hr>
            <ns3:cad>85</ns3:cad>
          </ns3:TrackPointExtension>
        </extensions>
      </trkpt>
      <trkpt lat="25.84499803371727466583251953125" lon="119.57001454196870326995849609375">
        <ele>13.3999996185302734375</ele>
        <time>2025-05-30T22:14:06.000Z</time>
        <extensions>
          <ns3:TrackPointExtension>
            <ns3:atemp>27.0</ns3:atemp>
            <ns3:hr>141</ns3:hr>
            <ns3:cad>85</ns3:cad>
          </ns3:TrackPointExtension>
        </extensions>
      </trkpt>
      <trkpt lat="25.84501328878104686737060546875" lon="119.570014290511608123779296875">
        <ele>13.3999996185302734375</ele>
        <time>2025-05-30T22:14:07.000Z</time>
        <extensions>
          <ns3:TrackPointExtension>
            <ns3:atemp>27.0</ns3:atemp>
            <ns3:hr>142</ns3:hr>
            <ns3:cad>85</ns3:cad>
          </ns3:TrackPointExtension>
        </extensions>
      </trkpt>
      <trkpt lat="25.845039524137973785400390625" lon="119.57002560608088970184326171875">
        <ele>13.3999996185302734375</ele>
        <time>2025-05-30T22:14:08.000Z</time>
        <extensions>
          <ns3:TrackPointExtension>
            <ns3:atemp>27.0</ns3:atemp>
            <ns3:hr>142</ns3:hr>
            <ns3:cad>85</ns3:cad>
          </ns3:TrackPointExtension>
        </extensions>
      </trkpt>
      <trkpt lat="25.8450551144778728485107421875" lon="119.57002912648022174835205078125">
        <ele>13.3999996185302734375</ele>
        <time>2025-05-30T22:14:09.000Z</time>
        <extensions>
          <ns3:TrackPointExtension>
            <ns3:atemp>27.0</ns3:atemp>
            <ns3:hr>142</ns3:hr>
            <ns3:cad>85</ns3:cad>
          </ns3:TrackPointExtension>
        </extensions>
      </trkpt>
      <trkpt lat="25.84507749415934085845947265625" lon="119.57004102878272533416748046875">
        <ele>13.3999996185302734375</ele>
        <time>2025-05-30T22:14:10.000Z</time>
        <extensions>
          <ns3:TrackPointExtension>
            <ns3:atemp>27.0</ns3:atemp>
            <ns3:hr>142</ns3:hr>
            <ns3:cad>85</ns3:cad>
          </ns3:TrackPointExtension>
        </extensions>
      </trkpt>
      <trkpt lat="25.8450976945459842681884765625" lon="119.5700548589229583740234375">
        <ele>13.3999996185302734375</ele>
        <time>2025-05-30T22:14:11.000Z</time>
        <extensions>
          <ns3:TrackPointExtension>
            <ns3:atemp>27.0</ns3:atemp>
            <ns3:hr>143</ns3:hr>
            <ns3:cad>84</ns3:cad>
          </ns3:TrackPointExtension>
        </extensions>
      </trkpt>
      <trkpt lat="25.845114625990390777587890625" lon="119.57005997188389301300048828125">
        <ele>13.3999996185302734375</ele>
        <time>2025-05-30T22:14:12.000Z</time>
        <extensions>
          <ns3:TrackPointExtension>
            <ns3:atemp>27.0</ns3:atemp>
            <ns3:hr>143</ns3:hr>
            <ns3:cad>84</ns3:cad>
          </ns3:TrackPointExtension>
        </extensions>
      </trkpt>
      <trkpt lat="25.84513734094798564910888671875" lon="119.57007472403347492218017578125">
        <ele>13.3999996185302734375</ele>
        <time>2025-05-30T22:14:13.000Z</time>
        <extensions>
          <ns3:TrackPointExtension>
            <ns3:atemp>27.0</ns3:atemp>
            <ns3:hr>143</ns3:hr>
            <ns3:cad>84</ns3:cad>
          </ns3:TrackPointExtension>
        </extensions>
      </trkpt>
      <trkpt lat="25.84515410475432872772216796875" lon="119.57007254473865032196044921875">
        <ele>13.3999996185302734375</ele>
        <time>2025-05-30T22:14:14.000Z</time>
        <extensions>
          <ns3:TrackPointExtension>
            <ns3:atemp>27.0</ns3:atemp>
            <ns3:hr>143</ns3:hr>
            <ns3:cad>85</ns3:cad>
          </ns3:TrackPointExtension>
        </extensions>
      </trkpt>
      <trkpt lat="25.8451818488538265228271484375" lon="119.5700852014124393463134765625">
        <ele>13.3999996185302734375</ele>
        <time>2025-05-30T22:14:15.000Z</time>
        <extensions>
          <ns3:TrackPointExtension>
            <ns3:atemp>27.0</ns3:atemp>
            <ns3:hr>143</ns3:hr>
            <ns3:cad>85</ns3:cad>
          </ns3:TrackPointExtension>
        </extensions>
      </trkpt>
      <trkpt lat="25.84520389325916767120361328125" lon="119.57009266130626201629638671875">
        <ele>13.3999996185302734375</ele>
        <time>2025-05-30T22:14:16.000Z</time>
        <extensions>
          <ns3:TrackPointExtension>
            <ns3:atemp>27.0</ns3:atemp>
            <ns3:hr>143</ns3:hr>
            <ns3:cad>85</ns3:cad>
          </ns3:TrackPointExtension>
        </extensions>
      </trkpt>
      <trkpt lat="25.84522283636033535003662109375" lon="119.5700976066291332244873046875">
        <ele>13.3999996185302734375</ele>
        <time>2025-05-30T22:14:17.000Z</time>
        <extensions>
          <ns3:TrackPointExtension>
            <ns3:atemp>27.0</ns3:atemp>
            <ns3:hr>143</ns3:hr>
            <ns3:cad>85</ns3:cad>
          </ns3:TrackPointExtension>
        </extensions>
      </trkpt>
      <trkpt lat="25.84524429403245449066162109375" lon="119.5701143704354763031005859375">
        <ele>13.3999996185302734375</ele>
        <time>2025-05-30T22:14:18.000Z</time>
        <extensions>
          <ns3:TrackPointExtension>
            <ns3:atemp>27.0</ns3:atemp>
            <ns3:hr>143</ns3:hr>
            <ns3:cad>85</ns3:cad>
          </ns3:TrackPointExtension>
        </extensions>
      </trkpt>
      <trkpt lat="25.8452618122100830078125" lon="119.57011520862579345703125">
        <ele>13.3999996185302734375</ele>
        <time>2025-05-30T22:14:19.000Z</time>
        <extensions>
          <ns3:TrackPointExtension>
            <ns3:atemp>27.0</ns3:atemp>
            <ns3:hr>143</ns3:hr>
            <ns3:cad>85</ns3:cad>
          </ns3:TrackPointExtension>
        </extensions>
      </trkpt>
      <trkpt lat="25.84528662264347076416015625" lon="119.57012736238539218902587890625">
        <ele>13.3999996185302734375</ele>
        <time>2025-05-30T22:14:20.000Z</time>
        <extensions>
          <ns3:TrackPointExtension>
            <ns3:atemp>27.0</ns3:atemp>
            <ns3:hr>143</ns3:hr>
            <ns3:cad>84</ns3:cad>
          </ns3:TrackPointExtension>
        </extensions>
      </trkpt>
      <trkpt lat="25.8453059010207653045654296875" lon="119.57013641484081745147705078125">
        <ele>13.3999996185302734375</ele>
        <time>2025-05-30T22:14:21.000Z</time>
        <extensions>
          <ns3:TrackPointExtension>
            <ns3:atemp>27.0</ns3:atemp>
            <ns3:hr>143</ns3:hr>
            <ns3:cad>84</ns3:cad>
          </ns3:TrackPointExtension>
        </extensions>
      </trkpt>
      <trkpt lat="25.84532744251191616058349609375" lon="119.57014077343046665191650390625">
        <ele>13.3999996185302734375</ele>
        <time>2025-05-30T22:14:22.000Z</time>
        <extensions>
          <ns3:TrackPointExtension>
            <ns3:atemp>27.0</ns3:atemp>
            <ns3:hr>143</ns3:hr>
            <ns3:cad>84</ns3:cad>
          </ns3:TrackPointExtension>
        </extensions>
      </trkpt>
      <trkpt lat="25.84534588269889354705810546875" lon="119.570152759552001953125">
        <ele>13.3999996185302734375</ele>
        <time>2025-05-30T22:14:23.000Z</time>
        <extensions>
          <ns3:TrackPointExtension>
            <ns3:atemp>27.0</ns3:atemp>
            <ns3:hr>144</ns3:hr>
            <ns3:cad>84</ns3:cad>
          </ns3:TrackPointExtension>
        </extensions>
      </trkpt>
      <trkpt lat="25.84536616690456867218017578125" lon="119.570155441761016845703125">
        <ele>13.3999996185302734375</ele>
        <time>2025-05-30T22:14:24.000Z</time>
        <extensions>
          <ns3:TrackPointExtension>
            <ns3:atemp>27.0</ns3:atemp>
            <ns3:hr>143</ns3:hr>
            <ns3:cad>84</ns3:cad>
          </ns3:TrackPointExtension>
        </extensions>
      </trkpt>
      <trkpt lat="25.84538829512894153594970703125" lon="119.57017178647220134735107421875">
        <ele>13.3999996185302734375</ele>
        <time>2025-05-30T22:14:25.000Z</time>
        <extensions>
          <ns3:TrackPointExtension>
            <ns3:atemp>27.0</ns3:atemp>
            <ns3:hr>143</ns3:hr>
            <ns3:cad>84</ns3:cad>
          </ns3:TrackPointExtension>
        </extensions>
      </trkpt>
      <trkpt lat="25.8454044722020626068115234375" lon="119.57017178647220134735107421875">
        <ele>13.3999996185302734375</ele>
        <time>2025-05-30T22:14:26.000Z</time>
        <extensions>
          <ns3:TrackPointExtension>
            <ns3:atemp>27.0</ns3:atemp>
            <ns3:hr>143</ns3:hr>
            <ns3:cad>85</ns3:cad>
          </ns3:TrackPointExtension>
        </extensions>
      </trkpt>
      <trkpt lat="25.84542802534997463226318359375" lon="119.570183269679546356201171875">
        <ele>13.6000003814697265625</ele>
        <time>2025-05-30T22:14:27.000Z</time>
        <extensions>
          <ns3:TrackPointExtension>
            <ns3:atemp>27.0</ns3:atemp>
            <ns3:hr>143</ns3:hr>
            <ns3:cad>85</ns3:cad>
          </ns3:TrackPointExtension>
        </extensions>
      </trkpt>
      <trkpt lat="25.84544328041374683380126953125" lon="119.57019106484949588775634765625">
        <ele>13.6000003814697265625</ele>
        <time>2025-05-30T22:14:28.000Z</time>
        <extensions>
          <ns3:TrackPointExtension>
            <ns3:atemp>27.0</ns3:atemp>
            <ns3:hr>143</ns3:hr>
            <ns3:cad>85</ns3:cad>
          </ns3:TrackPointExtension>
        </extensions>
      </trkpt>
      <trkpt lat="25.84546138532459735870361328125" lon="119.5701943337917327880859375">
        <ele>13.6000003814697265625</ele>
        <time>2025-05-30T22:14:29.000Z</time>
        <extensions>
          <ns3:TrackPointExtension>
            <ns3:atemp>27.0</ns3:atemp>
            <ns3:hr>143</ns3:hr>
            <ns3:cad>85</ns3:cad>
          </ns3:TrackPointExtension>
        </extensions>
      </trkpt>
      <trkpt lat="25.8454805798828601837158203125" lon="119.570207409560680389404296875">
        <ele>13.6000003814697265625</ele>
        <time>2025-05-30T22:14:30.000Z</time>
        <extensions>
          <ns3:TrackPointExtension>
            <ns3:atemp>27.0</ns3:atemp>
            <ns3:hr>143</ns3:hr>
            <ns3:cad>85</ns3:cad>
          </ns3:TrackPointExtension>
        </extensions>
      </trkpt>
      <trkpt lat="25.84549776278436183929443359375" lon="119.57021168433129787445068359375">
        <ele>13.6000003814697265625</ele>
        <time>2025-05-30T22:14:31.000Z</time>
        <extensions>
          <ns3:TrackPointExtension>
            <ns3:atemp>27.0</ns3:atemp>
            <ns3:hr>142</ns3:hr>
            <ns3:cad>85</ns3:cad>
          </ns3:TrackPointExtension>
        </extensions>
      </trkpt>
      <trkpt lat="25.84552022628486156463623046875" lon="119.57022911868989467620849609375">
        <ele>13.6000003814697265625</ele>
        <time>2025-05-30T22:14:32.000Z</time>
        <extensions>
          <ns3:TrackPointExtension>
            <ns3:atemp>27.0</ns3:atemp>
            <ns3:hr>142</ns3:hr>
            <ns3:cad>85</ns3:cad>
          </ns3:TrackPointExtension>
        </extensions>
      </trkpt>
      <trkpt lat="25.8455365709960460662841796875" lon="119.570231549441814422607421875">
        <ele>13.6000003814697265625</ele>
        <time>2025-05-30T22:14:33.000Z</time>
        <extensions>
          <ns3:TrackPointExtension>
            <ns3:atemp>27.0</ns3:atemp>
            <ns3:hr>142</ns3:hr>
            <ns3:cad>85</ns3:cad>
          </ns3:TrackPointExtension>
        </extensions>
      </trkpt>
      <trkpt lat="25.84555559791624546051025390625" lon="119.5702377520501613616943359375">
        <ele>13.6000003814697265625</ele>
        <time>2025-05-30T22:14:34.000Z</time>
        <extensions>
          <ns3:TrackPointExtension>
            <ns3:atemp>27.0</ns3:atemp>
            <ns3:hr>142</ns3:hr>
            <ns3:cad>84</ns3:cad>
          </ns3:TrackPointExtension>
        </extensions>
      </trkpt>
      <trkpt lat="25.84557001478970050811767578125" lon="119.57024998962879180908203125">
        <ele>13.6000003814697265625</ele>
        <time>2025-05-30T22:14:35.000Z</time>
        <extensions>
          <ns3:TrackPointExtension>
            <ns3:atemp>27.0</ns3:atemp>
            <ns3:hr>142</ns3:hr>
            <ns3:cad>85</ns3:cad>
          </ns3:TrackPointExtension>
        </extensions>
      </trkpt>
      <trkpt lat="25.8455871976912021636962890625" lon="119.57025158219039440155029296875">
        <ele>13.6000003814697265625</ele>
        <time>2025-05-30T22:14:36.000Z</time>
        <extensions>
          <ns3:TrackPointExtension>
            <ns3:atemp>27.0</ns3:atemp>
            <ns3:hr>142</ns3:hr>
            <ns3:cad>86</ns3:cad>
          </ns3:TrackPointExtension>
        </extensions>
      </trkpt>
      <trkpt lat="25.84561049938201904296875" lon="119.570270441472530364990234375">
        <ele>13.6000003814697265625</ele>
        <time>2025-05-30T22:14:37.000Z</time>
        <extensions>
          <ns3:TrackPointExtension>
            <ns3:atemp>27.0</ns3:atemp>
            <ns3:hr>141</ns3:hr>
            <ns3:cad>86</ns3:cad>
          </ns3:TrackPointExtension>
        </extensions>
      </trkpt>
      <trkpt lat="25.84562634117901325225830078125" lon="119.57027010619640350341796875">
        <ele>13.6000003814697265625</ele>
        <time>2025-05-30T22:14:38.000Z</time>
        <extensions>
          <ns3:TrackPointExtension>
            <ns3:atemp>27.0</ns3:atemp>
            <ns3:hr>141</ns3:hr>
            <ns3:cad>85</ns3:cad>
          </ns3:TrackPointExtension>
        </extensions>
      </trkpt>
      <trkpt lat="25.84565081633627414703369140625" lon="119.57027924247086048126220703125">
        <ele>13.6000003814697265625</ele>
        <time>2025-05-30T22:14:39.000Z</time>
        <extensions>
          <ns3:TrackPointExtension>
            <ns3:atemp>27.0</ns3:atemp>
            <ns3:hr>140</ns3:hr>
            <ns3:cad>83</ns3:cad>
          </ns3:TrackPointExtension>
        </extensions>
      </trkpt>
      <trkpt lat="25.84567160345613956451416015625" lon="119.57029131241142749786376953125">
        <ele>13.6000003814697265625</ele>
        <time>2025-05-30T22:14:40.000Z</time>
        <extensions>
          <ns3:TrackPointExtension>
            <ns3:atemp>27.0</ns3:atemp>
            <ns3:hr>140</ns3:hr>
            <ns3:cad>83</ns3:cad>
          </ns3:TrackPointExtension>
        </extensions>
      </trkpt>
      <trkpt lat="25.84569121710956096649169921875" lon="119.57029617391526699066162109375">
        <ele>13.6000003814697265625</ele>
        <time>2025-05-30T22:14:41.000Z</time>
        <extensions>
          <ns3:TrackPointExtension>
            <ns3:atemp>27.0</ns3:atemp>
            <ns3:hr>140</ns3:hr>
            <ns3:cad>84</ns3:cad>
          </ns3:TrackPointExtension>
        </extensions>
      </trkpt>
      <trkpt lat="25.84571250714361667633056640625" lon="119.57031008787453174591064453125">
        <ele>13.6000003814697265625</ele>
        <time>2025-05-30T22:14:42.000Z</time>
        <extensions>
          <ns3:TrackPointExtension>
            <ns3:atemp>27.0</ns3:atemp>
            <ns3:hr>141</ns3:hr>
            <ns3:cad>84</ns3:cad>
          </ns3:TrackPointExtension>
        </extensions>
      </trkpt>
      <trkpt lat="25.84572893567383289337158203125" lon="119.570305980741977691650390625">
        <ele>13.6000003814697265625</ele>
        <time>2025-05-30T22:14:43.000Z</time>
        <extensions>
          <ns3:TrackPointExtension>
            <ns3:atemp>27.0</ns3:atemp>
            <ns3:hr>140</ns3:hr>
            <ns3:cad>85</ns3:cad>
          </ns3:TrackPointExtension>
        </extensions>
      </trkpt>
      <trkpt lat="25.8457524888217449188232421875" lon="119.5703128539025783538818359375">
        <ele>13.6000003814697265625</ele>
        <time>2025-05-30T22:14:44.000Z</time>
        <extensions>
          <ns3:TrackPointExtension>
            <ns3:atemp>27.0</ns3:atemp>
            <ns3:hr>140</ns3:hr>
            <ns3:cad>85</ns3:cad>
          </ns3:TrackPointExtension>
        </extensions>
      </trkpt>
      <trkpt lat="25.8457685820758342742919921875" lon="119.5703168772161006927490234375">
        <ele>13.6000003814697265625</ele>
        <time>2025-05-30T22:14:45.000Z</time>
        <extensions>
          <ns3:TrackPointExtension>
            <ns3:atemp>27.0</ns3:atemp>
            <ns3:hr>141</ns3:hr>
            <ns3:cad>85</ns3:cad>
          </ns3:TrackPointExtension>
        </extensions>
      </trkpt>
      <trkpt lat="25.845790207386016845703125" lon="119.57032115198671817779541015625">
        <ele>13.6000003814697265625</ele>
        <time>2025-05-30T22:14:46.000Z</time>
        <extensions>
          <ns3:TrackPointExtension>
            <ns3:atemp>27.0</ns3:atemp>
            <ns3:hr>141</ns3:hr>
            <ns3:cad>84</ns3:cad>
          </ns3:TrackPointExtension>
        </extensions>
      </trkpt>
      <trkpt lat="25.84581359289586544036865234375" lon="119.57033808343112468719482421875">
        <ele>13.6000003814697265625</ele>
        <time>2025-05-30T22:14:47.000Z</time>
        <extensions>
          <ns3:TrackPointExtension>
            <ns3:atemp>27.0</ns3:atemp>
            <ns3:hr>140</ns3:hr>
            <ns3:cad>84</ns3:cad>
          </ns3:TrackPointExtension>
        </extensions>
      </trkpt>
      <trkpt lat="25.84583471529185771942138671875" lon="119.57033925689756870269775390625">
        <ele>13.6000003814697265625</ele>
        <time>2025-05-30T22:14:48.000Z</time>
        <extensions>
          <ns3:TrackPointExtension>
            <ns3:atemp>27.0</ns3:atemp>
            <ns3:hr>141</ns3:hr>
            <ns3:cad>84</ns3:cad>
          </ns3:TrackPointExtension>
        </extensions>
      </trkpt>
      <trkpt lat="25.84586002863943576812744140625" lon="119.57035166211426258087158203125">
        <ele>13.6000003814697265625</ele>
        <time>2025-05-30T22:14:49.000Z</time>
        <extensions>
          <ns3:TrackPointExtension>
            <ns3:atemp>27.0</ns3:atemp>
            <ns3:hr>141</ns3:hr>
            <ns3:cad>84</ns3:cad>
          </ns3:TrackPointExtension>
        </extensions>
      </trkpt>
      <trkpt lat="25.84587796591222286224365234375" lon="119.5703579485416412353515625">
        <ele>13.6000003814697265625</ele>
        <time>2025-05-30T22:14:50.000Z</time>
        <extensions>
          <ns3:TrackPointExtension>
            <ns3:atemp>27.0</ns3:atemp>
            <ns3:hr>141</ns3:hr>
            <ns3:cad>84</ns3:cad>
          </ns3:TrackPointExtension>
        </extensions>
      </trkpt>
      <trkpt lat="25.845901183784008026123046875" lon="119.57036457024514675140380859375">
        <ele>13.6000003814697265625</ele>
        <time>2025-05-30T22:14:51.000Z</time>
        <extensions>
          <ns3:TrackPointExtension>
            <ns3:atemp>27.0</ns3:atemp>
            <ns3:hr>141</ns3:hr>
            <ns3:cad>84</ns3:cad>
          </ns3:TrackPointExtension>
        </extensions>
      </trkpt>
      <trkpt lat="25.84592138417065143585205078125" lon="119.57037605345249176025390625">
        <ele>13.6000003814697265625</ele>
        <time>2025-05-30T22:14:52.000Z</time>
        <extensions>
          <ns3:TrackPointExtension>
            <ns3:atemp>27.0</ns3:atemp>
            <ns3:hr>142</ns3:hr>
            <ns3:cad>84</ns3:cad>
          </ns3:TrackPointExtension>
        </extensions>
      </trkpt>
      <trkpt lat="25.845938064157962799072265625" lon="119.57037764601409435272216796875">
        <ele>13.6000003814697265625</ele>
        <time>2025-05-30T22:14:53.000Z</time>
        <extensions>
          <ns3:TrackPointExtension>
            <ns3:atemp>27.0</ns3:atemp>
            <ns3:hr>141</ns3:hr>
            <ns3:cad>84</ns3:cad>
          </ns3:TrackPointExtension>
        </extensions>
      </trkpt>
      <trkpt lat="25.84596044383943080902099609375" lon="119.57039357163012027740478515625">
        <ele>13.6000003814697265625</ele>
        <time>2025-05-30T22:14:54.000Z</time>
        <extensions>
          <ns3:TrackPointExtension>
            <ns3:atemp>27.0</ns3:atemp>
            <ns3:hr>141</ns3:hr>
            <ns3:cad>84</ns3:cad>
          </ns3:TrackPointExtension>
        </extensions>
      </trkpt>
      <trkpt lat="25.8459754474461078643798828125" lon="119.57039617002010345458984375">
        <ele>13.6000003814697265625</ele>
        <time>2025-05-30T22:14:55.000Z</time>
        <extensions>
          <ns3:TrackPointExtension>
            <ns3:atemp>27.0</ns3:atemp>
            <ns3:hr>142</ns3:hr>
            <ns3:cad>85</ns3:cad>
          </ns3:TrackPointExtension>
        </extensions>
      </trkpt>
      <trkpt lat="25.8459980785846710205078125" lon="119.57040212117135524749755859375">
        <ele>13.6000003814697265625</ele>
        <time>2025-05-30T22:14:56.000Z</time>
        <extensions>
          <ns3:TrackPointExtension>
            <ns3:atemp>27.0</ns3:atemp>
            <ns3:hr>142</ns3:hr>
            <ns3:cad>85</ns3:cad>
          </ns3:TrackPointExtension>
        </extensions>
      </trkpt>
      <trkpt lat="25.8460160158574581146240234375" lon="119.570419304072856903076171875">
        <ele>13.6000003814697265625</ele>
        <time>2025-05-30T22:14:57.000Z</time>
        <extensions>
          <ns3:TrackPointExtension>
            <ns3:atemp>27.0</ns3:atemp>
            <ns3:hr>142</ns3:hr>
            <ns3:cad>85</ns3:cad>
          </ns3:TrackPointExtension>
        </extensions>
      </trkpt>
      <trkpt lat="25.84603453986346721649169921875" lon="119.5704194717109203338623046875">
        <ele>13.6000003814697265625</ele>
        <time>2025-05-30T22:14:58.000Z</time>
        <extensions>
          <ns3:TrackPointExtension>
            <ns3:atemp>27.0</ns3:atemp>
            <ns3:hr>142</ns3:hr>
            <ns3:cad>84</ns3:cad>
          </ns3:TrackPointExtension>
        </extensions>
      </trkpt>
      <trkpt lat="25.84605650044977664947509765625" lon="119.5704265125095844268798828125">
        <ele>13.80000019073486328125</ele>
        <time>2025-05-30T22:14:59.000Z</time>
        <extensions>
          <ns3:TrackPointExtension>
            <ns3:atemp>27.0</ns3:atemp>
            <ns3:hr>141</ns3:hr>
            <ns3:cad>84</ns3:cad>
          </ns3:TrackPointExtension>
        </extensions>
      </trkpt>
      <trkpt lat="25.84607393480837345123291015625" lon="119.570436738431453704833984375">
        <ele>13.80000019073486328125</ele>
        <time>2025-05-30T22:15:00.000Z</time>
        <extensions>
          <ns3:TrackPointExtension>
            <ns3:atemp>27.0</ns3:atemp>
            <ns3:hr>142</ns3:hr>
            <ns3:cad>83</ns3:cad>
          </ns3:TrackPointExtension>
        </extensions>
      </trkpt>
      <trkpt lat="25.84609170444309711456298828125" lon="119.57044176757335662841796875">
        <ele>13.80000019073486328125</ele>
        <time>2025-05-30T22:15:01.000Z</time>
        <extensions>
          <ns3:TrackPointExtension>
            <ns3:atemp>27.0</ns3:atemp>
            <ns3:hr>142</ns3:hr>
            <ns3:cad>83</ns3:cad>
          </ns3:TrackPointExtension>
        </extensions>
      </trkpt>
      <trkpt lat="25.84611064754426479339599609375" lon="119.5704586990177631378173828125">
        <ele>13.80000019073486328125</ele>
        <time>2025-05-30T22:15:02.000Z</time>
        <extensions>
          <ns3:TrackPointExtension>
            <ns3:atemp>27.0</ns3:atemp>
            <ns3:hr>142</ns3:hr>
            <ns3:cad>83</ns3:cad>
          </ns3:TrackPointExtension>
        </extensions>
      </trkpt>
      <trkpt lat="25.8461303450167179107666015625" lon="119.570461548864841461181640625">
        <ele>13.80000019073486328125</ele>
        <time>2025-05-30T22:15:03.000Z</time>
        <extensions>
          <ns3:TrackPointExtension>
            <ns3:atemp>27.0</ns3:atemp>
            <ns3:hr>143</ns3:hr>
            <ns3:cad>82</ns3:cad>
          </ns3:TrackPointExtension>
        </extensions>
      </trkpt>
      <trkpt lat="25.84615624509751796722412109375" lon="119.57047001458704471588134765625">
        <ele>13.80000019073486328125</ele>
        <time>2025-05-30T22:15:04.000Z</time>
        <extensions>
          <ns3:TrackPointExtension>
            <ns3:atemp>27.0</ns3:atemp>
            <ns3:hr>143</ns3:hr>
            <ns3:cad>82</ns3:cad>
          </ns3:TrackPointExtension>
        </extensions>
      </trkpt>
      <trkpt lat="25.846172086894512176513671875" lon="119.57047537900507450103759765625">
        <ele>13.6000003814697265625</ele>
        <time>2025-05-30T22:15:05.000Z</time>
        <extensions>
          <ns3:TrackPointExtension>
            <ns3:atemp>27.0</ns3:atemp>
            <ns3:hr>143</ns3:hr>
            <ns3:cad>82</ns3:cad>
          </ns3:TrackPointExtension>
        </extensions>
      </trkpt>
      <trkpt lat="25.8461920358240604400634765625" lon="119.57048040814697742462158203125">
        <ele>13.80000019073486328125</ele>
        <time>2025-05-30T22:15:06.000Z</time>
        <extensions>
          <ns3:TrackPointExtension>
            <ns3:atemp>27.0</ns3:atemp>
            <ns3:hr>143</ns3:hr>
            <ns3:cad>84</ns3:cad>
          </ns3:TrackPointExtension>
        </extensions>
      </trkpt>
      <trkpt lat="25.846206285059452056884765625" lon="119.5704922266304492950439453125">
        <ele>13.80000019073486328125</ele>
        <time>2025-05-30T22:15:07.000Z</time>
        <extensions>
          <ns3:TrackPointExtension>
            <ns3:atemp>27.0</ns3:atemp>
            <ns3:hr>143</ns3:hr>
            <ns3:cad>84</ns3:cad>
          </ns3:TrackPointExtension>
        </extensions>
      </trkpt>
      <trkpt lat="25.84622271358966827392578125" lon="119.57049700431525707244873046875">
        <ele>13.80000019073486328125</ele>
        <time>2025-05-30T22:15:08.000Z</time>
        <extensions>
          <ns3:TrackPointExtension>
            <ns3:atemp>27.0</ns3:atemp>
            <ns3:hr>143</ns3:hr>
            <ns3:cad>85</ns3:cad>
          </ns3:TrackPointExtension>
        </extensions>
      </trkpt>
      <trkpt lat="25.8462416566908359527587890625" lon="119.57051217555999755859375">
        <ele>13.80000019073486328125</ele>
        <time>2025-05-30T22:15:09.000Z</time>
        <extensions>
          <ns3:TrackPointExtension>
            <ns3:atemp>27.0</ns3:atemp>
            <ns3:hr>143</ns3:hr>
            <ns3:cad>85</ns3:cad>
          </ns3:TrackPointExtension>
        </extensions>
      </trkpt>
      <trkpt lat="25.84625515155494213104248046875" lon="119.57051544450223445892333984375">
        <ele>13.80000019073486328125</ele>
        <time>2025-05-30T22:15:10.000Z</time>
        <extensions>
          <ns3:TrackPointExtension>
            <ns3:atemp>27.0</ns3:atemp>
            <ns3:hr>143</ns3:hr>
            <ns3:cad>85</ns3:cad>
          </ns3:TrackPointExtension>
        </extensions>
      </trkpt>
      <trkpt lat="25.84627627395093441009521484375" lon="119.57052416168153285980224609375">
        <ele>14</ele>
        <time>2025-05-30T22:15:11.000Z</time>
        <extensions>
          <ns3:TrackPointExtension>
            <ns3:atemp>27.0</ns3:atemp>
            <ns3:hr>143</ns3:hr>
            <ns3:cad>85</ns3:cad>
          </ns3:TrackPointExtension>
        </extensions>
      </trkpt>
      <trkpt lat="25.846294127404689788818359375" lon="119.57052868790924549102783203125">
        <ele>14</ele>
        <time>2025-05-30T22:15:12.000Z</time>
        <extensions>
          <ns3:TrackPointExtension>
            <ns3:atemp>27.0</ns3:atemp>
            <ns3:hr>143</ns3:hr>
            <ns3:cad>85</ns3:cad>
          </ns3:TrackPointExtension>
        </extensions>
      </trkpt>
      <trkpt lat="25.84631047211587429046630859375" lon="119.57053254358470439910888671875">
        <ele>14</ele>
        <time>2025-05-30T22:15:13.000Z</time>
        <extensions>
          <ns3:TrackPointExtension>
            <ns3:atemp>27.0</ns3:atemp>
            <ns3:hr>143</ns3:hr>
            <ns3:cad>84</ns3:cad>
          </ns3:TrackPointExtension>
        </extensions>
      </trkpt>
      <trkpt lat="25.8463321812450885772705078125" lon="119.5705495588481426239013671875">
        <ele>14</ele>
        <time>2025-05-30T22:15:14.000Z</time>
        <extensions>
          <ns3:TrackPointExtension>
            <ns3:atemp>27.0</ns3:atemp>
            <ns3:hr>143</ns3:hr>
            <ns3:cad>84</ns3:cad>
          </ns3:TrackPointExtension>
        </extensions>
      </trkpt>
      <trkpt lat="25.84634743630886077880859375" lon="119.57054612226784229278564453125">
        <ele>13.80000019073486328125</ele>
        <time>2025-05-30T22:15:15.000Z</time>
        <extensions>
          <ns3:TrackPointExtension>
            <ns3:atemp>27.0</ns3:atemp>
            <ns3:hr>143</ns3:hr>
            <ns3:cad>84</ns3:cad>
          </ns3:TrackPointExtension>
        </extensions>
      </trkpt>
      <trkpt lat="25.84637132473289966583251953125" lon="119.57055869512259960174560546875">
        <ele>13.80000019073486328125</ele>
        <time>2025-05-30T22:15:16.000Z</time>
        <extensions>
          <ns3:TrackPointExtension>
            <ns3:atemp>27.0</ns3:atemp>
            <ns3:hr>143</ns3:hr>
            <ns3:cad>84</ns3:cad>
          </ns3:TrackPointExtension>
        </extensions>
      </trkpt>
      <trkpt lat="25.846385657787322998046875" lon="119.570564813911914825439453125">
        <ele>13.80000019073486328125</ele>
        <time>2025-05-30T22:15:17.000Z</time>
        <extensions>
          <ns3:TrackPointExtension>
            <ns3:atemp>27.0</ns3:atemp>
            <ns3:hr>143</ns3:hr>
            <ns3:cad>84</ns3:cad>
          </ns3:TrackPointExtension>
        </extensions>
      </trkpt>
      <trkpt lat="25.846405439078807830810546875" lon="119.57057042978703975677490234375">
        <ele>13.80000019073486328125</ele>
        <time>2025-05-30T22:15:18.000Z</time>
        <extensions>
          <ns3:TrackPointExtension>
            <ns3:atemp>27.0</ns3:atemp>
            <ns3:hr>143</ns3:hr>
            <ns3:cad>84</ns3:cad>
          </ns3:TrackPointExtension>
        </extensions>
      </trkpt>
      <trkpt lat="25.84642429836094379425048828125" lon="119.57058300264179706573486328125">
        <ele>13.80000019073486328125</ele>
        <time>2025-05-30T22:15:19.000Z</time>
        <extensions>
          <ns3:TrackPointExtension>
            <ns3:atemp>27.0</ns3:atemp>
            <ns3:hr>143</ns3:hr>
            <ns3:cad>84</ns3:cad>
          </ns3:TrackPointExtension>
        </extensions>
      </trkpt>
      <trkpt lat="25.84644055925309658050537109375" lon="119.570588283240795135498046875">
        <ele>13.80000019073486328125</ele>
        <time>2025-05-30T22:15:20.000Z</time>
        <extensions>
          <ns3:TrackPointExtension>
            <ns3:atemp>27.0</ns3:atemp>
            <ns3:hr>143</ns3:hr>
            <ns3:cad>84</ns3:cad>
          </ns3:TrackPointExtension>
        </extensions>
      </trkpt>
      <trkpt lat="25.84646419622004032135009765625" lon="119.57060412503778934478759765625">
        <ele>13.80000019073486328125</ele>
        <time>2025-05-30T22:15:21.000Z</time>
        <extensions>
          <ns3:TrackPointExtension>
            <ns3:atemp>27.0</ns3:atemp>
            <ns3:hr>143</ns3:hr>
            <ns3:cad>84</ns3:cad>
          </ns3:TrackPointExtension>
        </extensions>
      </trkpt>
      <trkpt lat="25.846477188169956207275390625" lon="119.570603705942630767822265625">
        <ele>13.80000019073486328125</ele>
        <time>2025-05-30T22:15:22.000Z</time>
        <extensions>
          <ns3:TrackPointExtension>
            <ns3:atemp>27.0</ns3:atemp>
            <ns3:hr>143</ns3:hr>
            <ns3:cad>84</ns3:cad>
          </ns3:TrackPointExtension>
        </extensions>
      </trkpt>
      <trkpt lat="25.84649872966110706329345703125" lon="119.5706119202077388763427734375">
        <ele>13.80000019073486328125</ele>
        <time>2025-05-30T22:15:23.000Z</time>
        <extensions>
          <ns3:TrackPointExtension>
            <ns3:atemp>27.0</ns3:atemp>
            <ns3:hr>143</ns3:hr>
            <ns3:cad>84</ns3:cad>
          </ns3:TrackPointExtension>
        </extensions>
      </trkpt>
      <trkpt lat="25.8465135656297206878662109375" lon="119.5706219784915447235107421875">
        <ele>13.80000019073486328125</ele>
        <time>2025-05-30T22:15:24.000Z</time>
        <extensions>
          <ns3:TrackPointExtension>
            <ns3:atemp>27.0</ns3:atemp>
            <ns3:hr>143</ns3:hr>
            <ns3:cad>85</ns3:cad>
          </ns3:TrackPointExtension>
        </extensions>
      </trkpt>
      <trkpt lat="25.846530832350254058837890625" lon="119.57062709145247936248779296875">
        <ele>13.80000019073486328125</ele>
        <time>2025-05-30T22:15:25.000Z</time>
        <extensions>
          <ns3:TrackPointExtension>
            <ns3:atemp>27.0</ns3:atemp>
            <ns3:hr>143</ns3:hr>
            <ns3:cad>85</ns3:cad>
          </ns3:TrackPointExtension>
        </extensions>
      </trkpt>
      <trkpt lat="25.84655337966978549957275390625" lon="119.5706424303352832794189453125">
        <ele>13.80000019073486328125</ele>
        <time>2025-05-30T22:15:26.000Z</time>
        <extensions>
          <ns3:TrackPointExtension>
            <ns3:atemp>27.0</ns3:atemp>
            <ns3:hr>143</ns3:hr>
            <ns3:cad>85</ns3:cad>
          </ns3:TrackPointExtension>
        </extensions>
      </trkpt>
      <trkpt lat="25.84656762890517711639404296875" lon="119.57064050249755382537841796875">
        <ele>13.80000019073486328125</ele>
        <time>2025-05-30T22:15:27.000Z</time>
        <extensions>
          <ns3:TrackPointExtension>
            <ns3:atemp>27.0</ns3:atemp>
            <ns3:hr>143</ns3:hr>
            <ns3:cad>85</ns3:cad>
          </ns3:TrackPointExtension>
        </extensions>
      </trkpt>
      <trkpt lat="25.84658841602504253387451171875" lon="119.57064536400139331817626953125">
        <ele>13.80000019073486328125</ele>
        <time>2025-05-30T22:15:28.000Z</time>
        <extensions>
          <ns3:TrackPointExtension>
            <ns3:atemp>27.0</ns3:atemp>
            <ns3:hr>143</ns3:hr>
            <ns3:cad>85</ns3:cad>
          </ns3:TrackPointExtension>
        </extensions>
      </trkpt>
      <trkpt lat="25.84660400636494159698486328125" lon="119.57065626047551631927490234375">
        <ele>14</ele>
        <time>2025-05-30T22:15:29.000Z</time>
        <extensions>
          <ns3:TrackPointExtension>
            <ns3:atemp>27.0</ns3:atemp>
            <ns3:hr>143</ns3:hr>
            <ns3:cad>85</ns3:cad>
          </ns3:TrackPointExtension>
        </extensions>
      </trkpt>
      <trkpt lat="25.8466191776096820831298828125" lon="119.57065642811357975006103515625">
        <ele>14</ele>
        <time>2025-05-30T22:15:30.000Z</time>
        <extensions>
          <ns3:TrackPointExtension>
            <ns3:atemp>27.0</ns3:atemp>
            <ns3:hr>143</ns3:hr>
            <ns3:cad>84</ns3:cad>
          </ns3:TrackPointExtension>
        </extensions>
      </trkpt>
      <trkpt lat="25.8466444909572601318359375" lon="119.5706702582538127899169921875">
        <ele>14</ele>
        <time>2025-05-30T22:15:31.000Z</time>
        <extensions>
          <ns3:TrackPointExtension>
            <ns3:atemp>27.0</ns3:atemp>
            <ns3:hr>143</ns3:hr>
            <ns3:cad>84</ns3:cad>
          </ns3:TrackPointExtension>
        </extensions>
      </trkpt>
      <trkpt lat="25.84665798582136631011962890625" lon="119.57067243754863739013671875">
        <ele>14</ele>
        <time>2025-05-30T22:15:32.000Z</time>
        <extensions>
          <ns3:TrackPointExtension>
            <ns3:atemp>27.0</ns3:atemp>
            <ns3:hr>143</ns3:hr>
            <ns3:cad>83</ns3:cad>
          </ns3:TrackPointExtension>
        </extensions>
      </trkpt>
      <trkpt lat="25.8466758392751216888427734375" lon="119.57068048417568206787109375">
        <ele>14</ele>
        <time>2025-05-30T22:15:33.000Z</time>
        <extensions>
          <ns3:TrackPointExtension>
            <ns3:atemp>27.0</ns3:atemp>
            <ns3:hr>143</ns3:hr>
            <ns3:cad>83</ns3:cad>
          </ns3:TrackPointExtension>
        </extensions>
      </trkpt>
      <trkpt lat="25.8466939441859722137451171875" lon="119.5706927217543125152587890625">
        <ele>14.19999980926513671875</ele>
        <time>2025-05-30T22:15:34.000Z</time>
        <extensions>
          <ns3:TrackPointExtension>
            <ns3:atemp>27.0</ns3:atemp>
            <ns3:hr>143</ns3:hr>
            <ns3:cad>84</ns3:cad>
          </ns3:TrackPointExtension>
        </extensions>
      </trkpt>
      <trkpt lat="25.8467137254774570465087890625" lon="119.5706985890865325927734375">
        <ele>14.19999980926513671875</ele>
        <time>2025-05-30T22:15:35.000Z</time>
        <extensions>
          <ns3:TrackPointExtension>
            <ns3:atemp>27.0</ns3:atemp>
            <ns3:hr>143</ns3:hr>
            <ns3:cad>84</ns3:cad>
          </ns3:TrackPointExtension>
        </extensions>
      </trkpt>
      <trkpt lat="25.846732668578624725341796875" lon="119.570714347064495086669921875">
        <ele>14.19999980926513671875</ele>
        <time>2025-05-30T22:15:36.000Z</time>
        <extensions>
          <ns3:TrackPointExtension>
            <ns3:atemp>27.0</ns3:atemp>
            <ns3:hr>143</ns3:hr>
            <ns3:cad>84</ns3:cad>
          </ns3:TrackPointExtension>
        </extensions>
      </trkpt>
      <trkpt lat="25.846745409071445465087890625" lon="119.5707125030457973480224609375">
        <ele>14.19999980926513671875</ele>
        <time>2025-05-30T22:15:37.000Z</time>
        <extensions>
          <ns3:TrackPointExtension>
            <ns3:atemp>27.0</ns3:atemp>
            <ns3:hr>143</ns3:hr>
            <ns3:cad>84</ns3:cad>
          </ns3:TrackPointExtension>
        </extensions>
      </trkpt>
      <trkpt lat="25.84676879458129405975341796875" lon="119.57071937620639801025390625">
        <ele>14.19999980926513671875</ele>
        <time>2025-05-30T22:15:38.000Z</time>
        <extensions>
          <ns3:TrackPointExtension>
            <ns3:atemp>27.0</ns3:atemp>
            <ns3:hr>143</ns3:hr>
            <ns3:cad>84</ns3:cad>
          </ns3:TrackPointExtension>
        </extensions>
      </trkpt>
      <trkpt lat="25.84678522311151027679443359375" lon="119.57072800956666469573974609375">
        <ele>14.19999980926513671875</ele>
        <time>2025-05-30T22:15:39.000Z</time>
        <extensions>
          <ns3:TrackPointExtension>
            <ns3:atemp>27.0</ns3:atemp>
            <ns3:hr>143</ns3:hr>
            <ns3:cad>84</ns3:cad>
          </ns3:TrackPointExtension>
        </extensions>
      </trkpt>
      <trkpt lat="25.84680500440299510955810546875" lon="119.570732451975345611572265625">
        <ele>14.19999980926513671875</ele>
        <time>2025-05-30T22:15:40.000Z</time>
        <extensions>
          <ns3:TrackPointExtension>
            <ns3:atemp>27.0</ns3:atemp>
            <ns3:hr>142</ns3:hr>
            <ns3:cad>84</ns3:cad>
          </ns3:TrackPointExtension>
        </extensions>
      </trkpt>
      <trkpt lat="25.84682595916092395782470703125" lon="119.57074862904846668243408203125">
        <ele>14.19999980926513671875</ele>
        <time>2025-05-30T22:15:41.000Z</time>
        <extensions>
          <ns3:TrackPointExtension>
            <ns3:atemp>27.0</ns3:atemp>
            <ns3:hr>142</ns3:hr>
            <ns3:cad>84</ns3:cad>
          </ns3:TrackPointExtension>
        </extensions>
      </trkpt>
      <trkpt lat="25.8468421362340450286865234375" lon="119.57074728794395923614501953125">
        <ele>14.19999980926513671875</ele>
        <time>2025-05-30T22:15:42.000Z</time>
        <extensions>
          <ns3:TrackPointExtension>
            <ns3:atemp>27.0</ns3:atemp>
            <ns3:hr>142</ns3:hr>
            <ns3:cad>84</ns3:cad>
          </ns3:TrackPointExtension>
        </extensions>
      </trkpt>
      <trkpt lat="25.8468642644584178924560546875" lon="119.57076455466449260711669921875">
        <ele>14.19999980926513671875</ele>
        <time>2025-05-30T22:15:43.000Z</time>
        <extensions>
          <ns3:TrackPointExtension>
            <ns3:atemp>27.0</ns3:atemp>
            <ns3:hr>142</ns3:hr>
            <ns3:cad>84</ns3:cad>
          </ns3:TrackPointExtension>
        </extensions>
      </trkpt>
      <trkpt lat="25.8468743227422237396240234375" lon="119.57077830098569393157958984375">
        <ele>14.19999980926513671875</ele>
        <time>2025-05-30T22:15:44.000Z</time>
        <extensions>
          <ns3:TrackPointExtension>
            <ns3:atemp>27.0</ns3:atemp>
            <ns3:hr>142</ns3:hr>
            <ns3:cad>85</ns3:cad>
          </ns3:TrackPointExtension>
        </extensions>
      </trkpt>
      <trkpt lat="25.84689234383404254913330078125" lon="119.57079472951591014862060546875">
        <ele>14.19999980926513671875</ele>
        <time>2025-05-30T22:15:45.000Z</time>
        <extensions>
          <ns3:TrackPointExtension>
            <ns3:atemp>27.0</ns3:atemp>
            <ns3:hr>141</ns3:hr>
            <ns3:cad>85</ns3:cad>
          </ns3:TrackPointExtension>
        </extensions>
      </trkpt>
      <trkpt lat="25.84690676070749759674072265625" lon="119.57081752829253673553466796875">
        <ele>14.19999980926513671875</ele>
        <time>2025-05-30T22:15:46.000Z</time>
        <extensions>
          <ns3:TrackPointExtension>
            <ns3:atemp>27.0</ns3:atemp>
            <ns3:hr>142</ns3:hr>
            <ns3:cad>85</ns3:cad>
          </ns3:TrackPointExtension>
        </extensions>
      </trkpt>
      <trkpt lat="25.8469226025044918060302734375" lon="119.5708251558244228363037109375">
        <ele>14.19999980926513671875</ele>
        <time>2025-05-30T22:15:47.000Z</time>
        <extensions>
          <ns3:TrackPointExtension>
            <ns3:atemp>27.0</ns3:atemp>
            <ns3:hr>142</ns3:hr>
            <ns3:cad>85</ns3:cad>
          </ns3:TrackPointExtension>
        </extensions>
      </trkpt>
      <trkpt lat="25.8469413779675960540771484375" lon="119.57084015943109989166259765625">
        <ele>14.19999980926513671875</ele>
        <time>2025-05-30T22:15:48.000Z</time>
        <extensions>
          <ns3:TrackPointExtension>
            <ns3:atemp>27.0</ns3:atemp>
            <ns3:hr>141</ns3:hr>
            <ns3:cad>85</ns3:cad>
          </ns3:TrackPointExtension>
        </extensions>
      </trkpt>
      <trkpt lat="25.8469568006694316864013671875" lon="119.5708529837429523468017578125">
        <ele>14.19999980926513671875</ele>
        <time>2025-05-30T22:15:49.000Z</time>
        <extensions>
          <ns3:TrackPointExtension>
            <ns3:atemp>27.0</ns3:atemp>
            <ns3:hr>141</ns3:hr>
            <ns3:cad>84</ns3:cad>
          </ns3:TrackPointExtension>
        </extensions>
      </trkpt>
      <trkpt lat="25.84697448648512363433837890625" lon="119.57085994072258472442626953125">
        <ele>14.3999996185302734375</ele>
        <time>2025-05-30T22:15:50.000Z</time>
        <extensions>
          <ns3:TrackPointExtension>
            <ns3:atemp>27.0</ns3:atemp>
            <ns3:hr>141</ns3:hr>
            <ns3:cad>84</ns3:cad>
          </ns3:TrackPointExtension>
        </extensions>
      </trkpt>
      <trkpt lat="25.8469983749091625213623046875" lon="119.57087871618568897247314453125">
        <ele>14.19999980926513671875</ele>
        <time>2025-05-30T22:15:51.000Z</time>
        <extensions>
          <ns3:TrackPointExtension>
            <ns3:atemp>27.0</ns3:atemp>
            <ns3:hr>141</ns3:hr>
            <ns3:cad>83</ns3:cad>
          </ns3:TrackPointExtension>
        </extensions>
      </trkpt>
      <trkpt lat="25.8470173180103302001953125" lon="119.57088072784245014190673828125">
        <ele>14.19999980926513671875</ele>
        <time>2025-05-30T22:15:52.000Z</time>
        <extensions>
          <ns3:TrackPointExtension>
            <ns3:atemp>27.0</ns3:atemp>
            <ns3:hr>141</ns3:hr>
            <ns3:cad>83</ns3:cad>
          </ns3:TrackPointExtension>
        </extensions>
      </trkpt>
      <trkpt lat="25.84703936241567134857177734375" lon="119.57089145667850971221923828125">
        <ele>14.3999996185302734375</ele>
        <time>2025-05-30T22:15:53.000Z</time>
        <extensions>
          <ns3:TrackPointExtension>
            <ns3:atemp>27.0</ns3:atemp>
            <ns3:hr>141</ns3:hr>
            <ns3:cad>83</ns3:cad>
          </ns3:TrackPointExtension>
        </extensions>
      </trkpt>
      <trkpt lat="25.847055874764919281005859375" lon="119.57090419717133045196533203125">
        <ele>14.3999996185302734375</ele>
        <time>2025-05-30T22:15:54.000Z</time>
        <extensions>
          <ns3:TrackPointExtension>
            <ns3:atemp>27.0</ns3:atemp>
            <ns3:hr>141</ns3:hr>
            <ns3:cad>83</ns3:cad>
          </ns3:TrackPointExtension>
        </extensions>
      </trkpt>
      <trkpt lat="25.847067944705486297607421875" lon="119.570910148322582244873046875">
        <ele>14.6000003814697265625</ele>
        <time>2025-05-30T22:15:55.000Z</time>
        <extensions>
          <ns3:TrackPointExtension>
            <ns3:atemp>27.0</ns3:atemp>
            <ns3:hr>141</ns3:hr>
            <ns3:cad>83</ns3:cad>
          </ns3:TrackPointExtension>
        </extensions>
      </trkpt>
      <trkpt lat="25.84708345122635364532470703125" lon="119.57092582248151302337646484375">
        <ele>14.6000003814697265625</ele>
        <time>2025-05-30T22:15:56.000Z</time>
        <extensions>
          <ns3:TrackPointExtension>
            <ns3:atemp>27.0</ns3:atemp>
            <ns3:hr>141</ns3:hr>
            <ns3:cad>84</ns3:cad>
          </ns3:TrackPointExtension>
        </extensions>
      </trkpt>
      <trkpt lat="25.84710004739463329315185546875" lon="119.57094040699303150177001953125">
        <ele>14.6000003814697265625</ele>
        <time>2025-05-30T22:15:57.000Z</time>
        <extensions>
          <ns3:TrackPointExtension>
            <ns3:atemp>27.0</ns3:atemp>
            <ns3:hr>142</ns3:hr>
            <ns3:cad>84</ns3:cad>
          </ns3:TrackPointExtension>
        </extensions>
      </trkpt>
      <trkpt lat="25.847122929990291595458984375" lon="119.570944011211395263671875">
        <ele>14.6000003814697265625</ele>
        <time>2025-05-30T22:15:58.000Z</time>
        <extensions>
          <ns3:TrackPointExtension>
            <ns3:atemp>27.0</ns3:atemp>
            <ns3:hr>141</ns3:hr>
            <ns3:cad>83</ns3:cad>
          </ns3:TrackPointExtension>
        </extensions>
      </trkpt>
      <trkpt lat="25.84714530967175960540771484375" lon="119.570955745875835418701171875">
        <ele>14.3999996185302734375</ele>
        <time>2025-05-30T22:15:59.000Z</time>
        <extensions>
          <ns3:TrackPointExtension>
            <ns3:atemp>27.0</ns3:atemp>
            <ns3:hr>141</ns3:hr>
            <ns3:cad>82</ns3:cad>
          </ns3:TrackPointExtension>
        </extensions>
      </trkpt>
      <trkpt lat="25.84716777317225933074951171875" lon="119.57095582969486713409423828125">
        <ele>14.3999996185302734375</ele>
        <time>2025-05-30T22:16:00.000Z</time>
        <extensions>
          <ns3:TrackPointExtension>
            <ns3:atemp>27.0</ns3:atemp>
            <ns3:hr>142</ns3:hr>
            <ns3:cad>81</ns3:cad>
          </ns3:TrackPointExtension>
        </extensions>
      </trkpt>
      <trkpt lat="25.8471968583762645721435546875" lon="119.57097125239670276641845703125">
        <ele>14.3999996185302734375</ele>
        <time>2025-05-30T22:16:01.000Z</time>
        <extensions>
          <ns3:TrackPointExtension>
            <ns3:atemp>27.0</ns3:atemp>
            <ns3:hr>142</ns3:hr>
            <ns3:cad>81</ns3:cad>
          </ns3:TrackPointExtension>
        </extensions>
      </trkpt>
      <trkpt lat="25.847216136753559112548828125" lon="119.5709679834544658660888671875">
        <ele>14.19999980926513671875</ele>
        <time>2025-05-30T22:16:02.000Z</time>
        <extensions>
          <ns3:TrackPointExtension>
            <ns3:atemp>27.0</ns3:atemp>
            <ns3:hr>142</ns3:hr>
            <ns3:cad>82</ns3:cad>
          </ns3:TrackPointExtension>
        </extensions>
      </trkpt>
      <trkpt lat="25.84724471904337406158447265625" lon="119.57097016274929046630859375">
        <ele>14.19999980926513671875</ele>
        <time>2025-05-30T22:16:03.000Z</time>
        <extensions>
          <ns3:TrackPointExtension>
            <ns3:atemp>27.0</ns3:atemp>
            <ns3:hr>142</ns3:hr>
            <ns3:cad>84</ns3:cad>
          </ns3:TrackPointExtension>
        </extensions>
      </trkpt>
      <trkpt lat="25.84726735018193721771240234375" lon="119.57098516635596752166748046875">
        <ele>14.19999980926513671875</ele>
        <time>2025-05-30T22:16:04.000Z</time>
        <extensions>
          <ns3:TrackPointExtension>
            <ns3:atemp>27.0</ns3:atemp>
            <ns3:hr>141</ns3:hr>
            <ns3:cad>85</ns3:cad>
          </ns3:TrackPointExtension>
        </extensions>
      </trkpt>
      <trkpt lat="25.84728947840631008148193359375" lon="119.57098734565079212188720703125">
        <ele>14.19999980926513671875</ele>
        <time>2025-05-30T22:16:05.000Z</time>
        <extensions>
          <ns3:TrackPointExtension>
            <ns3:atemp>27.0</ns3:atemp>
            <ns3:hr>142</ns3:hr>
            <ns3:cad>85</ns3:cad>
          </ns3:TrackPointExtension>
        </extensions>
      </trkpt>
      <trkpt lat="25.84731361828744411468505859375" lon="119.57099832594394683837890625">
        <ele>14.19999980926513671875</ele>
        <time>2025-05-30T22:16:06.000Z</time>
        <extensions>
          <ns3:TrackPointExtension>
            <ns3:atemp>27.0</ns3:atemp>
            <ns3:hr>142</ns3:hr>
            <ns3:cad>85</ns3:cad>
          </ns3:TrackPointExtension>
        </extensions>
      </trkpt>
      <trkpt lat="25.8473309688270092010498046875" lon="119.570999331772327423095703125">
        <ele>14.19999980926513671875</ele>
        <time>2025-05-30T22:16:07.000Z</time>
        <extensions>
          <ns3:TrackPointExtension>
            <ns3:atemp>27.0</ns3:atemp>
            <ns3:hr>141</ns3:hr>
            <ns3:cad>84</ns3:cad>
          </ns3:TrackPointExtension>
        </extensions>
      </trkpt>
      <trkpt lat="25.8473520912230014801025390625" lon="119.5710031874477863311767578125">
        <ele>14.19999980926513671875</ele>
        <time>2025-05-30T22:16:08.000Z</time>
        <extensions>
          <ns3:TrackPointExtension>
            <ns3:atemp>27.0</ns3:atemp>
            <ns3:hr>142</ns3:hr>
            <ns3:cad>84</ns3:cad>
          </ns3:TrackPointExtension>
        </extensions>
      </trkpt>
      <trkpt lat="25.84737338125705718994140625" lon="119.571013413369655609130859375">
        <ele>14.3999996185302734375</ele>
        <time>2025-05-30T22:16:09.000Z</time>
        <extensions>
          <ns3:TrackPointExtension>
            <ns3:atemp>27.0</ns3:atemp>
            <ns3:hr>142</ns3:hr>
            <ns3:cad>84</ns3:cad>
          </ns3:TrackPointExtension>
        </extensions>
      </trkpt>
      <trkpt lat="25.847391150891780853271484375" lon="119.57102171145379543304443359375">
        <ele>14.3999996185302734375</ele>
        <time>2025-05-30T22:16:10.000Z</time>
        <extensions>
          <ns3:TrackPointExtension>
            <ns3:atemp>27.0</ns3:atemp>
            <ns3:hr>141</ns3:hr>
            <ns3:cad>85</ns3:cad>
          </ns3:TrackPointExtension>
        </extensions>
      </trkpt>
      <trkpt lat="25.84741093218326568603515625" lon="119.5710326917469501495361328125">
        <ele>14.3999996185302734375</ele>
        <time>2025-05-30T22:16:11.000Z</time>
        <extensions>
          <ns3:TrackPointExtension>
            <ns3:atemp>27.0</ns3:atemp>
            <ns3:hr>142</ns3:hr>
            <ns3:cad>85</ns3:cad>
          </ns3:TrackPointExtension>
        </extensions>
      </trkpt>
      <trkpt lat="25.84742509759962558746337890625" lon="119.571031518280506134033203125">
        <ele>14.3999996185302734375</ele>
        <time>2025-05-30T22:16:12.000Z</time>
        <extensions>
          <ns3:TrackPointExtension>
            <ns3:atemp>27.0</ns3:atemp>
            <ns3:hr>142</ns3:hr>
            <ns3:cad>84</ns3:cad>
          </ns3:TrackPointExtension>
        </extensions>
      </trkpt>
      <trkpt lat="25.847448818385601043701171875" lon="119.57104082219302654266357421875">
        <ele>14.3999996185302734375</ele>
        <time>2025-05-30T22:16:13.000Z</time>
        <extensions>
          <ns3:TrackPointExtension>
            <ns3:atemp>27.0</ns3:atemp>
            <ns3:hr>142</ns3:hr>
            <ns3:cad>84</ns3:cad>
          </ns3:TrackPointExtension>
        </extensions>
      </trkpt>
      <trkpt lat="25.84746323525905609130859375" lon="119.571043588221073150634765625">
        <ele>14.3999996185302734375</ele>
        <time>2025-05-30T22:16:14.000Z</time>
        <extensions>
          <ns3:TrackPointExtension>
            <ns3:atemp>27.0</ns3:atemp>
            <ns3:hr>142</ns3:hr>
            <ns3:cad>84</ns3:cad>
          </ns3:TrackPointExtension>
        </extensions>
      </trkpt>
      <trkpt lat="25.84748444147408008575439453125" lon="119.57104233093559741973876953125">
        <ele>14.19999980926513671875</ele>
        <time>2025-05-30T22:16:15.000Z</time>
        <extensions>
          <ns3:TrackPointExtension>
            <ns3:atemp>27.0</ns3:atemp>
            <ns3:hr>142</ns3:hr>
            <ns3:cad>84</ns3:cad>
          </ns3:TrackPointExtension>
        </extensions>
      </trkpt>
      <trkpt lat="25.84750506095588207244873046875" lon="119.57104652188718318939208984375">
        <ele>14</ele>
        <time>2025-05-30T22:16:16.000Z</time>
        <extensions>
          <ns3:TrackPointExtension>
            <ns3:atemp>27.0</ns3:atemp>
            <ns3:hr>142</ns3:hr>
            <ns3:cad>84</ns3:cad>
          </ns3:TrackPointExtension>
        </extensions>
      </trkpt>
      <trkpt lat="25.84752350114285945892333984375" lon="119.571042917668819427490234375">
        <ele>14</ele>
        <time>2025-05-30T22:16:17.000Z</time>
        <extensions>
          <ns3:TrackPointExtension>
            <ns3:atemp>27.0</ns3:atemp>
            <ns3:hr>142</ns3:hr>
            <ns3:cad>84</ns3:cad>
          </ns3:TrackPointExtension>
        </extensions>
      </trkpt>
      <trkpt lat="25.84754864685237407684326171875" lon="119.57105037756264209747314453125">
        <ele>14</ele>
        <time>2025-05-30T22:16:18.000Z</time>
        <extensions>
          <ns3:TrackPointExtension>
            <ns3:atemp>27.0</ns3:atemp>
            <ns3:hr>142</ns3:hr>
            <ns3:cad>84</ns3:cad>
          </ns3:TrackPointExtension>
        </extensions>
      </trkpt>
      <trkpt lat="25.84756457246840000152587890625" lon="119.5710528083145618438720703125">
        <ele>14.19999980926513671875</ele>
        <time>2025-05-30T22:16:19.000Z</time>
        <extensions>
          <ns3:TrackPointExtension>
            <ns3:atemp>27.0</ns3:atemp>
            <ns3:hr>142</ns3:hr>
            <ns3:cad>83</ns3:cad>
          </ns3:TrackPointExtension>
        </extensions>
      </trkpt>
      <trkpt lat="25.8475881256163120269775390625" lon="119.5710524730384349822998046875">
        <ele>14.19999980926513671875</ele>
        <time>2025-05-30T22:16:20.000Z</time>
        <extensions>
          <ns3:TrackPointExtension>
            <ns3:atemp>27.0</ns3:atemp>
            <ns3:hr>142</ns3:hr>
            <ns3:cad>83</ns3:cad>
          </ns3:TrackPointExtension>
        </extensions>
      </trkpt>
      <trkpt lat="25.84760866127908229827880859375" lon="119.57106663845479488372802734375">
        <ele>14.19999980926513671875</ele>
        <time>2025-05-30T22:16:21.000Z</time>
        <extensions>
          <ns3:TrackPointExtension>
            <ns3:atemp>27.0</ns3:atemp>
            <ns3:hr>142</ns3:hr>
            <ns3:cad>83</ns3:cad>
          </ns3:TrackPointExtension>
        </extensions>
      </trkpt>
      <trkpt lat="25.84762777201831340789794921875" lon="119.57106747664511203765869140625">
        <ele>14.19999980926513671875</ele>
        <time>2025-05-30T22:16:22.000Z</time>
        <extensions>
          <ns3:TrackPointExtension>
            <ns3:atemp>27.0</ns3:atemp>
            <ns3:hr>143</ns3:hr>
            <ns3:cad>84</ns3:cad>
          </ns3:TrackPointExtension>
        </extensions>
      </trkpt>
      <trkpt lat="25.84765140898525714874267578125" lon="119.5710826478898525238037109375">
        <ele>14.19999980926513671875</ele>
        <time>2025-05-30T22:16:23.000Z</time>
        <extensions>
          <ns3:TrackPointExtension>
            <ns3:atemp>27.0</ns3:atemp>
            <ns3:hr>143</ns3:hr>
            <ns3:cad>84</ns3:cad>
          </ns3:TrackPointExtension>
        </extensions>
      </trkpt>
      <trkpt lat="25.84766733460128307342529296875" lon="119.571084491908550262451171875">
        <ele>14.19999980926513671875</ele>
        <time>2025-05-30T22:16:24.000Z</time>
        <extensions>
          <ns3:TrackPointExtension>
            <ns3:atemp>27.0</ns3:atemp>
            <ns3:hr>143</ns3:hr>
            <ns3:cad>84</ns3:cad>
          </ns3:TrackPointExtension>
        </extensions>
      </trkpt>
      <trkpt lat="25.8476880379021167755126953125" lon="119.57109044305980205535888671875">
        <ele>14.19999980926513671875</ele>
        <time>2025-05-30T22:16:25.000Z</time>
        <extensions>
          <ns3:TrackPointExtension>
            <ns3:atemp>27.0</ns3:atemp>
            <ns3:hr>143</ns3:hr>
            <ns3:cad>83</ns3:cad>
          </ns3:TrackPointExtension>
        </extensions>
      </trkpt>
      <trkpt lat="25.847706981003284454345703125" lon="119.57110251300036907196044921875">
        <ele>14.19999980926513671875</ele>
        <time>2025-05-30T22:16:26.000Z</time>
        <extensions>
          <ns3:TrackPointExtension>
            <ns3:atemp>27.0</ns3:atemp>
            <ns3:hr>143</ns3:hr>
            <ns3:cad>84</ns3:cad>
          </ns3:TrackPointExtension>
        </extensions>
      </trkpt>
      <trkpt lat="25.8477215655148029327392578125" lon="119.5711009204387664794921875">
        <ele>14.19999980926513671875</ele>
        <time>2025-05-30T22:16:27.000Z</time>
        <extensions>
          <ns3:TrackPointExtension>
            <ns3:atemp>27.0</ns3:atemp>
            <ns3:hr>143</ns3:hr>
            <ns3:cad>84</ns3:cad>
          </ns3:TrackPointExtension>
        </extensions>
      </trkpt>
      <trkpt lat="25.8477450348436832427978515625" lon="119.5711108110845088958740234375">
        <ele>14.19999980926513671875</ele>
        <time>2025-05-30T22:16:28.000Z</time>
        <extensions>
          <ns3:TrackPointExtension>
            <ns3:atemp>27.0</ns3:atemp>
            <ns3:hr>143</ns3:hr>
            <ns3:cad>84</ns3:cad>
          </ns3:TrackPointExtension>
        </extensions>
      </trkpt>
      <trkpt lat="25.8477628044784069061279296875" lon="119.57111902534961700439453125">
        <ele>14.19999980926513671875</ele>
        <time>2025-05-30T22:16:29.000Z</time>
        <extensions>
          <ns3:TrackPointExtension>
            <ns3:atemp>27.0</ns3:atemp>
            <ns3:hr>144</ns3:hr>
            <ns3:cad>84</ns3:cad>
          </ns3:TrackPointExtension>
        </extensions>
      </trkpt>
      <trkpt lat="25.84778233431279659271240234375" lon="119.57111592404544353485107421875">
        <ele>14.3999996185302734375</ele>
        <time>2025-05-30T22:16:30.000Z</time>
        <extensions>
          <ns3:TrackPointExtension>
            <ns3:atemp>27.0</ns3:atemp>
            <ns3:hr>144</ns3:hr>
            <ns3:cad>83</ns3:cad>
          </ns3:TrackPointExtension>
        </extensions>
      </trkpt>
      <trkpt lat="25.84780647419393062591552734375" lon="119.57112363539636135101318359375">
        <ele>14.3999996185302734375</ele>
        <time>2025-05-30T22:16:31.000Z</time>
        <extensions>
          <ns3:TrackPointExtension>
            <ns3:atemp>27.0</ns3:atemp>
            <ns3:hr>144</ns3:hr>
            <ns3:cad>82</ns3:cad>
          </ns3:TrackPointExtension>
        </extensions>
      </trkpt>
      <trkpt lat="25.84782357327640056610107421875" lon="119.57112112082540988922119140625">
        <ele>14.3999996185302734375</ele>
        <time>2025-05-30T22:16:32.000Z</time>
        <extensions>
          <ns3:TrackPointExtension>
            <ns3:atemp>27.0</ns3:atemp>
            <ns3:hr>143</ns3:hr>
            <ns3:cad>82</ns3:cad>
          </ns3:TrackPointExtension>
        </extensions>
      </trkpt>
      <trkpt lat="25.8478461205959320068359375" lon="119.57113168202340602874755859375">
        <ele>14.3999996185302734375</ele>
        <time>2025-05-30T22:16:33.000Z</time>
        <extensions>
          <ns3:TrackPointExtension>
            <ns3:atemp>27.0</ns3:atemp>
            <ns3:hr>143</ns3:hr>
            <ns3:cad>82</ns3:cad>
          </ns3:TrackPointExtension>
        </extensions>
      </trkpt>
      <trkpt lat="25.847854502499103546142578125" lon="119.5711520500481128692626953125">
        <ele>14.3999996185302734375</ele>
        <time>2025-05-30T22:16:34.000Z</time>
        <extensions>
          <ns3:TrackPointExtension>
            <ns3:atemp>27.0</ns3:atemp>
            <ns3:hr>143</ns3:hr>
            <ns3:cad>82</ns3:cad>
          </ns3:TrackPointExtension>
        </extensions>
      </trkpt>
      <trkpt lat="25.8478702604770660400390625" lon="119.57115682773292064666748046875">
        <ele>14.3999996185302734375</ele>
        <time>2025-05-30T22:16:35.000Z</time>
        <extensions>
          <ns3:TrackPointExtension>
            <ns3:atemp>27.0</ns3:atemp>
            <ns3:hr>143</ns3:hr>
            <ns3:cad>83</ns3:cad>
          </ns3:TrackPointExtension>
        </extensions>
      </trkpt>
      <trkpt lat="25.84789230488240718841552734375" lon="119.571173675358295440673828125">
        <ele>14.19999980926513671875</ele>
        <time>2025-05-30T22:16:36.000Z</time>
        <extensions>
          <ns3:TrackPointExtension>
            <ns3:atemp>27.0</ns3:atemp>
            <ns3:hr>143</ns3:hr>
            <ns3:cad>83</ns3:cad>
          </ns3:TrackPointExtension>
        </extensions>
      </trkpt>
      <trkpt lat="25.8479089848697185516357421875" lon="119.5711758546531200408935546875">
        <ele>14.19999980926513671875</ele>
        <time>2025-05-30T22:16:37.000Z</time>
        <extensions>
          <ns3:TrackPointExtension>
            <ns3:atemp>27.0</ns3:atemp>
            <ns3:hr>143</ns3:hr>
            <ns3:cad>84</ns3:cad>
          </ns3:TrackPointExtension>
        </extensions>
      </trkpt>
      <trkpt lat="25.84793387912213802337646484375" lon="119.57118582911789417266845703125">
        <ele>14.19999980926513671875</ele>
        <time>2025-05-30T22:16:38.000Z</time>
        <extensions>
          <ns3:TrackPointExtension>
            <ns3:atemp>27.0</ns3:atemp>
            <ns3:hr>143</ns3:hr>
            <ns3:cad>84</ns3:cad>
          </ns3:TrackPointExtension>
        </extensions>
      </trkpt>
      <trkpt lat="25.847948379814624786376953125" lon="119.57119739614427089691162109375">
        <ele>14.19999980926513671875</ele>
        <time>2025-05-30T22:16:39.000Z</time>
        <extensions>
          <ns3:TrackPointExtension>
            <ns3:atemp>27.0</ns3:atemp>
            <ns3:hr>143</ns3:hr>
            <ns3:cad>83</ns3:cad>
          </ns3:TrackPointExtension>
        </extensions>
      </trkpt>
      <trkpt lat="25.84796673618257045745849609375" lon="119.5712026767432689666748046875">
        <ele>14.19999980926513671875</ele>
        <time>2025-05-30T22:16:40.000Z</time>
        <extensions>
          <ns3:TrackPointExtension>
            <ns3:atemp>27.0</ns3:atemp>
            <ns3:hr>143</ns3:hr>
            <ns3:cad>83</ns3:cad>
          </ns3:TrackPointExtension>
        </extensions>
      </trkpt>
      <trkpt lat="25.84799297153949737548828125" lon="119.57121717743575572967529296875">
        <ele>14.19999980926513671875</ele>
        <time>2025-05-30T22:16:41.000Z</time>
        <extensions>
          <ns3:TrackPointExtension>
            <ns3:atemp>27.0</ns3:atemp>
            <ns3:hr>143</ns3:hr>
            <ns3:cad>83</ns3:cad>
          </ns3:TrackPointExtension>
        </extensions>
      </trkpt>
      <trkpt lat="25.8480132557451725006103515625" lon="119.57122472114861011505126953125">
        <ele>14.19999980926513671875</ele>
        <time>2025-05-30T22:16:42.000Z</time>
        <extensions>
          <ns3:TrackPointExtension>
            <ns3:atemp>27.0</ns3:atemp>
            <ns3:hr>143</ns3:hr>
            <ns3:cad>84</ns3:cad>
          </ns3:TrackPointExtension>
        </extensions>
      </trkpt>
      <trkpt lat="25.84803722798824310302734375" lon="119.5712323486804962158203125">
        <ele>14.19999980926513671875</ele>
        <time>2025-05-30T22:16:43.000Z</time>
        <extensions>
          <ns3:TrackPointExtension>
            <ns3:atemp>27.0</ns3:atemp>
            <ns3:hr>143</ns3:hr>
            <ns3:cad>84</ns3:cad>
          </ns3:TrackPointExtension>
        </extensions>
      </trkpt>
      <trkpt lat="25.848057009279727935791015625" lon="119.57124366424977779388427734375">
        <ele>14.19999980926513671875</ele>
        <time>2025-05-30T22:16:44.000Z</time>
        <extensions>
          <ns3:TrackPointExtension>
            <ns3:atemp>27.0</ns3:atemp>
            <ns3:hr>143</ns3:hr>
            <ns3:cad>84</ns3:cad>
          </ns3:TrackPointExtension>
        </extensions>
      </trkpt>
      <trkpt lat="25.848075114190578460693359375" lon="119.5712479390203952789306640625">
        <ele>14.19999980926513671875</ele>
        <time>2025-05-30T22:16:45.000Z</time>
        <extensions>
          <ns3:TrackPointExtension>
            <ns3:atemp>27.0</ns3:atemp>
            <ns3:hr>143</ns3:hr>
            <ns3:cad>83</ns3:cad>
          </ns3:TrackPointExtension>
        </extensions>
      </trkpt>
      <trkpt lat="25.84810134954750537872314453125" lon="119.57125824876129627227783203125">
        <ele>14.19999980926513671875</ele>
        <time>2025-05-30T22:16:46.000Z</time>
        <extensions>
          <ns3:TrackPointExtension>
            <ns3:atemp>27.0</ns3:atemp>
            <ns3:hr>143</ns3:hr>
            <ns3:cad>83</ns3:cad>
          </ns3:TrackPointExtension>
        </extensions>
      </trkpt>
      <trkpt lat="25.848117358982563018798828125" lon="119.571264870464801788330078125">
        <ele>14.19999980926513671875</ele>
        <time>2025-05-30T22:16:47.000Z</time>
        <extensions>
          <ns3:TrackPointExtension>
            <ns3:atemp>27.0</ns3:atemp>
            <ns3:hr>143</ns3:hr>
            <ns3:cad>83</ns3:cad>
          </ns3:TrackPointExtension>
        </extensions>
      </trkpt>
      <trkpt lat="25.8481363020837306976318359375" lon="119.5712687261402606964111328125">
        <ele>14.3999996185302734375</ele>
        <time>2025-05-30T22:16:48.000Z</time>
        <extensions>
          <ns3:TrackPointExtension>
            <ns3:atemp>27.0</ns3:atemp>
            <ns3:hr>143</ns3:hr>
            <ns3:cad>82</ns3:cad>
          </ns3:TrackPointExtension>
        </extensions>
      </trkpt>
      <trkpt lat="25.84815868176519870758056640625" lon="119.5712804608047008514404296875">
        <ele>14.19999980926513671875</ele>
        <time>2025-05-30T22:16:49.000Z</time>
        <extensions>
          <ns3:TrackPointExtension>
            <ns3:atemp>27.0</ns3:atemp>
            <ns3:hr>143</ns3:hr>
            <ns3:cad>82</ns3:cad>
          </ns3:TrackPointExtension>
        </extensions>
      </trkpt>
      <trkpt lat="25.84817779250442981719970703125" lon="119.5712824724614620208740234375">
        <ele>14.19999980926513671875</ele>
        <time>2025-05-30T22:16:50.000Z</time>
        <extensions>
          <ns3:TrackPointExtension>
            <ns3:atemp>27.0</ns3:atemp>
            <ns3:hr>143</ns3:hr>
            <ns3:cad>82</ns3:cad>
          </ns3:TrackPointExtension>
        </extensions>
      </trkpt>
      <trkpt lat="25.84820084273815155029296875" lon="119.57129563204944133758544921875">
        <ele>14.19999980926513671875</ele>
        <time>2025-05-30T22:16:51.000Z</time>
        <extensions>
          <ns3:TrackPointExtension>
            <ns3:atemp>27.0</ns3:atemp>
            <ns3:hr>143</ns3:hr>
            <ns3:cad>82</ns3:cad>
          </ns3:TrackPointExtension>
        </extensions>
      </trkpt>
      <trkpt lat="25.848215259611606597900390625" lon="119.5712995715439319610595703125">
        <ele>14.3999996185302734375</ele>
        <time>2025-05-30T22:16:52.000Z</time>
        <extensions>
          <ns3:TrackPointExtension>
            <ns3:atemp>27.0</ns3:atemp>
            <ns3:hr>143</ns3:hr>
            <ns3:cad>83</ns3:cad>
          </ns3:TrackPointExtension>
        </extensions>
      </trkpt>
      <trkpt lat="25.848237387835979461669921875" lon="119.5713020861148834228515625">
        <ele>14.19999980926513671875</ele>
        <time>2025-05-30T22:16:53.000Z</time>
        <extensions>
          <ns3:TrackPointExtension>
            <ns3:atemp>27.0</ns3:atemp>
            <ns3:hr>143</ns3:hr>
            <ns3:cad>84</ns3:cad>
          </ns3:TrackPointExtension>
        </extensions>
      </trkpt>
      <trkpt lat="25.84825582802295684814453125" lon="119.5713133178651332855224609375">
        <ele>14.3999996185302734375</ele>
        <time>2025-05-30T22:16:54.000Z</time>
        <extensions>
          <ns3:TrackPointExtension>
            <ns3:atemp>27.0</ns3:atemp>
            <ns3:hr>143</ns3:hr>
            <ns3:cad>84</ns3:cad>
          </ns3:TrackPointExtension>
        </extensions>
      </trkpt>
      <trkpt lat="25.84827460348606109619140625" lon="119.57131491042673587799072265625">
        <ele>14.3999996185302734375</ele>
        <time>2025-05-30T22:16:55.000Z</time>
        <extensions>
          <ns3:TrackPointExtension>
            <ns3:atemp>27.0</ns3:atemp>
            <ns3:hr>144</ns3:hr>
            <ns3:cad>84</ns3:cad>
          </ns3:TrackPointExtension>
        </extensions>
      </trkpt>
      <trkpt lat="25.84830000065267086029052734375" lon="119.57132278941571712493896484375">
        <ele>14.3999996185302734375</ele>
        <time>2025-05-30T22:16:56.000Z</time>
        <extensions>
          <ns3:TrackPointExtension>
            <ns3:atemp>27.0</ns3:atemp>
            <ns3:hr>143</ns3:hr>
            <ns3:cad>84</ns3:cad>
          </ns3:TrackPointExtension>
        </extensions>
      </trkpt>
      <trkpt lat="25.8483128249645233154296875" lon="119.57133301533758640289306640625">
        <ele>14.3999996185302734375</ele>
        <time>2025-05-30T22:16:57.000Z</time>
        <extensions>
          <ns3:TrackPointExtension>
            <ns3:atemp>27.0</ns3:atemp>
            <ns3:hr>143</ns3:hr>
            <ns3:cad>84</ns3:cad>
          </ns3:TrackPointExtension>
        </extensions>
      </trkpt>
      <trkpt lat="25.8483310975134372711181640625" lon="119.57134139724075794219970703125">
        <ele>14.3999996185302734375</ele>
        <time>2025-05-30T22:16:58.000Z</time>
        <extensions>
          <ns3:TrackPointExtension>
            <ns3:atemp>27.0</ns3:atemp>
            <ns3:hr>143</ns3:hr>
            <ns3:cad>84</ns3:cad>
          </ns3:TrackPointExtension>
        </extensions>
      </trkpt>
      <trkpt lat="25.84835129790008068084716796875" lon="119.57135397009551525115966796875">
        <ele>14.3999996185302734375</ele>
        <time>2025-05-30T22:16:59.000Z</time>
        <extensions>
          <ns3:TrackPointExtension>
            <ns3:atemp>27.0</ns3:atemp>
            <ns3:hr>143</ns3:hr>
            <ns3:cad>83</ns3:cad>
          </ns3:TrackPointExtension>
        </extensions>
      </trkpt>
      <trkpt lat="25.8483666367828845977783203125" lon="119.57135765813291072845458984375">
        <ele>14.3999996185302734375</ele>
        <time>2025-05-30T22:17:00.000Z</time>
        <extensions>
          <ns3:TrackPointExtension>
            <ns3:atemp>27.0</ns3:atemp>
            <ns3:hr>143</ns3:hr>
            <ns3:cad>83</ns3:cad>
          </ns3:TrackPointExtension>
        </extensions>
      </trkpt>
      <trkpt lat="25.84838599897921085357666015625" lon="119.5713664591312408447265625">
        <ele>14.19999980926513671875</ele>
        <time>2025-05-30T22:17:01.000Z</time>
        <extensions>
          <ns3:TrackPointExtension>
            <ns3:atemp>27.0</ns3:atemp>
            <ns3:hr>143</ns3:hr>
            <ns3:cad>84</ns3:cad>
          </ns3:TrackPointExtension>
        </extensions>
      </trkpt>
      <trkpt lat="25.84840024821460247039794921875" lon="119.57137844525277614593505859375">
        <ele>14.3999996185302734375</ele>
        <time>2025-05-30T22:17:02.000Z</time>
        <extensions>
          <ns3:TrackPointExtension>
            <ns3:atemp>27.0</ns3:atemp>
            <ns3:hr>143</ns3:hr>
            <ns3:cad>84</ns3:cad>
          </ns3:TrackPointExtension>
        </extensions>
      </trkpt>
      <trkpt lat="25.84841466508805751800537109375" lon="119.57138246856629848480224609375">
        <ele>14.3999996185302734375</ele>
        <time>2025-05-30T22:17:03.000Z</time>
        <extensions>
          <ns3:TrackPointExtension>
            <ns3:atemp>27.0</ns3:atemp>
            <ns3:hr>143</ns3:hr>
            <ns3:cad>83</ns3:cad>
          </ns3:TrackPointExtension>
        </extensions>
      </trkpt>
      <trkpt lat="25.8484370447695255279541015625" lon="119.57139973528683185577392578125">
        <ele>14.3999996185302734375</ele>
        <time>2025-05-30T22:17:04.000Z</time>
        <extensions>
          <ns3:TrackPointExtension>
            <ns3:atemp>27.0</ns3:atemp>
            <ns3:hr>143</ns3:hr>
            <ns3:cad>83</ns3:cad>
          </ns3:TrackPointExtension>
        </extensions>
      </trkpt>
      <trkpt lat="25.84845154546201229095458984375" lon="119.5714028365910053253173828125">
        <ele>14.3999996185302734375</ele>
        <time>2025-05-30T22:17:05.000Z</time>
        <extensions>
          <ns3:TrackPointExtension>
            <ns3:atemp>27.0</ns3:atemp>
            <ns3:hr>143</ns3:hr>
            <ns3:cad>82</ns3:cad>
          </ns3:TrackPointExtension>
        </extensions>
      </trkpt>
      <trkpt lat="25.8484742604196071624755859375" lon="119.57141113467514514923095703125">
        <ele>14.3999996185302734375</ele>
        <time>2025-05-30T22:17:06.000Z</time>
        <extensions>
          <ns3:TrackPointExtension>
            <ns3:atemp>27.0</ns3:atemp>
            <ns3:hr>144</ns3:hr>
            <ns3:cad>82</ns3:cad>
          </ns3:TrackPointExtension>
        </extensions>
      </trkpt>
      <trkpt lat="25.84849211387336254119873046875" lon="119.571419768035411834716796875">
        <ele>14.3999996185302734375</ele>
        <time>2025-05-30T22:17:07.000Z</time>
        <extensions>
          <ns3:TrackPointExtension>
            <ns3:atemp>27.0</ns3:atemp>
            <ns3:hr>143</ns3:hr>
            <ns3:cad>82</ns3:cad>
          </ns3:TrackPointExtension>
        </extensions>
      </trkpt>
      <trkpt lat="25.8485124818980693817138671875" lon="119.571427814662456512451171875">
        <ele>14.3999996185302734375</ele>
        <time>2025-05-30T22:17:08.000Z</time>
        <extensions>
          <ns3:TrackPointExtension>
            <ns3:atemp>27.0</ns3:atemp>
            <ns3:hr>143</ns3:hr>
            <ns3:cad>83</ns3:cad>
          </ns3:TrackPointExtension>
        </extensions>
      </trkpt>
      <trkpt lat="25.8485322631895542144775390625" lon="119.5714413933455944061279296875">
        <ele>14.3999996185302734375</ele>
        <time>2025-05-30T22:17:09.000Z</time>
        <extensions>
          <ns3:TrackPointExtension>
            <ns3:atemp>27.0</ns3:atemp>
            <ns3:hr>143</ns3:hr>
            <ns3:cad>84</ns3:cad>
          </ns3:TrackPointExtension>
        </extensions>
      </trkpt>
      <trkpt lat="25.84854944609105587005615234375" lon="119.5714470930397510528564453125">
        <ele>14.3999996185302734375</ele>
        <time>2025-05-30T22:17:10.000Z</time>
        <extensions>
          <ns3:TrackPointExtension>
            <ns3:atemp>27.0</ns3:atemp>
            <ns3:hr>143</ns3:hr>
            <ns3:cad>84</ns3:cad>
          </ns3:TrackPointExtension>
        </extensions>
      </trkpt>
      <trkpt lat="25.84856905974447727203369140625" lon="119.5714558102190494537353515625">
        <ele>14.6000003814697265625</ele>
        <time>2025-05-30T22:17:11.000Z</time>
        <extensions>
          <ns3:TrackPointExtension>
            <ns3:atemp>27.0</ns3:atemp>
            <ns3:hr>143</ns3:hr>
            <ns3:cad>84</ns3:cad>
          </ns3:TrackPointExtension>
        </extensions>
      </trkpt>
      <trkpt lat="25.8485835604369640350341796875" lon="119.57145790569484233856201171875">
        <ele>14.3999996185302734375</ele>
        <time>2025-05-30T22:17:12.000Z</time>
        <extensions>
          <ns3:TrackPointExtension>
            <ns3:atemp>27.0</ns3:atemp>
            <ns3:hr>142</ns3:hr>
            <ns3:cad>84</ns3:cad>
          </ns3:TrackPointExtension>
        </extensions>
      </trkpt>
      <trkpt lat="25.84859923459589481353759765625" lon="119.57146444357931613922119140625">
        <ele>14.3999996185302734375</ele>
        <time>2025-05-30T22:17:13.000Z</time>
        <extensions>
          <ns3:TrackPointExtension>
            <ns3:atemp>27.0</ns3:atemp>
            <ns3:hr>142</ns3:hr>
            <ns3:cad>84</ns3:cad>
          </ns3:TrackPointExtension>
        </extensions>
      </trkpt>
      <trkpt lat="25.84861901588737964630126953125" lon="119.5714829675853252410888671875">
        <ele>14.3999996185302734375</ele>
        <time>2025-05-30T22:17:14.000Z</time>
        <extensions>
          <ns3:TrackPointExtension>
            <ns3:atemp>27.0</ns3:atemp>
            <ns3:hr>141</ns3:hr>
            <ns3:cad>83</ns3:cad>
          </ns3:TrackPointExtension>
        </extensions>
      </trkpt>
      <trkpt lat="25.84863225929439067840576171875" lon="119.57148120738565921783447265625">
        <ele>14.19999980926513671875</ele>
        <time>2025-05-30T22:17:15.000Z</time>
        <extensions>
          <ns3:TrackPointExtension>
            <ns3:atemp>27.0</ns3:atemp>
            <ns3:hr>141</ns3:hr>
            <ns3:cad>83</ns3:cad>
          </ns3:TrackPointExtension>
        </extensions>
      </trkpt>
      <trkpt lat="25.84865338169038295745849609375" lon="119.5714903436601161956787109375">
        <ele>14.19999980926513671875</ele>
        <time>2025-05-30T22:17:16.000Z</time>
        <extensions>
          <ns3:TrackPointExtension>
            <ns3:atemp>27.0</ns3:atemp>
            <ns3:hr>141</ns3:hr>
            <ns3:cad>83</ns3:cad>
          </ns3:TrackPointExtension>
        </extensions>
      </trkpt>
      <trkpt lat="25.84866763092577457427978515625" lon="119.5714957080781459808349609375">
        <ele>14.19999980926513671875</ele>
        <time>2025-05-30T22:17:17.000Z</time>
        <extensions>
          <ns3:TrackPointExtension>
            <ns3:atemp>27.0</ns3:atemp>
            <ns3:hr>141</ns3:hr>
            <ns3:cad>83</ns3:cad>
          </ns3:TrackPointExtension>
        </extensions>
      </trkpt>
      <trkpt lat="25.8486861549317836761474609375" lon="119.57149595953524112701416015625">
        <ele>14.19999980926513671875</ele>
        <time>2025-05-30T22:17:18.000Z</time>
        <extensions>
          <ns3:TrackPointExtension>
            <ns3:atemp>27.0</ns3:atemp>
            <ns3:hr>142</ns3:hr>
            <ns3:cad>83</ns3:cad>
          </ns3:TrackPointExtension>
        </extensions>
      </trkpt>
      <trkpt lat="25.84870886988937854766845703125" lon="119.571507610380649566650390625">
        <ele>14.19999980926513671875</ele>
        <time>2025-05-30T22:17:19.000Z</time>
        <extensions>
          <ns3:TrackPointExtension>
            <ns3:atemp>27.0</ns3:atemp>
            <ns3:hr>142</ns3:hr>
            <ns3:cad>84</ns3:cad>
          </ns3:TrackPointExtension>
        </extensions>
      </trkpt>
      <trkpt lat="25.8487247116863727569580078125" lon="119.57150928676128387451171875">
        <ele>14</ele>
        <time>2025-05-30T22:17:20.000Z</time>
        <extensions>
          <ns3:TrackPointExtension>
            <ns3:atemp>27.0</ns3:atemp>
            <ns3:hr>142</ns3:hr>
            <ns3:cad>84</ns3:cad>
          </ns3:TrackPointExtension>
        </extensions>
      </trkpt>
      <trkpt lat="25.84875061176717281341552734375" lon="119.5715245418250560760498046875">
        <ele>14</ele>
        <time>2025-05-30T22:17:21.000Z</time>
        <extensions>
          <ns3:TrackPointExtension>
            <ns3:atemp>27.0</ns3:atemp>
            <ns3:hr>141</ns3:hr>
            <ns3:cad>84</ns3:cad>
          </ns3:TrackPointExtension>
        </extensions>
      </trkpt>
      <trkpt lat="25.84876653738319873809814453125" lon="119.57153166644275188446044921875">
        <ele>14</ele>
        <time>2025-05-30T22:17:22.000Z</time>
        <extensions>
          <ns3:TrackPointExtension>
            <ns3:atemp>27.0</ns3:atemp>
            <ns3:hr>141</ns3:hr>
            <ns3:cad>83</ns3:cad>
          </ns3:TrackPointExtension>
        </extensions>
      </trkpt>
      <trkpt lat="25.8487857319414615631103515625" lon="119.571535103023052215576171875">
        <ele>14</ele>
        <time>2025-05-30T22:17:23.000Z</time>
        <extensions>
          <ns3:TrackPointExtension>
            <ns3:atemp>27.0</ns3:atemp>
            <ns3:hr>141</ns3:hr>
            <ns3:cad>83</ns3:cad>
          </ns3:TrackPointExtension>
        </extensions>
      </trkpt>
      <trkpt lat="25.84880744107067584991455078125" lon="119.57154373638331890106201171875">
        <ele>14</ele>
        <time>2025-05-30T22:17:24.000Z</time>
        <extensions>
          <ns3:TrackPointExtension>
            <ns3:atemp>27.0</ns3:atemp>
            <ns3:hr>141</ns3:hr>
            <ns3:cad>83</ns3:cad>
          </ns3:TrackPointExtension>
        </extensions>
      </trkpt>
      <trkpt lat="25.84882621653378009796142578125" lon="119.57154608331620693206787109375">
        <ele>14</ele>
        <time>2025-05-30T22:17:25.000Z</time>
        <extensions>
          <ns3:TrackPointExtension>
            <ns3:atemp>27.0</ns3:atemp>
            <ns3:hr>141</ns3:hr>
            <ns3:cad>84</ns3:cad>
          </ns3:TrackPointExtension>
        </extensions>
      </trkpt>
      <trkpt lat="25.8488492667675018310546875" lon="119.5715540461242198944091796875">
        <ele>14</ele>
        <time>2025-05-30T22:17:26.000Z</time>
        <extensions>
          <ns3:TrackPointExtension>
            <ns3:atemp>27.0</ns3:atemp>
            <ns3:hr>141</ns3:hr>
            <ns3:cad>84</ns3:cad>
          </ns3:TrackPointExtension>
        </extensions>
      </trkpt>
      <trkpt lat="25.8488641865551471710205078125" lon="119.571557901799678802490234375">
        <ele>14</ele>
        <time>2025-05-30T22:17:27.000Z</time>
        <extensions>
          <ns3:TrackPointExtension>
            <ns3:atemp>27.0</ns3:atemp>
            <ns3:hr>141</ns3:hr>
            <ns3:cad>84</ns3:cad>
          </ns3:TrackPointExtension>
        </extensions>
      </trkpt>
      <trkpt lat="25.848882459104061126708984375" lon="119.57155915908515453338623046875">
        <ele>14</ele>
        <time>2025-05-30T22:17:28.000Z</time>
        <extensions>
          <ns3:TrackPointExtension>
            <ns3:atemp>27.0</ns3:atemp>
            <ns3:hr>142</ns3:hr>
            <ns3:cad>84</ns3:cad>
          </ns3:TrackPointExtension>
        </extensions>
      </trkpt>
      <trkpt lat="25.84890760481357574462890625" lon="119.5715791918337345123291015625">
        <ele>14</ele>
        <time>2025-05-30T22:17:29.000Z</time>
        <extensions>
          <ns3:TrackPointExtension>
            <ns3:atemp>27.0</ns3:atemp>
            <ns3:hr>141</ns3:hr>
            <ns3:cad>84</ns3:cad>
          </ns3:TrackPointExtension>
        </extensions>
      </trkpt>
      <trkpt lat="25.84892143495380878448486328125" lon="119.57158195786178112030029296875">
        <ele>13.80000019073486328125</ele>
        <time>2025-05-30T22:17:30.000Z</time>
        <extensions>
          <ns3:TrackPointExtension>
            <ns3:atemp>27.0</ns3:atemp>
            <ns3:hr>141</ns3:hr>
            <ns3:cad>84</ns3:cad>
          </ns3:TrackPointExtension>
        </extensions>
      </trkpt>
      <trkpt lat="25.84894255734980106353759765625" lon="119.5715889148414134979248046875">
        <ele>13.80000019073486328125</ele>
        <time>2025-05-30T22:17:31.000Z</time>
        <extensions>
          <ns3:TrackPointExtension>
            <ns3:atemp>27.0</ns3:atemp>
            <ns3:hr>141</ns3:hr>
            <ns3:cad>83</ns3:cad>
          </ns3:TrackPointExtension>
        </extensions>
      </trkpt>
      <trkpt lat="25.848961584270000457763671875" lon="119.5716009847819805145263671875">
        <ele>13.80000019073486328125</ele>
        <time>2025-05-30T22:17:32.000Z</time>
        <extensions>
          <ns3:TrackPointExtension>
            <ns3:atemp>27.0</ns3:atemp>
            <ns3:hr>140</ns3:hr>
            <ns3:cad>83</ns3:cad>
          </ns3:TrackPointExtension>
        </extensions>
      </trkpt>
      <trkpt lat="25.8489818684756755828857421875" lon="119.5716046728193759918212890625">
        <ele>13.80000019073486328125</ele>
        <time>2025-05-30T22:17:33.000Z</time>
        <extensions>
          <ns3:TrackPointExtension>
            <ns3:atemp>27.0</ns3:atemp>
            <ns3:hr>140</ns3:hr>
            <ns3:cad>82</ns3:cad>
          </ns3:TrackPointExtension>
        </extensions>
      </trkpt>
      <trkpt lat="25.84900709800422191619873046875" lon="119.57162185572087764739990234375">
        <ele>13.80000019073486328125</ele>
        <time>2025-05-30T22:17:34.000Z</time>
        <extensions>
          <ns3:TrackPointExtension>
            <ns3:atemp>27.0</ns3:atemp>
            <ns3:hr>140</ns3:hr>
            <ns3:cad>82</ns3:cad>
          </ns3:TrackPointExtension>
        </extensions>
      </trkpt>
      <trkpt lat="25.8490197546780109405517578125" lon="119.57162302918732166290283203125">
        <ele>13.80000019073486328125</ele>
        <time>2025-05-30T22:17:35.000Z</time>
        <extensions>
          <ns3:TrackPointExtension>
            <ns3:atemp>27.0</ns3:atemp>
            <ns3:hr>140</ns3:hr>
            <ns3:cad>83</ns3:cad>
          </ns3:TrackPointExtension>
        </extensions>
      </trkpt>
      <trkpt lat="25.8490402065217494964599609375" lon="119.5716271363198757171630859375">
        <ele>13.80000019073486328125</ele>
        <time>2025-05-30T22:17:36.000Z</time>
        <extensions>
          <ns3:TrackPointExtension>
            <ns3:atemp>27.0</ns3:atemp>
            <ns3:hr>139</ns3:hr>
            <ns3:cad>83</ns3:cad>
          </ns3:TrackPointExtension>
        </extensions>
      </trkpt>
      <trkpt lat="25.84905646741390228271484375" lon="119.57163870334625244140625">
        <ele>13.80000019073486328125</ele>
        <time>2025-05-30T22:17:37.000Z</time>
        <extensions>
          <ns3:TrackPointExtension>
            <ns3:atemp>27.0</ns3:atemp>
            <ns3:hr>140</ns3:hr>
            <ns3:cad>83</ns3:cad>
          </ns3:TrackPointExtension>
        </extensions>
      </trkpt>
      <trkpt lat="25.8490683697164058685302734375" lon="119.57163996063172817230224609375">
        <ele>13.80000019073486328125</ele>
        <time>2025-05-30T22:17:38.000Z</time>
        <extensions>
          <ns3:TrackPointExtension>
            <ns3:atemp>27.0</ns3:atemp>
            <ns3:hr>140</ns3:hr>
            <ns3:cad>83</ns3:cad>
          </ns3:TrackPointExtension>
        </extensions>
      </trkpt>
      <trkpt lat="25.84909359924495220184326171875" lon="119.571652114391326904296875">
        <ele>13.80000019073486328125</ele>
        <time>2025-05-30T22:17:39.000Z</time>
        <extensions>
          <ns3:TrackPointExtension>
            <ns3:atemp>27.0</ns3:atemp>
            <ns3:hr>140</ns3:hr>
            <ns3:cad>83</ns3:cad>
          </ns3:TrackPointExtension>
        </extensions>
      </trkpt>
      <trkpt lat="25.849109105765819549560546875" lon="119.57165672443807125091552734375">
        <ele>13.80000019073486328125</ele>
        <time>2025-05-30T22:17:40.000Z</time>
        <extensions>
          <ns3:TrackPointExtension>
            <ns3:atemp>27.0</ns3:atemp>
            <ns3:hr>140</ns3:hr>
            <ns3:cad>83</ns3:cad>
          </ns3:TrackPointExtension>
        </extensions>
      </trkpt>
      <trkpt lat="25.84912754595279693603515625" lon="119.571658484637737274169921875">
        <ele>13.80000019073486328125</ele>
        <time>2025-05-30T22:17:41.000Z</time>
        <extensions>
          <ns3:TrackPointExtension>
            <ns3:atemp>27.0</ns3:atemp>
            <ns3:hr>140</ns3:hr>
            <ns3:cad>83</ns3:cad>
          </ns3:TrackPointExtension>
        </extensions>
      </trkpt>
      <trkpt lat="25.849148333072662353515625" lon="119.5716722309589385986328125">
        <ele>13.6000003814697265625</ele>
        <time>2025-05-30T22:17:42.000Z</time>
        <extensions>
          <ns3:TrackPointExtension>
            <ns3:atemp>27.0</ns3:atemp>
            <ns3:hr>140</ns3:hr>
            <ns3:cad>83</ns3:cad>
          </ns3:TrackPointExtension>
        </extensions>
      </trkpt>
      <trkpt lat="25.84916870109736919403076171875" lon="119.57167684100568294525146484375">
        <ele>13.80000019073486328125</ele>
        <time>2025-05-30T22:17:43.000Z</time>
        <extensions>
          <ns3:TrackPointExtension>
            <ns3:atemp>27.0</ns3:atemp>
            <ns3:hr>140</ns3:hr>
            <ns3:cad>84</ns3:cad>
          </ns3:TrackPointExtension>
        </extensions>
      </trkpt>
      <trkpt lat="25.849192254245281219482421875" lon="119.5716848038136959075927734375">
        <ele>13.6000003814697265625</ele>
        <time>2025-05-30T22:17:44.000Z</time>
        <extensions>
          <ns3:TrackPointExtension>
            <ns3:atemp>27.0</ns3:atemp>
            <ns3:hr>140</ns3:hr>
            <ns3:cad>84</ns3:cad>
          </ns3:TrackPointExtension>
        </extensions>
      </trkpt>
      <trkpt lat="25.84920533001422882080078125" lon="119.5716878212988376617431640625">
        <ele>13.6000003814697265625</ele>
        <time>2025-05-30T22:17:45.000Z</time>
        <extensions>
          <ns3:TrackPointExtension>
            <ns3:atemp>27.0</ns3:atemp>
            <ns3:hr>140</ns3:hr>
            <ns3:cad>84</ns3:cad>
          </ns3:TrackPointExtension>
        </extensions>
      </trkpt>
      <trkpt lat="25.84921999834477901458740234375" lon="119.571691341698169708251953125">
        <ele>13.6000003814697265625</ele>
        <time>2025-05-30T22:17:46.000Z</time>
        <extensions>
          <ns3:TrackPointExtension>
            <ns3:atemp>27.0</ns3:atemp>
            <ns3:hr>140</ns3:hr>
            <ns3:cad>83</ns3:cad>
          </ns3:TrackPointExtension>
        </extensions>
      </trkpt>
      <trkpt lat="25.84923877380788326263427734375" lon="119.571710787713527679443359375">
        <ele>13.6000003814697265625</ele>
        <time>2025-05-30T22:17:47.000Z</time>
        <extensions>
          <ns3:TrackPointExtension>
            <ns3:atemp>27.0</ns3:atemp>
            <ns3:hr>140</ns3:hr>
            <ns3:cad>83</ns3:cad>
          </ns3:TrackPointExtension>
        </extensions>
      </trkpt>
      <trkpt lat="25.8492507599294185638427734375" lon="119.57171087153255939483642578125">
        <ele>13.6000003814697265625</ele>
        <time>2025-05-30T22:17:48.000Z</time>
        <extensions>
          <ns3:TrackPointExtension>
            <ns3:atemp>27.0</ns3:atemp>
            <ns3:hr>140</ns3:hr>
            <ns3:cad>83</ns3:cad>
          </ns3:TrackPointExtension>
        </extensions>
      </trkpt>
      <trkpt lat="25.84927582181990146636962890625" lon="119.5717216841876506805419921875">
        <ele>13.6000003814697265625</ele>
        <time>2025-05-30T22:17:49.000Z</time>
        <extensions>
          <ns3:TrackPointExtension>
            <ns3:atemp>27.0</ns3:atemp>
            <ns3:hr>140</ns3:hr>
            <ns3:cad>83</ns3:cad>
          </ns3:TrackPointExtension>
        </extensions>
      </trkpt>
      <trkpt lat="25.84929308854043483734130859375" lon="119.571734927594661712646484375">
        <ele>13.6000003814697265625</ele>
        <time>2025-05-30T22:17:50.000Z</time>
        <extensions>
          <ns3:TrackPointExtension>
            <ns3:atemp>27.0</ns3:atemp>
            <ns3:hr>140</ns3:hr>
            <ns3:cad>83</ns3:cad>
          </ns3:TrackPointExtension>
        </extensions>
      </trkpt>
      <trkpt lat="25.8493121154606342315673828125" lon="119.57173937000334262847900390625">
        <ele>13.6000003814697265625</ele>
        <time>2025-05-30T22:17:51.000Z</time>
        <extensions>
          <ns3:TrackPointExtension>
            <ns3:atemp>27.0</ns3:atemp>
            <ns3:hr>139</ns3:hr>
            <ns3:cad>83</ns3:cad>
          </ns3:TrackPointExtension>
        </extensions>
      </trkpt>
      <trkpt lat="25.84933583624660968780517578125" lon="119.5717513561248779296875">
        <ele>13.6000003814697265625</ele>
        <time>2025-05-30T22:17:52.000Z</time>
        <extensions>
          <ns3:TrackPointExtension>
            <ns3:atemp>27.0</ns3:atemp>
            <ns3:hr>140</ns3:hr>
            <ns3:cad>83</ns3:cad>
          </ns3:TrackPointExtension>
        </extensions>
      </trkpt>
      <trkpt lat="25.8493516780436038970947265625" lon="119.57175462506711483001708984375">
        <ele>13.6000003814697265625</ele>
        <time>2025-05-30T22:17:53.000Z</time>
        <extensions>
          <ns3:TrackPointExtension>
            <ns3:atemp>27.0</ns3:atemp>
            <ns3:hr>140</ns3:hr>
            <ns3:cad>83</ns3:cad>
          </ns3:TrackPointExtension>
        </extensions>
      </trkpt>
      <trkpt lat="25.8493696153163909912109375" lon="119.57175881601870059967041015625">
        <ele>13.6000003814697265625</ele>
        <time>2025-05-30T22:17:54.000Z</time>
        <extensions>
          <ns3:TrackPointExtension>
            <ns3:atemp>27.0</ns3:atemp>
            <ns3:hr>140</ns3:hr>
            <ns3:cad>83</ns3:cad>
          </ns3:TrackPointExtension>
        </extensions>
      </trkpt>
      <trkpt lat="25.849388726055622100830078125" lon="119.571773819625377655029296875">
        <ele>13.3999996185302734375</ele>
        <time>2025-05-30T22:17:55.000Z</time>
        <extensions>
          <ns3:TrackPointExtension>
            <ns3:atemp>27.0</ns3:atemp>
            <ns3:hr>140</ns3:hr>
            <ns3:cad>83</ns3:cad>
          </ns3:TrackPointExtension>
        </extensions>
      </trkpt>
      <trkpt lat="25.84940423257648944854736328125" lon="119.571773819625377655029296875">
        <ele>13.3999996185302734375</ele>
        <time>2025-05-30T22:17:56.000Z</time>
        <extensions>
          <ns3:TrackPointExtension>
            <ns3:atemp>27.0</ns3:atemp>
            <ns3:hr>140</ns3:hr>
            <ns3:cad>83</ns3:cad>
          </ns3:TrackPointExtension>
        </extensions>
      </trkpt>
      <trkpt lat="25.84942585788667201995849609375" lon="119.57178153097629547119140625">
        <ele>13.6000003814697265625</ele>
        <time>2025-05-30T22:17:57.000Z</time>
        <extensions>
          <ns3:TrackPointExtension>
            <ns3:atemp>27.0</ns3:atemp>
            <ns3:hr>139</ns3:hr>
            <ns3:cad>83</ns3:cad>
          </ns3:TrackPointExtension>
        </extensions>
      </trkpt>
      <trkpt lat="25.8494438789784908294677734375" lon="119.57178966142237186431884765625">
        <ele>13.6000003814697265625</ele>
        <time>2025-05-30T22:17:58.000Z</time>
        <extensions>
          <ns3:TrackPointExtension>
            <ns3:atemp>27.0</ns3:atemp>
            <ns3:hr>140</ns3:hr>
            <ns3:cad>82</ns3:cad>
          </ns3:TrackPointExtension>
        </extensions>
      </trkpt>
      <trkpt lat="25.84946491755545139312744140625" lon="119.571791924536228179931640625">
        <ele>13.6000003814697265625</ele>
        <time>2025-05-30T22:17:59.000Z</time>
        <extensions>
          <ns3:TrackPointExtension>
            <ns3:atemp>27.0</ns3:atemp>
            <ns3:hr>140</ns3:hr>
            <ns3:cad>82</ns3:cad>
          </ns3:TrackPointExtension>
        </extensions>
      </trkpt>
      <trkpt lat="25.84948888979852199554443359375" lon="119.5718071796000003814697265625">
        <ele>13.80000019073486328125</ele>
        <time>2025-05-30T22:18:00.000Z</time>
        <extensions>
          <ns3:TrackPointExtension>
            <ns3:atemp>27.0</ns3:atemp>
            <ns3:hr>140</ns3:hr>
            <ns3:cad>82</ns3:cad>
          </ns3:TrackPointExtension>
        </extensions>
      </trkpt>
      <trkpt lat="25.84950548596680164337158203125" lon="119.57181195728480815887451171875">
        <ele>13.80000019073486328125</ele>
        <time>2025-05-30T22:18:01.000Z</time>
        <extensions>
          <ns3:TrackPointExtension>
            <ns3:atemp>27.0</ns3:atemp>
            <ns3:hr>139</ns3:hr>
            <ns3:cad>82</ns3:cad>
          </ns3:TrackPointExtension>
        </extensions>
      </trkpt>
      <trkpt lat="25.8495280332863330841064453125" lon="119.571820758283138275146484375">
        <ele>13.6000003814697265625</ele>
        <time>2025-05-30T22:18:02.000Z</time>
        <extensions>
          <ns3:TrackPointExtension>
            <ns3:atemp>27.0</ns3:atemp>
            <ns3:hr>140</ns3:hr>
            <ns3:cad>82</ns3:cad>
          </ns3:TrackPointExtension>
        </extensions>
      </trkpt>
      <trkpt lat="25.84955074824392795562744140625" lon="119.5718358457088470458984375">
        <ele>13.6000003814697265625</ele>
        <time>2025-05-30T22:18:03.000Z</time>
        <extensions>
          <ns3:TrackPointExtension>
            <ns3:atemp>27.0</ns3:atemp>
            <ns3:hr>140</ns3:hr>
            <ns3:cad>82</ns3:cad>
          </ns3:TrackPointExtension>
        </extensions>
      </trkpt>
      <trkpt lat="25.84957203827798366546630859375" lon="119.57183995284140110015869140625">
        <ele>13.6000003814697265625</ele>
        <time>2025-05-30T22:18:04.000Z</time>
        <extensions>
          <ns3:TrackPointExtension>
            <ns3:atemp>27.0</ns3:atemp>
            <ns3:hr>139</ns3:hr>
            <ns3:cad>82</ns3:cad>
          </ns3:TrackPointExtension>
        </extensions>
      </trkpt>
      <trkpt lat="25.8495917357504367828369140625" lon="119.57185101695358753204345703125">
        <ele>13.6000003814697265625</ele>
        <time>2025-05-30T22:18:05.000Z</time>
        <extensions>
          <ns3:TrackPointExtension>
            <ns3:atemp>27.0</ns3:atemp>
            <ns3:hr>140</ns3:hr>
            <ns3:cad>82</ns3:cad>
          </ns3:TrackPointExtension>
        </extensions>
      </trkpt>
      <trkpt lat="25.8496115170419216156005859375" lon="119.5718604885041713714599609375">
        <ele>13.6000003814697265625</ele>
        <time>2025-05-30T22:18:06.000Z</time>
        <extensions>
          <ns3:TrackPointExtension>
            <ns3:atemp>27.0</ns3:atemp>
            <ns3:hr>140</ns3:hr>
            <ns3:cad>82</ns3:cad>
          </ns3:TrackPointExtension>
        </extensions>
      </trkpt>
      <trkpt lat="25.8496299572288990020751953125" lon="119.571869373321533203125">
        <ele>13.80000019073486328125</ele>
        <time>2025-05-30T22:18:07.000Z</time>
        <extensions>
          <ns3:TrackPointExtension>
            <ns3:atemp>27.0</ns3:atemp>
            <ns3:hr>140</ns3:hr>
            <ns3:cad>82</ns3:cad>
          </ns3:TrackPointExtension>
        </extensions>
      </trkpt>
      <trkpt lat="25.84964923560619354248046875" lon="119.5718772523105144500732421875">
        <ele>13.80000019073486328125</ele>
        <time>2025-05-30T22:18:08.000Z</time>
        <extensions>
          <ns3:TrackPointExtension>
            <ns3:atemp>27.0</ns3:atemp>
            <ns3:hr>140</ns3:hr>
            <ns3:cad>83</ns3:cad>
          </ns3:TrackPointExtension>
        </extensions>
      </trkpt>
      <trkpt lat="25.84966759197413921356201171875" lon="119.571879766881465911865234375">
        <ele>13.80000019073486328125</ele>
        <time>2025-05-30T22:18:09.000Z</time>
        <extensions>
          <ns3:TrackPointExtension>
            <ns3:atemp>27.0</ns3:atemp>
            <ns3:hr>140</ns3:hr>
            <ns3:cad>83</ns3:cad>
          </ns3:TrackPointExtension>
        </extensions>
      </trkpt>
      <trkpt lat="25.84969022311270236968994140625" lon="119.571895860135555267333984375">
        <ele>13.6000003814697265625</ele>
        <time>2025-05-30T22:18:10.000Z</time>
        <extensions>
          <ns3:TrackPointExtension>
            <ns3:atemp>27.0</ns3:atemp>
            <ns3:hr>139</ns3:hr>
            <ns3:cad>81</ns3:cad>
          </ns3:TrackPointExtension>
        </extensions>
      </trkpt>
      <trkpt lat="25.84970665164291858673095703125" lon="119.5718946866691112518310546875">
        <ele>13.6000003814697265625</ele>
        <time>2025-05-30T22:18:11.000Z</time>
        <extensions>
          <ns3:TrackPointExtension>
            <ns3:atemp>27.0</ns3:atemp>
            <ns3:hr>140</ns3:hr>
            <ns3:cad>81</ns3:cad>
          </ns3:TrackPointExtension>
        </extensions>
      </trkpt>
      <trkpt lat="25.8497281931340694427490234375" lon="119.57190281711518764495849609375">
        <ele>13.6000003814697265625</ele>
        <time>2025-05-30T22:18:12.000Z</time>
        <extensions>
          <ns3:TrackPointExtension>
            <ns3:atemp>27.0</ns3:atemp>
            <ns3:hr>140</ns3:hr>
            <ns3:cad>86</ns3:cad>
          </ns3:TrackPointExtension>
        </extensions>
      </trkpt>
      <trkpt lat="25.8497456274926662445068359375" lon="119.57191304303705692291259765625">
        <ele>13.6000003814697265625</ele>
        <time>2025-05-30T22:18:13.000Z</time>
        <extensions>
          <ns3:TrackPointExtension>
            <ns3:atemp>27.0</ns3:atemp>
            <ns3:hr>140</ns3:hr>
            <ns3:cad>86</ns3:cad>
          </ns3:TrackPointExtension>
        </extensions>
      </trkpt>
      <trkpt lat="25.8497640676796436309814453125" lon="119.57191488705575466156005859375">
        <ele>13.3999996185302734375</ele>
        <time>2025-05-30T22:18:14.000Z</time>
        <extensions>
          <ns3:TrackPointExtension>
            <ns3:atemp>27.0</ns3:atemp>
            <ns3:hr>140</ns3:hr>
            <ns3:cad>86</ns3:cad>
          </ns3:TrackPointExtension>
        </extensions>
      </trkpt>
      <trkpt lat="25.849785022437572479248046875" lon="119.571932740509510040283203125">
        <ele>13.3999996185302734375</ele>
        <time>2025-05-30T22:18:15.000Z</time>
        <extensions>
          <ns3:TrackPointExtension>
            <ns3:atemp>27.0</ns3:atemp>
            <ns3:hr>140</ns3:hr>
            <ns3:cad>84</ns3:cad>
          </ns3:TrackPointExtension>
        </extensions>
      </trkpt>
      <trkpt lat="25.84980019368231296539306640625" lon="119.57193600945174694061279296875">
        <ele>13.3999996185302734375</ele>
        <time>2025-05-30T22:18:16.000Z</time>
        <extensions>
          <ns3:TrackPointExtension>
            <ns3:atemp>27.0</ns3:atemp>
            <ns3:hr>140</ns3:hr>
            <ns3:cad>84</ns3:cad>
          </ns3:TrackPointExtension>
        </extensions>
      </trkpt>
      <trkpt lat="25.8498203940689563751220703125" lon="119.57194246351718902587890625">
        <ele>13.3999996185302734375</ele>
        <time>2025-05-30T22:18:17.000Z</time>
        <extensions>
          <ns3:TrackPointExtension>
            <ns3:atemp>27.0</ns3:atemp>
            <ns3:hr>140</ns3:hr>
            <ns3:cad>84</ns3:cad>
          </ns3:TrackPointExtension>
        </extensions>
      </trkpt>
      <trkpt lat="25.84983740933239459991455078125" lon="119.5719486661255359649658203125">
        <ele>13.3999996185302734375</ele>
        <time>2025-05-30T22:18:18.000Z</time>
        <extensions>
          <ns3:TrackPointExtension>
            <ns3:atemp>27.0</ns3:atemp>
            <ns3:hr>140</ns3:hr>
            <ns3:cad>84</ns3:cad>
          </ns3:TrackPointExtension>
        </extensions>
      </trkpt>
      <trkpt lat="25.84985635243356227874755859375" lon="119.57194975577294826507568359375">
        <ele>13.3999996185302734375</ele>
        <time>2025-05-30T22:18:19.000Z</time>
        <extensions>
          <ns3:TrackPointExtension>
            <ns3:atemp>27.0</ns3:atemp>
            <ns3:hr>140</ns3:hr>
            <ns3:cad>84</ns3:cad>
          </ns3:TrackPointExtension>
        </extensions>
      </trkpt>
      <trkpt lat="25.84987990558147430419921875" lon="119.571966938674449920654296875">
        <ele>13.3999996185302734375</ele>
        <time>2025-05-30T22:18:20.000Z</time>
        <extensions>
          <ns3:TrackPointExtension>
            <ns3:atemp>27.0</ns3:atemp>
            <ns3:hr>141</ns3:hr>
            <ns3:cad>84</ns3:cad>
          </ns3:TrackPointExtension>
        </extensions>
      </trkpt>
      <trkpt lat="25.8498971723020076751708984375" lon="119.57196970470249652862548828125">
        <ele>13.3999996185302734375</ele>
        <time>2025-05-30T22:18:21.000Z</time>
        <extensions>
          <ns3:TrackPointExtension>
            <ns3:atemp>27.0</ns3:atemp>
            <ns3:hr>141</ns3:hr>
            <ns3:cad>84</ns3:cad>
          </ns3:TrackPointExtension>
        </extensions>
      </trkpt>
      <trkpt lat="25.84992055781185626983642578125" lon="119.57197607494890689849853515625">
        <ele>13.19999980926513671875</ele>
        <time>2025-05-30T22:18:22.000Z</time>
        <extensions>
          <ns3:TrackPointExtension>
            <ns3:atemp>27.0</ns3:atemp>
            <ns3:hr>141</ns3:hr>
            <ns3:cad>83</ns3:cad>
          </ns3:TrackPointExtension>
        </extensions>
      </trkpt>
      <trkpt lat="25.849939920008182525634765625" lon="119.57198965363204479217529296875">
        <ele>13.19999980926513671875</ele>
        <time>2025-05-30T22:18:23.000Z</time>
        <extensions>
          <ns3:TrackPointExtension>
            <ns3:atemp>27.0</ns3:atemp>
            <ns3:hr>141</ns3:hr>
            <ns3:cad>83</ns3:cad>
          </ns3:TrackPointExtension>
        </extensions>
      </trkpt>
      <trkpt lat="25.849958360195159912109375" lon="119.571990408003330230712890625">
        <ele>13.19999980926513671875</ele>
        <time>2025-05-30T22:18:24.000Z</time>
        <extensions>
          <ns3:TrackPointExtension>
            <ns3:atemp>27.0</ns3:atemp>
            <ns3:hr>142</ns3:hr>
            <ns3:cad>83</ns3:cad>
          </ns3:TrackPointExtension>
        </extensions>
      </trkpt>
      <trkpt lat="25.84998258389532566070556640625" lon="119.572006501257419586181640625">
        <ele>13.19999980926513671875</ele>
        <time>2025-05-30T22:18:25.000Z</time>
        <extensions>
          <ns3:TrackPointExtension>
            <ns3:atemp>27.0</ns3:atemp>
            <ns3:hr>142</ns3:hr>
            <ns3:cad>84</ns3:cad>
          </ns3:TrackPointExtension>
        </extensions>
      </trkpt>
      <trkpt lat="25.8499990962445735931396484375" lon="119.57200591452419757843017578125">
        <ele>13.19999980926513671875</ele>
        <time>2025-05-30T22:18:26.000Z</time>
        <extensions>
          <ns3:TrackPointExtension>
            <ns3:atemp>27.0</ns3:atemp>
            <ns3:hr>142</ns3:hr>
            <ns3:cad>84</ns3:cad>
          </ns3:TrackPointExtension>
        </extensions>
      </trkpt>
      <trkpt lat="25.8500242419540882110595703125" lon="119.57201412878930568695068359375">
        <ele>13.19999980926513671875</ele>
        <time>2025-05-30T22:18:27.000Z</time>
        <extensions>
          <ns3:TrackPointExtension>
            <ns3:atemp>27.0</ns3:atemp>
            <ns3:hr>141</ns3:hr>
            <ns3:cad>84</ns3:cad>
          </ns3:TrackPointExtension>
        </extensions>
      </trkpt>
      <trkpt lat="25.8500416763126850128173828125" lon="119.57202519290149211883544921875">
        <ele>13.19999980926513671875</ele>
        <time>2025-05-30T22:18:28.000Z</time>
        <extensions>
          <ns3:TrackPointExtension>
            <ns3:atemp>27.0</ns3:atemp>
            <ns3:hr>142</ns3:hr>
            <ns3:cad>84</ns3:cad>
          </ns3:TrackPointExtension>
        </extensions>
      </trkpt>
      <trkpt lat="25.85005902685225009918212890625" lon="119.57202536053955554962158203125">
        <ele>13.19999980926513671875</ele>
        <time>2025-05-30T22:18:29.000Z</time>
        <extensions>
          <ns3:TrackPointExtension>
            <ns3:atemp>27.0</ns3:atemp>
            <ns3:hr>142</ns3:hr>
            <ns3:cad>84</ns3:cad>
          </ns3:TrackPointExtension>
        </extensions>
      </trkpt>
      <trkpt lat="25.85008283145725727081298828125" lon="119.57204229198396205902099609375">
        <ele>13.19999980926513671875</ele>
        <time>2025-05-30T22:18:30.000Z</time>
        <extensions>
          <ns3:TrackPointExtension>
            <ns3:atemp>27.0</ns3:atemp>
            <ns3:hr>141</ns3:hr>
            <ns3:cad>84</ns3:cad>
          </ns3:TrackPointExtension>
        </extensions>
      </trkpt>
      <trkpt lat="25.85009993053972721099853515625" lon="119.5720477402210235595703125">
        <ele>13.19999980926513671875</ele>
        <time>2025-05-30T22:18:31.000Z</time>
        <extensions>
          <ns3:TrackPointExtension>
            <ns3:atemp>27.0</ns3:atemp>
            <ns3:hr>141</ns3:hr>
            <ns3:cad>84</ns3:cad>
          </ns3:TrackPointExtension>
        </extensions>
      </trkpt>
      <trkpt lat="25.8501224778592586517333984375" lon="119.5720552839338779449462890625">
        <ele>13.19999980926513671875</ele>
        <time>2025-05-30T22:18:32.000Z</time>
        <extensions>
          <ns3:TrackPointExtension>
            <ns3:atemp>27.0</ns3:atemp>
            <ns3:hr>141</ns3:hr>
            <ns3:cad>84</ns3:cad>
          </ns3:TrackPointExtension>
        </extensions>
      </trkpt>
      <trkpt lat="25.8501429297029972076416015625" lon="119.5720691978931427001953125">
        <ele>13.19999980926513671875</ele>
        <time>2025-05-30T22:18:33.000Z</time>
        <extensions>
          <ns3:TrackPointExtension>
            <ns3:atemp>27.0</ns3:atemp>
            <ns3:hr>141</ns3:hr>
            <ns3:cad>83</ns3:cad>
          </ns3:TrackPointExtension>
        </extensions>
      </trkpt>
      <trkpt lat="25.8501610346138477325439453125" lon="119.57207280211150646209716796875">
        <ele>13.19999980926513671875</ele>
        <time>2025-05-30T22:18:34.000Z</time>
        <extensions>
          <ns3:TrackPointExtension>
            <ns3:atemp>27.0</ns3:atemp>
            <ns3:hr>142</ns3:hr>
            <ns3:cad>82</ns3:cad>
          </ns3:TrackPointExtension>
        </extensions>
      </trkpt>
      <trkpt lat="25.850184001028537750244140625" lon="119.572085626423358917236328125">
        <ele>13.19999980926513671875</ele>
        <time>2025-05-30T22:18:35.000Z</time>
        <extensions>
          <ns3:TrackPointExtension>
            <ns3:atemp>27.0</ns3:atemp>
            <ns3:hr>142</ns3:hr>
            <ns3:cad>82</ns3:cad>
          </ns3:TrackPointExtension>
        </extensions>
      </trkpt>
      <trkpt lat="25.8502016030251979827880859375" lon="119.57208998501300811767578125">
        <ele>13.19999980926513671875</ele>
        <time>2025-05-30T22:18:36.000Z</time>
        <extensions>
          <ns3:TrackPointExtension>
            <ns3:atemp>27.0</ns3:atemp>
            <ns3:hr>141</ns3:hr>
            <ns3:cad>82</ns3:cad>
          </ns3:TrackPointExtension>
        </extensions>
      </trkpt>
      <trkpt lat="25.85022029466927051544189453125" lon="119.57209400832653045654296875">
        <ele>13.19999980926513671875</ele>
        <time>2025-05-30T22:18:37.000Z</time>
        <extensions>
          <ns3:TrackPointExtension>
            <ns3:atemp>27.0</ns3:atemp>
            <ns3:hr>141</ns3:hr>
            <ns3:cad>83</ns3:cad>
          </ns3:TrackPointExtension>
        </extensions>
      </trkpt>
      <trkpt lat="25.8502388186752796173095703125" lon="119.57210607826709747314453125">
        <ele>13.19999980926513671875</ele>
        <time>2025-05-30T22:18:38.000Z</time>
        <extensions>
          <ns3:TrackPointExtension>
            <ns3:atemp>27.0</ns3:atemp>
            <ns3:hr>141</ns3:hr>
            <ns3:cad>83</ns3:cad>
          </ns3:TrackPointExtension>
        </extensions>
      </trkpt>
      <trkpt lat="25.85025365464389324188232421875" lon="119.57210683263838291168212890625">
        <ele>13.19999980926513671875</ele>
        <time>2025-05-30T22:18:39.000Z</time>
        <extensions>
          <ns3:TrackPointExtension>
            <ns3:atemp>27.0</ns3:atemp>
            <ns3:hr>142</ns3:hr>
            <ns3:cad>83</ns3:cad>
          </ns3:TrackPointExtension>
        </extensions>
      </trkpt>
      <trkpt lat="25.85027678869664669036865234375" lon="119.5721246860921382904052734375">
        <ele>13.19999980926513671875</ele>
        <time>2025-05-30T22:18:40.000Z</time>
        <extensions>
          <ns3:TrackPointExtension>
            <ns3:atemp>27.0</ns3:atemp>
            <ns3:hr>141</ns3:hr>
            <ns3:cad>83</ns3:cad>
          </ns3:TrackPointExtension>
        </extensions>
      </trkpt>
      <trkpt lat="25.85029036737978458404541015625" lon="119.57212644629180431365966796875">
        <ele>13.19999980926513671875</ele>
        <time>2025-05-30T22:18:41.000Z</time>
        <extensions>
          <ns3:TrackPointExtension>
            <ns3:atemp>27.0</ns3:atemp>
            <ns3:hr>141</ns3:hr>
            <ns3:cad>84</ns3:cad>
          </ns3:TrackPointExtension>
        </extensions>
      </trkpt>
      <trkpt lat="25.85031249560415744781494140625" lon="119.5721310563385486602783203125">
        <ele>13.19999980926513671875</ele>
        <time>2025-05-30T22:18:42.000Z</time>
        <extensions>
          <ns3:TrackPointExtension>
            <ns3:atemp>27.0</ns3:atemp>
            <ns3:hr>142</ns3:hr>
            <ns3:cad>85</ns3:cad>
          </ns3:TrackPointExtension>
        </extensions>
      </trkpt>
      <trkpt lat="25.8503293432295322418212890625" lon="119.57214203663170337677001953125">
        <ele>13.19999980926513671875</ele>
        <time>2025-05-30T22:18:43.000Z</time>
        <extensions>
          <ns3:TrackPointExtension>
            <ns3:atemp>27.0</ns3:atemp>
            <ns3:hr>142</ns3:hr>
            <ns3:cad>86</ns3:cad>
          </ns3:TrackPointExtension>
        </extensions>
      </trkpt>
      <trkpt lat="25.85034837014973163604736328125" lon="119.5721431262791156768798828125">
        <ele>13.19999980926513671875</ele>
        <time>2025-05-30T22:18:44.000Z</time>
        <extensions>
          <ns3:TrackPointExtension>
            <ns3:atemp>27.0</ns3:atemp>
            <ns3:hr>142</ns3:hr>
            <ns3:cad>86</ns3:cad>
          </ns3:TrackPointExtension>
        </extensions>
      </trkpt>
      <trkpt lat="25.8503699116408824920654296875" lon="119.5721555314958095550537109375">
        <ele>13.19999980926513671875</ele>
        <time>2025-05-30T22:18:45.000Z</time>
        <extensions>
          <ns3:TrackPointExtension>
            <ns3:atemp>27.0</ns3:atemp>
            <ns3:hr>142</ns3:hr>
            <ns3:cad>85</ns3:cad>
          </ns3:TrackPointExtension>
        </extensions>
      </trkpt>
      <trkpt lat="25.85038893856108188629150390625" lon="119.572156704962253570556640625">
        <ele>13.19999980926513671875</ele>
        <time>2025-05-30T22:18:46.000Z</time>
        <extensions>
          <ns3:TrackPointExtension>
            <ns3:atemp>27.0</ns3:atemp>
            <ns3:hr>141</ns3:hr>
            <ns3:cad>84</ns3:cad>
          </ns3:TrackPointExtension>
        </extensions>
      </trkpt>
      <trkpt lat="25.85040964186191558837890625" lon="119.5721652545034885406494140625">
        <ele>13.19999980926513671875</ele>
        <time>2025-05-30T22:18:47.000Z</time>
        <extensions>
          <ns3:TrackPointExtension>
            <ns3:atemp>27.0</ns3:atemp>
            <ns3:hr>142</ns3:hr>
            <ns3:cad>83</ns3:cad>
          </ns3:TrackPointExtension>
        </extensions>
      </trkpt>
      <trkpt lat="25.85042917169630527496337890625" lon="119.57217824645340442657470703125">
        <ele>13.19999980926513671875</ele>
        <time>2025-05-30T22:18:48.000Z</time>
        <extensions>
          <ns3:TrackPointExtension>
            <ns3:atemp>27.0</ns3:atemp>
            <ns3:hr>142</ns3:hr>
            <ns3:cad>83</ns3:cad>
          </ns3:TrackPointExtension>
        </extensions>
      </trkpt>
      <trkpt lat="25.85044492967426776885986328125" lon="119.57218210212886333465576171875">
        <ele>13.3999996185302734375</ele>
        <time>2025-05-30T22:18:49.000Z</time>
        <extensions>
          <ns3:TrackPointExtension>
            <ns3:atemp>27.0</ns3:atemp>
            <ns3:hr>142</ns3:hr>
            <ns3:cad>83</ns3:cad>
          </ns3:TrackPointExtension>
        </extensions>
      </trkpt>
      <trkpt lat="25.85047133266925811767578125" lon="119.5721979439258575439453125">
        <ele>13.3999996185302734375</ele>
        <time>2025-05-30T22:18:50.000Z</time>
        <extensions>
          <ns3:TrackPointExtension>
            <ns3:atemp>27.0</ns3:atemp>
            <ns3:hr>142</ns3:hr>
            <ns3:cad>84</ns3:cad>
          </ns3:TrackPointExtension>
        </extensions>
      </trkpt>
      <trkpt lat="25.8504882641136646270751953125" lon="119.5722028054296970367431640625">
        <ele>13.3999996185302734375</ele>
        <time>2025-05-30T22:18:51.000Z</time>
        <extensions>
          <ns3:TrackPointExtension>
            <ns3:atemp>27.0</ns3:atemp>
            <ns3:hr>141</ns3:hr>
            <ns3:cad>84</ns3:cad>
          </ns3:TrackPointExtension>
        </extensions>
      </trkpt>
      <trkpt lat="25.85051131434738636016845703125" lon="119.57220741547644138336181640625">
        <ele>13.19999980926513671875</ele>
        <time>2025-05-30T22:18:52.000Z</time>
        <extensions>
          <ns3:TrackPointExtension>
            <ns3:atemp>27.0</ns3:atemp>
            <ns3:hr>142</ns3:hr>
            <ns3:cad>84</ns3:cad>
          </ns3:TrackPointExtension>
        </extensions>
      </trkpt>
      <trkpt lat="25.85052941925823688507080078125" lon="119.57221982069313526153564453125">
        <ele>13.19999980926513671875</ele>
        <time>2025-05-30T22:18:53.000Z</time>
        <extensions>
          <ns3:TrackPointExtension>
            <ns3:atemp>27.0</ns3:atemp>
            <ns3:hr>142</ns3:hr>
            <ns3:cad>84</ns3:cad>
          </ns3:TrackPointExtension>
        </extensions>
      </trkpt>
      <trkpt lat="25.8505459316074848175048828125" lon="119.57222216762602329254150390625">
        <ele>13.19999980926513671875</ele>
        <time>2025-05-30T22:18:54.000Z</time>
        <extensions>
          <ns3:TrackPointExtension>
            <ns3:atemp>27.0</ns3:atemp>
            <ns3:hr>142</ns3:hr>
            <ns3:cad>83</ns3:cad>
          </ns3:TrackPointExtension>
        </extensions>
      </trkpt>
      <trkpt lat="25.85056864656507968902587890625" lon="119.57223809324204921722412109375">
        <ele>13</ele>
        <time>2025-05-30T22:18:55.000Z</time>
        <extensions>
          <ns3:TrackPointExtension>
            <ns3:atemp>27.0</ns3:atemp>
            <ns3:hr>142</ns3:hr>
            <ns3:cad>83</ns3:cad>
          </ns3:TrackPointExtension>
        </extensions>
      </trkpt>
      <trkpt lat="25.8505861647427082061767578125" lon="119.5722408592700958251953125">
        <ele>13</ele>
        <time>2025-05-30T22:18:56.000Z</time>
        <extensions>
          <ns3:TrackPointExtension>
            <ns3:atemp>27.0</ns3:atemp>
            <ns3:hr>142</ns3:hr>
            <ns3:cad>84</ns3:cad>
          </ns3:TrackPointExtension>
        </extensions>
      </trkpt>
      <trkpt lat="25.85061013698577880859375" lon="119.57224848680198192596435546875">
        <ele>13</ele>
        <time>2025-05-30T22:18:57.000Z</time>
        <extensions>
          <ns3:TrackPointExtension>
            <ns3:atemp>27.0</ns3:atemp>
            <ns3:hr>142</ns3:hr>
            <ns3:cad>84</ns3:cad>
          </ns3:TrackPointExtension>
        </extensions>
      </trkpt>
      <trkpt lat="25.8506314270198345184326171875" lon="119.5722604729235172271728515625">
        <ele>13</ele>
        <time>2025-05-30T22:18:58.000Z</time>
        <extensions>
          <ns3:TrackPointExtension>
            <ns3:atemp>27.0</ns3:atemp>
            <ns3:hr>142</ns3:hr>
            <ns3:cad>84</ns3:cad>
          </ns3:TrackPointExtension>
        </extensions>
      </trkpt>
      <trkpt lat="25.85064978338778018951416015625" lon="119.57226290367543697357177734375">
        <ele>13</ele>
        <time>2025-05-30T22:18:59.000Z</time>
        <extensions>
          <ns3:TrackPointExtension>
            <ns3:atemp>27.0</ns3:atemp>
            <ns3:hr>142</ns3:hr>
            <ns3:cad>84</ns3:cad>
          </ns3:TrackPointExtension>
        </extensions>
      </trkpt>
      <trkpt lat="25.8506719954311847686767578125" lon="119.572279751300811767578125">
        <ele>12.80000019073486328125</ele>
        <time>2025-05-30T22:19:00.000Z</time>
        <extensions>
          <ns3:TrackPointExtension>
            <ns3:atemp>27.0</ns3:atemp>
            <ns3:hr>142</ns3:hr>
            <ns3:cad>84</ns3:cad>
          </ns3:TrackPointExtension>
        </extensions>
      </trkpt>
      <trkpt lat="25.85068867541849613189697265625" lon="119.5722802542150020599365234375">
        <ele>12.80000019073486328125</ele>
        <time>2025-05-30T22:19:01.000Z</time>
        <extensions>
          <ns3:TrackPointExtension>
            <ns3:atemp>27.0</ns3:atemp>
            <ns3:hr>141</ns3:hr>
            <ns3:cad>84</ns3:cad>
          </ns3:TrackPointExtension>
        </extensions>
      </trkpt>
      <trkpt lat="25.85071147419512271881103515625" lon="119.572286121547222137451171875">
        <ele>12.80000019073486328125</ele>
        <time>2025-05-30T22:19:02.000Z</time>
        <extensions>
          <ns3:TrackPointExtension>
            <ns3:atemp>27.0</ns3:atemp>
            <ns3:hr>141</ns3:hr>
            <ns3:cad>84</ns3:cad>
          </ns3:TrackPointExtension>
        </extensions>
      </trkpt>
      <trkpt lat="25.85072974674403667449951171875" lon="119.5722960121929645538330078125">
        <ele>12.80000019073486328125</ele>
        <time>2025-05-30T22:19:03.000Z</time>
        <extensions>
          <ns3:TrackPointExtension>
            <ns3:atemp>27.0</ns3:atemp>
            <ns3:hr>141</ns3:hr>
            <ns3:cad>84</ns3:cad>
          </ns3:TrackPointExtension>
        </extensions>
      </trkpt>
      <trkpt lat="25.85074919275939464569091796875" lon="119.5723007060587406158447265625">
        <ele>12.80000019073486328125</ele>
        <time>2025-05-30T22:19:04.000Z</time>
        <extensions>
          <ns3:TrackPointExtension>
            <ns3:atemp>27.0</ns3:atemp>
            <ns3:hr>141</ns3:hr>
            <ns3:cad>84</ns3:cad>
          </ns3:TrackPointExtension>
        </extensions>
      </trkpt>
      <trkpt lat="25.850772745907306671142578125" lon="119.57231470383703708648681640625">
        <ele>12.80000019073486328125</ele>
        <time>2025-05-30T22:19:05.000Z</time>
        <extensions>
          <ns3:TrackPointExtension>
            <ns3:atemp>27.0</ns3:atemp>
            <ns3:hr>140</ns3:hr>
            <ns3:cad>84</ns3:cad>
          </ns3:TrackPointExtension>
        </extensions>
      </trkpt>
      <trkpt lat="25.85078758187592029571533203125" lon="119.57231470383703708648681640625">
        <ele>12.80000019073486328125</ele>
        <time>2025-05-30T22:19:06.000Z</time>
        <extensions>
          <ns3:TrackPointExtension>
            <ns3:atemp>27.0</ns3:atemp>
            <ns3:hr>140</ns3:hr>
            <ns3:cad>84</ns3:cad>
          </ns3:TrackPointExtension>
        </extensions>
      </trkpt>
      <trkpt lat="25.8508097939193248748779296875" lon="119.5723221637308597564697265625">
        <ele>12.80000019073486328125</ele>
        <time>2025-05-30T22:19:07.000Z</time>
        <extensions>
          <ns3:TrackPointExtension>
            <ns3:atemp>27.0</ns3:atemp>
            <ns3:hr>140</ns3:hr>
            <ns3:cad>84</ns3:cad>
          </ns3:TrackPointExtension>
        </extensions>
      </trkpt>
      <trkpt lat="25.85082647390663623809814453125" lon="119.57232861779630184173583984375">
        <ele>12.80000019073486328125</ele>
        <time>2025-05-30T22:19:08.000Z</time>
        <extensions>
          <ns3:TrackPointExtension>
            <ns3:atemp>27.0</ns3:atemp>
            <ns3:hr>140</ns3:hr>
            <ns3:cad>84</ns3:cad>
          </ns3:TrackPointExtension>
        </extensions>
      </trkpt>
      <trkpt lat="25.85084625519812107086181640625" lon="119.572334401309490203857421875">
        <ele>12.80000019073486328125</ele>
        <time>2025-05-30T22:19:09.000Z</time>
        <extensions>
          <ns3:TrackPointExtension>
            <ns3:atemp>27.0</ns3:atemp>
            <ns3:hr>140</ns3:hr>
            <ns3:cad>85</ns3:cad>
          </ns3:TrackPointExtension>
        </extensions>
      </trkpt>
      <trkpt lat="25.8508677966892719268798828125" lon="119.57235150039196014404296875">
        <ele>12.80000019073486328125</ele>
        <time>2025-05-30T22:19:10.000Z</time>
        <extensions>
          <ns3:TrackPointExtension>
            <ns3:atemp>27.0</ns3:atemp>
            <ns3:hr>140</ns3:hr>
            <ns3:cad>84</ns3:cad>
          </ns3:TrackPointExtension>
        </extensions>
      </trkpt>
      <trkpt lat="25.85088347084820270538330078125" lon="119.57235191948711872100830078125">
        <ele>12.80000019073486328125</ele>
        <time>2025-05-30T22:19:11.000Z</time>
        <extensions>
          <ns3:TrackPointExtension>
            <ns3:atemp>27.0</ns3:atemp>
            <ns3:hr>140</ns3:hr>
            <ns3:cad>84</ns3:cad>
          </ns3:TrackPointExtension>
        </extensions>
      </trkpt>
      <trkpt lat="25.85090450942516326904296875" lon="119.57236516289412975311279296875">
        <ele>12.80000019073486328125</ele>
        <time>2025-05-30T22:19:12.000Z</time>
        <extensions>
          <ns3:TrackPointExtension>
            <ns3:atemp>27.0</ns3:atemp>
            <ns3:hr>140</ns3:hr>
            <ns3:cad>84</ns3:cad>
          </ns3:TrackPointExtension>
        </extensions>
      </trkpt>
      <trkpt lat="25.85092085413634777069091796875" lon="119.57237069495022296905517578125">
        <ele>12.80000019073486328125</ele>
        <time>2025-05-30T22:19:13.000Z</time>
        <extensions>
          <ns3:TrackPointExtension>
            <ns3:atemp>27.0</ns3:atemp>
            <ns3:hr>140</ns3:hr>
            <ns3:cad>84</ns3:cad>
          </ns3:TrackPointExtension>
        </extensions>
      </trkpt>
      <trkpt lat="25.850939042866230010986328125" lon="119.5723781548440456390380859375">
        <ele>12.80000019073486328125</ele>
        <time>2025-05-30T22:19:14.000Z</time>
        <extensions>
          <ns3:TrackPointExtension>
            <ns3:atemp>27.0</ns3:atemp>
            <ns3:hr>140</ns3:hr>
            <ns3:cad>84</ns3:cad>
          </ns3:TrackPointExtension>
        </extensions>
      </trkpt>
      <trkpt lat="25.8509563095867633819580078125" lon="119.572392068803310394287109375">
        <ele>12.80000019073486328125</ele>
        <time>2025-05-30T22:19:15.000Z</time>
        <extensions>
          <ns3:TrackPointExtension>
            <ns3:atemp>27.0</ns3:atemp>
            <ns3:hr>140</ns3:hr>
            <ns3:cad>84</ns3:cad>
          </ns3:TrackPointExtension>
        </extensions>
      </trkpt>
      <trkpt lat="25.85097114555537700653076171875" lon="119.5724002830684185028076171875">
        <ele>12.80000019073486328125</ele>
        <time>2025-05-30T22:19:16.000Z</time>
        <extensions>
          <ns3:TrackPointExtension>
            <ns3:atemp>27.0</ns3:atemp>
            <ns3:hr>140</ns3:hr>
            <ns3:cad>85</ns3:cad>
          </ns3:TrackPointExtension>
        </extensions>
      </trkpt>
      <trkpt lat="25.85099704563617706298828125" lon="119.57241495139896869659423828125">
        <ele>12.80000019073486328125</ele>
        <time>2025-05-30T22:19:17.000Z</time>
        <extensions>
          <ns3:TrackPointExtension>
            <ns3:atemp>27.0</ns3:atemp>
            <ns3:hr>140</ns3:hr>
            <ns3:cad>85</ns3:cad>
          </ns3:TrackPointExtension>
        </extensions>
      </trkpt>
      <trkpt lat="25.8510119654238224029541015625" lon="119.57241729833185672760009765625">
        <ele>12.80000019073486328125</ele>
        <time>2025-05-30T22:19:18.000Z</time>
        <extensions>
          <ns3:TrackPointExtension>
            <ns3:atemp>27.0</ns3:atemp>
            <ns3:hr>140</ns3:hr>
            <ns3:cad>85</ns3:cad>
          </ns3:TrackPointExtension>
        </extensions>
      </trkpt>
      <trkpt lat="25.85103618912398815155029296875" lon="119.5724274404346942901611328125">
        <ele>12.80000019073486328125</ele>
        <time>2025-05-30T22:19:19.000Z</time>
        <extensions>
          <ns3:TrackPointExtension>
            <ns3:atemp>27.0</ns3:atemp>
            <ns3:hr>140</ns3:hr>
            <ns3:cad>85</ns3:cad>
          </ns3:TrackPointExtension>
        </extensions>
      </trkpt>
      <trkpt lat="25.85105697624385356903076171875" lon="119.57243892364203929901123046875">
        <ele>12.80000019073486328125</ele>
        <time>2025-05-30T22:19:20.000Z</time>
        <extensions>
          <ns3:TrackPointExtension>
            <ns3:atemp>27.0</ns3:atemp>
            <ns3:hr>140</ns3:hr>
            <ns3:cad>85</ns3:cad>
          </ns3:TrackPointExtension>
        </extensions>
      </trkpt>
      <trkpt lat="25.8510780148208141326904296875" lon="119.57244009710848331451416015625">
        <ele>12.80000019073486328125</ele>
        <time>2025-05-30T22:19:21.000Z</time>
        <extensions>
          <ns3:TrackPointExtension>
            <ns3:atemp>27.0</ns3:atemp>
            <ns3:hr>140</ns3:hr>
            <ns3:cad>85</ns3:cad>
          </ns3:TrackPointExtension>
        </extensions>
      </trkpt>
      <trkpt lat="25.85109469480812549591064453125" lon="119.57245015539228916168212890625">
        <ele>12.80000019073486328125</ele>
        <time>2025-05-30T22:19:22.000Z</time>
        <extensions>
          <ns3:TrackPointExtension>
            <ns3:atemp>27.0</ns3:atemp>
            <ns3:hr>141</ns3:hr>
            <ns3:cad>85</ns3:cad>
          </ns3:TrackPointExtension>
        </extensions>
      </trkpt>
      <trkpt lat="25.85110726766288280487060546875" lon="119.5724509097635746002197265625">
        <ele>13</ele>
        <time>2025-05-30T22:19:23.000Z</time>
        <extensions>
          <ns3:TrackPointExtension>
            <ns3:atemp>27.0</ns3:atemp>
            <ns3:hr>140</ns3:hr>
            <ns3:cad>85</ns3:cad>
          </ns3:TrackPointExtension>
        </extensions>
      </trkpt>
      <trkpt lat="25.8511316590011119842529296875" lon="119.57246105186641216278076171875">
        <ele>13</ele>
        <time>2025-05-30T22:19:24.000Z</time>
        <extensions>
          <ns3:TrackPointExtension>
            <ns3:atemp>27.0</ns3:atemp>
            <ns3:hr>140</ns3:hr>
            <ns3:cad>85</ns3:cad>
          </ns3:TrackPointExtension>
        </extensions>
      </trkpt>
      <trkpt lat="25.85115169174969196319580078125" lon="119.57246683537960052490234375">
        <ele>13</ele>
        <time>2025-05-30T22:19:25.000Z</time>
        <extensions>
          <ns3:TrackPointExtension>
            <ns3:atemp>27.0</ns3:atemp>
            <ns3:hr>140</ns3:hr>
            <ns3:cad>84</ns3:cad>
          </ns3:TrackPointExtension>
        </extensions>
      </trkpt>
      <trkpt lat="25.851171724498271942138671875" lon="119.57247580401599407196044921875">
        <ele>13.19999980926513671875</ele>
        <time>2025-05-30T22:19:26.000Z</time>
        <extensions>
          <ns3:TrackPointExtension>
            <ns3:atemp>27.0</ns3:atemp>
            <ns3:hr>140</ns3:hr>
            <ns3:cad>83</ns3:cad>
          </ns3:TrackPointExtension>
        </extensions>
      </trkpt>
      <trkpt lat="25.8511910028755664825439453125" lon="119.57248561084270477294921875">
        <ele>13.19999980926513671875</ele>
        <time>2025-05-30T22:19:27.000Z</time>
        <extensions>
          <ns3:TrackPointExtension>
            <ns3:atemp>27.0</ns3:atemp>
            <ns3:hr>140</ns3:hr>
            <ns3:cad>83</ns3:cad>
          </ns3:TrackPointExtension>
        </extensions>
      </trkpt>
      <trkpt lat="25.85120550356805324554443359375" lon="119.57248426973819732666015625">
        <ele>13.19999980926513671875</ele>
        <time>2025-05-30T22:19:28.000Z</time>
        <extensions>
          <ns3:TrackPointExtension>
            <ns3:atemp>27.0</ns3:atemp>
            <ns3:hr>140</ns3:hr>
            <ns3:cad>83</ns3:cad>
          </ns3:TrackPointExtension>
        </extensions>
      </trkpt>
      <trkpt lat="25.85123014636337757110595703125" lon="119.57250430248677730560302734375">
        <ele>13.19999980926513671875</ele>
        <time>2025-05-30T22:19:29.000Z</time>
        <extensions>
          <ns3:TrackPointExtension>
            <ns3:atemp>27.0</ns3:atemp>
            <ns3:hr>141</ns3:hr>
            <ns3:cad>83</ns3:cad>
          </ns3:TrackPointExtension>
        </extensions>
      </trkpt>
      <trkpt lat="25.851246826350688934326171875" lon="119.57250438630580902099609375">
        <ele>13</ele>
        <time>2025-05-30T22:19:30.000Z</time>
        <extensions>
          <ns3:TrackPointExtension>
            <ns3:atemp>27.0</ns3:atemp>
            <ns3:hr>141</ns3:hr>
            <ns3:cad>83</ns3:cad>
          </ns3:TrackPointExtension>
        </extensions>
      </trkpt>
      <trkpt lat="25.8512704633176326751708984375" lon="119.5725142769515514373779296875">
        <ele>13</ele>
        <time>2025-05-30T22:19:31.000Z</time>
        <extensions>
          <ns3:TrackPointExtension>
            <ns3:atemp>27.0</ns3:atemp>
            <ns3:hr>141</ns3:hr>
            <ns3:cad>83</ns3:cad>
          </ns3:TrackPointExtension>
        </extensions>
      </trkpt>
      <trkpt lat="25.85129384882748126983642578125" lon="119.57251846790313720703125">
        <ele>13</ele>
        <time>2025-05-30T22:19:32.000Z</time>
        <extensions>
          <ns3:TrackPointExtension>
            <ns3:atemp>27.0</ns3:atemp>
            <ns3:hr>141</ns3:hr>
            <ns3:cad>83</ns3:cad>
          </ns3:TrackPointExtension>
        </extensions>
      </trkpt>
      <trkpt lat="25.85131178610026836395263671875" lon="119.57251905463635921478271484375">
        <ele>13</ele>
        <time>2025-05-30T22:19:33.000Z</time>
        <extensions>
          <ns3:TrackPointExtension>
            <ns3:atemp>27.0</ns3:atemp>
            <ns3:hr>142</ns3:hr>
            <ns3:cad>83</ns3:cad>
          </ns3:TrackPointExtension>
        </extensions>
      </trkpt>
      <trkpt lat="25.851336009800434112548828125" lon="119.57252559252083301544189453125">
        <ele>13</ele>
        <time>2025-05-30T22:19:34.000Z</time>
        <extensions>
          <ns3:TrackPointExtension>
            <ns3:atemp>27.0</ns3:atemp>
            <ns3:hr>142</ns3:hr>
            <ns3:cad>85</ns3:cad>
          </ns3:TrackPointExtension>
        </extensions>
      </trkpt>
      <trkpt lat="25.85135570727288722991943359375" lon="119.57251754589378833770751953125">
        <ele>13</ele>
        <time>2025-05-30T22:19:35.000Z</time>
        <extensions>
          <ns3:TrackPointExtension>
            <ns3:atemp>27.0</ns3:atemp>
            <ns3:hr>142</ns3:hr>
            <ns3:cad>85</ns3:cad>
          </ns3:TrackPointExtension>
        </extensions>
      </trkpt>
      <trkpt lat="25.851380936801433563232421875" lon="119.57252341322600841522216796875">
        <ele>13</ele>
        <time>2025-05-30T22:19:36.000Z</time>
        <extensions>
          <ns3:TrackPointExtension>
            <ns3:atemp>27.0</ns3:atemp>
            <ns3:hr>142</ns3:hr>
            <ns3:cad>85</ns3:cad>
          </ns3:TrackPointExtension>
        </extensions>
      </trkpt>
      <trkpt lat="25.8514000475406646728515625" lon="119.57252274267375469207763671875">
        <ele>12.80000019073486328125</ele>
        <time>2025-05-30T22:19:37.000Z</time>
        <extensions>
          <ns3:TrackPointExtension>
            <ns3:atemp>27.0</ns3:atemp>
            <ns3:hr>142</ns3:hr>
            <ns3:cad>85</ns3:cad>
          </ns3:TrackPointExtension>
        </extensions>
      </trkpt>
      <trkpt lat="25.85142024792730808258056640625" lon="119.5725226588547229766845703125">
        <ele>12.80000019073486328125</ele>
        <time>2025-05-30T22:19:38.000Z</time>
        <extensions>
          <ns3:TrackPointExtension>
            <ns3:atemp>27.0</ns3:atemp>
            <ns3:hr>143</ns3:hr>
            <ns3:cad>85</ns3:cad>
          </ns3:TrackPointExtension>
        </extensions>
      </trkpt>
      <trkpt lat="25.851442627608776092529296875" lon="119.57252793945372104644775390625">
        <ele>12.80000019073486328125</ele>
        <time>2025-05-30T22:19:39.000Z</time>
        <extensions>
          <ns3:TrackPointExtension>
            <ns3:atemp>27.0</ns3:atemp>
            <ns3:hr>143</ns3:hr>
            <ns3:cad>85</ns3:cad>
          </ns3:TrackPointExtension>
        </extensions>
      </trkpt>
      <trkpt lat="25.85145972669124603271484375" lon="119.57252207212150096893310546875">
        <ele>12.80000019073486328125</ele>
        <time>2025-05-30T22:19:40.000Z</time>
        <extensions>
          <ns3:TrackPointExtension>
            <ns3:atemp>27.0</ns3:atemp>
            <ns3:hr>144</ns3:hr>
            <ns3:cad>85</ns3:cad>
          </ns3:TrackPointExtension>
        </extensions>
      </trkpt>
      <trkpt lat="25.85148923099040985107421875" lon="119.572521485388278961181640625">
        <ele>12.80000019073486328125</ele>
        <time>2025-05-30T22:19:41.000Z</time>
        <extensions>
          <ns3:TrackPointExtension>
            <ns3:atemp>27.0</ns3:atemp>
            <ns3:hr>144</ns3:hr>
            <ns3:cad>84</ns3:cad>
          </ns3:TrackPointExtension>
        </extensions>
      </trkpt>
      <trkpt lat="25.8515048213303089141845703125" lon="119.5725129358470439910888671875">
        <ele>12.80000019073486328125</ele>
        <time>2025-05-30T22:19:42.000Z</time>
        <extensions>
          <ns3:TrackPointExtension>
            <ns3:atemp>27.0</ns3:atemp>
            <ns3:hr>144</ns3:hr>
            <ns3:cad>84</ns3:cad>
          </ns3:TrackPointExtension>
        </extensions>
      </trkpt>
      <trkpt lat="25.851527787744998931884765625" lon="119.57250346429646015167236328125">
        <ele>12.80000019073486328125</ele>
        <time>2025-05-30T22:19:43.000Z</time>
        <extensions>
          <ns3:TrackPointExtension>
            <ns3:atemp>27.0</ns3:atemp>
            <ns3:hr>144</ns3:hr>
            <ns3:cad>84</ns3:cad>
          </ns3:TrackPointExtension>
        </extensions>
      </trkpt>
      <trkpt lat="25.85155067034065723419189453125" lon="119.57250715233385562896728515625">
        <ele>12.80000019073486328125</ele>
        <time>2025-05-30T22:19:44.000Z</time>
        <extensions>
          <ns3:TrackPointExtension>
            <ns3:atemp>27.0</ns3:atemp>
            <ns3:hr>144</ns3:hr>
            <ns3:cad>84</ns3:cad>
          </ns3:TrackPointExtension>
        </extensions>
      </trkpt>
      <trkpt lat="25.85157279856503009796142578125" lon="119.57250530831515789031982421875">
        <ele>12.80000019073486328125</ele>
        <time>2025-05-30T22:19:45.000Z</time>
        <extensions>
          <ns3:TrackPointExtension>
            <ns3:atemp>27.0</ns3:atemp>
            <ns3:hr>144</ns3:hr>
            <ns3:cad>84</ns3:cad>
          </ns3:TrackPointExtension>
        </extensions>
      </trkpt>
      <trkpt lat="25.8515963517129421234130859375" lon="119.57250765524804592132568359375">
        <ele>12.80000019073486328125</ele>
        <time>2025-05-30T22:19:46.000Z</time>
        <extensions>
          <ns3:TrackPointExtension>
            <ns3:atemp>27.0</ns3:atemp>
            <ns3:hr>144</ns3:hr>
            <ns3:cad>84</ns3:cad>
          </ns3:TrackPointExtension>
        </extensions>
      </trkpt>
      <trkpt lat="25.851615630090236663818359375" lon="119.57250597886741161346435546875">
        <ele>13.19999980926513671875</ele>
        <time>2025-05-30T22:19:47.000Z</time>
        <extensions>
          <ns3:TrackPointExtension>
            <ns3:atemp>27.0</ns3:atemp>
            <ns3:hr>144</ns3:hr>
            <ns3:cad>84</ns3:cad>
          </ns3:TrackPointExtension>
        </extensions>
      </trkpt>
      <trkpt lat="25.851641781628131866455078125" lon="119.572512097656726837158203125">
        <ele>13.19999980926513671875</ele>
        <time>2025-05-30T22:19:48.000Z</time>
        <extensions>
          <ns3:TrackPointExtension>
            <ns3:atemp>27.0</ns3:atemp>
            <ns3:hr>143</ns3:hr>
            <ns3:cad>85</ns3:cad>
          </ns3:TrackPointExtension>
        </extensions>
      </trkpt>
      <trkpt lat="25.8516563661396503448486328125" lon="119.5725052244961261749267578125">
        <ele>13.19999980926513671875</ele>
        <time>2025-05-30T22:19:49.000Z</time>
        <extensions>
          <ns3:TrackPointExtension>
            <ns3:atemp>27.0</ns3:atemp>
            <ns3:hr>143</ns3:hr>
            <ns3:cad>85</ns3:cad>
          </ns3:TrackPointExtension>
        </extensions>
      </trkpt>
      <trkpt lat="25.85167740471661090850830078125" lon="119.57250178791582584381103515625">
        <ele>13.19999980926513671875</ele>
        <time>2025-05-30T22:19:50.000Z</time>
        <extensions>
          <ns3:TrackPointExtension>
            <ns3:atemp>27.0</ns3:atemp>
            <ns3:hr>143</ns3:hr>
            <ns3:cad>85</ns3:cad>
          </ns3:TrackPointExtension>
        </extensions>
      </trkpt>
      <trkpt lat="25.85169567726552486419677734375" lon="119.57250296138226985931396484375">
        <ele>13.19999980926513671875</ele>
        <time>2025-05-30T22:19:51.000Z</time>
        <extensions>
          <ns3:TrackPointExtension>
            <ns3:atemp>27.0</ns3:atemp>
            <ns3:hr>143</ns3:hr>
            <ns3:cad>85</ns3:cad>
          </ns3:TrackPointExtension>
        </extensions>
      </trkpt>
      <trkpt lat="25.85171394981443881988525390625" lon="119.57249877043068408966064453125">
        <ele>13</ele>
        <time>2025-05-30T22:19:52.000Z</time>
        <extensions>
          <ns3:TrackPointExtension>
            <ns3:atemp>27.0</ns3:atemp>
            <ns3:hr>142</ns3:hr>
            <ns3:cad>85</ns3:cad>
          </ns3:TrackPointExtension>
        </extensions>
      </trkpt>
      <trkpt lat="25.85174026899039745330810546875" lon="119.57250514067709445953369140625">
        <ele>13</ele>
        <time>2025-05-30T22:19:53.000Z</time>
        <extensions>
          <ns3:TrackPointExtension>
            <ns3:atemp>27.0</ns3:atemp>
            <ns3:hr>142</ns3:hr>
            <ns3:cad>85</ns3:cad>
          </ns3:TrackPointExtension>
        </extensions>
      </trkpt>
      <trkpt lat="25.8517599664628505706787109375" lon="119.5725015364587306976318359375">
        <ele>13</ele>
        <time>2025-05-30T22:19:54.000Z</time>
        <extensions>
          <ns3:TrackPointExtension>
            <ns3:atemp>27.0</ns3:atemp>
            <ns3:hr>142</ns3:hr>
            <ns3:cad>85</ns3:cad>
          </ns3:TrackPointExtension>
        </extensions>
      </trkpt>
      <trkpt lat="25.85178636945784091949462890625" lon="119.57250178791582584381103515625">
        <ele>13</ele>
        <time>2025-05-30T22:19:55.000Z</time>
        <extensions>
          <ns3:TrackPointExtension>
            <ns3:atemp>27.0</ns3:atemp>
            <ns3:hr>142</ns3:hr>
            <ns3:cad>85</ns3:cad>
          </ns3:TrackPointExtension>
        </extensions>
      </trkpt>
      <trkpt lat="25.85180464200675487518310546875" lon="119.5724968425929546356201171875">
        <ele>13</ele>
        <time>2025-05-30T22:19:56.000Z</time>
        <extensions>
          <ns3:TrackPointExtension>
            <ns3:atemp>27.0</ns3:atemp>
            <ns3:hr>142</ns3:hr>
            <ns3:cad>85</ns3:cad>
          </ns3:TrackPointExtension>
        </extensions>
      </trkpt>
      <trkpt lat="25.85182718932628631591796875" lon="119.572491310536861419677734375">
        <ele>13</ele>
        <time>2025-05-30T22:19:57.000Z</time>
        <extensions>
          <ns3:TrackPointExtension>
            <ns3:atemp>27.0</ns3:atemp>
            <ns3:hr>142</ns3:hr>
            <ns3:cad>85</ns3:cad>
          </ns3:TrackPointExtension>
        </extensions>
      </trkpt>
      <trkpt lat="25.8518478088080883026123046875" lon="119.57249424420297145843505859375">
        <ele>13.19999980926513671875</ele>
        <time>2025-05-30T22:19:58.000Z</time>
        <extensions>
          <ns3:TrackPointExtension>
            <ns3:atemp>27.0</ns3:atemp>
            <ns3:hr>142</ns3:hr>
            <ns3:cad>85</ns3:cad>
          </ns3:TrackPointExtension>
        </extensions>
      </trkpt>
      <trkpt lat="25.85186767391860485076904296875" lon="119.57248988561332225799560546875">
        <ele>13.19999980926513671875</ele>
        <time>2025-05-30T22:19:59.000Z</time>
        <extensions>
          <ns3:TrackPointExtension>
            <ns3:atemp>27.0</ns3:atemp>
            <ns3:hr>142</ns3:hr>
            <ns3:cad>86</ns3:cad>
          </ns3:TrackPointExtension>
        </extensions>
      </trkpt>
      <trkpt lat="25.85189550183713436126708984375" lon="119.57249525003135204315185546875">
        <ele>13</ele>
        <time>2025-05-30T22:20:00.000Z</time>
        <extensions>
          <ns3:TrackPointExtension>
            <ns3:atemp>27.0</ns3:atemp>
            <ns3:hr>142</ns3:hr>
            <ns3:cad>86</ns3:cad>
          </ns3:TrackPointExtension>
        </extensions>
      </trkpt>
      <trkpt lat="25.851910002529621124267578125" lon="119.572489298880100250244140625">
        <ele>13</ele>
        <time>2025-05-30T22:20:01.000Z</time>
        <extensions>
          <ns3:TrackPointExtension>
            <ns3:atemp>27.0</ns3:atemp>
            <ns3:hr>143</ns3:hr>
            <ns3:cad>86</ns3:cad>
          </ns3:TrackPointExtension>
        </extensions>
      </trkpt>
      <trkpt lat="25.851933471858501434326171875" lon="119.572482593357563018798828125">
        <ele>13.19999980926513671875</ele>
        <time>2025-05-30T22:20:02.000Z</time>
        <extensions>
          <ns3:TrackPointExtension>
            <ns3:atemp>27.0</ns3:atemp>
            <ns3:hr>143</ns3:hr>
            <ns3:cad>85</ns3:cad>
          </ns3:TrackPointExtension>
        </extensions>
      </trkpt>
      <trkpt lat="25.8519566059112548828125" lon="119.57248586229979991912841796875">
        <ele>13.19999980926513671875</ele>
        <time>2025-05-30T22:20:03.000Z</time>
        <extensions>
          <ns3:TrackPointExtension>
            <ns3:atemp>27.0</ns3:atemp>
            <ns3:hr>143</ns3:hr>
            <ns3:cad>84</ns3:cad>
          </ns3:TrackPointExtension>
        </extensions>
      </trkpt>
      <trkpt lat="25.8519735373556613922119140625" lon="119.57248200662434101104736328125">
        <ele>13.19999980926513671875</ele>
        <time>2025-05-30T22:20:04.000Z</time>
        <extensions>
          <ns3:TrackPointExtension>
            <ns3:atemp>27.0</ns3:atemp>
            <ns3:hr>143</ns3:hr>
            <ns3:cad>84</ns3:cad>
          </ns3:TrackPointExtension>
        </extensions>
      </trkpt>
      <trkpt lat="25.852001197636127471923828125" lon="119.572491310536861419677734375">
        <ele>13.19999980926513671875</ele>
        <time>2025-05-30T22:20:05.000Z</time>
        <extensions>
          <ns3:TrackPointExtension>
            <ns3:atemp>27.0</ns3:atemp>
            <ns3:hr>143</ns3:hr>
            <ns3:cad>84</ns3:cad>
          </ns3:TrackPointExtension>
        </extensions>
      </trkpt>
      <trkpt lat="25.85202156566083431243896484375" lon="119.5724903047084808349609375">
        <ele>13.19999980926513671875</ele>
        <time>2025-05-30T22:20:06.000Z</time>
        <extensions>
          <ns3:TrackPointExtension>
            <ns3:atemp>27.0</ns3:atemp>
            <ns3:hr>143</ns3:hr>
            <ns3:cad>84</ns3:cad>
          </ns3:TrackPointExtension>
        </extensions>
      </trkpt>
      <trkpt lat="25.85205023176968097686767578125" lon="119.5724904723465442657470703125">
        <ele>13.19999980926513671875</ele>
        <time>2025-05-30T22:20:07.000Z</time>
        <extensions>
          <ns3:TrackPointExtension>
            <ns3:atemp>27.0</ns3:atemp>
            <ns3:hr>143</ns3:hr>
            <ns3:cad>84</ns3:cad>
          </ns3:TrackPointExtension>
        </extensions>
      </trkpt>
      <trkpt lat="25.8520734496414661407470703125" lon="119.57248753868043422698974609375">
        <ele>13</ele>
        <time>2025-05-30T22:20:08.000Z</time>
        <extensions>
          <ns3:TrackPointExtension>
            <ns3:atemp>27.0</ns3:atemp>
            <ns3:hr>143</ns3:hr>
            <ns3:cad>84</ns3:cad>
          </ns3:TrackPointExtension>
        </extensions>
      </trkpt>
      <trkpt lat="25.85209541022777557373046875" lon="119.572484605014324188232421875">
        <ele>13</ele>
        <time>2025-05-30T22:20:09.000Z</time>
        <extensions>
          <ns3:TrackPointExtension>
            <ns3:atemp>27.0</ns3:atemp>
            <ns3:hr>143</ns3:hr>
            <ns3:cad>84</ns3:cad>
          </ns3:TrackPointExtension>
        </extensions>
      </trkpt>
      <trkpt lat="25.85211955010890960693359375" lon="119.5724924840033054351806640625">
        <ele>13.19999980926513671875</ele>
        <time>2025-05-30T22:20:10.000Z</time>
        <extensions>
          <ns3:TrackPointExtension>
            <ns3:atemp>27.0</ns3:atemp>
            <ns3:hr>144</ns3:hr>
            <ns3:cad>85</ns3:cad>
          </ns3:TrackPointExtension>
        </extensions>
      </trkpt>
      <trkpt lat="25.8521364815533161163330078125" lon="119.57249089144170284271240234375">
        <ele>13.3999996185302734375</ele>
        <time>2025-05-30T22:20:11.000Z</time>
        <extensions>
          <ns3:TrackPointExtension>
            <ns3:atemp>27.0</ns3:atemp>
            <ns3:hr>144</ns3:hr>
            <ns3:cad>85</ns3:cad>
          </ns3:TrackPointExtension>
        </extensions>
      </trkpt>
      <trkpt lat="25.8521579392254352569580078125" lon="119.57249374128878116607666015625">
        <ele>13.6000003814697265625</ele>
        <time>2025-05-30T22:20:12.000Z</time>
        <extensions>
          <ns3:TrackPointExtension>
            <ns3:atemp>27.0</ns3:atemp>
            <ns3:hr>145</ns3:hr>
            <ns3:cad>85</ns3:cad>
          </ns3:TrackPointExtension>
        </extensions>
      </trkpt>
      <trkpt lat="25.85217746905982494354248046875" lon="119.57249290309846401214599609375">
        <ele>13.6000003814697265625</ele>
        <time>2025-05-30T22:20:13.000Z</time>
        <extensions>
          <ns3:TrackPointExtension>
            <ns3:atemp>27.0</ns3:atemp>
            <ns3:hr>145</ns3:hr>
            <ns3:cad>85</ns3:cad>
          </ns3:TrackPointExtension>
        </extensions>
      </trkpt>
      <trkpt lat="25.85219976492226123809814453125" lon="119.57249474711716175079345703125">
        <ele>13.80000019073486328125</ele>
        <time>2025-05-30T22:20:14.000Z</time>
        <extensions>
          <ns3:TrackPointExtension>
            <ns3:atemp>27.0</ns3:atemp>
            <ns3:hr>145</ns3:hr>
            <ns3:cad>85</ns3:cad>
          </ns3:TrackPointExtension>
        </extensions>
      </trkpt>
      <trkpt lat="25.85222038440406322479248046875" lon="119.57249374128878116607666015625">
        <ele>13.80000019073486328125</ele>
        <time>2025-05-30T22:20:15.000Z</time>
        <extensions>
          <ns3:TrackPointExtension>
            <ns3:atemp>27.0</ns3:atemp>
            <ns3:hr>145</ns3:hr>
            <ns3:cad>85</ns3:cad>
          </ns3:TrackPointExtension>
        </extensions>
      </trkpt>
      <trkpt lat="25.8522414229810237884521484375" lon="119.5724914781749248504638671875">
        <ele>13.6000003814697265625</ele>
        <time>2025-05-30T22:20:16.000Z</time>
        <extensions>
          <ns3:TrackPointExtension>
            <ns3:atemp>27.0</ns3:atemp>
            <ns3:hr>146</ns3:hr>
            <ns3:cad>86</ns3:cad>
          </ns3:TrackPointExtension>
        </extensions>
      </trkpt>
      <trkpt lat="25.85226078517735004425048828125" lon="119.57249877043068408966064453125">
        <ele>13.6000003814697265625</ele>
        <time>2025-05-30T22:20:17.000Z</time>
        <extensions>
          <ns3:TrackPointExtension>
            <ns3:atemp>27.0</ns3:atemp>
            <ns3:hr>146</ns3:hr>
            <ns3:cad>86</ns3:cad>
          </ns3:TrackPointExtension>
        </extensions>
      </trkpt>
      <trkpt lat="25.85227780044078826904296875" lon="119.57249474711716175079345703125">
        <ele>13.3999996185302734375</ele>
        <time>2025-05-30T22:20:18.000Z</time>
        <extensions>
          <ns3:TrackPointExtension>
            <ns3:atemp>27.0</ns3:atemp>
            <ns3:hr>146</ns3:hr>
            <ns3:cad>86</ns3:cad>
          </ns3:TrackPointExtension>
        </extensions>
      </trkpt>
      <trkpt lat="25.85230529308319091796875" lon="119.57249776460230350494384765625">
        <ele>13.3999996185302734375</ele>
        <time>2025-05-30T22:20:19.000Z</time>
        <extensions>
          <ns3:TrackPointExtension>
            <ns3:atemp>27.0</ns3:atemp>
            <ns3:hr>146</ns3:hr>
            <ns3:cad>86</ns3:cad>
          </ns3:TrackPointExtension>
        </extensions>
      </trkpt>
      <trkpt lat="25.85232063196599483489990234375" lon="119.57248921506106853485107421875">
        <ele>13.19999980926513671875</ele>
        <time>2025-05-30T22:20:20.000Z</time>
        <extensions>
          <ns3:TrackPointExtension>
            <ns3:atemp>27.0</ns3:atemp>
            <ns3:hr>146</ns3:hr>
            <ns3:cad>86</ns3:cad>
          </ns3:TrackPointExtension>
        </extensions>
      </trkpt>
      <trkpt lat="25.8523460291326045989990234375" lon="119.5724874548614025115966796875">
        <ele>13.19999980926513671875</ele>
        <time>2025-05-30T22:20:21.000Z</time>
        <extensions>
          <ns3:TrackPointExtension>
            <ns3:atemp>27.0</ns3:atemp>
            <ns3:hr>146</ns3:hr>
            <ns3:cad>86</ns3:cad>
          </ns3:TrackPointExtension>
        </extensions>
      </trkpt>
      <trkpt lat="25.8523661457002162933349609375" lon="119.57248452119529247283935546875">
        <ele>13.19999980926513671875</ele>
        <time>2025-05-30T22:20:22.000Z</time>
        <extensions>
          <ns3:TrackPointExtension>
            <ns3:atemp>27.0</ns3:atemp>
            <ns3:hr>146</ns3:hr>
            <ns3:cad>86</ns3:cad>
          </ns3:TrackPointExtension>
        </extensions>
      </trkpt>
      <trkpt lat="25.85238684900104999542236328125" lon="119.57248519174754619598388671875">
        <ele>13.19999980926513671875</ele>
        <time>2025-05-30T22:20:23.000Z</time>
        <extensions>
          <ns3:TrackPointExtension>
            <ns3:atemp>27.0</ns3:atemp>
            <ns3:hr>146</ns3:hr>
            <ns3:cad>86</ns3:cad>
          </ns3:TrackPointExtension>
        </extensions>
      </trkpt>
      <trkpt lat="25.85241031832993030548095703125" lon="119.57249022088944911956787109375">
        <ele>13.3999996185302734375</ele>
        <time>2025-05-30T22:20:24.000Z</time>
        <extensions>
          <ns3:TrackPointExtension>
            <ns3:atemp>27.0</ns3:atemp>
            <ns3:hr>146</ns3:hr>
            <ns3:cad>85</ns3:cad>
          </ns3:TrackPointExtension>
        </extensions>
      </trkpt>
      <trkpt lat="25.852427668869495391845703125" lon="119.5724871195852756500244140625">
        <ele>13.6000003814697265625</ele>
        <time>2025-05-30T22:20:25.000Z</time>
        <extensions>
          <ns3:TrackPointExtension>
            <ns3:atemp>27.0</ns3:atemp>
            <ns3:hr>146</ns3:hr>
            <ns3:cad>85</ns3:cad>
          </ns3:TrackPointExtension>
        </extensions>
      </trkpt>
      <trkpt lat="25.85245491005480289459228515625" lon="119.5724944956600666046142578125">
        <ele>13.3999996185302734375</ele>
        <time>2025-05-30T22:20:26.000Z</time>
        <extensions>
          <ns3:TrackPointExtension>
            <ns3:atemp>27.0</ns3:atemp>
            <ns3:hr>146</ns3:hr>
            <ns3:cad>85</ns3:cad>
          </ns3:TrackPointExtension>
        </extensions>
      </trkpt>
      <trkpt lat="25.85246823728084564208984375" lon="119.57248938269913196563720703125">
        <ele>13.3999996185302734375</ele>
        <time>2025-05-30T22:20:27.000Z</time>
        <extensions>
          <ns3:TrackPointExtension>
            <ns3:atemp>27.0</ns3:atemp>
            <ns3:hr>146</ns3:hr>
            <ns3:cad>85</ns3:cad>
          </ns3:TrackPointExtension>
        </extensions>
      </trkpt>
      <trkpt lat="25.8524938859045505523681640625" lon="119.57249223254621028900146484375">
        <ele>13.6000003814697265625</ele>
        <time>2025-05-30T22:20:28.000Z</time>
        <extensions>
          <ns3:TrackPointExtension>
            <ns3:atemp>27.0</ns3:atemp>
            <ns3:hr>146</ns3:hr>
            <ns3:cad>85</ns3:cad>
          </ns3:TrackPointExtension>
        </extensions>
      </trkpt>
      <trkpt lat="25.85251458920538425445556640625" lon="119.57248955033719539642333984375">
        <ele>13.3999996185302734375</ele>
        <time>2025-05-30T22:20:29.000Z</time>
        <extensions>
          <ns3:TrackPointExtension>
            <ns3:atemp>27.0</ns3:atemp>
            <ns3:hr>146</ns3:hr>
            <ns3:cad>85</ns3:cad>
          </ns3:TrackPointExtension>
        </extensions>
      </trkpt>
      <trkpt lat="25.85253437049686908721923828125" lon="119.57248292863368988037109375">
        <ele>13.3999996185302734375</ele>
        <time>2025-05-30T22:20:30.000Z</time>
        <extensions>
          <ns3:TrackPointExtension>
            <ns3:atemp>27.0</ns3:atemp>
            <ns3:hr>146</ns3:hr>
            <ns3:cad>86</ns3:cad>
          </ns3:TrackPointExtension>
        </extensions>
      </trkpt>
      <trkpt lat="25.85255800746381282806396484375" lon="119.5724810846149921417236328125">
        <ele>13.3999996185302734375</ele>
        <time>2025-05-30T22:20:31.000Z</time>
        <extensions>
          <ns3:TrackPointExtension>
            <ns3:atemp>27.0</ns3:atemp>
            <ns3:hr>146</ns3:hr>
            <ns3:cad>86</ns3:cad>
          </ns3:TrackPointExtension>
        </extensions>
      </trkpt>
      <trkpt lat="25.852573178708553314208984375" lon="119.57247647456824779510498046875">
        <ele>13.3999996185302734375</ele>
        <time>2025-05-30T22:20:32.000Z</time>
        <extensions>
          <ns3:TrackPointExtension>
            <ns3:atemp>27.0</ns3:atemp>
            <ns3:hr>146</ns3:hr>
            <ns3:cad>86</ns3:cad>
          </ns3:TrackPointExtension>
        </extensions>
      </trkpt>
      <trkpt lat="25.8526035211980342864990234375" lon="119.57248368300497531890869140625">
        <ele>13.3999996185302734375</ele>
        <time>2025-05-30T22:20:33.000Z</time>
        <extensions>
          <ns3:TrackPointExtension>
            <ns3:atemp>27.0</ns3:atemp>
            <ns3:hr>146</ns3:hr>
            <ns3:cad>86</ns3:cad>
          </ns3:TrackPointExtension>
        </extensions>
      </trkpt>
      <trkpt lat="25.85261953063309192657470703125" lon="119.572478234767913818359375">
        <ele>13.3999996185302734375</ele>
        <time>2025-05-30T22:20:34.000Z</time>
        <extensions>
          <ns3:TrackPointExtension>
            <ns3:atemp>27.0</ns3:atemp>
            <ns3:hr>147</ns3:hr>
            <ns3:cad>85</ns3:cad>
          </ns3:TrackPointExtension>
        </extensions>
      </trkpt>
      <trkpt lat="25.85264660418033599853515625" lon="119.572477899491786956787109375">
        <ele>13.3999996185302734375</ele>
        <time>2025-05-30T22:20:35.000Z</time>
        <extensions>
          <ns3:TrackPointExtension>
            <ns3:atemp>27.0</ns3:atemp>
            <ns3:hr>146</ns3:hr>
            <ns3:cad>85</ns3:cad>
          </ns3:TrackPointExtension>
        </extensions>
      </trkpt>
      <trkpt lat="25.85266361944377422332763671875" lon="119.57247781567275524139404296875">
        <ele>13.3999996185302734375</ele>
        <time>2025-05-30T22:20:36.000Z</time>
        <extensions>
          <ns3:TrackPointExtension>
            <ns3:atemp>27.0</ns3:atemp>
            <ns3:hr>147</ns3:hr>
            <ns3:cad>85</ns3:cad>
          </ns3:TrackPointExtension>
        </extensions>
      </trkpt>
      <trkpt lat="25.85268708877265453338623046875" lon="119.5724770613014698028564453125">
        <ele>13.3999996185302734375</ele>
        <time>2025-05-30T22:20:37.000Z</time>
        <extensions>
          <ns3:TrackPointExtension>
            <ns3:atemp>27.0</ns3:atemp>
            <ns3:hr>147</ns3:hr>
            <ns3:cad>86</ns3:cad>
          </ns3:TrackPointExtension>
        </extensions>
      </trkpt>
      <trkpt lat="25.85271173156797885894775390625" lon="119.57248234190046787261962890625">
        <ele>13.3999996185302734375</ele>
        <time>2025-05-30T22:20:38.000Z</time>
        <extensions>
          <ns3:TrackPointExtension>
            <ns3:atemp>27.0</ns3:atemp>
            <ns3:hr>147</ns3:hr>
            <ns3:cad>86</ns3:cad>
          </ns3:TrackPointExtension>
        </extensions>
      </trkpt>
      <trkpt lat="25.8527285791933536529541015625" lon="119.572479911148548126220703125">
        <ele>13.3999996185302734375</ele>
        <time>2025-05-30T22:20:39.000Z</time>
        <extensions>
          <ns3:TrackPointExtension>
            <ns3:atemp>27.0</ns3:atemp>
            <ns3:hr>148</ns3:hr>
            <ns3:cad>86</ns3:cad>
          </ns3:TrackPointExtension>
        </extensions>
      </trkpt>
      <trkpt lat="25.852757580578327178955078125" lon="119.57248854450881481170654296875">
        <ele>13.3999996185302734375</ele>
        <time>2025-05-30T22:20:40.000Z</time>
        <extensions>
          <ns3:TrackPointExtension>
            <ns3:atemp>27.0</ns3:atemp>
            <ns3:hr>148</ns3:hr>
            <ns3:cad>86</ns3:cad>
          </ns3:TrackPointExtension>
        </extensions>
      </trkpt>
      <trkpt lat="25.85277359001338481903076171875" lon="119.5724834315478801727294921875">
        <ele>13.3999996185302734375</ele>
        <time>2025-05-30T22:20:41.000Z</time>
        <extensions>
          <ns3:TrackPointExtension>
            <ns3:atemp>27.0</ns3:atemp>
            <ns3:hr>148</ns3:hr>
            <ns3:cad>86</ns3:cad>
          </ns3:TrackPointExtension>
        </extensions>
      </trkpt>
      <trkpt lat="25.852801501750946044921875" lon="119.5724814198911190032958984375">
        <ele>13.6000003814697265625</ele>
        <time>2025-05-30T22:20:42.000Z</time>
        <extensions>
          <ns3:TrackPointExtension>
            <ns3:atemp>27.0</ns3:atemp>
            <ns3:hr>148</ns3:hr>
            <ns3:cad>86</ns3:cad>
          </ns3:TrackPointExtension>
        </extensions>
      </trkpt>
      <trkpt lat="25.85282304324209690093994140625" lon="119.57248234190046787261962890625">
        <ele>13.6000003814697265625</ele>
        <time>2025-05-30T22:20:43.000Z</time>
        <extensions>
          <ns3:TrackPointExtension>
            <ns3:atemp>27.0</ns3:atemp>
            <ns3:hr>147</ns3:hr>
            <ns3:cad>86</ns3:cad>
          </ns3:TrackPointExtension>
        </extensions>
      </trkpt>
      <trkpt lat="25.8528403937816619873046875" lon="119.57247714512050151824951171875">
        <ele>13.6000003814697265625</ele>
        <time>2025-05-30T22:20:44.000Z</time>
        <extensions>
          <ns3:TrackPointExtension>
            <ns3:atemp>27.0</ns3:atemp>
            <ns3:hr>148</ns3:hr>
            <ns3:cad>85</ns3:cad>
          </ns3:TrackPointExtension>
        </extensions>
      </trkpt>
      <trkpt lat="25.852864868938922882080078125" lon="119.57247731275856494903564453125">
        <ele>13.6000003814697265625</ele>
        <time>2025-05-30T22:20:45.000Z</time>
        <extensions>
          <ns3:TrackPointExtension>
            <ns3:atemp>27.0</ns3:atemp>
            <ns3:hr>148</ns3:hr>
            <ns3:cad>85</ns3:cad>
          </ns3:TrackPointExtension>
        </extensions>
      </trkpt>
      <trkpt lat="25.85288221947848796844482421875" lon="119.57247463054955005645751953125">
        <ele>13.6000003814697265625</ele>
        <time>2025-05-30T22:20:46.000Z</time>
        <extensions>
          <ns3:TrackPointExtension>
            <ns3:atemp>27.0</ns3:atemp>
            <ns3:hr>147</ns3:hr>
            <ns3:cad>85</ns3:cad>
          </ns3:TrackPointExtension>
        </extensions>
      </trkpt>
      <trkpt lat="25.852910466492176055908203125" lon="119.572475217282772064208984375">
        <ele>13.80000019073486328125</ele>
        <time>2025-05-30T22:20:47.000Z</time>
        <extensions>
          <ns3:TrackPointExtension>
            <ns3:atemp>27.0</ns3:atemp>
            <ns3:hr>148</ns3:hr>
            <ns3:cad>85</ns3:cad>
          </ns3:TrackPointExtension>
        </extensions>
      </trkpt>
      <trkpt lat="25.85292798466980457305908203125" lon="119.572475217282772064208984375">
        <ele>13.80000019073486328125</ele>
        <time>2025-05-30T22:20:48.000Z</time>
        <extensions>
          <ns3:TrackPointExtension>
            <ns3:atemp>27.0</ns3:atemp>
            <ns3:hr>148</ns3:hr>
            <ns3:cad>85</ns3:cad>
          </ns3:TrackPointExtension>
        </extensions>
      </trkpt>
      <trkpt lat="25.85295497439801692962646484375" lon="119.57247848622500896453857421875">
        <ele>14</ele>
        <time>2025-05-30T22:20:49.000Z</time>
        <extensions>
          <ns3:TrackPointExtension>
            <ns3:atemp>27.0</ns3:atemp>
            <ns3:hr>147</ns3:hr>
            <ns3:cad>85</ns3:cad>
          </ns3:TrackPointExtension>
        </extensions>
      </trkpt>
      <trkpt lat="25.8529726602137088775634765625" lon="119.57247647456824779510498046875">
        <ele>14</ele>
        <time>2025-05-30T22:20:50.000Z</time>
        <extensions>
          <ns3:TrackPointExtension>
            <ns3:atemp>27.0</ns3:atemp>
            <ns3:hr>147</ns3:hr>
            <ns3:cad>85</ns3:cad>
          </ns3:TrackPointExtension>
        </extensions>
      </trkpt>
      <trkpt lat="25.8529907651245594024658203125" lon="119.57246826030313968658447265625">
        <ele>14</ele>
        <time>2025-05-30T22:20:51.000Z</time>
        <extensions>
          <ns3:TrackPointExtension>
            <ns3:atemp>27.0</ns3:atemp>
            <ns3:hr>147</ns3:hr>
            <ns3:cad>85</ns3:cad>
          </ns3:TrackPointExtension>
        </extensions>
      </trkpt>
      <trkpt lat="25.8530179224908351898193359375" lon="119.57247563637793064117431640625">
        <ele>13.80000019073486328125</ele>
        <time>2025-05-30T22:20:52.000Z</time>
        <extensions>
          <ns3:TrackPointExtension>
            <ns3:atemp>27.0</ns3:atemp>
            <ns3:hr>147</ns3:hr>
            <ns3:cad>85</ns3:cad>
          </ns3:TrackPointExtension>
        </extensions>
      </trkpt>
      <trkpt lat="25.8530363626778125762939453125" lon="119.572468511760234832763671875">
        <ele>13.80000019073486328125</ele>
        <time>2025-05-30T22:20:53.000Z</time>
        <extensions>
          <ns3:TrackPointExtension>
            <ns3:atemp>27.0</ns3:atemp>
            <ns3:hr>146</ns3:hr>
            <ns3:cad>87</ns3:cad>
          </ns3:TrackPointExtension>
        </extensions>
      </trkpt>
      <trkpt lat="25.8530641905963420867919921875" lon="119.57246624864637851715087890625">
        <ele>13.6000003814697265625</ele>
        <time>2025-05-30T22:20:54.000Z</time>
        <extensions>
          <ns3:TrackPointExtension>
            <ns3:atemp>27.0</ns3:atemp>
            <ns3:hr>146</ns3:hr>
            <ns3:cad>87</ns3:cad>
          </ns3:TrackPointExtension>
        </extensions>
      </trkpt>
      <trkpt lat="25.85308246314525604248046875" lon="119.57246549427509307861328125">
        <ele>13.6000003814697265625</ele>
        <time>2025-05-30T22:20:55.000Z</time>
        <extensions>
          <ns3:TrackPointExtension>
            <ns3:atemp>27.0</ns3:atemp>
            <ns3:hr>147</ns3:hr>
            <ns3:cad>87</ns3:cad>
          </ns3:TrackPointExtension>
        </extensions>
      </trkpt>
      <trkpt lat="25.8531004004180431365966796875" lon="119.57245954312384128570556640625">
        <ele>13.6000003814697265625</ele>
        <time>2025-05-30T22:20:56.000Z</time>
        <extensions>
          <ns3:TrackPointExtension>
            <ns3:atemp>27.0</ns3:atemp>
            <ns3:hr>147</ns3:hr>
            <ns3:cad>84</ns3:cad>
          </ns3:TrackPointExtension>
        </extensions>
      </trkpt>
      <trkpt lat="25.85312076844274997711181640625" lon="119.57246624864637851715087890625">
        <ele>13.80000019073486328125</ele>
        <time>2025-05-30T22:20:57.000Z</time>
        <extensions>
          <ns3:TrackPointExtension>
            <ns3:atemp>27.0</ns3:atemp>
            <ns3:hr>147</ns3:hr>
            <ns3:cad>84</ns3:cad>
          </ns3:TrackPointExtension>
        </extensions>
      </trkpt>
      <trkpt lat="25.85314013063907623291015625" lon="119.57245954312384128570556640625">
        <ele>13.80000019073486328125</ele>
        <time>2025-05-30T22:20:58.000Z</time>
        <extensions>
          <ns3:TrackPointExtension>
            <ns3:atemp>27.0</ns3:atemp>
            <ns3:hr>148</ns3:hr>
            <ns3:cad>84</ns3:cad>
          </ns3:TrackPointExtension>
        </extensions>
      </trkpt>
      <trkpt lat="25.85316468961536884307861328125" lon="119.5724594593048095703125">
        <ele>13.80000019073486328125</ele>
        <time>2025-05-30T22:20:59.000Z</time>
        <extensions>
          <ns3:TrackPointExtension>
            <ns3:atemp>27.0</ns3:atemp>
            <ns3:hr>147</ns3:hr>
            <ns3:cad>84</ns3:cad>
          </ns3:TrackPointExtension>
        </extensions>
      </trkpt>
      <trkpt lat="25.85317977704107761383056640625" lon="119.57245535217225551605224609375">
        <ele>13.80000019073486328125</ele>
        <time>2025-05-30T22:21:00.000Z</time>
        <extensions>
          <ns3:TrackPointExtension>
            <ns3:atemp>27.0</ns3:atemp>
            <ns3:hr>147</ns3:hr>
            <ns3:cad>84</ns3:cad>
          </ns3:TrackPointExtension>
        </extensions>
      </trkpt>
      <trkpt lat="25.8532024919986724853515625" lon="119.5724519155919551849365234375">
        <ele>13.80000019073486328125</ele>
        <time>2025-05-30T22:21:01.000Z</time>
        <extensions>
          <ns3:TrackPointExtension>
            <ns3:atemp>27.0</ns3:atemp>
            <ns3:hr>147</ns3:hr>
            <ns3:cad>84</ns3:cad>
          </ns3:TrackPointExtension>
        </extensions>
      </trkpt>
      <trkpt lat="25.8532234467566013336181640625" lon="119.572453759610652923583984375">
        <ele>14</ele>
        <time>2025-05-30T22:21:02.000Z</time>
        <extensions>
          <ns3:TrackPointExtension>
            <ns3:atemp>27.0</ns3:atemp>
            <ns3:hr>147</ns3:hr>
            <ns3:cad>84</ns3:cad>
          </ns3:TrackPointExtension>
        </extensions>
      </trkpt>
      <trkpt lat="25.85324029438197612762451171875" lon="119.57244805991649627685546875">
        <ele>13.80000019073486328125</ele>
        <time>2025-05-30T22:21:03.000Z</time>
        <extensions>
          <ns3:TrackPointExtension>
            <ns3:atemp>27.0</ns3:atemp>
            <ns3:hr>147</ns3:hr>
            <ns3:cad>85</ns3:cad>
          </ns3:TrackPointExtension>
        </extensions>
      </trkpt>
      <trkpt lat="25.8532668650150299072265625" lon="119.57245367579162120819091796875">
        <ele>13.80000019073486328125</ele>
        <time>2025-05-30T22:21:04.000Z</time>
        <extensions>
          <ns3:TrackPointExtension>
            <ns3:atemp>27.0</ns3:atemp>
            <ns3:hr>147</ns3:hr>
            <ns3:cad>85</ns3:cad>
          </ns3:TrackPointExtension>
        </extensions>
      </trkpt>
      <trkpt lat="25.85328153334558010101318359375" lon="119.5724478922784328460693359375">
        <ele>13.80000019073486328125</ele>
        <time>2025-05-30T22:21:05.000Z</time>
        <extensions>
          <ns3:TrackPointExtension>
            <ns3:atemp>27.0</ns3:atemp>
            <ns3:hr>147</ns3:hr>
            <ns3:cad>85</ns3:cad>
          </ns3:TrackPointExtension>
        </extensions>
      </trkpt>
      <trkpt lat="25.85330449976027011871337890625" lon="119.57245082594454288482666015625">
        <ele>14</ele>
        <time>2025-05-30T22:21:06.000Z</time>
        <extensions>
          <ns3:TrackPointExtension>
            <ns3:atemp>27.0</ns3:atemp>
            <ns3:hr>147</ns3:hr>
            <ns3:cad>85</ns3:cad>
          </ns3:TrackPointExtension>
        </extensions>
      </trkpt>
      <trkpt lat="25.85332243703305721282958984375" lon="119.57245317287743091583251953125">
        <ele>14</ele>
        <time>2025-05-30T22:21:07.000Z</time>
        <extensions>
          <ns3:TrackPointExtension>
            <ns3:atemp>27.0</ns3:atemp>
            <ns3:hr>147</ns3:hr>
            <ns3:cad>85</ns3:cad>
          </ns3:TrackPointExtension>
        </extensions>
      </trkpt>
      <trkpt lat="25.8533401228487491607666015625" lon="119.572447054088115692138671875">
        <ele>14</ele>
        <time>2025-05-30T22:21:08.000Z</time>
        <extensions>
          <ns3:TrackPointExtension>
            <ns3:atemp>27.0</ns3:atemp>
            <ns3:hr>147</ns3:hr>
            <ns3:cad>85</ns3:cad>
          </ns3:TrackPointExtension>
        </extensions>
      </trkpt>
      <trkpt lat="25.85336669348180294036865234375" lon="119.572457782924175262451171875">
        <ele>14</ele>
        <time>2025-05-30T22:21:09.000Z</time>
        <extensions>
          <ns3:TrackPointExtension>
            <ns3:atemp>27.0</ns3:atemp>
            <ns3:hr>147</ns3:hr>
            <ns3:cad>85</ns3:cad>
          </ns3:TrackPointExtension>
        </extensions>
      </trkpt>
      <trkpt lat="25.853386558592319488525390625" lon="119.57245099358260631561279296875">
        <ele>14</ele>
        <time>2025-05-30T22:21:10.000Z</time>
        <extensions>
          <ns3:TrackPointExtension>
            <ns3:atemp>27.0</ns3:atemp>
            <ns3:hr>147</ns3:hr>
            <ns3:cad>84</ns3:cad>
          </ns3:TrackPointExtension>
        </extensions>
      </trkpt>
      <trkpt lat="25.85339586250483989715576171875" lon="119.57244043238461017608642578125">
        <ele>14</ele>
        <time>2025-05-30T22:21:11.000Z</time>
        <extensions>
          <ns3:TrackPointExtension>
            <ns3:atemp>27.0</ns3:atemp>
            <ns3:hr>147</ns3:hr>
            <ns3:cad>84</ns3:cad>
          </ns3:TrackPointExtension>
        </extensions>
      </trkpt>
      <trkpt lat="25.85340122692286968231201171875" lon="119.57243054173886775970458984375">
        <ele>14</ele>
        <time>2025-05-30T22:21:12.000Z</time>
        <extensions>
          <ns3:TrackPointExtension>
            <ns3:atemp>27.0</ns3:atemp>
            <ns3:hr>147</ns3:hr>
            <ns3:cad>84</ns3:cad>
          </ns3:TrackPointExtension>
        </extensions>
      </trkpt>
      <trkpt lat="25.8534118719398975372314453125" lon="119.57242853008210659027099609375">
        <ele>14</ele>
        <time>2025-05-30T22:21:13.000Z</time>
        <extensions>
          <ns3:TrackPointExtension>
            <ns3:atemp>27.0</ns3:atemp>
            <ns3:hr>147</ns3:hr>
            <ns3:cad>84</ns3:cad>
          </ns3:TrackPointExtension>
        </extensions>
      </trkpt>
      <trkpt lat="25.853420756757259368896484375" lon="119.57242534495890140533447265625">
        <ele>14.19999980926513671875</ele>
        <time>2025-05-30T22:21:14.000Z</time>
        <extensions>
          <ns3:TrackPointExtension>
            <ns3:atemp>27.0</ns3:atemp>
            <ns3:hr>147</ns3:hr>
            <ns3:cad>84</ns3:cad>
          </ns3:TrackPointExtension>
        </extensions>
      </trkpt>
      <trkpt lat="25.85343274287879467010498046875" lon="119.5724334754049777984619140625">
        <ele>14.19999980926513671875</ele>
        <time>2025-05-30T22:21:15.000Z</time>
        <extensions>
          <ns3:TrackPointExtension>
            <ns3:atemp>27.0</ns3:atemp>
            <ns3:hr>146</ns3:hr>
            <ns3:cad>84</ns3:cad>
          </ns3:TrackPointExtension>
        </extensions>
      </trkpt>
      <trkpt lat="25.85344699211418628692626953125" lon="119.572451747953891754150390625">
        <ele>14.19999980926513671875</ele>
        <time>2025-05-30T22:21:16.000Z</time>
        <extensions>
          <ns3:TrackPointExtension>
            <ns3:atemp>27.0</ns3:atemp>
            <ns3:hr>146</ns3:hr>
            <ns3:cad>84</ns3:cad>
          </ns3:TrackPointExtension>
        </extensions>
      </trkpt>
      <trkpt lat="25.853454284369945526123046875" lon="119.57247127778828144073486328125">
        <ele>14.19999980926513671875</ele>
        <time>2025-05-30T22:21:17.000Z</time>
        <extensions>
          <ns3:TrackPointExtension>
            <ns3:atemp>27.0</ns3:atemp>
            <ns3:hr>146</ns3:hr>
            <ns3:cad>84</ns3:cad>
          </ns3:TrackPointExtension>
        </extensions>
      </trkpt>
      <trkpt lat="25.85346425883471965789794921875" lon="119.57248955033719539642333984375">
        <ele>14.19999980926513671875</ele>
        <time>2025-05-30T22:21:18.000Z</time>
        <extensions>
          <ns3:TrackPointExtension>
            <ns3:atemp>27.0</ns3:atemp>
            <ns3:hr>147</ns3:hr>
            <ns3:cad>55</ns3:cad>
          </ns3:TrackPointExtension>
        </extensions>
      </trkpt>
      <trkpt lat="25.853474400937557220458984375" lon="119.5725032128393650054931640625">
        <ele>14.19999980926513671875</ele>
        <time>2025-05-30T22:21:19.000Z</time>
        <extensions>
          <ns3:TrackPointExtension>
            <ns3:atemp>27.0</ns3:atemp>
            <ns3:hr>146</ns3:hr>
            <ns3:cad>55</ns3:cad>
          </ns3:TrackPointExtension>
        </extensions>
      </trkpt>
      <trkpt lat="25.8534812740981578826904296875" lon="119.572514109313488006591796875">
        <ele>14.19999980926513671875</ele>
        <time>2025-05-30T22:21:20.000Z</time>
        <extensions>
          <ns3:TrackPointExtension>
            <ns3:atemp>27.0</ns3:atemp>
            <ns3:hr>146</ns3:hr>
            <ns3:cad>120</ns3:cad>
          </ns3:TrackPointExtension>
        </extensions>
      </trkpt>
      <trkpt lat="25.85348756052553653717041015625" lon="119.57252391614019870758056640625">
        <ele>14.19999980926513671875</ele>
        <time>2025-05-30T22:21:21.000Z</time>
        <extensions>
          <ns3:TrackPointExtension>
            <ns3:atemp>27.0</ns3:atemp>
            <ns3:hr>146</ns3:hr>
            <ns3:cad>120</ns3:cad>
          </ns3:TrackPointExtension>
        </extensions>
      </trkpt>
      <trkpt lat="25.85349124856293201446533203125" lon="119.5725273527204990386962890625">
        <ele>14.19999980926513671875</ele>
        <time>2025-05-30T22:21:22.000Z</time>
        <extensions>
          <ns3:TrackPointExtension>
            <ns3:atemp>27.0</ns3:atemp>
            <ns3:hr>147</ns3:hr>
            <ns3:cad>120</ns3:cad>
          </ns3:TrackPointExtension>
        </extensions>
      </trkpt>
      <trkpt lat="25.85349795408546924591064453125" lon="119.57253749482333660125732421875">
        <ele>14.19999980926513671875</ele>
        <time>2025-05-30T22:21:23.000Z</time>
        <extensions>
          <ns3:TrackPointExtension>
            <ns3:atemp>27.0</ns3:atemp>
            <ns3:hr>147</ns3:hr>
            <ns3:cad>56</ns3:cad>
          </ns3:TrackPointExtension>
        </extensions>
      </trkpt>
      <trkpt lat="25.853507928550243377685546875" lon="119.5725357346236705780029296875">
        <ele>14.19999980926513671875</ele>
        <time>2025-05-30T22:21:24.000Z</time>
        <extensions>
          <ns3:TrackPointExtension>
            <ns3:atemp>27.0</ns3:atemp>
            <ns3:hr>146</ns3:hr>
            <ns3:cad>56</ns3:cad>
          </ns3:TrackPointExtension>
        </extensions>
      </trkpt>
      <trkpt lat="25.85352444089949131011962890625" lon="119.57252877764403820037841796875">
        <ele>14.19999980926513671875</ele>
        <time>2025-05-30T22:21:25.000Z</time>
        <extensions>
          <ns3:TrackPointExtension>
            <ns3:atemp>27.0</ns3:atemp>
            <ns3:hr>146</ns3:hr>
            <ns3:cad>0</ns3:cad>
          </ns3:TrackPointExtension>
        </extensions>
      </trkpt>
      <trkpt lat="25.85354321636259555816650390625" lon="119.57251888699829578399658203125">
        <ele>14.19999980926513671875</ele>
        <time>2025-05-30T22:21:26.000Z</time>
        <extensions>
          <ns3:TrackPointExtension>
            <ns3:atemp>27.0</ns3:atemp>
            <ns3:hr>146</ns3:hr>
            <ns3:cad>0</ns3:cad>
          </ns3:TrackPointExtension>
        </extensions>
      </trkpt>
      <trkpt lat="25.8535637520253658294677734375" lon="119.57250396721065044403076171875">
        <ele>14.3999996185302734375</ele>
        <time>2025-05-30T22:21:27.000Z</time>
        <extensions>
          <ns3:TrackPointExtension>
            <ns3:atemp>27.0</ns3:atemp>
            <ns3:hr>146</ns3:hr>
            <ns3:cad>0</ns3:cad>
          </ns3:TrackPointExtension>
        </extensions>
      </trkpt>
      <trkpt lat="25.85358671844005584716796875" lon="119.57248854450881481170654296875">
        <ele>14.3999996185302734375</ele>
        <time>2025-05-30T22:21:28.000Z</time>
        <extensions>
          <ns3:TrackPointExtension>
            <ns3:atemp>27.0</ns3:atemp>
            <ns3:hr>146</ns3:hr>
            <ns3:cad>86</ns3:cad>
          </ns3:TrackPointExtension>
        </extensions>
      </trkpt>
      <trkpt lat="25.8536080084741115570068359375" lon="119.5724713616073131561279296875">
        <ele>14.6000003814697265625</ele>
        <time>2025-05-30T22:21:29.000Z</time>
        <extensions>
          <ns3:TrackPointExtension>
            <ns3:atemp>27.0</ns3:atemp>
            <ns3:hr>145</ns3:hr>
            <ns3:cad>86</ns3:cad>
          </ns3:TrackPointExtension>
        </extensions>
      </trkpt>
      <trkpt lat="25.8536334894597530364990234375" lon="119.572463147342205047607421875">
        <ele>14.6000003814697265625</ele>
        <time>2025-05-30T22:21:30.000Z</time>
        <extensions>
          <ns3:TrackPointExtension>
            <ns3:atemp>27.0</ns3:atemp>
            <ns3:hr>142</ns3:hr>
            <ns3:cad>86</ns3:cad>
          </ns3:TrackPointExtension>
        </extensions>
      </trkpt>
      <trkpt lat="25.85364438593387603759765625" lon="119.572449736297130584716796875">
        <ele>14.3999996185302734375</ele>
        <time>2025-05-30T22:21:31.000Z</time>
        <extensions>
          <ns3:TrackPointExtension>
            <ns3:atemp>27.0</ns3:atemp>
            <ns3:hr>140</ns3:hr>
            <ns3:cad>86</ns3:cad>
          </ns3:TrackPointExtension>
        </extensions>
      </trkpt>
      <trkpt lat="25.85366978310048580169677734375" lon="119.572436995804309844970703125">
        <ele>14.3999996185302734375</ele>
        <time>2025-05-30T22:21:32.000Z</time>
        <extensions>
          <ns3:TrackPointExtension>
            <ns3:atemp>27.0</ns3:atemp>
            <ns3:hr>139</ns3:hr>
            <ns3:cad>86</ns3:cad>
          </ns3:TrackPointExtension>
        </extensions>
      </trkpt>
      <trkpt lat="25.85368704982101917266845703125" lon="119.572424255311489105224609375">
        <ele>14.3999996185302734375</ele>
        <time>2025-05-30T22:21:33.000Z</time>
        <extensions>
          <ns3:TrackPointExtension>
            <ns3:atemp>27.0</ns3:atemp>
            <ns3:hr>140</ns3:hr>
            <ns3:cad>86</ns3:cad>
          </ns3:TrackPointExtension>
        </extensions>
      </trkpt>
      <trkpt lat="25.8537040650844573974609375" lon="119.572408162057399749755859375">
        <ele>14.19999980926513671875</ele>
        <time>2025-05-30T22:21:34.000Z</time>
        <extensions>
          <ns3:TrackPointExtension>
            <ns3:atemp>27.0</ns3:atemp>
            <ns3:hr>140</ns3:hr>
            <ns3:cad>86</ns3:cad>
          </ns3:TrackPointExtension>
        </extensions>
      </trkpt>
      <trkpt lat="25.85372895933687686920166015625" lon="119.57239785231649875640869140625">
        <ele>14.19999980926513671875</ele>
        <time>2025-05-30T22:21:35.000Z</time>
        <extensions>
          <ns3:TrackPointExtension>
            <ns3:atemp>27.0</ns3:atemp>
            <ns3:hr>140</ns3:hr>
            <ns3:cad>85</ns3:cad>
          </ns3:TrackPointExtension>
        </extensions>
      </trkpt>
      <trkpt lat="25.8537464775145053863525390625" lon="119.5723838545382022857666015625">
        <ele>14.19999980926513671875</ele>
        <time>2025-05-30T22:21:36.000Z</time>
        <extensions>
          <ns3:TrackPointExtension>
            <ns3:atemp>27.0</ns3:atemp>
            <ns3:hr>140</ns3:hr>
            <ns3:cad>85</ns3:cad>
          </ns3:TrackPointExtension>
        </extensions>
      </trkpt>
      <trkpt lat="25.8537749759852886199951171875" lon="119.5723647437989711761474609375">
        <ele>14</ele>
        <time>2025-05-30T22:21:37.000Z</time>
        <extensions>
          <ns3:TrackPointExtension>
            <ns3:atemp>27.0</ns3:atemp>
            <ns3:hr>140</ns3:hr>
            <ns3:cad>85</ns3:cad>
          </ns3:TrackPointExtension>
        </extensions>
      </trkpt>
      <trkpt lat="25.853790231049060821533203125" lon="119.57234940491616725921630859375">
        <ele>14</ele>
        <time>2025-05-30T22:21:38.000Z</time>
        <extensions>
          <ns3:TrackPointExtension>
            <ns3:atemp>27.0</ns3:atemp>
            <ns3:hr>140</ns3:hr>
            <ns3:cad>85</ns3:cad>
          </ns3:TrackPointExtension>
        </extensions>
      </trkpt>
      <trkpt lat="25.85381479002535343170166015625" lon="119.57233180291950702667236328125">
        <ele>14</ele>
        <time>2025-05-30T22:21:39.000Z</time>
        <extensions>
          <ns3:TrackPointExtension>
            <ns3:atemp>27.0</ns3:atemp>
            <ns3:hr>141</ns3:hr>
            <ns3:cad>85</ns3:cad>
          </ns3:TrackPointExtension>
        </extensions>
      </trkpt>
      <trkpt lat="25.8538346551358699798583984375" lon="119.57231906242668628692626953125">
        <ele>14</ele>
        <time>2025-05-30T22:21:40.000Z</time>
        <extensions>
          <ns3:TrackPointExtension>
            <ns3:atemp>27.0</ns3:atemp>
            <ns3:hr>141</ns3:hr>
            <ns3:cad>85</ns3:cad>
          </ns3:TrackPointExtension>
        </extensions>
      </trkpt>
      <trkpt lat="25.85384965874254703521728515625" lon="119.57230456173419952392578125">
        <ele>14</ele>
        <time>2025-05-30T22:21:41.000Z</time>
        <extensions>
          <ns3:TrackPointExtension>
            <ns3:atemp>27.0</ns3:atemp>
            <ns3:hr>141</ns3:hr>
            <ns3:cad>85</ns3:cad>
          </ns3:TrackPointExtension>
        </extensions>
      </trkpt>
      <trkpt lat="25.8538718707859516143798828125" lon="119.57229115068912506103515625">
        <ele>14</ele>
        <time>2025-05-30T22:21:42.000Z</time>
        <extensions>
          <ns3:TrackPointExtension>
            <ns3:atemp>27.0</ns3:atemp>
            <ns3:hr>141</ns3:hr>
            <ns3:cad>85</ns3:cad>
          </ns3:TrackPointExtension>
        </extensions>
      </trkpt>
      <trkpt lat="25.8538829348981380462646484375" lon="119.5722792483866214752197265625">
        <ele>14</ele>
        <time>2025-05-30T22:21:43.000Z</time>
        <extensions>
          <ns3:TrackPointExtension>
            <ns3:atemp>27.0</ns3:atemp>
            <ns3:hr>141</ns3:hr>
            <ns3:cad>85</ns3:cad>
          </ns3:TrackPointExtension>
        </extensions>
      </trkpt>
      <trkpt lat="25.8539121039211750030517578125" lon="119.57226055674254894256591796875">
        <ele>14</ele>
        <time>2025-05-30T22:21:44.000Z</time>
        <extensions>
          <ns3:TrackPointExtension>
            <ns3:atemp>27.0</ns3:atemp>
            <ns3:hr>142</ns3:hr>
            <ns3:cad>85</ns3:cad>
          </ns3:TrackPointExtension>
        </extensions>
      </trkpt>
      <trkpt lat="25.85392727516591548919677734375" lon="119.57224421203136444091796875">
        <ele>14</ele>
        <time>2025-05-30T22:21:45.000Z</time>
        <extensions>
          <ns3:TrackPointExtension>
            <ns3:atemp>27.0</ns3:atemp>
            <ns3:hr>142</ns3:hr>
            <ns3:cad>85</ns3:cad>
          </ns3:TrackPointExtension>
        </extensions>
      </trkpt>
      <trkpt lat="25.85394345223903656005859375" lon="119.5722247660160064697265625">
        <ele>14</ele>
        <time>2025-05-30T22:21:46.000Z</time>
        <extensions>
          <ns3:TrackPointExtension>
            <ns3:atemp>27.0</ns3:atemp>
            <ns3:hr>143</ns3:hr>
            <ns3:cad>85</ns3:cad>
          </ns3:TrackPointExtension>
        </extensions>
      </trkpt>
      <trkpt lat="25.85396449081599712371826171875" lon="119.57221294753253459930419921875">
        <ele>14</ele>
        <time>2025-05-30T22:21:47.000Z</time>
        <extensions>
          <ns3:TrackPointExtension>
            <ns3:atemp>27.0</ns3:atemp>
            <ns3:hr>143</ns3:hr>
            <ns3:cad>85</ns3:cad>
          </ns3:TrackPointExtension>
        </extensions>
      </trkpt>
      <trkpt lat="25.85397899150848388671875" lon="119.57219903357326984405517578125">
        <ele>14</ele>
        <time>2025-05-30T22:21:48.000Z</time>
        <extensions>
          <ns3:TrackPointExtension>
            <ns3:atemp>27.0</ns3:atemp>
            <ns3:hr>143</ns3:hr>
            <ns3:cad>85</ns3:cad>
          </ns3:TrackPointExtension>
        </extensions>
      </trkpt>
      <trkpt lat="25.85400187410414218902587890625" lon="119.572188220918178558349609375">
        <ele>14</ele>
        <time>2025-05-30T22:21:49.000Z</time>
        <extensions>
          <ns3:TrackPointExtension>
            <ns3:atemp>27.0</ns3:atemp>
            <ns3:hr>143</ns3:hr>
            <ns3:cad>85</ns3:cad>
          </ns3:TrackPointExtension>
        </extensions>
      </trkpt>
      <trkpt lat="25.85401318967342376708984375" lon="119.5721764862537384033203125">
        <ele>14</ele>
        <time>2025-05-30T22:21:50.000Z</time>
        <extensions>
          <ns3:TrackPointExtension>
            <ns3:atemp>27.0</ns3:atemp>
            <ns3:hr>143</ns3:hr>
            <ns3:cad>85</ns3:cad>
          </ns3:TrackPointExtension>
        </extensions>
      </trkpt>
      <trkpt lat="25.85403196513652801513671875" lon="119.57215880043804645538330078125">
        <ele>14</ele>
        <time>2025-05-30T22:21:51.000Z</time>
        <extensions>
          <ns3:TrackPointExtension>
            <ns3:atemp>27.0</ns3:atemp>
            <ns3:hr>143</ns3:hr>
            <ns3:cad>85</ns3:cad>
          </ns3:TrackPointExtension>
        </extensions>
      </trkpt>
      <trkpt lat="25.85404730401933193206787109375" lon="119.57214237190783023834228515625">
        <ele>14</ele>
        <time>2025-05-30T22:21:52.000Z</time>
        <extensions>
          <ns3:TrackPointExtension>
            <ns3:atemp>27.0</ns3:atemp>
            <ns3:hr>144</ns3:hr>
            <ns3:cad>85</ns3:cad>
          </ns3:TrackPointExtension>
        </extensions>
      </trkpt>
      <trkpt lat="25.85406037978827953338623046875" lon="119.572126530110836029052734375">
        <ele>14</ele>
        <time>2025-05-30T22:21:53.000Z</time>
        <extensions>
          <ns3:TrackPointExtension>
            <ns3:atemp>27.0</ns3:atemp>
            <ns3:hr>144</ns3:hr>
            <ns3:cad>85</ns3:cad>
          </ns3:TrackPointExtension>
        </extensions>
      </trkpt>
      <trkpt lat="25.85408066399395465850830078125" lon="119.57211571745574474334716796875">
        <ele>14</ele>
        <time>2025-05-30T22:21:54.000Z</time>
        <extensions>
          <ns3:TrackPointExtension>
            <ns3:atemp>27.0</ns3:atemp>
            <ns3:hr>144</ns3:hr>
            <ns3:cad>85</ns3:cad>
          </ns3:TrackPointExtension>
        </extensions>
      </trkpt>
      <trkpt lat="25.85409340448677539825439453125" lon="119.5721049048006534576416015625">
        <ele>14.19999980926513671875</ele>
        <time>2025-05-30T22:21:55.000Z</time>
        <extensions>
          <ns3:TrackPointExtension>
            <ns3:atemp>27.0</ns3:atemp>
            <ns3:hr>144</ns3:hr>
            <ns3:cad>85</ns3:cad>
          </ns3:TrackPointExtension>
        </extensions>
      </trkpt>
      <trkpt lat="25.85411771200597286224365234375" lon="119.57209140993654727935791015625">
        <ele>14.19999980926513671875</ele>
        <time>2025-05-30T22:21:56.000Z</time>
        <extensions>
          <ns3:TrackPointExtension>
            <ns3:atemp>27.0</ns3:atemp>
            <ns3:hr>144</ns3:hr>
            <ns3:cad>85</ns3:cad>
          </ns3:TrackPointExtension>
        </extensions>
      </trkpt>
      <trkpt lat="25.854131877422332763671875" lon="119.5720821060240268707275390625">
        <ele>14.19999980926513671875</ele>
        <time>2025-05-30T22:21:57.000Z</time>
        <extensions>
          <ns3:TrackPointExtension>
            <ns3:atemp>27.0</ns3:atemp>
            <ns3:hr>145</ns3:hr>
            <ns3:cad>85</ns3:cad>
          </ns3:TrackPointExtension>
        </extensions>
      </trkpt>
      <trkpt lat="25.854154340922832489013671875" lon="119.57206584513187408447265625">
        <ele>14.19999980926513671875</ele>
        <time>2025-05-30T22:21:58.000Z</time>
        <extensions>
          <ns3:TrackPointExtension>
            <ns3:atemp>27.0</ns3:atemp>
            <ns3:hr>145</ns3:hr>
            <ns3:cad>85</ns3:cad>
          </ns3:TrackPointExtension>
        </extensions>
      </trkpt>
      <trkpt lat="25.85417152382433414459228515625" lon="119.57205369137227535247802734375">
        <ele>14.19999980926513671875</ele>
        <time>2025-05-30T22:21:59.000Z</time>
        <extensions>
          <ns3:TrackPointExtension>
            <ns3:atemp>27.0</ns3:atemp>
            <ns3:hr>145</ns3:hr>
            <ns3:cad>85</ns3:cad>
          </ns3:TrackPointExtension>
        </extensions>
      </trkpt>
      <trkpt lat="25.85418644361197948455810546875" lon="119.5720385201275348663330078125">
        <ele>14.3999996185302734375</ele>
        <time>2025-05-30T22:22:00.000Z</time>
        <extensions>
          <ns3:TrackPointExtension>
            <ns3:atemp>27.0</ns3:atemp>
            <ns3:hr>144</ns3:hr>
            <ns3:cad>85</ns3:cad>
          </ns3:TrackPointExtension>
        </extensions>
      </trkpt>
      <trkpt lat="25.8542061410844326019287109375" lon="119.57202502526342868804931640625">
        <ele>14.3999996185302734375</ele>
        <time>2025-05-30T22:22:01.000Z</time>
        <extensions>
          <ns3:TrackPointExtension>
            <ns3:atemp>27.0</ns3:atemp>
            <ns3:hr>145</ns3:hr>
            <ns3:cad>85</ns3:cad>
          </ns3:TrackPointExtension>
        </extensions>
      </trkpt>
      <trkpt lat="25.854216031730175018310546875" lon="119.5720096863806247711181640625">
        <ele>14.3999996185302734375</ele>
        <time>2025-05-30T22:22:02.000Z</time>
        <extensions>
          <ns3:TrackPointExtension>
            <ns3:atemp>27.0</ns3:atemp>
            <ns3:hr>145</ns3:hr>
            <ns3:cad>86</ns3:cad>
          </ns3:TrackPointExtension>
        </extensions>
      </trkpt>
      <trkpt lat="25.85424126125872135162353515625" lon="119.57199183292686939239501953125">
        <ele>14.3999996185302734375</ele>
        <time>2025-05-30T22:22:03.000Z</time>
        <extensions>
          <ns3:TrackPointExtension>
            <ns3:atemp>27.0</ns3:atemp>
            <ns3:hr>144</ns3:hr>
            <ns3:cad>86</ns3:cad>
          </ns3:TrackPointExtension>
        </extensions>
      </trkpt>
      <trkpt lat="25.85425651632249355316162109375" lon="119.57197959534823894500732421875">
        <ele>14.3999996185302734375</ele>
        <time>2025-05-30T22:22:04.000Z</time>
        <extensions>
          <ns3:TrackPointExtension>
            <ns3:atemp>27.0</ns3:atemp>
            <ns3:hr>144</ns3:hr>
            <ns3:cad>86</ns3:cad>
          </ns3:TrackPointExtension>
        </extensions>
      </trkpt>
      <trkpt lat="25.85427193902432918548583984375" lon="119.5719619095325469970703125">
        <ele>14.3999996185302734375</ele>
        <time>2025-05-30T22:22:05.000Z</time>
        <extensions>
          <ns3:TrackPointExtension>
            <ns3:atemp>27.0</ns3:atemp>
            <ns3:hr>144</ns3:hr>
            <ns3:cad>85</ns3:cad>
          </ns3:TrackPointExtension>
        </extensions>
      </trkpt>
      <trkpt lat="25.85429440252482891082763671875" lon="119.57194740884006023406982421875">
        <ele>14.3999996185302734375</ele>
        <time>2025-05-30T22:22:06.000Z</time>
        <extensions>
          <ns3:TrackPointExtension>
            <ns3:atemp>27.0</ns3:atemp>
            <ns3:hr>144</ns3:hr>
            <ns3:cad>85</ns3:cad>
          </ns3:TrackPointExtension>
        </extensions>
      </trkpt>
      <trkpt lat="25.85430664010345935821533203125" lon="119.5719308964908123016357421875">
        <ele>14.3999996185302734375</ele>
        <time>2025-05-30T22:22:07.000Z</time>
        <extensions>
          <ns3:TrackPointExtension>
            <ns3:atemp>27.0</ns3:atemp>
            <ns3:hr>143</ns3:hr>
            <ns3:cad>85</ns3:cad>
          </ns3:TrackPointExtension>
        </extensions>
      </trkpt>
      <trkpt lat="25.8543298579752445220947265625" lon="119.57191027700901031494140625">
        <ele>14.3999996185302734375</ele>
        <time>2025-05-30T22:22:08.000Z</time>
        <extensions>
          <ns3:TrackPointExtension>
            <ns3:atemp>27.0</ns3:atemp>
            <ns3:hr>143</ns3:hr>
            <ns3:cad>84</ns3:cad>
          </ns3:TrackPointExtension>
        </extensions>
      </trkpt>
      <trkpt lat="25.85434402339160442352294921875" lon="119.57190130837261676788330078125">
        <ele>14.3999996185302734375</ele>
        <time>2025-05-30T22:22:09.000Z</time>
        <extensions>
          <ns3:TrackPointExtension>
            <ns3:atemp>27.0</ns3:atemp>
            <ns3:hr>143</ns3:hr>
            <ns3:cad>84</ns3:cad>
          </ns3:TrackPointExtension>
        </extensions>
      </trkpt>
      <trkpt lat="25.85435827262699604034423828125" lon="119.57188806496560573577880859375">
        <ele>14.3999996185302734375</ele>
        <time>2025-05-30T22:22:10.000Z</time>
        <extensions>
          <ns3:TrackPointExtension>
            <ns3:atemp>27.0</ns3:atemp>
            <ns3:hr>143</ns3:hr>
            <ns3:cad>84</ns3:cad>
          </ns3:TrackPointExtension>
        </extensions>
      </trkpt>
      <trkpt lat="25.85437637753784656524658203125" lon="119.571875073015689849853515625">
        <ele>14.3999996185302734375</ele>
        <time>2025-05-30T22:22:11.000Z</time>
        <extensions>
          <ns3:TrackPointExtension>
            <ns3:atemp>27.0</ns3:atemp>
            <ns3:hr>143</ns3:hr>
            <ns3:cad>84</ns3:cad>
          </ns3:TrackPointExtension>
        </extensions>
      </trkpt>
      <trkpt lat="25.85438727401196956634521484375" lon="119.5718608237802982330322265625">
        <ele>14.3999996185302734375</ele>
        <time>2025-05-30T22:22:12.000Z</time>
        <extensions>
          <ns3:TrackPointExtension>
            <ns3:atemp>27.0</ns3:atemp>
            <ns3:hr>143</ns3:hr>
            <ns3:cad>84</ns3:cad>
          </ns3:TrackPointExtension>
        </extensions>
      </trkpt>
      <trkpt lat="25.8544109947979450225830078125" lon="119.57184380851686000823974609375">
        <ele>14.3999996185302734375</ele>
        <time>2025-05-30T22:22:13.000Z</time>
        <extensions>
          <ns3:TrackPointExtension>
            <ns3:atemp>27.0</ns3:atemp>
            <ns3:hr>144</ns3:hr>
            <ns3:cad>84</ns3:cad>
          </ns3:TrackPointExtension>
        </extensions>
      </trkpt>
      <trkpt lat="25.8544284291565418243408203125" lon="119.5718336664140224456787109375">
        <ele>14.3999996185302734375</ele>
        <time>2025-05-30T22:22:14.000Z</time>
        <extensions>
          <ns3:TrackPointExtension>
            <ns3:atemp>27.0</ns3:atemp>
            <ns3:hr>143</ns3:hr>
            <ns3:cad>84</ns3:cad>
          </ns3:TrackPointExtension>
        </extensions>
      </trkpt>
      <trkpt lat="25.8544470369815826416015625" lon="119.57182017154991626739501953125">
        <ele>14.6000003814697265625</ele>
        <time>2025-05-30T22:22:15.000Z</time>
        <extensions>
          <ns3:TrackPointExtension>
            <ns3:atemp>27.0</ns3:atemp>
            <ns3:hr>144</ns3:hr>
            <ns3:cad>84</ns3:cad>
          </ns3:TrackPointExtension>
        </extensions>
      </trkpt>
      <trkpt lat="25.85446304641664028167724609375" lon="119.5718068443238735198974609375">
        <ele>14.6000003814697265625</ele>
        <time>2025-05-30T22:22:16.000Z</time>
        <extensions>
          <ns3:TrackPointExtension>
            <ns3:atemp>27.0</ns3:atemp>
            <ns3:hr>144</ns3:hr>
            <ns3:cad>84</ns3:cad>
          </ns3:TrackPointExtension>
        </extensions>
      </trkpt>
      <trkpt lat="25.85447779856622219085693359375" lon="119.571791924536228179931640625">
        <ele>14.3999996185302734375</ele>
        <time>2025-05-30T22:22:17.000Z</time>
        <extensions>
          <ns3:TrackPointExtension>
            <ns3:atemp>27.0</ns3:atemp>
            <ns3:hr>143</ns3:hr>
            <ns3:cad>84</ns3:cad>
          </ns3:TrackPointExtension>
        </extensions>
      </trkpt>
      <trkpt lat="25.85450193844735622406005859375" lon="119.5717783458530902862548828125">
        <ele>14.3999996185302734375</ele>
        <time>2025-05-30T22:22:18.000Z</time>
        <extensions>
          <ns3:TrackPointExtension>
            <ns3:atemp>27.0</ns3:atemp>
            <ns3:hr>143</ns3:hr>
            <ns3:cad>84</ns3:cad>
          </ns3:TrackPointExtension>
        </extensions>
      </trkpt>
      <trkpt lat="25.8545099012553691864013671875" lon="119.571765102446079254150390625">
        <ele>14.3999996185302734375</ele>
        <time>2025-05-30T22:22:19.000Z</time>
        <extensions>
          <ns3:TrackPointExtension>
            <ns3:atemp>27.0</ns3:atemp>
            <ns3:hr>143</ns3:hr>
            <ns3:cad>84</ns3:cad>
          </ns3:TrackPointExtension>
        </extensions>
      </trkpt>
      <trkpt lat="25.854532532393932342529296875" lon="119.571743644773960113525390625">
        <ele>14.3999996185302734375</ele>
        <time>2025-05-30T22:22:20.000Z</time>
        <extensions>
          <ns3:TrackPointExtension>
            <ns3:atemp>27.0</ns3:atemp>
            <ns3:hr>144</ns3:hr>
            <ns3:cad>84</ns3:cad>
          </ns3:TrackPointExtension>
        </extensions>
      </trkpt>
      <trkpt lat="25.8545534871518611907958984375" lon="119.5717314071953296661376953125">
        <ele>14.3999996185302734375</ele>
        <time>2025-05-30T22:22:21.000Z</time>
        <extensions>
          <ns3:TrackPointExtension>
            <ns3:atemp>27.0</ns3:atemp>
            <ns3:hr>144</ns3:hr>
            <ns3:cad>85</ns3:cad>
          </ns3:TrackPointExtension>
        </extensions>
      </trkpt>
      <trkpt lat="25.8545685745775699615478515625" lon="119.5717136375606060028076171875">
        <ele>14.6000003814697265625</ele>
        <time>2025-05-30T22:22:22.000Z</time>
        <extensions>
          <ns3:TrackPointExtension>
            <ns3:atemp>27.0</ns3:atemp>
            <ns3:hr>145</ns3:hr>
            <ns3:cad>85</ns3:cad>
          </ns3:TrackPointExtension>
        </extensions>
      </trkpt>
      <trkpt lat="25.8545910380780696868896484375" lon="119.571695029735565185546875">
        <ele>14.6000003814697265625</ele>
        <time>2025-05-30T22:22:23.000Z</time>
        <extensions>
          <ns3:TrackPointExtension>
            <ns3:atemp>27.0</ns3:atemp>
            <ns3:hr>145</ns3:hr>
            <ns3:cad>84</ns3:cad>
          </ns3:TrackPointExtension>
        </extensions>
      </trkpt>
      <trkpt lat="25.85460419766604900360107421875" lon="119.571679942309856414794921875">
        <ele>14.6000003814697265625</ele>
        <time>2025-05-30T22:22:24.000Z</time>
        <extensions>
          <ns3:TrackPointExtension>
            <ns3:atemp>27.0</ns3:atemp>
            <ns3:hr>145</ns3:hr>
            <ns3:cad>83</ns3:cad>
          </ns3:TrackPointExtension>
        </extensions>
      </trkpt>
      <trkpt lat="25.8546299301087856292724609375" lon="119.57166217267513275146484375">
        <ele>14.6000003814697265625</ele>
        <time>2025-05-30T22:22:25.000Z</time>
        <extensions>
          <ns3:TrackPointExtension>
            <ns3:atemp>27.0</ns3:atemp>
            <ns3:hr>145</ns3:hr>
            <ns3:cad>83</ns3:cad>
          </ns3:TrackPointExtension>
        </extensions>
      </trkpt>
      <trkpt lat="25.8546473644673824310302734375" lon="119.57165169529616832733154296875">
        <ele>14.3999996185302734375</ele>
        <time>2025-05-30T22:22:26.000Z</time>
        <extensions>
          <ns3:TrackPointExtension>
            <ns3:atemp>27.0</ns3:atemp>
            <ns3:hr>145</ns3:hr>
            <ns3:cad>84</ns3:cad>
          </ns3:TrackPointExtension>
        </extensions>
      </trkpt>
      <trkpt lat="25.85466907359659671783447265625" lon="119.57163660787045955657958984375">
        <ele>14.3999996185302734375</ele>
        <time>2025-05-30T22:22:27.000Z</time>
        <extensions>
          <ns3:TrackPointExtension>
            <ns3:atemp>27.0</ns3:atemp>
            <ns3:hr>145</ns3:hr>
            <ns3:cad>85</ns3:cad>
          </ns3:TrackPointExtension>
        </extensions>
      </trkpt>
      <trkpt lat="25.85469488985836505889892578125" lon="119.57162587903439998626708984375">
        <ele>14.3999996185302734375</ele>
        <time>2025-05-30T22:22:28.000Z</time>
        <extensions>
          <ns3:TrackPointExtension>
            <ns3:atemp>27.0</ns3:atemp>
            <ns3:hr>146</ns3:hr>
            <ns3:cad>85</ns3:cad>
          </ns3:TrackPointExtension>
        </extensions>
      </trkpt>
      <trkpt lat="25.85470511578023433685302734375" lon="119.57161297090351581573486328125">
        <ele>14.6000003814697265625</ele>
        <time>2025-05-30T22:22:29.000Z</time>
        <extensions>
          <ns3:TrackPointExtension>
            <ns3:atemp>27.0</ns3:atemp>
            <ns3:hr>145</ns3:hr>
            <ns3:cad>85</ns3:cad>
          </ns3:TrackPointExtension>
        </extensions>
      </trkpt>
      <trkpt lat="25.85472657345235347747802734375" lon="119.57159972749650478363037109375">
        <ele>14.6000003814697265625</ele>
        <time>2025-05-30T22:22:30.000Z</time>
        <extensions>
          <ns3:TrackPointExtension>
            <ns3:atemp>27.0</ns3:atemp>
            <ns3:hr>146</ns3:hr>
            <ns3:cad>85</ns3:cad>
          </ns3:TrackPointExtension>
        </extensions>
      </trkpt>
      <trkpt lat="25.85474048741161823272705078125" lon="119.57158262841403484344482421875">
        <ele>14.6000003814697265625</ele>
        <time>2025-05-30T22:22:31.000Z</time>
        <extensions>
          <ns3:TrackPointExtension>
            <ns3:atemp>27.0</ns3:atemp>
            <ns3:hr>146</ns3:hr>
            <ns3:cad>85</ns3:cad>
          </ns3:TrackPointExtension>
        </extensions>
      </trkpt>
      <trkpt lat="25.85475976578891277313232421875" lon="119.57156301476061344146728515625">
        <ele>14.6000003814697265625</ele>
        <time>2025-05-30T22:22:32.000Z</time>
        <extensions>
          <ns3:TrackPointExtension>
            <ns3:atemp>27.0</ns3:atemp>
            <ns3:hr>146</ns3:hr>
            <ns3:cad>85</ns3:cad>
          </ns3:TrackPointExtension>
        </extensions>
      </trkpt>
      <trkpt lat="25.85478004999458789825439453125" lon="119.57155027426779270172119140625">
        <ele>14.80000019073486328125</ele>
        <time>2025-05-30T22:22:33.000Z</time>
        <extensions>
          <ns3:TrackPointExtension>
            <ns3:atemp>27.0</ns3:atemp>
            <ns3:hr>146</ns3:hr>
            <ns3:cad>85</ns3:cad>
          </ns3:TrackPointExtension>
        </extensions>
      </trkpt>
      <trkpt lat="25.854791700839996337890625" lon="119.5715382881462574005126953125">
        <ele>14.6000003814697265625</ele>
        <time>2025-05-30T22:22:34.000Z</time>
        <extensions>
          <ns3:TrackPointExtension>
            <ns3:atemp>27.0</ns3:atemp>
            <ns3:hr>146</ns3:hr>
            <ns3:cad>85</ns3:cad>
          </ns3:TrackPointExtension>
        </extensions>
      </trkpt>
      <trkpt lat="25.8548180200159549713134765625" lon="119.571525044739246368408203125">
        <ele>14.80000019073486328125</ele>
        <time>2025-05-30T22:22:35.000Z</time>
        <extensions>
          <ns3:TrackPointExtension>
            <ns3:atemp>27.0</ns3:atemp>
            <ns3:hr>146</ns3:hr>
            <ns3:cad>84</ns3:cad>
          </ns3:TrackPointExtension>
        </extensions>
      </trkpt>
      <trkpt lat="25.85482724010944366455078125" lon="119.5715086162090301513671875">
        <ele>14.80000019073486328125</ele>
        <time>2025-05-30T22:22:36.000Z</time>
        <extensions>
          <ns3:TrackPointExtension>
            <ns3:atemp>27.0</ns3:atemp>
            <ns3:hr>146</ns3:hr>
            <ns3:cad>84</ns3:cad>
          </ns3:TrackPointExtension>
        </extensions>
      </trkpt>
      <trkpt lat="25.85484509356319904327392578125" lon="119.57148506306111812591552734375">
        <ele>14.80000019073486328125</ele>
        <time>2025-05-30T22:22:37.000Z</time>
        <extensions>
          <ns3:TrackPointExtension>
            <ns3:atemp>27.0</ns3:atemp>
            <ns3:hr>146</ns3:hr>
            <ns3:cad>84</ns3:cad>
          </ns3:TrackPointExtension>
        </extensions>
      </trkpt>
      <trkpt lat="25.85486185736954212188720703125" lon="119.57147316075861454010009765625">
        <ele>14.80000019073486328125</ele>
        <time>2025-05-30T22:22:38.000Z</time>
        <extensions>
          <ns3:TrackPointExtension>
            <ns3:atemp>27.0</ns3:atemp>
            <ns3:hr>146</ns3:hr>
            <ns3:cad>84</ns3:cad>
          </ns3:TrackPointExtension>
        </extensions>
      </trkpt>
      <trkpt lat="25.85487744770944118499755859375" lon="119.5714591629803180694580078125">
        <ele>14.80000019073486328125</ele>
        <time>2025-05-30T22:22:39.000Z</time>
        <extensions>
          <ns3:TrackPointExtension>
            <ns3:atemp>27.0</ns3:atemp>
            <ns3:hr>147</ns3:hr>
            <ns3:cad>84</ns3:cad>
          </ns3:TrackPointExtension>
        </extensions>
      </trkpt>
      <trkpt lat="25.85489739663898944854736328125" lon="119.57144734449684619903564453125">
        <ele>14.80000019073486328125</ele>
        <time>2025-05-30T22:22:40.000Z</time>
        <extensions>
          <ns3:TrackPointExtension>
            <ns3:atemp>27.0</ns3:atemp>
            <ns3:hr>147</ns3:hr>
            <ns3:cad>85</ns3:cad>
          </ns3:TrackPointExtension>
        </extensions>
      </trkpt>
      <trkpt lat="25.85490980185568332672119140625" lon="119.57143552601337432861328125">
        <ele>14.80000019073486328125</ele>
        <time>2025-05-30T22:22:41.000Z</time>
        <extensions>
          <ns3:TrackPointExtension>
            <ns3:atemp>27.0</ns3:atemp>
            <ns3:hr>147</ns3:hr>
            <ns3:cad>85</ns3:cad>
          </ns3:TrackPointExtension>
        </extensions>
      </trkpt>
      <trkpt lat="25.85493863560259342193603515625" lon="119.571421109139919281005859375">
        <ele>14.80000019073486328125</ele>
        <time>2025-05-30T22:22:42.000Z</time>
        <extensions>
          <ns3:TrackPointExtension>
            <ns3:atemp>27.0</ns3:atemp>
            <ns3:hr>147</ns3:hr>
            <ns3:cad>85</ns3:cad>
          </ns3:TrackPointExtension>
        </extensions>
      </trkpt>
      <trkpt lat="25.85495338775217533111572265625" lon="119.57140468060970306396484375">
        <ele>14.80000019073486328125</ele>
        <time>2025-05-30T22:22:43.000Z</time>
        <extensions>
          <ns3:TrackPointExtension>
            <ns3:atemp>27.0</ns3:atemp>
            <ns3:hr>147</ns3:hr>
            <ns3:cad>85</ns3:cad>
          </ns3:TrackPointExtension>
        </extensions>
      </trkpt>
      <trkpt lat="25.85497618652880191802978515625" lon="119.5713857375085353851318359375">
        <ele>14.80000019073486328125</ele>
        <time>2025-05-30T22:22:44.000Z</time>
        <extensions>
          <ns3:TrackPointExtension>
            <ns3:atemp>27.0</ns3:atemp>
            <ns3:hr>147</ns3:hr>
            <ns3:cad>85</ns3:cad>
          </ns3:TrackPointExtension>
        </extensions>
      </trkpt>
      <trkpt lat="25.85499898530542850494384765625" lon="119.57137140445411205291748046875">
        <ele>15</ele>
        <time>2025-05-30T22:22:45.000Z</time>
        <extensions>
          <ns3:TrackPointExtension>
            <ns3:atemp>27.0</ns3:atemp>
            <ns3:hr>147</ns3:hr>
            <ns3:cad>85</ns3:cad>
          </ns3:TrackPointExtension>
        </extensions>
      </trkpt>
      <trkpt lat="25.85501507855951786041259765625" lon="119.571357406675815582275390625">
        <ele>14.80000019073486328125</ele>
        <time>2025-05-30T22:22:46.000Z</time>
        <extensions>
          <ns3:TrackPointExtension>
            <ns3:atemp>27.0</ns3:atemp>
            <ns3:hr>147</ns3:hr>
            <ns3:cad>85</ns3:cad>
          </ns3:TrackPointExtension>
        </extensions>
      </trkpt>
      <trkpt lat="25.85504123009741306304931640625" lon="119.57134223543107509613037109375">
        <ele>14.80000019073486328125</ele>
        <time>2025-05-30T22:22:47.000Z</time>
        <extensions>
          <ns3:TrackPointExtension>
            <ns3:atemp>27.0</ns3:atemp>
            <ns3:hr>147</ns3:hr>
            <ns3:cad>86</ns3:cad>
          </ns3:TrackPointExtension>
        </extensions>
      </trkpt>
      <trkpt lat="25.85505229420959949493408203125" lon="119.5713270641863346099853515625">
        <ele>15</ele>
        <time>2025-05-30T22:22:48.000Z</time>
        <extensions>
          <ns3:TrackPointExtension>
            <ns3:atemp>27.0</ns3:atemp>
            <ns3:hr>147</ns3:hr>
            <ns3:cad>86</ns3:cad>
          </ns3:TrackPointExtension>
        </extensions>
      </trkpt>
      <trkpt lat="25.8550761826336383819580078125" lon="119.57130786962807178497314453125">
        <ele>14.80000019073486328125</ele>
        <time>2025-05-30T22:22:49.000Z</time>
        <extensions>
          <ns3:TrackPointExtension>
            <ns3:atemp>27.0</ns3:atemp>
            <ns3:hr>146</ns3:hr>
            <ns3:cad>85</ns3:cad>
          </ns3:TrackPointExtension>
        </extensions>
      </trkpt>
      <trkpt lat="25.8550959639251232147216796875" lon="119.57129739224910736083984375">
        <ele>14.80000019073486328125</ele>
        <time>2025-05-30T22:22:50.000Z</time>
        <extensions>
          <ns3:TrackPointExtension>
            <ns3:atemp>27.0</ns3:atemp>
            <ns3:hr>146</ns3:hr>
            <ns3:cad>85</ns3:cad>
          </ns3:TrackPointExtension>
        </extensions>
      </trkpt>
      <trkpt lat="25.85510727949440479278564453125" lon="119.57128222100436687469482421875">
        <ele>14.80000019073486328125</ele>
        <time>2025-05-30T22:22:51.000Z</time>
        <extensions>
          <ns3:TrackPointExtension>
            <ns3:atemp>27.0</ns3:atemp>
            <ns3:hr>145</ns3:hr>
            <ns3:cad>85</ns3:cad>
          </ns3:TrackPointExtension>
        </extensions>
      </trkpt>
      <trkpt lat="25.8551328442990779876708984375" lon="119.5712737552821636199951171875">
        <ele>14.80000019073486328125</ele>
        <time>2025-05-30T22:22:52.000Z</time>
        <extensions>
          <ns3:TrackPointExtension>
            <ns3:atemp>27.0</ns3:atemp>
            <ns3:hr>144</ns3:hr>
            <ns3:cad>84</ns3:cad>
          </ns3:TrackPointExtension>
        </extensions>
      </trkpt>
      <trkpt lat="25.8551445789635181427001953125" lon="119.571260847151279449462890625">
        <ele>14.80000019073486328125</ele>
        <time>2025-05-30T22:22:53.000Z</time>
        <extensions>
          <ns3:TrackPointExtension>
            <ns3:atemp>27.0</ns3:atemp>
            <ns3:hr>143</ns3:hr>
            <ns3:cad>84</ns3:cad>
          </ns3:TrackPointExtension>
        </extensions>
      </trkpt>
      <trkpt lat="25.85516477935016155242919921875" lon="119.57124416716396808624267578125">
        <ele>15</ele>
        <time>2025-05-30T22:22:54.000Z</time>
        <extensions>
          <ns3:TrackPointExtension>
            <ns3:atemp>27.0</ns3:atemp>
            <ns3:hr>143</ns3:hr>
            <ns3:cad>84</ns3:cad>
          </ns3:TrackPointExtension>
        </extensions>
      </trkpt>
      <trkpt lat="25.8551821298897266387939453125" lon="119.57123394124209880828857421875">
        <ele>15</ele>
        <time>2025-05-30T22:22:55.000Z</time>
        <extensions>
          <ns3:TrackPointExtension>
            <ns3:atemp>27.0</ns3:atemp>
            <ns3:hr>143</ns3:hr>
            <ns3:cad>84</ns3:cad>
          </ns3:TrackPointExtension>
        </extensions>
      </trkpt>
      <trkpt lat="25.85519076324999332427978515625" lon="119.5712211169302463531494140625">
        <ele>15</ele>
        <time>2025-05-30T22:22:56.000Z</time>
        <extensions>
          <ns3:TrackPointExtension>
            <ns3:atemp>27.0</ns3:atemp>
            <ns3:hr>143</ns3:hr>
            <ns3:cad>83</ns3:cad>
          </ns3:TrackPointExtension>
        </extensions>
      </trkpt>
      <trkpt lat="25.85521473549306392669677734375" lon="119.571205191314220428466796875">
        <ele>15.19999980926513671875</ele>
        <time>2025-05-30T22:22:57.000Z</time>
        <extensions>
          <ns3:TrackPointExtension>
            <ns3:atemp>27.0</ns3:atemp>
            <ns3:hr>143</ns3:hr>
            <ns3:cad>83</ns3:cad>
          </ns3:TrackPointExtension>
        </extensions>
      </trkpt>
      <trkpt lat="25.85522496141493320465087890625" lon="119.57119253464043140411376953125">
        <ele>15.19999980926513671875</ele>
        <time>2025-05-30T22:22:58.000Z</time>
        <extensions>
          <ns3:TrackPointExtension>
            <ns3:atemp>27.0</ns3:atemp>
            <ns3:hr>144</ns3:hr>
            <ns3:cad>83</ns3:cad>
          </ns3:TrackPointExtension>
        </extensions>
      </trkpt>
      <trkpt lat="25.85523954592645168304443359375" lon="119.5711733400821685791015625">
        <ele>15.19999980926513671875</ele>
        <time>2025-05-30T22:22:59.000Z</time>
        <extensions>
          <ns3:TrackPointExtension>
            <ns3:atemp>27.0</ns3:atemp>
            <ns3:hr>145</ns3:hr>
            <ns3:cad>83</ns3:cad>
          </ns3:TrackPointExtension>
        </extensions>
      </trkpt>
      <trkpt lat="25.85525563918054103851318359375" lon="119.57116303034126758575439453125">
        <ele>15.19999980926513671875</ele>
        <time>2025-05-30T22:23:00.000Z</time>
        <extensions>
          <ns3:TrackPointExtension>
            <ns3:atemp>27.0</ns3:atemp>
            <ns3:hr>145</ns3:hr>
            <ns3:cad>83</ns3:cad>
          </ns3:TrackPointExtension>
        </extensions>
      </trkpt>
      <trkpt lat="25.855268128216266632080078125" lon="119.57114995457231998443603515625">
        <ele>15.19999980926513671875</ele>
        <time>2025-05-30T22:23:01.000Z</time>
        <extensions>
          <ns3:TrackPointExtension>
            <ns3:atemp>27.0</ns3:atemp>
            <ns3:hr>145</ns3:hr>
            <ns3:cad>83</ns3:cad>
          </ns3:TrackPointExtension>
        </extensions>
      </trkpt>
      <trkpt lat="25.855288244783878326416015625" lon="119.571132771670818328857421875">
        <ele>15.19999980926513671875</ele>
        <time>2025-05-30T22:23:02.000Z</time>
        <extensions>
          <ns3:TrackPointExtension>
            <ns3:atemp>27.0</ns3:atemp>
            <ns3:hr>145</ns3:hr>
            <ns3:cad>84</ns3:cad>
          </ns3:TrackPointExtension>
        </extensions>
      </trkpt>
      <trkpt lat="25.8553001470863819122314453125" lon="119.57111776806414127349853515625">
        <ele>15.19999980926513671875</ele>
        <time>2025-05-30T22:23:03.000Z</time>
        <extensions>
          <ns3:TrackPointExtension>
            <ns3:atemp>27.0</ns3:atemp>
            <ns3:hr>146</ns3:hr>
            <ns3:cad>85</ns3:cad>
          </ns3:TrackPointExtension>
        </extensions>
      </trkpt>
      <trkpt lat="25.85532168857753276824951171875" lon="119.57109731622040271759033203125">
        <ele>15.19999980926513671875</ele>
        <time>2025-05-30T22:23:04.000Z</time>
        <extensions>
          <ns3:TrackPointExtension>
            <ns3:atemp>27.0</ns3:atemp>
            <ns3:hr>147</ns3:hr>
            <ns3:cad>85</ns3:cad>
          </ns3:TrackPointExtension>
        </extensions>
      </trkpt>
      <trkpt lat="25.85534222424030303955078125" lon="119.57108725793659687042236328125">
        <ele>15.19999980926513671875</ele>
        <time>2025-05-30T22:23:05.000Z</time>
        <extensions>
          <ns3:TrackPointExtension>
            <ns3:atemp>27.0</ns3:atemp>
            <ns3:hr>147</ns3:hr>
            <ns3:cad>85</ns3:cad>
          </ns3:TrackPointExtension>
        </extensions>
      </trkpt>
      <trkpt lat="25.855349935591220855712890625" lon="119.57107636146247386932373046875">
        <ele>15.19999980926513671875</ele>
        <time>2025-05-30T22:23:06.000Z</time>
        <extensions>
          <ns3:TrackPointExtension>
            <ns3:atemp>27.0</ns3:atemp>
            <ns3:hr>148</ns3:hr>
            <ns3:cad>84</ns3:cad>
          </ns3:TrackPointExtension>
        </extensions>
      </trkpt>
      <trkpt lat="25.855373404920101165771484375" lon="119.5710648782551288604736328125">
        <ele>15.19999980926513671875</ele>
        <time>2025-05-30T22:23:07.000Z</time>
        <extensions>
          <ns3:TrackPointExtension>
            <ns3:atemp>27.0</ns3:atemp>
            <ns3:hr>148</ns3:hr>
            <ns3:cad>83</ns3:cad>
          </ns3:TrackPointExtension>
        </extensions>
      </trkpt>
      <trkpt lat="25.85538446903228759765625" lon="119.571057669818401336669921875">
        <ele>15.19999980926513671875</ele>
        <time>2025-05-30T22:23:08.000Z</time>
        <extensions>
          <ns3:TrackPointExtension>
            <ns3:atemp>27.0</ns3:atemp>
            <ns3:hr>148</ns3:hr>
            <ns3:cad>83</ns3:cad>
          </ns3:TrackPointExtension>
        </extensions>
      </trkpt>
      <trkpt lat="25.85540215484797954559326171875" lon="119.57103897817432880401611328125">
        <ele>15</ele>
        <time>2025-05-30T22:23:09.000Z</time>
        <extensions>
          <ns3:TrackPointExtension>
            <ns3:atemp>27.0</ns3:atemp>
            <ns3:hr>148</ns3:hr>
            <ns3:cad>83</ns3:cad>
          </ns3:TrackPointExtension>
        </extensions>
      </trkpt>
      <trkpt lat="25.85542025975883007049560546875" lon="119.571028836071491241455078125">
        <ele>15</ele>
        <time>2025-05-30T22:23:10.000Z</time>
        <extensions>
          <ns3:TrackPointExtension>
            <ns3:atemp>27.0</ns3:atemp>
            <ns3:hr>148</ns3:hr>
            <ns3:cad>83</ns3:cad>
          </ns3:TrackPointExtension>
        </extensions>
      </trkpt>
      <trkpt lat="25.85543031804263591766357421875" lon="119.571013748645782470703125">
        <ele>15</ele>
        <time>2025-05-30T22:23:11.000Z</time>
        <extensions>
          <ns3:TrackPointExtension>
            <ns3:atemp>27.0</ns3:atemp>
            <ns3:hr>148</ns3:hr>
            <ns3:cad>83</ns3:cad>
          </ns3:TrackPointExtension>
        </extensions>
      </trkpt>
      <trkpt lat="25.85544951260089874267578125" lon="119.57099807448685169219970703125">
        <ele>15.19999980926513671875</ele>
        <time>2025-05-30T22:23:12.000Z</time>
        <extensions>
          <ns3:TrackPointExtension>
            <ns3:atemp>27.0</ns3:atemp>
            <ns3:hr>148</ns3:hr>
            <ns3:cad>83</ns3:cad>
          </ns3:TrackPointExtension>
        </extensions>
      </trkpt>
      <trkpt lat="25.85545714013278484344482421875" lon="119.5709882676601409912109375">
        <ele>15.19999980926513671875</ele>
        <time>2025-05-30T22:23:13.000Z</time>
        <extensions>
          <ns3:TrackPointExtension>
            <ns3:atemp>27.0</ns3:atemp>
            <ns3:hr>148</ns3:hr>
            <ns3:cad>84</ns3:cad>
          </ns3:TrackPointExtension>
        </extensions>
      </trkpt>
      <trkpt lat="25.8554734848439693450927734375" lon="119.5709713362157344818115234375">
        <ele>15.19999980926513671875</ele>
        <time>2025-05-30T22:23:14.000Z</time>
        <extensions>
          <ns3:TrackPointExtension>
            <ns3:atemp>27.0</ns3:atemp>
            <ns3:hr>148</ns3:hr>
            <ns3:cad>84</ns3:cad>
          </ns3:TrackPointExtension>
        </extensions>
      </trkpt>
      <trkpt lat="25.85549016483128070831298828125" lon="119.570957086980342864990234375">
        <ele>15.3999996185302734375</ele>
        <time>2025-05-30T22:23:15.000Z</time>
        <extensions>
          <ns3:TrackPointExtension>
            <ns3:atemp>27.0</ns3:atemp>
            <ns3:hr>148</ns3:hr>
            <ns3:cad>85</ns3:cad>
          </ns3:TrackPointExtension>
        </extensions>
      </trkpt>
      <trkpt lat="25.8554993011057376861572265625" lon="119.5709445141255855560302734375">
        <ele>15.3999996185302734375</ele>
        <time>2025-05-30T22:23:16.000Z</time>
        <extensions>
          <ns3:TrackPointExtension>
            <ns3:atemp>27.0</ns3:atemp>
            <ns3:hr>148</ns3:hr>
            <ns3:cad>85</ns3:cad>
          </ns3:TrackPointExtension>
        </extensions>
      </trkpt>
      <trkpt lat="25.855518914759159088134765625" lon="119.57093118689954280853271484375">
        <ele>15.3999996185302734375</ele>
        <time>2025-05-30T22:23:17.000Z</time>
        <extensions>
          <ns3:TrackPointExtension>
            <ns3:atemp>27.0</ns3:atemp>
            <ns3:hr>148</ns3:hr>
            <ns3:cad>85</ns3:cad>
          </ns3:TrackPointExtension>
        </extensions>
      </trkpt>
      <trkpt lat="25.85552939213812351226806640625" lon="119.57091559655964374542236328125">
        <ele>15.3999996185302734375</ele>
        <time>2025-05-30T22:23:18.000Z</time>
        <extensions>
          <ns3:TrackPointExtension>
            <ns3:atemp>27.0</ns3:atemp>
            <ns3:hr>148</ns3:hr>
            <ns3:cad>84</ns3:cad>
          </ns3:TrackPointExtension>
        </extensions>
      </trkpt>
      <trkpt lat="25.85555336438119411468505859375" lon="119.57089883275330066680908203125">
        <ele>15.3999996185302734375</ele>
        <time>2025-05-30T22:23:19.000Z</time>
        <extensions>
          <ns3:TrackPointExtension>
            <ns3:atemp>27.0</ns3:atemp>
            <ns3:hr>148</ns3:hr>
            <ns3:cad>84</ns3:cad>
          </ns3:TrackPointExtension>
        </extensions>
      </trkpt>
      <trkpt lat="25.855571888387203216552734375" lon="119.570884667336940765380859375">
        <ele>15.3999996185302734375</ele>
        <time>2025-05-30T22:23:20.000Z</time>
        <extensions>
          <ns3:TrackPointExtension>
            <ns3:atemp>27.0</ns3:atemp>
            <ns3:hr>148</ns3:hr>
            <ns3:cad>84</ns3:cad>
          </ns3:TrackPointExtension>
        </extensions>
      </trkpt>
      <trkpt lat="25.85558504797518253326416015625" lon="119.5708700828254222869873046875">
        <ele>15.3999996185302734375</ele>
        <time>2025-05-30T22:23:21.000Z</time>
        <extensions>
          <ns3:TrackPointExtension>
            <ns3:atemp>27.0</ns3:atemp>
            <ns3:hr>148</ns3:hr>
            <ns3:cad>84</ns3:cad>
          </ns3:TrackPointExtension>
        </extensions>
      </trkpt>
      <trkpt lat="25.85560466162860393524169921875" lon="119.5708603598177433013916015625">
        <ele>15.3999996185302734375</ele>
        <time>2025-05-30T22:23:22.000Z</time>
        <extensions>
          <ns3:TrackPointExtension>
            <ns3:atemp>27.0</ns3:atemp>
            <ns3:hr>147</ns3:hr>
            <ns3:cad>84</ns3:cad>
          </ns3:TrackPointExtension>
        </extensions>
      </trkpt>
      <trkpt lat="25.85561287589371204376220703125" lon="119.57084619440138339996337890625">
        <ele>15.3999996185302734375</ele>
        <time>2025-05-30T22:23:23.000Z</time>
        <extensions>
          <ns3:TrackPointExtension>
            <ns3:atemp>27.0</ns3:atemp>
            <ns3:hr>148</ns3:hr>
            <ns3:cad>84</ns3:cad>
          </ns3:TrackPointExtension>
        </extensions>
      </trkpt>
      <trkpt lat="25.85563324391841888427734375" lon="119.57083043642342090606689453125">
        <ele>15.3999996185302734375</ele>
        <time>2025-05-30T22:23:24.000Z</time>
        <extensions>
          <ns3:TrackPointExtension>
            <ns3:atemp>27.0</ns3:atemp>
            <ns3:hr>148</ns3:hr>
            <ns3:cad>84</ns3:cad>
          </ns3:TrackPointExtension>
        </extensions>
      </trkpt>
      <trkpt lat="25.85564455948770046234130859375" lon="119.5708174444735050201416015625">
        <ele>15.3999996185302734375</ele>
        <time>2025-05-30T22:23:25.000Z</time>
        <extensions>
          <ns3:TrackPointExtension>
            <ns3:atemp>27.0</ns3:atemp>
            <ns3:hr>148</ns3:hr>
            <ns3:cad>84</ns3:cad>
          </ns3:TrackPointExtension>
        </extensions>
      </trkpt>
      <trkpt lat="25.855659730732440948486328125" lon="119.5708063803613185882568359375">
        <ele>15.6000003814697265625</ele>
        <time>2025-05-30T22:23:26.000Z</time>
        <extensions>
          <ns3:TrackPointExtension>
            <ns3:atemp>27.0</ns3:atemp>
            <ns3:hr>147</ns3:hr>
            <ns3:cad>84</ns3:cad>
          </ns3:TrackPointExtension>
        </extensions>
      </trkpt>
      <trkpt lat="25.85567590780556201934814453125" lon="119.57079447805881500244140625">
        <ele>15.6000003814697265625</ele>
        <time>2025-05-30T22:23:27.000Z</time>
        <extensions>
          <ns3:TrackPointExtension>
            <ns3:atemp>27.0</ns3:atemp>
            <ns3:hr>148</ns3:hr>
            <ns3:cad>84</ns3:cad>
          </ns3:TrackPointExtension>
        </extensions>
      </trkpt>
      <trkpt lat="25.85568211041390895843505859375" lon="119.57078400067985057830810546875">
        <ele>15.80000019073486328125</ele>
        <time>2025-05-30T22:23:28.000Z</time>
        <extensions>
          <ns3:TrackPointExtension>
            <ns3:atemp>27.0</ns3:atemp>
            <ns3:hr>148</ns3:hr>
            <ns3:cad>85</ns3:cad>
          </ns3:TrackPointExtension>
        </extensions>
      </trkpt>
      <trkpt lat="25.8557058311998844146728515625" lon="119.5707710087299346923828125">
        <ele>15.80000019073486328125</ele>
        <time>2025-05-30T22:23:29.000Z</time>
        <extensions>
          <ns3:TrackPointExtension>
            <ns3:atemp>27.0</ns3:atemp>
            <ns3:hr>147</ns3:hr>
            <ns3:cad>85</ns3:cad>
          </ns3:TrackPointExtension>
        </extensions>
      </trkpt>
      <trkpt lat="25.85571412928402423858642578125" lon="119.57075734622776508331298828125">
        <ele>15.80000019073486328125</ele>
        <time>2025-05-30T22:23:30.000Z</time>
        <extensions>
          <ns3:TrackPointExtension>
            <ns3:atemp>27.0</ns3:atemp>
            <ns3:hr>148</ns3:hr>
            <ns3:cad>85</ns3:cad>
          </ns3:TrackPointExtension>
        </extensions>
      </trkpt>
      <trkpt lat="25.85572980344295501708984375" lon="119.57073907367885112762451171875">
        <ele>15.6000003814697265625</ele>
        <time>2025-05-30T22:23:31.000Z</time>
        <extensions>
          <ns3:TrackPointExtension>
            <ns3:atemp>27.0</ns3:atemp>
            <ns3:hr>148</ns3:hr>
            <ns3:cad>85</ns3:cad>
          </ns3:TrackPointExtension>
        </extensions>
      </trkpt>
      <trkpt lat="25.8557494170963764190673828125" lon="119.57072733901441097259521484375">
        <ele>15.6000003814697265625</ele>
        <time>2025-05-30T22:23:32.000Z</time>
        <extensions>
          <ns3:TrackPointExtension>
            <ns3:atemp>27.0</ns3:atemp>
            <ns3:hr>148</ns3:hr>
            <ns3:cad>85</ns3:cad>
          </ns3:TrackPointExtension>
        </extensions>
      </trkpt>
      <trkpt lat="25.85576039738953113555908203125" lon="119.57071158103644847869873046875">
        <ele>15.6000003814697265625</ele>
        <time>2025-05-30T22:23:33.000Z</time>
        <extensions>
          <ns3:TrackPointExtension>
            <ns3:atemp>27.0</ns3:atemp>
            <ns3:hr>148</ns3:hr>
            <ns3:cad>85</ns3:cad>
          </ns3:TrackPointExtension>
        </extensions>
      </trkpt>
      <trkpt lat="25.85578671656548976898193359375" lon="119.57070135511457920074462890625">
        <ele>15.6000003814697265625</ele>
        <time>2025-05-30T22:23:34.000Z</time>
        <extensions>
          <ns3:TrackPointExtension>
            <ns3:atemp>27.0</ns3:atemp>
            <ns3:hr>147</ns3:hr>
            <ns3:cad>85</ns3:cad>
          </ns3:TrackPointExtension>
        </extensions>
      </trkpt>
      <trkpt lat="25.85579677484929561614990234375" lon="119.57068626768887042999267578125">
        <ele>15.6000003814697265625</ele>
        <time>2025-05-30T22:23:35.000Z</time>
        <extensions>
          <ns3:TrackPointExtension>
            <ns3:atemp>27.0</ns3:atemp>
            <ns3:hr>148</ns3:hr>
            <ns3:cad>84</ns3:cad>
          </ns3:TrackPointExtension>
        </extensions>
      </trkpt>
      <trkpt lat="25.85581555031239986419677734375" lon="119.570664055645465850830078125">
        <ele>15.80000019073486328125</ele>
        <time>2025-05-30T22:23:36.000Z</time>
        <extensions>
          <ns3:TrackPointExtension>
            <ns3:atemp>27.0</ns3:atemp>
            <ns3:hr>148</ns3:hr>
            <ns3:cad>83</ns3:cad>
          </ns3:TrackPointExtension>
        </extensions>
      </trkpt>
      <trkpt lat="25.85583248175680637359619140625" lon="119.5706529915332794189453125">
        <ele>15.80000019073486328125</ele>
        <time>2025-05-30T22:23:37.000Z</time>
        <extensions>
          <ns3:TrackPointExtension>
            <ns3:atemp>27.0</ns3:atemp>
            <ns3:hr>148</ns3:hr>
            <ns3:cad>83</ns3:cad>
          </ns3:TrackPointExtension>
        </extensions>
      </trkpt>
      <trkpt lat="25.855842120945453643798828125" lon="119.5706422626972198486328125">
        <ele>15.80000019073486328125</ele>
        <time>2025-05-30T22:23:38.000Z</time>
        <extensions>
          <ns3:TrackPointExtension>
            <ns3:atemp>27.0</ns3:atemp>
            <ns3:hr>148</ns3:hr>
            <ns3:cad>84</ns3:cad>
          </ns3:TrackPointExtension>
        </extensions>
      </trkpt>
      <trkpt lat="25.85586248897016048431396484375" lon="119.570635892450809478759765625">
        <ele>15.80000019073486328125</ele>
        <time>2025-05-30T22:23:39.000Z</time>
        <extensions>
          <ns3:TrackPointExtension>
            <ns3:atemp>27.0</ns3:atemp>
            <ns3:hr>148</ns3:hr>
            <ns3:cad>84</ns3:cad>
          </ns3:TrackPointExtension>
        </extensions>
      </trkpt>
      <trkpt lat="25.85587807931005954742431640625" lon="119.57062407396733760833740234375">
        <ele>16</ele>
        <time>2025-05-30T22:23:40.000Z</time>
        <extensions>
          <ns3:TrackPointExtension>
            <ns3:atemp>27.0</ns3:atemp>
            <ns3:hr>148</ns3:hr>
            <ns3:cad>85</ns3:cad>
          </ns3:TrackPointExtension>
        </extensions>
      </trkpt>
      <trkpt lat="25.85589484311640262603759765625" lon="119.5706156082451343536376953125">
        <ele>16.200000762939453125</ele>
        <time>2025-05-30T22:23:41.000Z</time>
        <extensions>
          <ns3:TrackPointExtension>
            <ns3:atemp>27.0</ns3:atemp>
            <ns3:hr>149</ns3:hr>
            <ns3:cad>85</ns3:cad>
          </ns3:TrackPointExtension>
        </extensions>
      </trkpt>
      <trkpt lat="25.8559103496372699737548828125" lon="119.57060798071324825286865234375">
        <ele>16.200000762939453125</ele>
        <time>2025-05-30T22:23:42.000Z</time>
        <extensions>
          <ns3:TrackPointExtension>
            <ns3:atemp>27.0</ns3:atemp>
            <ns3:hr>149</ns3:hr>
            <ns3:cad>85</ns3:cad>
          </ns3:TrackPointExtension>
        </extensions>
      </trkpt>
      <trkpt lat="25.8559173904359340667724609375" lon="119.570594988763332366943359375">
        <ele>16.200000762939453125</ele>
        <time>2025-05-30T22:23:43.000Z</time>
        <extensions>
          <ns3:TrackPointExtension>
            <ns3:atemp>27.0</ns3:atemp>
            <ns3:hr>149</ns3:hr>
            <ns3:cad>84</ns3:cad>
          </ns3:TrackPointExtension>
        </extensions>
      </trkpt>
      <trkpt lat="25.8559361658990383148193359375" lon="119.5705773867666721343994140625">
        <ele>16.200000762939453125</ele>
        <time>2025-05-30T22:23:44.000Z</time>
        <extensions>
          <ns3:TrackPointExtension>
            <ns3:atemp>27.0</ns3:atemp>
            <ns3:hr>148</ns3:hr>
            <ns3:cad>83</ns3:cad>
          </ns3:TrackPointExtension>
        </extensions>
      </trkpt>
      <trkpt lat="25.85594572126865386962890625" lon="119.570560790598392486572265625">
        <ele>16</ele>
        <time>2025-05-30T22:23:45.000Z</time>
        <extensions>
          <ns3:TrackPointExtension>
            <ns3:atemp>27.0</ns3:atemp>
            <ns3:hr>148</ns3:hr>
            <ns3:cad>83</ns3:cad>
          </ns3:TrackPointExtension>
        </extensions>
      </trkpt>
      <trkpt lat="25.8559660054743289947509765625" lon="119.57054008729755878448486328125">
        <ele>16</ele>
        <time>2025-05-30T22:23:46.000Z</time>
        <extensions>
          <ns3:TrackPointExtension>
            <ns3:atemp>27.0</ns3:atemp>
            <ns3:hr>148</ns3:hr>
            <ns3:cad>83</ns3:cad>
          </ns3:TrackPointExtension>
        </extensions>
      </trkpt>
      <trkpt lat="25.8559861220419406890869140625" lon="119.57052634097635746002197265625">
        <ele>16</ele>
        <time>2025-05-30T22:23:47.000Z</time>
        <extensions>
          <ns3:TrackPointExtension>
            <ns3:atemp>27.0</ns3:atemp>
            <ns3:hr>148</ns3:hr>
            <ns3:cad>83</ns3:cad>
          </ns3:TrackPointExtension>
        </extensions>
      </trkpt>
      <trkpt lat="25.85599710233509540557861328125" lon="119.5705113373696804046630859375">
        <ele>16</ele>
        <time>2025-05-30T22:23:48.000Z</time>
        <extensions>
          <ns3:TrackPointExtension>
            <ns3:atemp>27.0</ns3:atemp>
            <ns3:hr>147</ns3:hr>
            <ns3:cad>84</ns3:cad>
          </ns3:TrackPointExtension>
        </extensions>
      </trkpt>
      <trkpt lat="25.8560233376920223236083984375" lon="119.57049943506717681884765625">
        <ele>16.200000762939453125</ele>
        <time>2025-05-30T22:23:49.000Z</time>
        <extensions>
          <ns3:TrackPointExtension>
            <ns3:atemp>27.0</ns3:atemp>
            <ns3:hr>147</ns3:hr>
            <ns3:cad>84</ns3:cad>
          </ns3:TrackPointExtension>
        </extensions>
      </trkpt>
      <trkpt lat="25.85603515617549419403076171875" lon="119.57048476673662662506103515625">
        <ele>16.200000762939453125</ele>
        <time>2025-05-30T22:23:50.000Z</time>
        <extensions>
          <ns3:TrackPointExtension>
            <ns3:atemp>27.0</ns3:atemp>
            <ns3:hr>148</ns3:hr>
            <ns3:cad>84</ns3:cad>
          </ns3:TrackPointExtension>
        </extensions>
      </trkpt>
      <trkpt lat="25.85605409927666187286376953125" lon="119.570468254387378692626953125">
        <ele>16.200000762939453125</ele>
        <time>2025-05-30T22:23:51.000Z</time>
        <extensions>
          <ns3:TrackPointExtension>
            <ns3:atemp>27.0</ns3:atemp>
            <ns3:hr>148</ns3:hr>
            <ns3:cad>84</ns3:cad>
          </ns3:TrackPointExtension>
        </extensions>
      </trkpt>
      <trkpt lat="25.85606985725462436676025390625" lon="119.57045626826584339141845703125">
        <ele>16.200000762939453125</ele>
        <time>2025-05-30T22:23:52.000Z</time>
        <extensions>
          <ns3:TrackPointExtension>
            <ns3:atemp>27.0</ns3:atemp>
            <ns3:hr>148</ns3:hr>
            <ns3:cad>84</ns3:cad>
          </ns3:TrackPointExtension>
        </extensions>
      </trkpt>
      <trkpt lat="25.85608410649001598358154296875" lon="119.57043866626918315887451171875">
        <ele>16.200000762939453125</ele>
        <time>2025-05-30T22:23:53.000Z</time>
        <extensions>
          <ns3:TrackPointExtension>
            <ns3:atemp>27.0</ns3:atemp>
            <ns3:hr>147</ns3:hr>
            <ns3:cad>84</ns3:cad>
          </ns3:TrackPointExtension>
        </extensions>
      </trkpt>
      <trkpt lat="25.85610606707632541656494140625" lon="119.57042743451893329620361328125">
        <ele>16.200000762939453125</ele>
        <time>2025-05-30T22:23:54.000Z</time>
        <extensions>
          <ns3:TrackPointExtension>
            <ns3:atemp>27.0</ns3:atemp>
            <ns3:hr>148</ns3:hr>
            <ns3:cad>84</ns3:cad>
          </ns3:TrackPointExtension>
        </extensions>
      </trkpt>
      <trkpt lat="25.8561148680746555328369140625" lon="119.57041419111192226409912109375">
        <ele>16.200000762939453125</ele>
        <time>2025-05-30T22:23:55.000Z</time>
        <extensions>
          <ns3:TrackPointExtension>
            <ns3:atemp>27.0</ns3:atemp>
            <ns3:hr>148</ns3:hr>
            <ns3:cad>84</ns3:cad>
          </ns3:TrackPointExtension>
        </extensions>
      </trkpt>
      <trkpt lat="25.8561369962990283966064453125" lon="119.57039625383913516998291015625">
        <ele>16.200000762939453125</ele>
        <time>2025-05-30T22:23:56.000Z</time>
        <extensions>
          <ns3:TrackPointExtension>
            <ns3:atemp>27.0</ns3:atemp>
            <ns3:hr>148</ns3:hr>
            <ns3:cad>84</ns3:cad>
          </ns3:TrackPointExtension>
        </extensions>
      </trkpt>
      <trkpt lat="25.8561470545828342437744140625" lon="119.570379070937633514404296875">
        <ele>16.200000762939453125</ele>
        <time>2025-05-30T22:23:57.000Z</time>
        <extensions>
          <ns3:TrackPointExtension>
            <ns3:atemp>27.0</ns3:atemp>
            <ns3:hr>148</ns3:hr>
            <ns3:cad>84</ns3:cad>
          </ns3:TrackPointExtension>
        </extensions>
      </trkpt>
      <trkpt lat="25.8561621420085430145263671875" lon="119.57036339677870273590087890625">
        <ele>16.200000762939453125</ele>
        <time>2025-05-30T22:23:58.000Z</time>
        <extensions>
          <ns3:TrackPointExtension>
            <ns3:atemp>27.0</ns3:atemp>
            <ns3:hr>148</ns3:hr>
            <ns3:cad>84</ns3:cad>
          </ns3:TrackPointExtension>
        </extensions>
      </trkpt>
      <trkpt lat="25.856184102594852447509765625" lon="119.57035434432327747344970703125">
        <ele>16.200000762939453125</ele>
        <time>2025-05-30T22:23:59.000Z</time>
        <extensions>
          <ns3:TrackPointExtension>
            <ns3:atemp>27.0</ns3:atemp>
            <ns3:hr>148</ns3:hr>
            <ns3:cad>84</ns3:cad>
          </ns3:TrackPointExtension>
        </extensions>
      </trkpt>
      <trkpt lat="25.85618980228900909423828125" lon="119.5703416876494884490966796875">
        <ele>16.200000762939453125</ele>
        <time>2025-05-30T22:24:00.000Z</time>
        <extensions>
          <ns3:TrackPointExtension>
            <ns3:atemp>27.0</ns3:atemp>
            <ns3:hr>148</ns3:hr>
            <ns3:cad>84</ns3:cad>
          </ns3:TrackPointExtension>
        </extensions>
      </trkpt>
      <trkpt lat="25.85620966739952564239501953125" lon="119.57032500766217708587646484375">
        <ele>16.200000762939453125</ele>
        <time>2025-05-30T22:24:01.000Z</time>
        <extensions>
          <ns3:TrackPointExtension>
            <ns3:atemp>27.0</ns3:atemp>
            <ns3:hr>148</ns3:hr>
            <ns3:cad>84</ns3:cad>
          </ns3:TrackPointExtension>
        </extensions>
      </trkpt>
      <trkpt lat="25.85621972568333148956298828125" lon="119.570313356816768646240234375">
        <ele>16.200000762939453125</ele>
        <time>2025-05-30T22:24:02.000Z</time>
        <extensions>
          <ns3:TrackPointExtension>
            <ns3:atemp>27.0</ns3:atemp>
            <ns3:hr>148</ns3:hr>
            <ns3:cad>84</ns3:cad>
          </ns3:TrackPointExtension>
        </extensions>
      </trkpt>
      <trkpt lat="25.85623674094676971435546875" lon="119.57029768265783786773681640625">
        <ele>16.200000762939453125</ele>
        <time>2025-05-30T22:24:03.000Z</time>
        <extensions>
          <ns3:TrackPointExtension>
            <ns3:atemp>27.0</ns3:atemp>
            <ns3:hr>148</ns3:hr>
            <ns3:cad>84</ns3:cad>
          </ns3:TrackPointExtension>
        </extensions>
      </trkpt>
      <trkpt lat="25.856256186962127685546875" lon="119.57028443925082683563232421875">
        <ele>16.3999996185302734375</ele>
        <time>2025-05-30T22:24:04.000Z</time>
        <extensions>
          <ns3:TrackPointExtension>
            <ns3:atemp>27.0</ns3:atemp>
            <ns3:hr>148</ns3:hr>
            <ns3:cad>85</ns3:cad>
          </ns3:TrackPointExtension>
        </extensions>
      </trkpt>
      <trkpt lat="25.85627202875912189483642578125" lon="119.5702709443867206573486328125">
        <ele>16.3999996185302734375</ele>
        <time>2025-05-30T22:24:05.000Z</time>
        <extensions>
          <ns3:TrackPointExtension>
            <ns3:atemp>27.0</ns3:atemp>
            <ns3:hr>148</ns3:hr>
            <ns3:cad>85</ns3:cad>
          </ns3:TrackPointExtension>
        </extensions>
      </trkpt>
      <trkpt lat="25.8562922291457653045654296875" lon="119.570259042084217071533203125">
        <ele>16.3999996185302734375</ele>
        <time>2025-05-30T22:24:06.000Z</time>
        <extensions>
          <ns3:TrackPointExtension>
            <ns3:atemp>27.0</ns3:atemp>
            <ns3:hr>148</ns3:hr>
            <ns3:cad>85</ns3:cad>
          </ns3:TrackPointExtension>
        </extensions>
      </trkpt>
      <trkpt lat="25.85630119778215885162353515625" lon="119.5702518336474895477294921875">
        <ele>16.6000003814697265625</ele>
        <time>2025-05-30T22:24:07.000Z</time>
        <extensions>
          <ns3:TrackPointExtension>
            <ns3:atemp>27.0</ns3:atemp>
            <ns3:hr>147</ns3:hr>
            <ns3:cad>84</ns3:cad>
          </ns3:TrackPointExtension>
        </extensions>
      </trkpt>
      <trkpt lat="25.85631762631237506866455078125" lon="119.5702372491359710693359375">
        <ele>16.6000003814697265625</ele>
        <time>2025-05-30T22:24:08.000Z</time>
        <extensions>
          <ns3:TrackPointExtension>
            <ns3:atemp>27.0</ns3:atemp>
            <ns3:hr>147</ns3:hr>
            <ns3:cad>84</ns3:cad>
          </ns3:TrackPointExtension>
        </extensions>
      </trkpt>
      <trkpt lat="25.85633439011871814727783203125" lon="119.57022249698638916015625">
        <ele>16.6000003814697265625</ele>
        <time>2025-05-30T22:24:09.000Z</time>
        <extensions>
          <ns3:TrackPointExtension>
            <ns3:atemp>27.0</ns3:atemp>
            <ns3:hr>147</ns3:hr>
            <ns3:cad>84</ns3:cad>
          </ns3:TrackPointExtension>
        </extensions>
      </trkpt>
      <trkpt lat="25.85634646005928516387939453125" lon="119.57021000795066356658935546875">
        <ele>16.6000003814697265625</ele>
        <time>2025-05-30T22:24:10.000Z</time>
        <extensions>
          <ns3:TrackPointExtension>
            <ns3:atemp>27.0</ns3:atemp>
            <ns3:hr>147</ns3:hr>
            <ns3:cad>83</ns3:cad>
          </ns3:TrackPointExtension>
        </extensions>
      </trkpt>
      <trkpt lat="25.8563646487891674041748046875" lon="119.57018829882144927978515625">
        <ele>16.3999996185302734375</ele>
        <time>2025-05-30T22:24:11.000Z</time>
        <extensions>
          <ns3:TrackPointExtension>
            <ns3:atemp>27.0</ns3:atemp>
            <ns3:hr>147</ns3:hr>
            <ns3:cad>83</ns3:cad>
          </ns3:TrackPointExtension>
        </extensions>
      </trkpt>
      <trkpt lat="25.8563706837594509124755859375" lon="119.57017488777637481689453125">
        <ele>16.3999996185302734375</ele>
        <time>2025-05-30T22:24:12.000Z</time>
        <extensions>
          <ns3:TrackPointExtension>
            <ns3:atemp>27.0</ns3:atemp>
            <ns3:hr>147</ns3:hr>
            <ns3:cad>83</ns3:cad>
          </ns3:TrackPointExtension>
        </extensions>
      </trkpt>
      <trkpt lat="25.85638828575611114501953125" lon="119.57016122527420520782470703125">
        <ele>16.3999996185302734375</ele>
        <time>2025-05-30T22:24:13.000Z</time>
        <extensions>
          <ns3:TrackPointExtension>
            <ns3:atemp>27.0</ns3:atemp>
            <ns3:hr>147</ns3:hr>
            <ns3:cad>84</ns3:cad>
          </ns3:TrackPointExtension>
        </extensions>
      </trkpt>
      <trkpt lat="25.856403373181819915771484375" lon="119.5701472274959087371826171875">
        <ele>16.3999996185302734375</ele>
        <time>2025-05-30T22:24:14.000Z</time>
        <extensions>
          <ns3:TrackPointExtension>
            <ns3:atemp>27.0</ns3:atemp>
            <ns3:hr>147</ns3:hr>
            <ns3:cad>84</ns3:cad>
          </ns3:TrackPointExtension>
        </extensions>
      </trkpt>
      <trkpt lat="25.85642055608332157135009765625" lon="119.57013758830726146697998046875">
        <ele>16.3999996185302734375</ele>
        <time>2025-05-30T22:24:15.000Z</time>
        <extensions>
          <ns3:TrackPointExtension>
            <ns3:atemp>27.0</ns3:atemp>
            <ns3:hr>146</ns3:hr>
            <ns3:cad>84</ns3:cad>
          </ns3:TrackPointExtension>
        </extensions>
      </trkpt>
      <trkpt lat="25.856437571346759796142578125" lon="119.57012803293764591217041015625">
        <ele>16.3999996185302734375</ele>
        <time>2025-05-30T22:24:16.000Z</time>
        <extensions>
          <ns3:TrackPointExtension>
            <ns3:atemp>27.0</ns3:atemp>
            <ns3:hr>146</ns3:hr>
            <ns3:cad>84</ns3:cad>
          </ns3:TrackPointExtension>
        </extensions>
      </trkpt>
      <trkpt lat="25.85645223967730998992919921875" lon="119.57011830992996692657470703125">
        <ele>16.3999996185302734375</ele>
        <time>2025-05-30T22:24:17.000Z</time>
        <extensions>
          <ns3:TrackPointExtension>
            <ns3:atemp>27.0</ns3:atemp>
            <ns3:hr>146</ns3:hr>
            <ns3:cad>85</ns3:cad>
          </ns3:TrackPointExtension>
        </extensions>
      </trkpt>
      <trkpt lat="25.8564732782542705535888671875" lon="119.57010540179908275604248046875">
        <ele>16.6000003814697265625</ele>
        <time>2025-05-30T22:24:18.000Z</time>
        <extensions>
          <ns3:TrackPointExtension>
            <ns3:atemp>27.0</ns3:atemp>
            <ns3:hr>147</ns3:hr>
            <ns3:cad>85</ns3:cad>
          </ns3:TrackPointExtension>
        </extensions>
      </trkpt>
      <trkpt lat="25.8564887009561061859130859375" lon="119.57009132020175457000732421875">
        <ele>16.799999237060546875</ele>
        <time>2025-05-30T22:24:19.000Z</time>
        <extensions>
          <ns3:TrackPointExtension>
            <ns3:atemp>27.0</ns3:atemp>
            <ns3:hr>147</ns3:hr>
            <ns3:cad>84</ns3:cad>
          </ns3:TrackPointExtension>
        </extensions>
      </trkpt>
      <trkpt lat="25.85650437511503696441650390625" lon="119.57007472403347492218017578125">
        <ele>16.799999237060546875</ele>
        <time>2025-05-30T22:24:20.000Z</time>
        <extensions>
          <ns3:TrackPointExtension>
            <ns3:atemp>27.0</ns3:atemp>
            <ns3:hr>147</ns3:hr>
            <ns3:cad>84</ns3:cad>
          </ns3:TrackPointExtension>
        </extensions>
      </trkpt>
      <trkpt lat="25.85652239620685577392578125" lon="119.57006064243614673614501953125">
        <ele>16.799999237060546875</ele>
        <time>2025-05-30T22:24:21.000Z</time>
        <extensions>
          <ns3:TrackPointExtension>
            <ns3:atemp>27.0</ns3:atemp>
            <ns3:hr>147</ns3:hr>
            <ns3:cad>84</ns3:cad>
          </ns3:TrackPointExtension>
        </extensions>
      </trkpt>
      <trkpt lat="25.85653086192905902862548828125" lon="119.5700456388294696807861328125">
        <ele>16.799999237060546875</ele>
        <time>2025-05-30T22:24:22.000Z</time>
        <extensions>
          <ns3:TrackPointExtension>
            <ns3:atemp>27.0</ns3:atemp>
            <ns3:hr>147</ns3:hr>
            <ns3:cad>84</ns3:cad>
          </ns3:TrackPointExtension>
        </extensions>
      </trkpt>
      <trkpt lat="25.85655324161052703857421875" lon="119.5700312219560146331787109375">
        <ele>16.6000003814697265625</ele>
        <time>2025-05-30T22:24:23.000Z</time>
        <extensions>
          <ns3:TrackPointExtension>
            <ns3:atemp>27.0</ns3:atemp>
            <ns3:hr>147</ns3:hr>
            <ns3:cad>84</ns3:cad>
          </ns3:TrackPointExtension>
        </extensions>
      </trkpt>
      <trkpt lat="25.856561623513698577880859375" lon="119.57001320086419582366943359375">
        <ele>16.3999996185302734375</ele>
        <time>2025-05-30T22:24:24.000Z</time>
        <extensions>
          <ns3:TrackPointExtension>
            <ns3:atemp>27.0</ns3:atemp>
            <ns3:hr>147</ns3:hr>
            <ns3:cad>84</ns3:cad>
          </ns3:TrackPointExtension>
        </extensions>
      </trkpt>
      <trkpt lat="25.85657780058681964874267578125" lon="119.56999375484883785247802734375">
        <ele>16.200000762939453125</ele>
        <time>2025-05-30T22:24:25.000Z</time>
        <extensions>
          <ns3:TrackPointExtension>
            <ns3:atemp>27.0</ns3:atemp>
            <ns3:hr>147</ns3:hr>
            <ns3:cad>84</ns3:cad>
          </ns3:TrackPointExtension>
        </extensions>
      </trkpt>
      <trkpt lat="25.85659976117312908172607421875" lon="119.569984786212444305419921875">
        <ele>16.3999996185302734375</ele>
        <time>2025-05-30T22:24:26.000Z</time>
        <extensions>
          <ns3:TrackPointExtension>
            <ns3:atemp>27.0</ns3:atemp>
            <ns3:hr>146</ns3:hr>
            <ns3:cad>83</ns3:cad>
          </ns3:TrackPointExtension>
        </extensions>
      </trkpt>
      <trkpt lat="25.85660512559115886688232421875" lon="119.5699722133576869964599609375">
        <ele>16.3999996185302734375</ele>
        <time>2025-05-30T22:24:27.000Z</time>
        <extensions>
          <ns3:TrackPointExtension>
            <ns3:atemp>27.0</ns3:atemp>
            <ns3:hr>146</ns3:hr>
            <ns3:cad>83</ns3:cad>
          </ns3:TrackPointExtension>
        </extensions>
      </trkpt>
      <trkpt lat="25.8566288463771343231201171875" lon="119.5699571259319782257080078125">
        <ele>16.3999996185302734375</ele>
        <time>2025-05-30T22:24:28.000Z</time>
        <extensions>
          <ns3:TrackPointExtension>
            <ns3:atemp>27.0</ns3:atemp>
            <ns3:hr>146</ns3:hr>
            <ns3:cad>83</ns3:cad>
          </ns3:TrackPointExtension>
        </extensions>
      </trkpt>
      <trkpt lat="25.8566415868699550628662109375" lon="119.56994019448757171630859375">
        <ele>16.3999996185302734375</ele>
        <time>2025-05-30T22:24:29.000Z</time>
        <extensions>
          <ns3:TrackPointExtension>
            <ns3:atemp>27.0</ns3:atemp>
            <ns3:hr>146</ns3:hr>
            <ns3:cad>83</ns3:cad>
          </ns3:TrackPointExtension>
        </extensions>
      </trkpt>
      <trkpt lat="25.8566583506762981414794921875" lon="119.5699261128902435302734375">
        <ele>16.6000003814697265625</ele>
        <time>2025-05-30T22:24:30.000Z</time>
        <extensions>
          <ns3:TrackPointExtension>
            <ns3:atemp>27.0</ns3:atemp>
            <ns3:hr>146</ns3:hr>
            <ns3:cad>83</ns3:cad>
          </ns3:TrackPointExtension>
        </extensions>
      </trkpt>
      <trkpt lat="25.85667855106294155120849609375" lon="119.56991672515869140625">
        <ele>16.3999996185302734375</ele>
        <time>2025-05-30T22:24:31.000Z</time>
        <extensions>
          <ns3:TrackPointExtension>
            <ns3:atemp>27.0</ns3:atemp>
            <ns3:hr>146</ns3:hr>
            <ns3:cad>83</ns3:cad>
          </ns3:TrackPointExtension>
        </extensions>
      </trkpt>
      <trkpt lat="25.85669045336544513702392578125" lon="119.56990457139909267425537109375">
        <ele>16.3999996185302734375</ele>
        <time>2025-05-30T22:24:32.000Z</time>
        <extensions>
          <ns3:TrackPointExtension>
            <ns3:atemp>27.0</ns3:atemp>
            <ns3:hr>146</ns3:hr>
            <ns3:cad>83</ns3:cad>
          </ns3:TrackPointExtension>
        </extensions>
      </trkpt>
      <trkpt lat="25.856717191636562347412109375" lon="119.56989568658173084259033203125">
        <ele>16.3999996185302734375</ele>
        <time>2025-05-30T22:24:33.000Z</time>
        <extensions>
          <ns3:TrackPointExtension>
            <ns3:atemp>27.0</ns3:atemp>
            <ns3:hr>145</ns3:hr>
            <ns3:cad>83</ns3:cad>
          </ns3:TrackPointExtension>
        </extensions>
      </trkpt>
      <trkpt lat="25.8567274175584316253662109375" lon="119.56987716257572174072265625">
        <ele>16.3999996185302734375</ele>
        <time>2025-05-30T22:24:34.000Z</time>
        <extensions>
          <ns3:TrackPointExtension>
            <ns3:atemp>27.0</ns3:atemp>
            <ns3:hr>145</ns3:hr>
            <ns3:cad>83</ns3:cad>
          </ns3:TrackPointExtension>
        </extensions>
      </trkpt>
      <trkpt lat="25.85674225352704524993896484375" lon="119.56985847093164920806884765625">
        <ele>16.3999996185302734375</ele>
        <time>2025-05-30T22:24:35.000Z</time>
        <extensions>
          <ns3:TrackPointExtension>
            <ns3:atemp>27.0</ns3:atemp>
            <ns3:hr>145</ns3:hr>
            <ns3:cad>84</ns3:cad>
          </ns3:TrackPointExtension>
        </extensions>
      </trkpt>
      <trkpt lat="25.85676404647529125213623046875" lon="119.5698474906384944915771484375">
        <ele>16.3999996185302734375</ele>
        <time>2025-05-30T22:24:36.000Z</time>
        <extensions>
          <ns3:TrackPointExtension>
            <ns3:atemp>27.0</ns3:atemp>
            <ns3:hr>145</ns3:hr>
            <ns3:cad>84</ns3:cad>
          </ns3:TrackPointExtension>
        </extensions>
      </trkpt>
      <trkpt lat="25.85676806978881359100341796875" lon="119.5698320679366588592529296875">
        <ele>16.6000003814697265625</ele>
        <time>2025-05-30T22:24:37.000Z</time>
        <extensions>
          <ns3:TrackPointExtension>
            <ns3:atemp>27.0</ns3:atemp>
            <ns3:hr>145</ns3:hr>
            <ns3:cad>84</ns3:cad>
          </ns3:TrackPointExtension>
        </extensions>
      </trkpt>
      <trkpt lat="25.85679036565124988555908203125" lon="119.56981505267322063446044921875">
        <ele>16.6000003814697265625</ele>
        <time>2025-05-30T22:24:38.000Z</time>
        <extensions>
          <ns3:TrackPointExtension>
            <ns3:atemp>27.0</ns3:atemp>
            <ns3:hr>145</ns3:hr>
            <ns3:cad>84</ns3:cad>
          </ns3:TrackPointExtension>
        </extensions>
      </trkpt>
      <trkpt lat="25.8568046987056732177734375" lon="119.56980080343782901763916015625">
        <ele>16.799999237060546875</ele>
        <time>2025-05-30T22:24:39.000Z</time>
        <extensions>
          <ns3:TrackPointExtension>
            <ns3:atemp>27.0</ns3:atemp>
            <ns3:hr>145</ns3:hr>
            <ns3:cad>83</ns3:cad>
          </ns3:TrackPointExtension>
        </extensions>
      </trkpt>
      <trkpt lat="25.85681769065558910369873046875" lon="119.56978437490761280059814453125">
        <ele>16.799999237060546875</ele>
        <time>2025-05-30T22:24:40.000Z</time>
        <extensions>
          <ns3:TrackPointExtension>
            <ns3:atemp>27.0</ns3:atemp>
            <ns3:hr>145</ns3:hr>
            <ns3:cad>83</ns3:cad>
          </ns3:TrackPointExtension>
        </extensions>
      </trkpt>
      <trkpt lat="25.8568370528519153594970703125" lon="119.5697740651667118072509765625">
        <ele>17</ele>
        <time>2025-05-30T22:24:41.000Z</time>
        <extensions>
          <ns3:TrackPointExtension>
            <ns3:atemp>27.0</ns3:atemp>
            <ns3:hr>145</ns3:hr>
            <ns3:cad>83</ns3:cad>
          </ns3:TrackPointExtension>
        </extensions>
      </trkpt>
      <trkpt lat="25.8568449318408966064453125" lon="119.56976182758808135986328125">
        <ele>17</ele>
        <time>2025-05-30T22:24:42.000Z</time>
        <extensions>
          <ns3:TrackPointExtension>
            <ns3:atemp>27.0</ns3:atemp>
            <ns3:hr>144</ns3:hr>
            <ns3:cad>83</ns3:cad>
          </ns3:TrackPointExtension>
        </extensions>
      </trkpt>
      <trkpt lat="25.85686529986560344696044921875" lon="119.56974648870527744293212890625">
        <ele>16.799999237060546875</ele>
        <time>2025-05-30T22:24:43.000Z</time>
        <extensions>
          <ns3:TrackPointExtension>
            <ns3:atemp>27.0</ns3:atemp>
            <ns3:hr>145</ns3:hr>
            <ns3:cad>84</ns3:cad>
          </ns3:TrackPointExtension>
        </extensions>
      </trkpt>
      <trkpt lat="25.856878794729709625244140625" lon="119.56973240710794925689697265625">
        <ele>16.799999237060546875</ele>
        <time>2025-05-30T22:24:44.000Z</time>
        <extensions>
          <ns3:TrackPointExtension>
            <ns3:atemp>27.0</ns3:atemp>
            <ns3:hr>144</ns3:hr>
            <ns3:cad>84</ns3:cad>
          </ns3:TrackPointExtension>
        </extensions>
      </trkpt>
      <trkpt lat="25.856892205774784088134765625" lon="119.569717235863208770751953125">
        <ele>16.799999237060546875</ele>
        <time>2025-05-30T22:24:45.000Z</time>
        <extensions>
          <ns3:TrackPointExtension>
            <ns3:atemp>27.0</ns3:atemp>
            <ns3:hr>144</ns3:hr>
            <ns3:cad>84</ns3:cad>
          </ns3:TrackPointExtension>
        </extensions>
      </trkpt>
      <trkpt lat="25.85690871812403202056884765625" lon="119.569704830646514892578125">
        <ele>16.799999237060546875</ele>
        <time>2025-05-30T22:24:46.000Z</time>
        <extensions>
          <ns3:TrackPointExtension>
            <ns3:atemp>27.0</ns3:atemp>
            <ns3:hr>144</ns3:hr>
            <ns3:cad>84</ns3:cad>
          </ns3:TrackPointExtension>
        </extensions>
      </trkpt>
      <trkpt lat="25.856912992894649505615234375" lon="119.56969234161078929901123046875">
        <ele>16.799999237060546875</ele>
        <time>2025-05-30T22:24:47.000Z</time>
        <extensions>
          <ns3:TrackPointExtension>
            <ns3:atemp>27.0</ns3:atemp>
            <ns3:hr>145</ns3:hr>
            <ns3:cad>84</ns3:cad>
          </ns3:TrackPointExtension>
        </extensions>
      </trkpt>
      <trkpt lat="25.85693813860416412353515625" lon="119.5696708001196384429931640625">
        <ele>16.799999237060546875</ele>
        <time>2025-05-30T22:24:48.000Z</time>
        <extensions>
          <ns3:TrackPointExtension>
            <ns3:atemp>27.0</ns3:atemp>
            <ns3:hr>144</ns3:hr>
            <ns3:cad>84</ns3:cad>
          </ns3:TrackPointExtension>
        </extensions>
      </trkpt>
      <trkpt lat="25.85695012472569942474365234375" lon="119.56965747289359569549560546875">
        <ele>17</ele>
        <time>2025-05-30T22:24:49.000Z</time>
        <extensions>
          <ns3:TrackPointExtension>
            <ns3:atemp>27.0</ns3:atemp>
            <ns3:hr>144</ns3:hr>
            <ns3:cad>84</ns3:cad>
          </ns3:TrackPointExtension>
        </extensions>
      </trkpt>
      <trkpt lat="25.85696093738079071044921875" lon="119.569640122354030609130859375">
        <ele>17</ele>
        <time>2025-05-30T22:24:50.000Z</time>
        <extensions>
          <ns3:TrackPointExtension>
            <ns3:atemp>27.0</ns3:atemp>
            <ns3:hr>145</ns3:hr>
            <ns3:cad>84</ns3:cad>
          </ns3:TrackPointExtension>
        </extensions>
      </trkpt>
      <trkpt lat="25.8569758571684360504150390625" lon="119.569625370204448699951171875">
        <ele>16.799999237060546875</ele>
        <time>2025-05-30T22:24:51.000Z</time>
        <extensions>
          <ns3:TrackPointExtension>
            <ns3:atemp>27.0</ns3:atemp>
            <ns3:hr>145</ns3:hr>
            <ns3:cad>84</ns3:cad>
          </ns3:TrackPointExtension>
        </extensions>
      </trkpt>
      <trkpt lat="25.85697979666292667388916015625" lon="119.5696107856929302215576171875">
        <ele>16.799999237060546875</ele>
        <time>2025-05-30T22:24:52.000Z</time>
        <extensions>
          <ns3:TrackPointExtension>
            <ns3:atemp>27.0</ns3:atemp>
            <ns3:hr>145</ns3:hr>
            <ns3:cad>83</ns3:cad>
          </ns3:TrackPointExtension>
        </extensions>
      </trkpt>
      <trkpt lat="25.85699756629765033721923828125" lon="119.56958756782114505767822265625">
        <ele>16.799999237060546875</ele>
        <time>2025-05-30T22:24:53.000Z</time>
        <extensions>
          <ns3:TrackPointExtension>
            <ns3:atemp>27.0</ns3:atemp>
            <ns3:hr>145</ns3:hr>
            <ns3:cad>83</ns3:cad>
          </ns3:TrackPointExtension>
        </extensions>
      </trkpt>
      <trkpt lat="25.85701382718980312347412109375" lon="119.569571726024150848388671875">
        <ele>16.799999237060546875</ele>
        <time>2025-05-30T22:24:54.000Z</time>
        <extensions>
          <ns3:TrackPointExtension>
            <ns3:atemp>27.0</ns3:atemp>
            <ns3:hr>144</ns3:hr>
            <ns3:cad>83</ns3:cad>
          </ns3:TrackPointExtension>
        </extensions>
      </trkpt>
      <trkpt lat="25.85702053271234035491943359375" lon="119.56955772824585437774658203125">
        <ele>16.799999237060546875</ele>
        <time>2025-05-30T22:24:55.000Z</time>
        <extensions>
          <ns3:TrackPointExtension>
            <ns3:atemp>27.0</ns3:atemp>
            <ns3:hr>145</ns3:hr>
            <ns3:cad>83</ns3:cad>
          </ns3:TrackPointExtension>
        </extensions>
      </trkpt>
      <trkpt lat="25.85703997872769832611083984375" lon="119.5695430599153041839599609375">
        <ele>16.799999237060546875</ele>
        <time>2025-05-30T22:24:56.000Z</time>
        <extensions>
          <ns3:TrackPointExtension>
            <ns3:atemp>27.0</ns3:atemp>
            <ns3:hr>145</ns3:hr>
            <ns3:cad>83</ns3:cad>
          </ns3:TrackPointExtension>
        </extensions>
      </trkpt>
      <trkpt lat="25.85705121047794818878173828125" lon="119.56952445209026336669921875">
        <ele>16.799999237060546875</ele>
        <time>2025-05-30T22:24:57.000Z</time>
        <extensions>
          <ns3:TrackPointExtension>
            <ns3:atemp>27.0</ns3:atemp>
            <ns3:hr>145</ns3:hr>
            <ns3:cad>83</ns3:cad>
          </ns3:TrackPointExtension>
        </extensions>
      </trkpt>
      <trkpt lat="25.85706478916108608245849609375" lon="119.56950274296104907989501953125">
        <ele>16.799999237060546875</ele>
        <time>2025-05-30T22:24:58.000Z</time>
        <extensions>
          <ns3:TrackPointExtension>
            <ns3:atemp>27.0</ns3:atemp>
            <ns3:hr>145</ns3:hr>
            <ns3:cad>82</ns3:cad>
          </ns3:TrackPointExtension>
        </extensions>
      </trkpt>
      <trkpt lat="25.85708322934806346893310546875" lon="119.569484554231166839599609375">
        <ele>16.799999237060546875</ele>
        <time>2025-05-30T22:24:59.000Z</time>
        <extensions>
          <ns3:TrackPointExtension>
            <ns3:atemp>27.0</ns3:atemp>
            <ns3:hr>145</ns3:hr>
            <ns3:cad>82</ns3:cad>
          </ns3:TrackPointExtension>
        </extensions>
      </trkpt>
      <trkpt lat="25.8570925332605838775634765625" lon="119.5694696344435214996337890625">
        <ele>16.799999237060546875</ele>
        <time>2025-05-30T22:25:00.000Z</time>
        <extensions>
          <ns3:TrackPointExtension>
            <ns3:atemp>27.0</ns3:atemp>
            <ns3:hr>145</ns3:hr>
            <ns3:cad>83</ns3:cad>
          </ns3:TrackPointExtension>
        </extensions>
      </trkpt>
      <trkpt lat="25.85711373947560787200927734375" lon="119.5694508589804172515869140625">
        <ele>17</ele>
        <time>2025-05-30T22:25:01.000Z</time>
        <extensions>
          <ns3:TrackPointExtension>
            <ns3:atemp>27.0</ns3:atemp>
            <ns3:hr>145</ns3:hr>
            <ns3:cad>83</ns3:cad>
          </ns3:TrackPointExtension>
        </extensions>
      </trkpt>
      <trkpt lat="25.85713033564388751983642578125" lon="119.56943652592599391937255859375">
        <ele>17</ele>
        <time>2025-05-30T22:25:02.000Z</time>
        <extensions>
          <ns3:TrackPointExtension>
            <ns3:atemp>27.0</ns3:atemp>
            <ns3:hr>145</ns3:hr>
            <ns3:cad>83</ns3:cad>
          </ns3:TrackPointExtension>
        </extensions>
      </trkpt>
      <trkpt lat="25.8571381308138370513916015625" lon="119.569417499005794525146484375">
        <ele>16.799999237060546875</ele>
        <time>2025-05-30T22:25:03.000Z</time>
        <extensions>
          <ns3:TrackPointExtension>
            <ns3:atemp>27.0</ns3:atemp>
            <ns3:hr>144</ns3:hr>
            <ns3:cad>83</ns3:cad>
          </ns3:TrackPointExtension>
        </extensions>
      </trkpt>
      <trkpt lat="25.85715405642986297607421875" lon="119.5694003999233245849609375">
        <ele>16.799999237060546875</ele>
        <time>2025-05-30T22:25:04.000Z</time>
        <extensions>
          <ns3:TrackPointExtension>
            <ns3:atemp>27.0</ns3:atemp>
            <ns3:hr>145</ns3:hr>
            <ns3:cad>82</ns3:cad>
          </ns3:TrackPointExtension>
        </extensions>
      </trkpt>
      <trkpt lat="25.85715782828629016876220703125" lon="119.56938891671597957611083984375">
        <ele>16.799999237060546875</ele>
        <time>2025-05-30T22:25:05.000Z</time>
        <extensions>
          <ns3:TrackPointExtension>
            <ns3:atemp>27.0</ns3:atemp>
            <ns3:hr>145</ns3:hr>
            <ns3:cad>81</ns3:cad>
          </ns3:TrackPointExtension>
        </extensions>
      </trkpt>
      <trkpt lat="25.85717140696942806243896484375" lon="119.569365195930004119873046875">
        <ele>16.6000003814697265625</ele>
        <time>2025-05-30T22:25:06.000Z</time>
        <extensions>
          <ns3:TrackPointExtension>
            <ns3:atemp>27.0</ns3:atemp>
            <ns3:hr>145</ns3:hr>
            <ns3:cad>81</ns3:cad>
          </ns3:TrackPointExtension>
        </extensions>
      </trkpt>
      <trkpt lat="25.8571864105761051177978515625" lon="119.5693472586572170257568359375">
        <ele>16.6000003814697265625</ele>
        <time>2025-05-30T22:25:07.000Z</time>
        <extensions>
          <ns3:TrackPointExtension>
            <ns3:atemp>27.0</ns3:atemp>
            <ns3:hr>145</ns3:hr>
            <ns3:cad>82</ns3:cad>
          </ns3:TrackPointExtension>
        </extensions>
      </trkpt>
      <trkpt lat="25.85719319991767406463623046875" lon="119.5693345181643962860107421875">
        <ele>16.6000003814697265625</ele>
        <time>2025-05-30T22:25:08.000Z</time>
        <extensions>
          <ns3:TrackPointExtension>
            <ns3:atemp>27.0</ns3:atemp>
            <ns3:hr>145</ns3:hr>
            <ns3:cad>82</ns3:cad>
          </ns3:TrackPointExtension>
        </extensions>
      </trkpt>
      <trkpt lat="25.8572152443230152130126953125" lon="119.56931658089160919189453125">
        <ele>16.6000003814697265625</ele>
        <time>2025-05-30T22:25:09.000Z</time>
        <extensions>
          <ns3:TrackPointExtension>
            <ns3:atemp>27.0</ns3:atemp>
            <ns3:hr>145</ns3:hr>
            <ns3:cad>82</ns3:cad>
          </ns3:TrackPointExtension>
        </extensions>
      </trkpt>
      <trkpt lat="25.85722513496875762939453125" lon="119.5693019963800907135009765625">
        <ele>16.6000003814697265625</ele>
        <time>2025-05-30T22:25:10.000Z</time>
        <extensions>
          <ns3:TrackPointExtension>
            <ns3:atemp>27.0</ns3:atemp>
            <ns3:hr>145</ns3:hr>
            <ns3:cad>82</ns3:cad>
          </ns3:TrackPointExtension>
        </extensions>
      </trkpt>
      <trkpt lat="25.8572365343570709228515625" lon="119.5692916028201580047607421875">
        <ele>16.799999237060546875</ele>
        <time>2025-05-30T22:25:11.000Z</time>
        <extensions>
          <ns3:TrackPointExtension>
            <ns3:atemp>27.0</ns3:atemp>
            <ns3:hr>144</ns3:hr>
            <ns3:cad>83</ns3:cad>
          </ns3:TrackPointExtension>
        </extensions>
      </trkpt>
      <trkpt lat="25.85724768228828907012939453125" lon="119.56928380765020847320556640625">
        <ele>16.799999237060546875</ele>
        <time>2025-05-30T22:25:12.000Z</time>
        <extensions>
          <ns3:TrackPointExtension>
            <ns3:atemp>27.0</ns3:atemp>
            <ns3:hr>145</ns3:hr>
            <ns3:cad>83</ns3:cad>
          </ns3:TrackPointExtension>
        </extensions>
      </trkpt>
    </trkseg>
  </trk>
</gpx>
