<?xml version="1.0" encoding="UTF-8"?>
<gpx creator="Garmin Connect" version="1.1"
  xsi:schemaLocation="http://www.topografix.com/GPX/1/1 http://www.topografix.com/GPX/11.xsd"
  xmlns:ns3="http://www.garmin.com/xmlschemas/TrackPointExtension/v1"
  xmlns="http://www.topografix.com/GPX/1/1"
  xmlns:xsi="http://www.w3.org/2001/XMLSchema-instance" xmlns:ns2="http://www.garmin.com/xmlschemas/GpxExtensions/v3">
  <metadata>
    <link href="connect.garmin.com">
      <text>Garmin Connect</text>
    </link>
    <time>2025-06-21T09:41:37.000Z</time>
  </metadata>
  <trk>
    <name>福州市 - Run Walk Run®</name>
    <type>running</type>
    <trkseg>
      <trkpt lat="25.86453440599143505096435546875" lon="119.5672987215220928192138671875">
        <ele>14.19999980926513671875</ele>
        <time>2025-06-21T09:41:37.000Z</time>
        <extensions>
          <ns3:TrackPointExtension>
            <ns3:atemp>31.0</ns3:atemp>
            <ns3:hr>100</ns3:hr>
            <ns3:cad>59</ns3:cad>
          </ns3:TrackPointExtension>
        </extensions>
      </trkpt>
      <trkpt lat="25.8645477332174777984619140625" lon="119.56729578785598278045654296875">
        <ele>14</ele>
        <time>2025-06-21T09:41:38.000Z</time>
        <extensions>
          <ns3:TrackPointExtension>
            <ns3:atemp>31.0</ns3:atemp>
            <ns3:hr>99</ns3:hr>
            <ns3:cad>59</ns3:cad>
          </ns3:TrackPointExtension>
        </extensions>
      </trkpt>
      <trkpt lat="25.8645621500909328460693359375" lon="119.56731389276683330535888671875">
        <ele>14</ele>
        <time>2025-06-21T09:41:39.000Z</time>
        <extensions>
          <ns3:TrackPointExtension>
            <ns3:atemp>31.0</ns3:atemp>
            <ns3:hr>99</ns3:hr>
            <ns3:cad>59</ns3:cad>
          </ns3:TrackPointExtension>
        </extensions>
      </trkpt>
      <trkpt lat="25.8645621500909328460693359375" lon="119.56731389276683330535888671875">
        <ele>13.80000019073486328125</ele>
        <time>2025-06-21T09:41:40.000Z</time>
        <extensions>
          <ns3:TrackPointExtension>
            <ns3:atemp>31.0</ns3:atemp>
            <ns3:hr>99</ns3:hr>
            <ns3:cad>59</ns3:cad>
          </ns3:TrackPointExtension>
        </extensions>
      </trkpt>
      <trkpt lat="25.864521749317646026611328125" lon="119.56726360134780406951904296875">
        <ele>13.6000003814697265625</ele>
        <time>2025-06-21T09:41:41.000Z</time>
        <extensions>
          <ns3:TrackPointExtension>
            <ns3:atemp>31.0</ns3:atemp>
            <ns3:hr>99</ns3:hr>
            <ns3:cad>0</ns3:cad>
          </ns3:TrackPointExtension>
        </extensions>
      </trkpt>
      <trkpt lat="25.864522419869899749755859375" lon="119.56724767573177814483642578125">
        <ele>13.6000003814697265625</ele>
        <time>2025-06-21T09:41:42.000Z</time>
        <extensions>
          <ns3:TrackPointExtension>
            <ns3:atemp>31.0</ns3:atemp>
            <ns3:hr>99</ns3:hr>
            <ns3:cad>0</ns3:cad>
          </ns3:TrackPointExtension>
        </extensions>
      </trkpt>
      <trkpt lat="25.86452702991664409637451171875" lon="119.5672377012670040130615234375">
        <ele>13.6000003814697265625</ele>
        <time>2025-06-21T09:41:43.000Z</time>
        <extensions>
          <ns3:TrackPointExtension>
            <ns3:atemp>31.0</ns3:atemp>
            <ns3:hr>99</ns3:hr>
            <ns3:cad>0</ns3:cad>
          </ns3:TrackPointExtension>
        </extensions>
      </trkpt>
      <trkpt lat="25.86453423835337162017822265625" lon="119.5672289840877056121826171875">
        <ele>13.6000003814697265625</ele>
        <time>2025-06-21T09:41:44.000Z</time>
        <extensions>
          <ns3:TrackPointExtension>
            <ns3:atemp>31.0</ns3:atemp>
            <ns3:hr>99</ns3:hr>
            <ns3:cad>0</ns3:cad>
          </ns3:TrackPointExtension>
        </extensions>
      </trkpt>
      <trkpt lat="25.86453792639076709747314453125" lon="119.567214734852313995361328125">
        <ele>13.6000003814697265625</ele>
        <time>2025-06-21T09:41:45.000Z</time>
        <extensions>
          <ns3:TrackPointExtension>
            <ns3:atemp>31.0</ns3:atemp>
            <ns3:hr>100</ns3:hr>
            <ns3:cad>0</ns3:cad>
          </ns3:TrackPointExtension>
        </extensions>
      </trkpt>
      <trkpt lat="25.86453926749527454376220703125" lon="119.5672021619975566864013671875">
        <ele>13.6000003814697265625</ele>
        <time>2025-06-21T09:41:46.000Z</time>
        <extensions>
          <ns3:TrackPointExtension>
            <ns3:atemp>31.0</ns3:atemp>
            <ns3:hr>100</ns3:hr>
            <ns3:cad>0</ns3:cad>
          </ns3:TrackPointExtension>
        </extensions>
      </trkpt>
      <trkpt lat="25.8645427040755748748779296875" lon="119.56718464381992816925048828125">
        <ele>13.6000003814697265625</ele>
        <time>2025-06-21T09:41:47.000Z</time>
        <extensions>
          <ns3:TrackPointExtension>
            <ns3:atemp>31.0</ns3:atemp>
            <ns3:hr>99</ns3:hr>
            <ns3:cad>62</ns3:cad>
          </ns3:TrackPointExtension>
        </extensions>
      </trkpt>
      <trkpt lat="25.8645473979413509368896484375" lon="119.56716737709939479827880859375">
        <ele>13.6000003814697265625</ele>
        <time>2025-06-21T09:41:48.000Z</time>
        <extensions>
          <ns3:TrackPointExtension>
            <ns3:atemp>31.0</ns3:atemp>
            <ns3:hr>99</ns3:hr>
            <ns3:cad>62</ns3:cad>
          </ns3:TrackPointExtension>
        </extensions>
      </trkpt>
      <trkpt lat="25.86455351673066616058349609375" lon="119.56715145148336887359619140625">
        <ele>13.6000003814697265625</ele>
        <time>2025-06-21T09:41:49.000Z</time>
        <extensions>
          <ns3:TrackPointExtension>
            <ns3:atemp>31.0</ns3:atemp>
            <ns3:hr>99</ns3:hr>
            <ns3:cad>61</ns3:cad>
          </ns3:TrackPointExtension>
        </extensions>
      </trkpt>
      <trkpt lat="25.8645604737102985382080078125" lon="119.567138962447643280029296875">
        <ele>13.6000003814697265625</ele>
        <time>2025-06-21T09:41:50.000Z</time>
        <extensions>
          <ns3:TrackPointExtension>
            <ns3:atemp>31.0</ns3:atemp>
            <ns3:hr>100</ns3:hr>
            <ns3:cad>61</ns3:cad>
          </ns3:TrackPointExtension>
        </extensions>
      </trkpt>
      <trkpt lat="25.86456709541380405426025390625" lon="119.567126221954822540283203125">
        <ele>13.6000003814697265625</ele>
        <time>2025-06-21T09:41:51.000Z</time>
        <extensions>
          <ns3:TrackPointExtension>
            <ns3:atemp>31.0</ns3:atemp>
            <ns3:hr>99</ns3:hr>
            <ns3:cad>60</ns3:cad>
          </ns3:TrackPointExtension>
        </extensions>
      </trkpt>
      <trkpt lat="25.864572711288928985595703125" lon="119.5671153254806995391845703125">
        <ele>13.6000003814697265625</ele>
        <time>2025-06-21T09:41:52.000Z</time>
        <extensions>
          <ns3:TrackPointExtension>
            <ns3:atemp>31.0</ns3:atemp>
            <ns3:hr>100</ns3:hr>
            <ns3:cad>60</ns3:cad>
          </ns3:TrackPointExtension>
        </extensions>
      </trkpt>
      <trkpt lat="25.86457916535437107086181640625" lon="119.56709898076951503753662109375">
        <ele>13.3999996185302734375</ele>
        <time>2025-06-21T09:41:53.000Z</time>
        <extensions>
          <ns3:TrackPointExtension>
            <ns3:atemp>31.0</ns3:atemp>
            <ns3:hr>100</ns3:hr>
            <ns3:cad>60</ns3:cad>
          </ns3:TrackPointExtension>
        </extensions>
      </trkpt>
      <trkpt lat="25.86458503268659114837646484375" lon="119.5670885033905506134033203125">
        <ele>13.3999996185302734375</ele>
        <time>2025-06-21T09:41:54.000Z</time>
        <extensions>
          <ns3:TrackPointExtension>
            <ns3:atemp>31.0</ns3:atemp>
            <ns3:hr>100</ns3:hr>
            <ns3:cad>60</ns3:cad>
          </ns3:TrackPointExtension>
        </extensions>
      </trkpt>
      <trkpt lat="25.86459090001881122589111328125" lon="119.56708406098186969757080078125">
        <ele>13.19999980926513671875</ele>
        <time>2025-06-21T09:41:55.000Z</time>
        <extensions>
          <ns3:TrackPointExtension>
            <ns3:atemp>31.0</ns3:atemp>
            <ns3:hr>100</ns3:hr>
            <ns3:cad>59</ns3:cad>
          </ns3:TrackPointExtension>
        </extensions>
      </trkpt>
      <trkpt lat="25.8645940013229846954345703125" lon="119.56707199104130268096923828125">
        <ele>13</ele>
        <time>2025-06-21T09:41:56.000Z</time>
        <extensions>
          <ns3:TrackPointExtension>
            <ns3:atemp>31.0</ns3:atemp>
            <ns3:hr>100</ns3:hr>
            <ns3:cad>59</ns3:cad>
          </ns3:TrackPointExtension>
        </extensions>
      </trkpt>
      <trkpt lat="25.864597856998443603515625" lon="119.56706084311008453369140625">
        <ele>12.80000019073486328125</ele>
        <time>2025-06-21T09:41:57.000Z</time>
        <extensions>
          <ns3:TrackPointExtension>
            <ns3:atemp>31.0</ns3:atemp>
            <ns3:hr>101</ns3:hr>
            <ns3:cad>59</ns3:cad>
          </ns3:TrackPointExtension>
        </extensions>
      </trkpt>
      <trkpt lat="25.86460213176906108856201171875" lon="119.5670429058372974395751953125">
        <ele>12.6000003814697265625</ele>
        <time>2025-06-21T09:41:58.000Z</time>
        <extensions>
          <ns3:TrackPointExtension>
            <ns3:atemp>31.0</ns3:atemp>
            <ns3:hr>100</ns3:hr>
            <ns3:cad>59</ns3:cad>
          </ns3:TrackPointExtension>
        </extensions>
      </trkpt>
      <trkpt lat="25.864608585834503173828125" lon="119.567028991878032684326171875">
        <ele>12.6000003814697265625</ele>
        <time>2025-06-21T09:41:59.000Z</time>
        <extensions>
          <ns3:TrackPointExtension>
            <ns3:atemp>31.0</ns3:atemp>
            <ns3:hr>100</ns3:hr>
            <ns3:cad>59</ns3:cad>
          </ns3:TrackPointExtension>
        </extensions>
      </trkpt>
      <trkpt lat="25.864612273871898651123046875" lon="119.56701566465198993682861328125">
        <ele>12.80000019073486328125</ele>
        <time>2025-06-21T09:42:00.000Z</time>
        <extensions>
          <ns3:TrackPointExtension>
            <ns3:atemp>31.0</ns3:atemp>
            <ns3:hr>100</ns3:hr>
            <ns3:cad>60</ns3:cad>
          </ns3:TrackPointExtension>
        </extensions>
      </trkpt>
      <trkpt lat="25.86461671628057956695556640625" lon="119.56700409762561321258544921875">
        <ele>13</ele>
        <time>2025-06-21T09:42:01.000Z</time>
        <extensions>
          <ns3:TrackPointExtension>
            <ns3:atemp>31.0</ns3:atemp>
            <ns3:hr>101</ns3:hr>
            <ns3:cad>60</ns3:cad>
          </ns3:TrackPointExtension>
        </extensions>
      </trkpt>
      <trkpt lat="25.86462107487022876739501953125" lon="119.566991440951824188232421875">
        <ele>13</ele>
        <time>2025-06-21T09:42:02.000Z</time>
        <extensions>
          <ns3:TrackPointExtension>
            <ns3:atemp>31.0</ns3:atemp>
            <ns3:hr>101</ns3:hr>
            <ns3:cad>60</ns3:cad>
          </ns3:TrackPointExtension>
        </extensions>
      </trkpt>
      <trkpt lat="25.86462710984051227569580078125" lon="119.5669775269925594329833984375">
        <ele>13.19999980926513671875</ele>
        <time>2025-06-21T09:42:03.000Z</time>
        <extensions>
          <ns3:TrackPointExtension>
            <ns3:atemp>31.0</ns3:atemp>
            <ns3:hr>101</ns3:hr>
            <ns3:cad>60</ns3:cad>
          </ns3:TrackPointExtension>
        </extensions>
      </trkpt>
      <trkpt lat="25.8646318875253200531005859375" lon="119.5669657923281192779541015625">
        <ele>13</ele>
        <time>2025-06-21T09:42:04.000Z</time>
        <extensions>
          <ns3:TrackPointExtension>
            <ns3:atemp>31.0</ns3:atemp>
            <ns3:hr>101</ns3:hr>
            <ns3:cad>60</ns3:cad>
          </ns3:TrackPointExtension>
        </extensions>
      </trkpt>
      <trkpt lat="25.864635072648525238037109375" lon="119.56695296801626682281494140625">
        <ele>12.80000019073486328125</ele>
        <time>2025-06-21T09:42:05.000Z</time>
        <extensions>
          <ns3:TrackPointExtension>
            <ns3:atemp>31.0</ns3:atemp>
            <ns3:hr>101</ns3:hr>
            <ns3:cad>61</ns3:cad>
          </ns3:TrackPointExtension>
        </extensions>
      </trkpt>
      <trkpt lat="25.864638425409793853759765625" lon="119.566939808428287506103515625">
        <ele>12.80000019073486328125</ele>
        <time>2025-06-21T09:42:06.000Z</time>
        <extensions>
          <ns3:TrackPointExtension>
            <ns3:atemp>31.0</ns3:atemp>
            <ns3:hr>101</ns3:hr>
            <ns3:cad>61</ns3:cad>
          </ns3:TrackPointExtension>
        </extensions>
      </trkpt>
      <trkpt lat="25.86464370600879192352294921875" lon="119.56692832522094249725341796875">
        <ele>12.80000019073486328125</ele>
        <time>2025-06-21T09:42:07.000Z</time>
        <extensions>
          <ns3:TrackPointExtension>
            <ns3:atemp>31.0</ns3:atemp>
            <ns3:hr>101</ns3:hr>
            <ns3:cad>60</ns3:cad>
          </ns3:TrackPointExtension>
        </extensions>
      </trkpt>
      <trkpt lat="25.86465041153132915496826171875" lon="119.5669188536703586578369140625">
        <ele>12.6000003814697265625</ele>
        <time>2025-06-21T09:42:08.000Z</time>
        <extensions>
          <ns3:TrackPointExtension>
            <ns3:atemp>31.0</ns3:atemp>
            <ns3:hr>101</ns3:hr>
            <ns3:cad>59</ns3:cad>
          </ns3:TrackPointExtension>
        </extensions>
      </trkpt>
      <trkpt lat="25.86465778760612010955810546875" lon="119.5669091306626796722412109375">
        <ele>12.6000003814697265625</ele>
        <time>2025-06-21T09:42:09.000Z</time>
        <extensions>
          <ns3:TrackPointExtension>
            <ns3:atemp>31.0</ns3:atemp>
            <ns3:hr>101</ns3:hr>
            <ns3:cad>59</ns3:cad>
          </ns3:TrackPointExtension>
        </extensions>
      </trkpt>
      <trkpt lat="25.8646664209663867950439453125" lon="119.5668973959982395172119140625">
        <ele>12.6000003814697265625</ele>
        <time>2025-06-21T09:42:10.000Z</time>
        <extensions>
          <ns3:TrackPointExtension>
            <ns3:atemp>31.0</ns3:atemp>
            <ns3:hr>100</ns3:hr>
            <ns3:cad>59</ns3:cad>
          </ns3:TrackPointExtension>
        </extensions>
      </trkpt>
      <trkpt lat="25.8646769821643829345703125" lon="119.5668804645538330078125">
        <ele>12.6000003814697265625</ele>
        <time>2025-06-21T09:42:11.000Z</time>
        <extensions>
          <ns3:TrackPointExtension>
            <ns3:atemp>31.0</ns3:atemp>
            <ns3:hr>100</ns3:hr>
            <ns3:cad>59</ns3:cad>
          </ns3:TrackPointExtension>
        </extensions>
      </trkpt>
      <trkpt lat="25.8646858669817447662353515625" lon="119.56686093471944332122802734375">
        <ele>12.6000003814697265625</ele>
        <time>2025-06-21T09:42:12.000Z</time>
        <extensions>
          <ns3:TrackPointExtension>
            <ns3:atemp>31.0</ns3:atemp>
            <ns3:hr>100</ns3:hr>
            <ns3:cad>59</ns3:cad>
          </ns3:TrackPointExtension>
        </extensions>
      </trkpt>
      <trkpt lat="25.864700786769390106201171875" lon="119.56684215925633907318115234375">
        <ele>12.3999996185302734375</ele>
        <time>2025-06-21T09:42:13.000Z</time>
        <extensions>
          <ns3:TrackPointExtension>
            <ns3:atemp>31.0</ns3:atemp>
            <ns3:hr>99</ns3:hr>
            <ns3:cad>59</ns3:cad>
          </ns3:TrackPointExtension>
        </extensions>
      </trkpt>
      <trkpt lat="25.8647136949002742767333984375" lon="119.56683444790542125701904296875">
        <ele>12.19999980926513671875</ele>
        <time>2025-06-21T09:42:14.000Z</time>
        <extensions>
          <ns3:TrackPointExtension>
            <ns3:atemp>31.0</ns3:atemp>
            <ns3:hr>99</ns3:hr>
            <ns3:cad>59</ns3:cad>
          </ns3:TrackPointExtension>
        </extensions>
      </trkpt>
      <trkpt lat="25.8647264353930950164794921875" lon="119.56683260388672351837158203125">
        <ele>12.19999980926513671875</ele>
        <time>2025-06-21T09:42:15.000Z</time>
        <extensions>
          <ns3:TrackPointExtension>
            <ns3:atemp>31.0</ns3:atemp>
            <ns3:hr>99</ns3:hr>
            <ns3:cad>59</ns3:cad>
          </ns3:TrackPointExtension>
        </extensions>
      </trkpt>
      <trkpt lat="25.8647391758859157562255859375" lon="119.56683017313480377197265625">
        <ele>12</ele>
        <time>2025-06-21T09:42:16.000Z</time>
        <extensions>
          <ns3:TrackPointExtension>
            <ns3:atemp>31.0</ns3:atemp>
            <ns3:hr>99</ns3:hr>
            <ns3:cad>0</ns3:cad>
          </ns3:TrackPointExtension>
        </extensions>
      </trkpt>
      <trkpt lat="25.86474579758942127227783203125" lon="119.5668281614780426025390625">
        <ele>12</ele>
        <time>2025-06-21T09:42:17.000Z</time>
        <extensions>
          <ns3:TrackPointExtension>
            <ns3:atemp>31.0</ns3:atemp>
            <ns3:hr>99</ns3:hr>
            <ns3:cad>0</ns3:cad>
          </ns3:TrackPointExtension>
        </extensions>
      </trkpt>
      <trkpt lat="25.86474982090294361114501953125" lon="119.56682740710675716400146484375">
        <ele>12</ele>
        <time>2025-06-21T09:42:18.000Z</time>
        <extensions>
          <ns3:TrackPointExtension>
            <ns3:atemp>31.0</ns3:atemp>
            <ns3:hr>99</ns3:hr>
            <ns3:cad>0</ns3:cad>
          </ns3:TrackPointExtension>
        </extensions>
      </trkpt>
      <trkpt lat="25.86475409567356109619140625" lon="119.56682078540325164794921875">
        <ele>12</ele>
        <time>2025-06-21T09:42:19.000Z</time>
        <extensions>
          <ns3:TrackPointExtension>
            <ns3:atemp>31.0</ns3:atemp>
            <ns3:hr>99</ns3:hr>
            <ns3:cad>0</ns3:cad>
          </ns3:TrackPointExtension>
        </extensions>
      </trkpt>
      <trkpt lat="25.864755101501941680908203125" lon="119.56681801937520503997802734375">
        <ele>12</ele>
        <time>2025-06-21T09:42:20.000Z</time>
        <extensions>
          <ns3:TrackPointExtension>
            <ns3:atemp>31.0</ns3:atemp>
            <ns3:hr>99</ns3:hr>
            <ns3:cad>0</ns3:cad>
          </ns3:TrackPointExtension>
        </extensions>
      </trkpt>
      <trkpt lat="25.86475200019776821136474609375" lon="119.56681114621460437774658203125">
        <ele>12</ele>
        <time>2025-06-21T09:42:21.000Z</time>
        <extensions>
          <ns3:TrackPointExtension>
            <ns3:atemp>31.0</ns3:atemp>
            <ns3:hr>100</ns3:hr>
            <ns3:cad>53</ns3:cad>
          </ns3:TrackPointExtension>
        </extensions>
      </trkpt>
      <trkpt lat="25.864751748740673065185546875" lon="119.56679605878889560699462890625">
        <ele>12</ele>
        <time>2025-06-21T09:42:22.000Z</time>
        <extensions>
          <ns3:TrackPointExtension>
            <ns3:atemp>31.0</ns3:atemp>
            <ns3:hr>99</ns3:hr>
            <ns3:cad>53</ns3:cad>
          </ns3:TrackPointExtension>
        </extensions>
      </trkpt>
      <trkpt lat="25.86475007236003875732421875" lon="119.5667797140777111053466796875">
        <ele>12</ele>
        <time>2025-06-21T09:42:23.000Z</time>
        <extensions>
          <ns3:TrackPointExtension>
            <ns3:atemp>31.0</ns3:atemp>
            <ns3:hr>99</ns3:hr>
            <ns3:cad>53</ns3:cad>
          </ns3:TrackPointExtension>
        </extensions>
      </trkpt>
      <trkpt lat="25.86475635878741741180419921875" lon="119.56676320172846317291259765625">
        <ele>12</ele>
        <time>2025-06-21T09:42:24.000Z</time>
        <extensions>
          <ns3:TrackPointExtension>
            <ns3:atemp>31.0</ns3:atemp>
            <ns3:hr>99</ns3:hr>
            <ns3:cad>53</ns3:cad>
          </ns3:TrackPointExtension>
        </extensions>
      </trkpt>
      <trkpt lat="25.86476574651896953582763671875" lon="119.56674777902662754058837890625">
        <ele>12</ele>
        <time>2025-06-21T09:42:25.000Z</time>
        <extensions>
          <ns3:TrackPointExtension>
            <ns3:atemp>31.0</ns3:atemp>
            <ns3:hr>99</ns3:hr>
            <ns3:cad>59</ns3:cad>
          </ns3:TrackPointExtension>
        </extensions>
      </trkpt>
      <trkpt lat="25.8647747151553630828857421875" lon="119.56673185341060161590576171875">
        <ele>11.80000019073486328125</ele>
        <time>2025-06-21T09:42:26.000Z</time>
        <extensions>
          <ns3:TrackPointExtension>
            <ns3:atemp>31.0</ns3:atemp>
            <ns3:hr>99</ns3:hr>
            <ns3:cad>61</ns3:cad>
          </ns3:TrackPointExtension>
        </extensions>
      </trkpt>
      <trkpt lat="25.86477982811629772186279296875" lon="119.5667166821658611297607421875">
        <ele>11.80000019073486328125</ele>
        <time>2025-06-21T09:42:27.000Z</time>
        <extensions>
          <ns3:TrackPointExtension>
            <ns3:atemp>31.0</ns3:atemp>
            <ns3:hr>99</ns3:hr>
            <ns3:cad>62</ns3:cad>
          </ns3:TrackPointExtension>
        </extensions>
      </trkpt>
      <trkpt lat="25.86478569544851779937744140625" lon="119.5666994154453277587890625">
        <ele>11.80000019073486328125</ele>
        <time>2025-06-21T09:42:28.000Z</time>
        <extensions>
          <ns3:TrackPointExtension>
            <ns3:atemp>31.0</ns3:atemp>
            <ns3:hr>99</ns3:hr>
            <ns3:cad>62</ns3:cad>
          </ns3:TrackPointExtension>
        </extensions>
      </trkpt>
      <trkpt lat="25.86479390971362590789794921875" lon="119.56668139435350894927978515625">
        <ele>11.80000019073486328125</ele>
        <time>2025-06-21T09:42:29.000Z</time>
        <extensions>
          <ns3:TrackPointExtension>
            <ns3:atemp>31.0</ns3:atemp>
            <ns3:hr>98</ns3:hr>
            <ns3:cad>62</ns3:cad>
          </ns3:TrackPointExtension>
        </extensions>
      </trkpt>
      <trkpt lat="25.8648015372455120086669921875" lon="119.5666658878326416015625">
        <ele>11.80000019073486328125</ele>
        <time>2025-06-21T09:42:30.000Z</time>
        <extensions>
          <ns3:TrackPointExtension>
            <ns3:atemp>31.0</ns3:atemp>
            <ns3:hr>98</ns3:hr>
            <ns3:cad>62</ns3:cad>
          </ns3:TrackPointExtension>
        </extensions>
      </trkpt>
      <trkpt lat="25.86481218226253986358642578125" lon="119.56665138714015483856201171875">
        <ele>12</ele>
        <time>2025-06-21T09:42:31.000Z</time>
        <extensions>
          <ns3:TrackPointExtension>
            <ns3:atemp>31.0</ns3:atemp>
            <ns3:hr>98</ns3:hr>
            <ns3:cad>61</ns3:cad>
          </ns3:TrackPointExtension>
        </extensions>
      </trkpt>
      <trkpt lat="25.8648266829550266265869140625" lon="119.56663713790476322174072265625">
        <ele>12</ele>
        <time>2025-06-21T09:42:32.000Z</time>
        <extensions>
          <ns3:TrackPointExtension>
            <ns3:atemp>31.0</ns3:atemp>
            <ns3:hr>98</ns3:hr>
            <ns3:cad>61</ns3:cad>
          </ns3:TrackPointExtension>
        </extensions>
      </trkpt>
      <trkpt lat="25.86483967490494251251220703125" lon="119.56663076765835285186767578125">
        <ele>12</ele>
        <time>2025-06-21T09:42:33.000Z</time>
        <extensions>
          <ns3:TrackPointExtension>
            <ns3:atemp>31.0</ns3:atemp>
            <ns3:hr>98</ns3:hr>
            <ns3:cad>61</ns3:cad>
          </ns3:TrackPointExtension>
        </extensions>
      </trkpt>
      <trkpt lat="25.86485199630260467529296875" lon="119.56662833690643310546875">
        <ele>12</ele>
        <time>2025-06-21T09:42:34.000Z</time>
        <extensions>
          <ns3:TrackPointExtension>
            <ns3:atemp>31.0</ns3:atemp>
            <ns3:hr>98</ns3:hr>
            <ns3:cad>61</ns3:cad>
          </ns3:TrackPointExtension>
        </extensions>
      </trkpt>
      <trkpt lat="25.86486649699509143829345703125" lon="119.56662858836352825164794921875">
        <ele>12</ele>
        <time>2025-06-21T09:42:35.000Z</time>
        <extensions>
          <ns3:TrackPointExtension>
            <ns3:atemp>31.0</ns3:atemp>
            <ns3:hr>98</ns3:hr>
            <ns3:cad>61</ns3:cad>
          </ns3:TrackPointExtension>
        </extensions>
      </trkpt>
      <trkpt lat="25.86488141678273677825927734375" lon="119.566629342734813690185546875">
        <ele>12</ele>
        <time>2025-06-21T09:42:36.000Z</time>
        <extensions>
          <ns3:TrackPointExtension>
            <ns3:atemp>31.0</ns3:atemp>
            <ns3:hr>98</ns3:hr>
            <ns3:cad>61</ns3:cad>
          </ns3:TrackPointExtension>
        </extensions>
      </trkpt>
      <trkpt lat="25.86489901877939701080322265625" lon="119.56663093529641628265380859375">
        <ele>12</ele>
        <time>2025-06-21T09:42:37.000Z</time>
        <extensions>
          <ns3:TrackPointExtension>
            <ns3:atemp>31.0</ns3:atemp>
            <ns3:hr>98</ns3:hr>
            <ns3:cad>61</ns3:cad>
          </ns3:TrackPointExtension>
        </extensions>
      </trkpt>
      <trkpt lat="25.86491527967154979705810546875" lon="119.5666378922760486602783203125">
        <ele>12</ele>
        <time>2025-06-21T09:42:38.000Z</time>
        <extensions>
          <ns3:TrackPointExtension>
            <ns3:atemp>31.0</ns3:atemp>
            <ns3:hr>98</ns3:hr>
            <ns3:cad>60</ns3:cad>
          </ns3:TrackPointExtension>
        </extensions>
      </trkpt>
      <trkpt lat="25.8649306185543537139892578125" lon="119.56664686091244220733642578125">
        <ele>12</ele>
        <time>2025-06-21T09:42:39.000Z</time>
        <extensions>
          <ns3:TrackPointExtension>
            <ns3:atemp>31.0</ns3:atemp>
            <ns3:hr>98</ns3:hr>
            <ns3:cad>60</ns3:cad>
          </ns3:TrackPointExtension>
        </extensions>
      </trkpt>
      <trkpt lat="25.8649430237710475921630859375" lon="119.56665758974850177764892578125">
        <ele>12</ele>
        <time>2025-06-21T09:42:40.000Z</time>
        <extensions>
          <ns3:TrackPointExtension>
            <ns3:atemp>31.0</ns3:atemp>
            <ns3:hr>98</ns3:hr>
            <ns3:cad>60</ns3:cad>
          </ns3:TrackPointExtension>
        </extensions>
      </trkpt>
      <trkpt lat="25.86495383642613887786865234375" lon="119.56666664220392704010009765625">
        <ele>11.80000019073486328125</ele>
        <time>2025-06-21T09:42:41.000Z</time>
        <extensions>
          <ns3:TrackPointExtension>
            <ns3:atemp>31.0</ns3:atemp>
            <ns3:hr>98</ns3:hr>
            <ns3:cad>61</ns3:cad>
          </ns3:TrackPointExtension>
        </extensions>
      </trkpt>
      <trkpt lat="25.8649691753089427947998046875" lon="119.56667971797287464141845703125">
        <ele>11.80000019073486328125</ele>
        <time>2025-06-21T09:42:42.000Z</time>
        <extensions>
          <ns3:TrackPointExtension>
            <ns3:atemp>31.0</ns3:atemp>
            <ns3:hr>97</ns3:hr>
            <ns3:cad>61</ns3:cad>
          </ns3:TrackPointExtension>
        </extensions>
      </trkpt>
      <trkpt lat="25.86498183198273181915283203125" lon="119.56668960861861705780029296875">
        <ele>11.80000019073486328125</ele>
        <time>2025-06-21T09:42:43.000Z</time>
        <extensions>
          <ns3:TrackPointExtension>
            <ns3:atemp>31.0</ns3:atemp>
            <ns3:hr>98</ns3:hr>
            <ns3:cad>61</ns3:cad>
          </ns3:TrackPointExtension>
        </extensions>
      </trkpt>
      <trkpt lat="25.864993147552013397216796875" lon="119.56669664941728115081787109375">
        <ele>11.80000019073486328125</ele>
        <time>2025-06-21T09:42:44.000Z</time>
        <extensions>
          <ns3:TrackPointExtension>
            <ns3:atemp>31.0</ns3:atemp>
            <ns3:hr>98</ns3:hr>
            <ns3:cad>61</ns3:cad>
          </ns3:TrackPointExtension>
        </extensions>
      </trkpt>
      <trkpt lat="25.86500379256904125213623046875" lon="119.56670352257788181304931640625">
        <ele>11.80000019073486328125</ele>
        <time>2025-06-21T09:42:45.000Z</time>
        <extensions>
          <ns3:TrackPointExtension>
            <ns3:atemp>31.0</ns3:atemp>
            <ns3:hr>98</ns3:hr>
            <ns3:cad>61</ns3:cad>
          </ns3:TrackPointExtension>
        </extensions>
      </trkpt>
      <trkpt lat="25.86501351557672023773193359375" lon="119.566709809005260467529296875">
        <ele>11.80000019073486328125</ele>
        <time>2025-06-21T09:42:46.000Z</time>
        <extensions>
          <ns3:TrackPointExtension>
            <ns3:atemp>31.0</ns3:atemp>
            <ns3:hr>98</ns3:hr>
            <ns3:cad>60</ns3:cad>
          </ns3:TrackPointExtension>
        </extensions>
      </trkpt>
      <trkpt lat="25.8650251664221286773681640625" lon="119.5667176879942417144775390625">
        <ele>11.80000019073486328125</ele>
        <time>2025-06-21T09:42:47.000Z</time>
        <extensions>
          <ns3:TrackPointExtension>
            <ns3:atemp>31.0</ns3:atemp>
            <ns3:hr>97</ns3:hr>
            <ns3:cad>60</ns3:cad>
          </ns3:TrackPointExtension>
        </extensions>
      </trkpt>
      <trkpt lat="25.86503698490560054779052734375" lon="119.5667223818600177764892578125">
        <ele>11.80000019073486328125</ele>
        <time>2025-06-21T09:42:48.000Z</time>
        <extensions>
          <ns3:TrackPointExtension>
            <ns3:atemp>31.0</ns3:atemp>
            <ns3:hr>98</ns3:hr>
            <ns3:cad>59</ns3:cad>
          </ns3:TrackPointExtension>
        </extensions>
      </trkpt>
      <trkpt lat="25.865047462284564971923828125" lon="119.56672665663063526153564453125">
        <ele>11.80000019073486328125</ele>
        <time>2025-06-21T09:42:49.000Z</time>
        <extensions>
          <ns3:TrackPointExtension>
            <ns3:atemp>31.0</ns3:atemp>
            <ns3:hr>98</ns3:hr>
            <ns3:cad>59</ns3:cad>
          </ns3:TrackPointExtension>
        </extensions>
      </trkpt>
      <trkpt lat="25.86505961604416370391845703125" lon="119.566731266677379608154296875">
        <ele>12</ele>
        <time>2025-06-21T09:42:50.000Z</time>
        <extensions>
          <ns3:TrackPointExtension>
            <ns3:atemp>31.0</ns3:atemp>
            <ns3:hr>99</ns3:hr>
            <ns3:cad>59</ns3:cad>
          </ns3:TrackPointExtension>
        </extensions>
      </trkpt>
      <trkpt lat="25.86507202126085758209228515625" lon="119.56673487089574337005615234375">
        <ele>12</ele>
        <time>2025-06-21T09:42:51.000Z</time>
        <extensions>
          <ns3:TrackPointExtension>
            <ns3:atemp>31.0</ns3:atemp>
            <ns3:hr>100</ns3:hr>
            <ns3:cad>59</ns3:cad>
          </ns3:TrackPointExtension>
        </extensions>
      </trkpt>
      <trkpt lat="25.86508342064917087554931640625" lon="119.5667391456663608551025390625">
        <ele>12</ele>
        <time>2025-06-21T09:42:52.000Z</time>
        <extensions>
          <ns3:TrackPointExtension>
            <ns3:atemp>31.0</ns3:atemp>
            <ns3:hr>101</ns3:hr>
            <ns3:cad>60</ns3:cad>
          </ns3:TrackPointExtension>
        </extensions>
      </trkpt>
      <trkpt lat="25.865096747875213623046875" lon="119.56674342043697834014892578125">
        <ele>12</ele>
        <time>2025-06-21T09:42:53.000Z</time>
        <extensions>
          <ns3:TrackPointExtension>
            <ns3:atemp>31.0</ns3:atemp>
            <ns3:hr>101</ns3:hr>
            <ns3:cad>60</ns3:cad>
          </ns3:TrackPointExtension>
        </extensions>
      </trkpt>
      <trkpt lat="25.86510814726352691650390625" lon="119.56674928776919841766357421875">
        <ele>12.19999980926513671875</ele>
        <time>2025-06-21T09:42:54.000Z</time>
        <extensions>
          <ns3:TrackPointExtension>
            <ns3:atemp>31.0</ns3:atemp>
            <ns3:hr>102</ns3:hr>
            <ns3:cad>61</ns3:cad>
          </ns3:TrackPointExtension>
        </extensions>
      </trkpt>
      <trkpt lat="25.86512155830860137939453125" lon="119.56675398163497447967529296875">
        <ele>12.19999980926513671875</ele>
        <time>2025-06-21T09:42:55.000Z</time>
        <extensions>
          <ns3:TrackPointExtension>
            <ns3:atemp>31.0</ns3:atemp>
            <ns3:hr>102</ns3:hr>
            <ns3:cad>61</ns3:cad>
          </ns3:TrackPointExtension>
        </extensions>
      </trkpt>
      <trkpt lat="25.8651327900588512420654296875" lon="119.56675984896719455718994140625">
        <ele>12.19999980926513671875</ele>
        <time>2025-06-21T09:42:56.000Z</time>
        <extensions>
          <ns3:TrackPointExtension>
            <ns3:atemp>32.0</ns3:atemp>
            <ns3:hr>102</ns3:hr>
            <ns3:cad>61</ns3:cad>
          </ns3:TrackPointExtension>
        </extensions>
      </trkpt>
      <trkpt lat="25.8651436865329742431640625" lon="119.566766135394573211669921875">
        <ele>12.3999996185302734375</ele>
        <time>2025-06-21T09:42:57.000Z</time>
        <extensions>
          <ns3:TrackPointExtension>
            <ns3:atemp>32.0</ns3:atemp>
            <ns3:hr>102</ns3:hr>
            <ns3:cad>61</ns3:cad>
          </ns3:TrackPointExtension>
        </extensions>
      </trkpt>
      <trkpt lat="25.86515282280743122100830078125" lon="119.56677292473614215850830078125">
        <ele>12.3999996185302734375</ele>
        <time>2025-06-21T09:42:58.000Z</time>
        <extensions>
          <ns3:TrackPointExtension>
            <ns3:atemp>31.0</ns3:atemp>
            <ns3:hr>103</ns3:hr>
            <ns3:cad>60</ns3:cad>
          </ns3:TrackPointExtension>
        </extensions>
      </trkpt>
      <trkpt lat="25.86516086943447589874267578125" lon="119.56677778623998165130615234375">
        <ele>12.3999996185302734375</ele>
        <time>2025-06-21T09:42:59.000Z</time>
        <extensions>
          <ns3:TrackPointExtension>
            <ns3:atemp>32.0</ns3:atemp>
            <ns3:hr>103</ns3:hr>
            <ns3:cad>60</ns3:cad>
          </ns3:TrackPointExtension>
        </extensions>
      </trkpt>
      <trkpt lat="25.86516941897571086883544921875" lon="119.56678365357220172882080078125">
        <ele>12.3999996185302734375</ele>
        <time>2025-06-21T09:43:00.000Z</time>
        <extensions>
          <ns3:TrackPointExtension>
            <ns3:atemp>31.0</ns3:atemp>
            <ns3:hr>104</ns3:hr>
            <ns3:cad>59</ns3:cad>
          </ns3:TrackPointExtension>
        </extensions>
      </trkpt>
      <trkpt lat="25.86517947725951671600341796875" lon="119.56678885035216808319091796875">
        <ele>12.3999996185302734375</ele>
        <time>2025-06-21T09:43:01.000Z</time>
        <extensions>
          <ns3:TrackPointExtension>
            <ns3:atemp>31.0</ns3:atemp>
            <ns3:hr>104</ns3:hr>
            <ns3:cad>59</ns3:cad>
          </ns3:TrackPointExtension>
        </extensions>
      </trkpt>
      <trkpt lat="25.86518718861043453216552734375" lon="119.56679555587470531463623046875">
        <ele>12.3999996185302734375</ele>
        <time>2025-06-21T09:43:02.000Z</time>
        <extensions>
          <ns3:TrackPointExtension>
            <ns3:atemp>32.0</ns3:atemp>
            <ns3:hr>106</ns3:hr>
            <ns3:cad>59</ns3:cad>
          </ns3:TrackPointExtension>
        </extensions>
      </trkpt>
      <trkpt lat="25.86519590578973293304443359375" lon="119.56680335104465484619140625">
        <ele>12.3999996185302734375</ele>
        <time>2025-06-21T09:43:03.000Z</time>
        <extensions>
          <ns3:TrackPointExtension>
            <ns3:atemp>32.0</ns3:atemp>
            <ns3:hr>106</ns3:hr>
            <ns3:cad>59</ns3:cad>
          </ns3:TrackPointExtension>
        </extensions>
      </trkpt>
      <trkpt lat="25.86520696990191936492919921875" lon="119.5668145827949047088623046875">
        <ele>12.3999996185302734375</ele>
        <time>2025-06-21T09:43:04.000Z</time>
        <extensions>
          <ns3:TrackPointExtension>
            <ns3:atemp>32.0</ns3:atemp>
            <ns3:hr>106</ns3:hr>
            <ns3:cad>59</ns3:cad>
          </ns3:TrackPointExtension>
        </extensions>
      </trkpt>
      <trkpt lat="25.86521887220442295074462890625" lon="119.56682388670742511749267578125">
        <ele>12.6000003814697265625</ele>
        <time>2025-06-21T09:43:05.000Z</time>
        <extensions>
          <ns3:TrackPointExtension>
            <ns3:atemp>32.0</ns3:atemp>
            <ns3:hr>107</ns3:hr>
            <ns3:cad>59</ns3:cad>
          </ns3:TrackPointExtension>
        </extensions>
      </trkpt>
      <trkpt lat="25.86523328907787799835205078125" lon="119.56683419644832611083984375">
        <ele>12.80000019073486328125</ele>
        <time>2025-06-21T09:43:06.000Z</time>
        <extensions>
          <ns3:TrackPointExtension>
            <ns3:atemp>32.0</ns3:atemp>
            <ns3:hr>107</ns3:hr>
            <ns3:cad>59</ns3:cad>
          </ns3:TrackPointExtension>
        </extensions>
      </trkpt>
      <trkpt lat="25.8652461133897304534912109375" lon="119.56684266217052936553955078125">
        <ele>12.80000019073486328125</ele>
        <time>2025-06-21T09:43:07.000Z</time>
        <extensions>
          <ns3:TrackPointExtension>
            <ns3:atemp>32.0</ns3:atemp>
            <ns3:hr>107</ns3:hr>
            <ns3:cad>60</ns3:cad>
          </ns3:TrackPointExtension>
        </extensions>
      </trkpt>
      <trkpt lat="25.86525994352996349334716796875" lon="119.56684836186468601226806640625">
        <ele>12.80000019073486328125</ele>
        <time>2025-06-21T09:43:08.000Z</time>
        <extensions>
          <ns3:TrackPointExtension>
            <ns3:atemp>32.0</ns3:atemp>
            <ns3:hr>107</ns3:hr>
            <ns3:cad>61</ns3:cad>
          </ns3:TrackPointExtension>
        </extensions>
      </trkpt>
      <trkpt lat="25.86527335457503795623779296875" lon="119.56685238517820835113525390625">
        <ele>12.80000019073486328125</ele>
        <time>2025-06-21T09:43:09.000Z</time>
        <extensions>
          <ns3:TrackPointExtension>
            <ns3:atemp>32.0</ns3:atemp>
            <ns3:hr>108</ns3:hr>
            <ns3:cad>61</ns3:cad>
          </ns3:TrackPointExtension>
        </extensions>
      </trkpt>
      <trkpt lat="25.86528609506785869598388671875" lon="119.5668554864823818206787109375">
        <ele>12.6000003814697265625</ele>
        <time>2025-06-21T09:43:10.000Z</time>
        <extensions>
          <ns3:TrackPointExtension>
            <ns3:atemp>32.0</ns3:atemp>
            <ns3:hr>107</ns3:hr>
            <ns3:cad>62</ns3:cad>
          </ns3:TrackPointExtension>
        </extensions>
      </trkpt>
      <trkpt lat="25.865298919379711151123046875" lon="119.5668598450720310211181640625">
        <ele>12.6000003814697265625</ele>
        <time>2025-06-21T09:43:11.000Z</time>
        <extensions>
          <ns3:TrackPointExtension>
            <ns3:atemp>32.0</ns3:atemp>
            <ns3:hr>107</ns3:hr>
            <ns3:cad>62</ns3:cad>
          </ns3:TrackPointExtension>
        </extensions>
      </trkpt>
      <trkpt lat="25.865309648215770721435546875" lon="119.56686437129974365234375">
        <ele>12.3999996185302734375</ele>
        <time>2025-06-21T09:43:12.000Z</time>
        <extensions>
          <ns3:TrackPointExtension>
            <ns3:atemp>32.0</ns3:atemp>
            <ns3:hr>108</ns3:hr>
            <ns3:cad>61</ns3:cad>
          </ns3:TrackPointExtension>
        </extensions>
      </trkpt>
      <trkpt lat="25.8653192035853862762451171875" lon="119.566871412098407745361328125">
        <ele>12.3999996185302734375</ele>
        <time>2025-06-21T09:43:13.000Z</time>
        <extensions>
          <ns3:TrackPointExtension>
            <ns3:atemp>32.0</ns3:atemp>
            <ns3:hr>108</ns3:hr>
            <ns3:cad>61</ns3:cad>
          </ns3:TrackPointExtension>
        </extensions>
      </trkpt>
      <trkpt lat="25.865328423678874969482421875" lon="119.566877447068691253662109375">
        <ele>12.3999996185302734375</ele>
        <time>2025-06-21T09:43:14.000Z</time>
        <extensions>
          <ns3:TrackPointExtension>
            <ns3:atemp>32.0</ns3:atemp>
            <ns3:hr>108</ns3:hr>
            <ns3:cad>61</ns3:cad>
          </ns3:TrackPointExtension>
        </extensions>
      </trkpt>
      <trkpt lat="25.8653413318097591400146484375" lon="119.56688188947737216949462890625">
        <ele>12.6000003814697265625</ele>
        <time>2025-06-21T09:43:15.000Z</time>
        <extensions>
          <ns3:TrackPointExtension>
            <ns3:atemp>32.0</ns3:atemp>
            <ns3:hr>108</ns3:hr>
            <ns3:cad>61</ns3:cad>
          </ns3:TrackPointExtension>
        </extensions>
      </trkpt>
      <trkpt lat="25.865353234112262725830078125" lon="119.5668853260576725006103515625">
        <ele>12.6000003814697265625</ele>
        <time>2025-06-21T09:43:16.000Z</time>
        <extensions>
          <ns3:TrackPointExtension>
            <ns3:atemp>32.0</ns3:atemp>
            <ns3:hr>109</ns3:hr>
            <ns3:cad>61</ns3:cad>
          </ns3:TrackPointExtension>
        </extensions>
      </trkpt>
      <trkpt lat="25.86536522023379802703857421875" lon="119.56689094193279743194580078125">
        <ele>12.6000003814697265625</ele>
        <time>2025-06-21T09:43:17.000Z</time>
        <extensions>
          <ns3:TrackPointExtension>
            <ns3:atemp>32.0</ns3:atemp>
            <ns3:hr>109</ns3:hr>
            <ns3:cad>61</ns3:cad>
          </ns3:TrackPointExtension>
        </extensions>
      </trkpt>
      <trkpt lat="25.86537544615566730499267578125" lon="119.5668960548937320709228515625">
        <ele>12.6000003814697265625</ele>
        <time>2025-06-21T09:43:18.000Z</time>
        <extensions>
          <ns3:TrackPointExtension>
            <ns3:atemp>32.0</ns3:atemp>
            <ns3:hr>109</ns3:hr>
            <ns3:cad>61</ns3:cad>
          </ns3:TrackPointExtension>
        </extensions>
      </trkpt>
      <trkpt lat="25.86538768373429775238037109375" lon="119.56690217368304729461669921875">
        <ele>12.6000003814697265625</ele>
        <time>2025-06-21T09:43:19.000Z</time>
        <extensions>
          <ns3:TrackPointExtension>
            <ns3:atemp>32.0</ns3:atemp>
            <ns3:hr>109</ns3:hr>
            <ns3:cad>61</ns3:cad>
          </ns3:TrackPointExtension>
        </extensions>
      </trkpt>
      <trkpt lat="25.8653986640274524688720703125" lon="119.5669074542820453643798828125">
        <ele>12.6000003814697265625</ele>
        <time>2025-06-21T09:43:20.000Z</time>
        <extensions>
          <ns3:TrackPointExtension>
            <ns3:atemp>32.0</ns3:atemp>
            <ns3:hr>109</ns3:hr>
            <ns3:cad>61</ns3:cad>
          </ns3:TrackPointExtension>
        </extensions>
      </trkpt>
      <trkpt lat="25.8654097281396389007568359375" lon="119.56691323779523372650146484375">
        <ele>12.6000003814697265625</ele>
        <time>2025-06-21T09:43:21.000Z</time>
        <extensions>
          <ns3:TrackPointExtension>
            <ns3:atemp>32.0</ns3:atemp>
            <ns3:hr>108</ns3:hr>
            <ns3:cad>61</ns3:cad>
          </ns3:TrackPointExtension>
        </extensions>
      </trkpt>
      <trkpt lat="25.86541936732828617095947265625" lon="119.5669171772897243499755859375">
        <ele>12.6000003814697265625</ele>
        <time>2025-06-21T09:43:22.000Z</time>
        <extensions>
          <ns3:TrackPointExtension>
            <ns3:atemp>32.0</ns3:atemp>
            <ns3:hr>109</ns3:hr>
            <ns3:cad>61</ns3:cad>
          </ns3:TrackPointExtension>
        </extensions>
      </trkpt>
      <trkpt lat="25.86542808450758457183837890625" lon="119.5669220387935638427734375">
        <ele>12.6000003814697265625</ele>
        <time>2025-06-21T09:43:23.000Z</time>
        <extensions>
          <ns3:TrackPointExtension>
            <ns3:atemp>32.0</ns3:atemp>
            <ns3:hr>108</ns3:hr>
            <ns3:cad>60</ns3:cad>
          </ns3:TrackPointExtension>
        </extensions>
      </trkpt>
      <trkpt lat="25.8654355444014072418212890625" lon="119.56692698411643505096435546875">
        <ele>12.80000019073486328125</ele>
        <time>2025-06-21T09:43:24.000Z</time>
        <extensions>
          <ns3:TrackPointExtension>
            <ns3:atemp>32.0</ns3:atemp>
            <ns3:hr>108</ns3:hr>
            <ns3:cad>60</ns3:cad>
          </ns3:TrackPointExtension>
        </extensions>
      </trkpt>
      <trkpt lat="25.86544183082878589630126953125" lon="119.56693083979189395904541015625">
        <ele>13</ele>
        <time>2025-06-21T09:43:25.000Z</time>
        <extensions>
          <ns3:TrackPointExtension>
            <ns3:atemp>32.0</ns3:atemp>
            <ns3:hr>107</ns3:hr>
            <ns3:cad>60</ns3:cad>
          </ns3:TrackPointExtension>
        </extensions>
      </trkpt>
      <trkpt lat="25.86545054800808429718017578125" lon="119.56694039516150951385498046875">
        <ele>13</ele>
        <time>2025-06-21T09:43:26.000Z</time>
        <extensions>
          <ns3:TrackPointExtension>
            <ns3:atemp>32.0</ns3:atemp>
            <ns3:hr>107</ns3:hr>
            <ns3:cad>60</ns3:cad>
          </ns3:TrackPointExtension>
        </extensions>
      </trkpt>
      <trkpt lat="25.86546060629189014434814453125" lon="119.5669480226933956146240234375">
        <ele>13.19999980926513671875</ele>
        <time>2025-06-21T09:43:27.000Z</time>
        <extensions>
          <ns3:TrackPointExtension>
            <ns3:atemp>32.0</ns3:atemp>
            <ns3:hr>106</ns3:hr>
            <ns3:cad>59</ns3:cad>
          </ns3:TrackPointExtension>
        </extensions>
      </trkpt>
      <trkpt lat="25.865470580756664276123046875" lon="119.5669540576636791229248046875">
        <ele>13.19999980926513671875</ele>
        <time>2025-06-21T09:43:28.000Z</time>
        <extensions>
          <ns3:TrackPointExtension>
            <ns3:atemp>32.0</ns3:atemp>
            <ns3:hr>105</ns3:hr>
            <ns3:cad>59</ns3:cad>
          </ns3:TrackPointExtension>
        </extensions>
      </trkpt>
      <trkpt lat="25.86548089049756526947021484375" lon="119.56696034409105777740478515625">
        <ele>13.19999980926513671875</ele>
        <time>2025-06-21T09:43:29.000Z</time>
        <extensions>
          <ns3:TrackPointExtension>
            <ns3:atemp>32.0</ns3:atemp>
            <ns3:hr>105</ns3:hr>
            <ns3:cad>59</ns3:cad>
          </ns3:TrackPointExtension>
        </extensions>
      </trkpt>
      <trkpt lat="25.86549262516200542449951171875" lon="119.566968642175197601318359375">
        <ele>13.19999980926513671875</ele>
        <time>2025-06-21T09:43:30.000Z</time>
        <extensions>
          <ns3:TrackPointExtension>
            <ns3:atemp>32.0</ns3:atemp>
            <ns3:hr>105</ns3:hr>
            <ns3:cad>59</ns3:cad>
          </ns3:TrackPointExtension>
        </extensions>
      </trkpt>
      <trkpt lat="25.86550519801676273345947265625" lon="119.56697442568838596343994140625">
        <ele>13.19999980926513671875</ele>
        <time>2025-06-21T09:43:31.000Z</time>
        <extensions>
          <ns3:TrackPointExtension>
            <ns3:atemp>32.0</ns3:atemp>
            <ns3:hr>105</ns3:hr>
            <ns3:cad>0</ns3:cad>
          </ns3:TrackPointExtension>
        </extensions>
      </trkpt>
      <trkpt lat="25.8655143342912197113037109375" lon="119.56697979010641574859619140625">
        <ele>13.19999980926513671875</ele>
        <time>2025-06-21T09:43:32.000Z</time>
        <extensions>
          <ns3:TrackPointExtension>
            <ns3:atemp>32.0</ns3:atemp>
            <ns3:hr>105</ns3:hr>
            <ns3:cad>0</ns3:cad>
          </ns3:TrackPointExtension>
        </extensions>
      </trkpt>
      <trkpt lat="25.8655233867466449737548828125" lon="119.5669859088957309722900390625">
        <ele>13.19999980926513671875</ele>
        <time>2025-06-21T09:43:33.000Z</time>
        <extensions>
          <ns3:TrackPointExtension>
            <ns3:atemp>32.0</ns3:atemp>
            <ns3:hr>105</ns3:hr>
            <ns3:cad>0</ns3:cad>
          </ns3:TrackPointExtension>
        </extensions>
      </trkpt>
      <trkpt lat="25.865531265735626220703125" lon="119.56699244678020477294921875">
        <ele>13.3999996185302734375</ele>
        <time>2025-06-21T09:43:34.000Z</time>
        <extensions>
          <ns3:TrackPointExtension>
            <ns3:atemp>32.0</ns3:atemp>
            <ns3:hr>105</ns3:hr>
            <ns3:cad>0</ns3:cad>
          </ns3:TrackPointExtension>
        </extensions>
      </trkpt>
      <trkpt lat="25.8655398152768611907958984375" lon="119.56699906848371028900146484375">
        <ele>13.19999980926513671875</ele>
        <time>2025-06-21T09:43:35.000Z</time>
        <extensions>
          <ns3:TrackPointExtension>
            <ns3:atemp>32.0</ns3:atemp>
            <ns3:hr>105</ns3:hr>
            <ns3:cad>0</ns3:cad>
          </ns3:TrackPointExtension>
        </extensions>
      </trkpt>
      <trkpt lat="25.865549705922603607177734375" lon="119.56700510345399379730224609375">
        <ele>13.19999980926513671875</ele>
        <time>2025-06-21T09:43:36.000Z</time>
        <extensions>
          <ns3:TrackPointExtension>
            <ns3:atemp>32.0</ns3:atemp>
            <ns3:hr>105</ns3:hr>
            <ns3:cad>0</ns3:cad>
          </ns3:TrackPointExtension>
        </extensions>
      </trkpt>
      <trkpt lat="25.8655602671205997467041015625" lon="119.56701063551008701324462890625">
        <ele>13.19999980926513671875</ele>
        <time>2025-06-21T09:43:37.000Z</time>
        <extensions>
          <ns3:TrackPointExtension>
            <ns3:atemp>32.0</ns3:atemp>
            <ns3:hr>106</ns3:hr>
            <ns3:cad>60</ns3:cad>
          </ns3:TrackPointExtension>
        </extensions>
      </trkpt>
      <trkpt lat="25.86557158268988132476806640625" lon="119.56701549701392650604248046875">
        <ele>13.19999980926513671875</ele>
        <time>2025-06-21T09:43:38.000Z</time>
        <extensions>
          <ns3:TrackPointExtension>
            <ns3:atemp>32.0</ns3:atemp>
            <ns3:hr>105</ns3:hr>
            <ns3:cad>60</ns3:cad>
          </ns3:TrackPointExtension>
        </extensions>
      </trkpt>
      <trkpt lat="25.8655822277069091796875" lon="119.56701985560357570648193359375">
        <ele>13.19999980926513671875</ele>
        <time>2025-06-21T09:43:39.000Z</time>
        <extensions>
          <ns3:TrackPointExtension>
            <ns3:atemp>32.0</ns3:atemp>
            <ns3:hr>105</ns3:hr>
            <ns3:cad>61</ns3:cad>
          </ns3:TrackPointExtension>
        </extensions>
      </trkpt>
      <trkpt lat="25.86559404619038105010986328125" lon="119.5670227892696857452392578125">
        <ele>13.19999980926513671875</ele>
        <time>2025-06-21T09:43:40.000Z</time>
        <extensions>
          <ns3:TrackPointExtension>
            <ns3:atemp>32.0</ns3:atemp>
            <ns3:hr>106</ns3:hr>
            <ns3:cad>61</ns3:cad>
          </ns3:TrackPointExtension>
        </extensions>
      </trkpt>
      <trkpt lat="25.86560343392193317413330078125" lon="119.56702597439289093017578125">
        <ele>13.3999996185302734375</ele>
        <time>2025-06-21T09:43:41.000Z</time>
        <extensions>
          <ns3:TrackPointExtension>
            <ns3:atemp>32.0</ns3:atemp>
            <ns3:hr>106</ns3:hr>
            <ns3:cad>60</ns3:cad>
          </ns3:TrackPointExtension>
        </extensions>
      </trkpt>
      <trkpt lat="25.8656122349202632904052734375" lon="119.56702840514481067657470703125">
        <ele>13.19999980926513671875</ele>
        <time>2025-06-21T09:43:42.000Z</time>
        <extensions>
          <ns3:TrackPointExtension>
            <ns3:atemp>32.0</ns3:atemp>
            <ns3:hr>106</ns3:hr>
            <ns3:cad>59</ns3:cad>
          </ns3:TrackPointExtension>
        </extensions>
      </trkpt>
      <trkpt lat="25.865624137222766876220703125" lon="119.56703536212444305419921875">
        <ele>13.19999980926513671875</ele>
        <time>2025-06-21T09:43:43.000Z</time>
        <extensions>
          <ns3:TrackPointExtension>
            <ns3:atemp>32.0</ns3:atemp>
            <ns3:hr>106</ns3:hr>
            <ns3:cad>59</ns3:cad>
          </ns3:TrackPointExtension>
        </extensions>
      </trkpt>
      <trkpt lat="25.86563520133495330810546875" lon="119.56704131327569484710693359375">
        <ele>13.19999980926513671875</ele>
        <time>2025-06-21T09:43:44.000Z</time>
        <extensions>
          <ns3:TrackPointExtension>
            <ns3:atemp>32.0</ns3:atemp>
            <ns3:hr>106</ns3:hr>
            <ns3:cad>61</ns3:cad>
          </ns3:TrackPointExtension>
        </extensions>
      </trkpt>
      <trkpt lat="25.86564467288553714752197265625" lon="119.56704516895115375518798828125">
        <ele>13.19999980926513671875</ele>
        <time>2025-06-21T09:43:45.000Z</time>
        <extensions>
          <ns3:TrackPointExtension>
            <ns3:atemp>32.0</ns3:atemp>
            <ns3:hr>106</ns3:hr>
            <ns3:cad>61</ns3:cad>
          </ns3:TrackPointExtension>
        </extensions>
      </trkpt>
      <trkpt lat="25.8656551502645015716552734375" lon="119.5670499466359615325927734375">
        <ele>13.19999980926513671875</ele>
        <time>2025-06-21T09:43:46.000Z</time>
        <extensions>
          <ns3:TrackPointExtension>
            <ns3:atemp>32.0</ns3:atemp>
            <ns3:hr>106</ns3:hr>
            <ns3:cad>61</ns3:cad>
          </ns3:TrackPointExtension>
        </extensions>
      </trkpt>
      <trkpt lat="25.86566830985248088836669921875" lon="119.56705539487302303314208984375">
        <ele>13.19999980926513671875</ele>
        <time>2025-06-21T09:43:47.000Z</time>
        <extensions>
          <ns3:TrackPointExtension>
            <ns3:atemp>32.0</ns3:atemp>
            <ns3:hr>107</ns3:hr>
            <ns3:cad>61</ns3:cad>
          </ns3:TrackPointExtension>
        </extensions>
      </trkpt>
      <trkpt lat="25.8656813018023967742919921875" lon="119.567060507833957672119140625">
        <ele>13.19999980926513671875</ele>
        <time>2025-06-21T09:43:48.000Z</time>
        <extensions>
          <ns3:TrackPointExtension>
            <ns3:atemp>32.0</ns3:atemp>
            <ns3:hr>106</ns3:hr>
            <ns3:cad>61</ns3:cad>
          </ns3:TrackPointExtension>
        </extensions>
      </trkpt>
      <trkpt lat="25.86569312028586864471435546875" lon="119.56706754863262176513671875">
        <ele>13.19999980926513671875</ele>
        <time>2025-06-21T09:43:49.000Z</time>
        <extensions>
          <ns3:TrackPointExtension>
            <ns3:atemp>32.0</ns3:atemp>
            <ns3:hr>106</ns3:hr>
            <ns3:cad>60</ns3:cad>
          </ns3:TrackPointExtension>
        </extensions>
      </trkpt>
      <trkpt lat="25.8657047711312770843505859375" lon="119.56707182340323925018310546875">
        <ele>13.19999980926513671875</ele>
        <time>2025-06-21T09:43:50.000Z</time>
        <extensions>
          <ns3:TrackPointExtension>
            <ns3:atemp>32.0</ns3:atemp>
            <ns3:hr>106</ns3:hr>
            <ns3:cad>60</ns3:cad>
          </ns3:TrackPointExtension>
        </extensions>
      </trkpt>
      <trkpt lat="25.8657165057957172393798828125" lon="119.5670784451067447662353515625">
        <ele>13.3999996185302734375</ele>
        <time>2025-06-21T09:43:51.000Z</time>
        <extensions>
          <ns3:TrackPointExtension>
            <ns3:atemp>32.0</ns3:atemp>
            <ns3:hr>106</ns3:hr>
            <ns3:cad>62</ns3:cad>
          </ns3:TrackPointExtension>
        </extensions>
      </trkpt>
      <trkpt lat="25.865729749202728271484375" lon="119.5670844800770282745361328125">
        <ele>13.3999996185302734375</ele>
        <time>2025-06-21T09:43:52.000Z</time>
        <extensions>
          <ns3:TrackPointExtension>
            <ns3:atemp>32.0</ns3:atemp>
            <ns3:hr>106</ns3:hr>
            <ns3:cad>62</ns3:cad>
          </ns3:TrackPointExtension>
        </extensions>
      </trkpt>
      <trkpt lat="25.865740813314914703369140625" lon="119.56708766520023345947265625">
        <ele>13.3999996185302734375</ele>
        <time>2025-06-21T09:43:53.000Z</time>
        <extensions>
          <ns3:TrackPointExtension>
            <ns3:atemp>32.0</ns3:atemp>
            <ns3:hr>106</ns3:hr>
            <ns3:cad>63</ns3:cad>
          </ns3:TrackPointExtension>
        </extensions>
      </trkpt>
      <trkpt lat="25.8657525479793548583984375" lon="119.5670982263982295989990234375">
        <ele>13.3999996185302734375</ele>
        <time>2025-06-21T09:43:54.000Z</time>
        <extensions>
          <ns3:TrackPointExtension>
            <ns3:atemp>32.0</ns3:atemp>
            <ns3:hr>106</ns3:hr>
            <ns3:cad>62</ns3:cad>
          </ns3:TrackPointExtension>
        </extensions>
      </trkpt>
      <trkpt lat="25.8657610975205898284912109375" lon="119.56710602156817913055419921875">
        <ele>13.3999996185302734375</ele>
        <time>2025-06-21T09:43:55.000Z</time>
        <extensions>
          <ns3:TrackPointExtension>
            <ns3:atemp>32.0</ns3:atemp>
            <ns3:hr>106</ns3:hr>
            <ns3:cad>62</ns3:cad>
          </ns3:TrackPointExtension>
        </extensions>
      </trkpt>
      <trkpt lat="25.865770988166332244873046875" lon="119.56710920669138431549072265625">
        <ele>13.3999996185302734375</ele>
        <time>2025-06-21T09:43:56.000Z</time>
        <extensions>
          <ns3:TrackPointExtension>
            <ns3:atemp>32.0</ns3:atemp>
            <ns3:hr>106</ns3:hr>
            <ns3:cad>62</ns3:cad>
          </ns3:TrackPointExtension>
        </extensions>
      </trkpt>
      <trkpt lat="25.86578129790723323822021484375" lon="119.56711339764297008514404296875">
        <ele>13.3999996185302734375</ele>
        <time>2025-06-21T09:43:57.000Z</time>
        <extensions>
          <ns3:TrackPointExtension>
            <ns3:atemp>32.0</ns3:atemp>
            <ns3:hr>106</ns3:hr>
            <ns3:cad>62</ns3:cad>
          </ns3:TrackPointExtension>
        </extensions>
      </trkpt>
      <trkpt lat="25.86578934453427791595458984375" lon="119.56711775623261928558349609375">
        <ele>13.6000003814697265625</ele>
        <time>2025-06-21T09:43:58.000Z</time>
        <extensions>
          <ns3:TrackPointExtension>
            <ns3:atemp>32.0</ns3:atemp>
            <ns3:hr>106</ns3:hr>
            <ns3:cad>62</ns3:cad>
          </ns3:TrackPointExtension>
        </extensions>
      </trkpt>
      <trkpt lat="25.8657979778945446014404296875" lon="119.56712194718420505523681640625">
        <ele>13.6000003814697265625</ele>
        <time>2025-06-21T09:43:59.000Z</time>
        <extensions>
          <ns3:TrackPointExtension>
            <ns3:atemp>32.0</ns3:atemp>
            <ns3:hr>106</ns3:hr>
            <ns3:cad>62</ns3:cad>
          </ns3:TrackPointExtension>
        </extensions>
      </trkpt>
      <trkpt lat="25.86580912582576274871826171875" lon="119.56712789833545684814453125">
        <ele>13.80000019073486328125</ele>
        <time>2025-06-21T09:44:00.000Z</time>
        <extensions>
          <ns3:TrackPointExtension>
            <ns3:atemp>32.0</ns3:atemp>
            <ns3:hr>105</ns3:hr>
            <ns3:cad>62</ns3:cad>
          </ns3:TrackPointExtension>
        </extensions>
      </trkpt>
      <trkpt lat="25.86581935174763202667236328125" lon="119.56713267602026462554931640625">
        <ele>14</ele>
        <time>2025-06-21T09:44:01.000Z</time>
        <extensions>
          <ns3:TrackPointExtension>
            <ns3:atemp>32.0</ns3:atemp>
            <ns3:hr>105</ns3:hr>
            <ns3:cad>64</ns3:cad>
          </ns3:TrackPointExtension>
        </extensions>
      </trkpt>
      <trkpt lat="25.86582924239337444305419921875" lon="119.56714072264730930328369140625">
        <ele>14.19999980926513671875</ele>
        <time>2025-06-21T09:44:02.000Z</time>
        <extensions>
          <ns3:TrackPointExtension>
            <ns3:atemp>32.0</ns3:atemp>
            <ns3:hr>105</ns3:hr>
            <ns3:cad>64</ns3:cad>
          </ns3:TrackPointExtension>
        </extensions>
      </trkpt>
      <trkpt lat="25.865837037563323974609375" lon="119.567149020731449127197265625">
        <ele>14.19999980926513671875</ele>
        <time>2025-06-21T09:44:03.000Z</time>
        <extensions>
          <ns3:TrackPointExtension>
            <ns3:atemp>32.0</ns3:atemp>
            <ns3:hr>105</ns3:hr>
            <ns3:cad>64</ns3:cad>
          </ns3:TrackPointExtension>
        </extensions>
      </trkpt>
      <trkpt lat="25.86584583856165409088134765625" lon="119.56715547479689121246337890625">
        <ele>14.19999980926513671875</ele>
        <time>2025-06-21T09:44:04.000Z</time>
        <extensions>
          <ns3:TrackPointExtension>
            <ns3:atemp>32.0</ns3:atemp>
            <ns3:hr>105</ns3:hr>
            <ns3:cad>61</ns3:cad>
          </ns3:TrackPointExtension>
        </extensions>
      </trkpt>
      <trkpt lat="25.86585606448352336883544921875" lon="119.5671609230339527130126953125">
        <ele>14</ele>
        <time>2025-06-21T09:44:05.000Z</time>
        <extensions>
          <ns3:TrackPointExtension>
            <ns3:atemp>32.0</ns3:atemp>
            <ns3:hr>105</ns3:hr>
            <ns3:cad>60</ns3:cad>
          </ns3:TrackPointExtension>
        </extensions>
      </trkpt>
      <trkpt lat="25.865866877138614654541015625" lon="119.56716637127101421356201171875">
        <ele>14</ele>
        <time>2025-06-21T09:44:06.000Z</time>
        <extensions>
          <ns3:TrackPointExtension>
            <ns3:atemp>32.0</ns3:atemp>
            <ns3:hr>106</ns3:hr>
            <ns3:cad>60</ns3:cad>
          </ns3:TrackPointExtension>
        </extensions>
      </trkpt>
      <trkpt lat="25.865877605974674224853515625" lon="119.56717140041291713714599609375">
        <ele>14</ele>
        <time>2025-06-21T09:44:07.000Z</time>
        <extensions>
          <ns3:TrackPointExtension>
            <ns3:atemp>32.0</ns3:atemp>
            <ns3:hr>107</ns3:hr>
            <ns3:cad>59</ns3:cad>
          </ns3:TrackPointExtension>
        </extensions>
      </trkpt>
      <trkpt lat="25.86588791571557521820068359375" lon="119.56717710010707378387451171875">
        <ele>14</ele>
        <time>2025-06-21T09:44:08.000Z</time>
        <extensions>
          <ns3:TrackPointExtension>
            <ns3:atemp>32.0</ns3:atemp>
            <ns3:hr>108</ns3:hr>
            <ns3:cad>59</ns3:cad>
          </ns3:TrackPointExtension>
        </extensions>
      </trkpt>
      <trkpt lat="25.86589814163744449615478515625" lon="119.5671833865344524383544921875">
        <ele>14</ele>
        <time>2025-06-21T09:44:09.000Z</time>
        <extensions>
          <ns3:TrackPointExtension>
            <ns3:atemp>32.0</ns3:atemp>
            <ns3:hr>109</ns3:hr>
            <ns3:cad>59</ns3:cad>
          </ns3:TrackPointExtension>
        </extensions>
      </trkpt>
      <trkpt lat="25.86591004393994808197021484375" lon="119.56718958914279937744140625">
        <ele>14</ele>
        <time>2025-06-21T09:44:10.000Z</time>
        <extensions>
          <ns3:TrackPointExtension>
            <ns3:atemp>32.0</ns3:atemp>
            <ns3:hr>109</ns3:hr>
            <ns3:cad>59</ns3:cad>
          </ns3:TrackPointExtension>
        </extensions>
      </trkpt>
      <trkpt lat="25.86592177860438823699951171875" lon="119.56719629466533660888671875">
        <ele>14</ele>
        <time>2025-06-21T09:44:11.000Z</time>
        <extensions>
          <ns3:TrackPointExtension>
            <ns3:atemp>32.0</ns3:atemp>
            <ns3:hr>110</ns3:hr>
            <ns3:cad>59</ns3:cad>
          </ns3:TrackPointExtension>
        </extensions>
      </trkpt>
      <trkpt lat="25.86593200452625751495361328125" lon="119.567201994359493255615234375">
        <ele>14.19999980926513671875</ele>
        <time>2025-06-21T09:44:12.000Z</time>
        <extensions>
          <ns3:TrackPointExtension>
            <ns3:atemp>32.0</ns3:atemp>
            <ns3:hr>110</ns3:hr>
            <ns3:cad>59</ns3:cad>
          </ns3:TrackPointExtension>
        </extensions>
      </trkpt>
      <trkpt lat="25.8659431524574756622314453125" lon="119.56720777787268161773681640625">
        <ele>14.19999980926513671875</ele>
        <time>2025-06-21T09:44:13.000Z</time>
        <extensions>
          <ns3:TrackPointExtension>
            <ns3:atemp>32.0</ns3:atemp>
            <ns3:hr>110</ns3:hr>
            <ns3:cad>59</ns3:cad>
          </ns3:TrackPointExtension>
        </extensions>
      </trkpt>
      <trkpt lat="25.8659562282264232635498046875" lon="119.5672142319381237030029296875">
        <ele>14.19999980926513671875</ele>
        <time>2025-06-21T09:44:14.000Z</time>
        <extensions>
          <ns3:TrackPointExtension>
            <ns3:atemp>32.0</ns3:atemp>
            <ns3:hr>110</ns3:hr>
            <ns3:cad>59</ns3:cad>
          </ns3:TrackPointExtension>
        </extensions>
      </trkpt>
      <trkpt lat="25.86596913635730743408203125" lon="119.56721934489905834197998046875">
        <ele>14.3999996185302734375</ele>
        <time>2025-06-21T09:44:15.000Z</time>
        <extensions>
          <ns3:TrackPointExtension>
            <ns3:atemp>32.0</ns3:atemp>
            <ns3:hr>109</ns3:hr>
            <ns3:cad>59</ns3:cad>
          </ns3:TrackPointExtension>
        </extensions>
      </trkpt>
      <trkpt lat="25.86598028428852558135986328125" lon="119.56722445785999298095703125">
        <ele>14.3999996185302734375</ele>
        <time>2025-06-21T09:44:16.000Z</time>
        <extensions>
          <ns3:TrackPointExtension>
            <ns3:atemp>32.0</ns3:atemp>
            <ns3:hr>109</ns3:hr>
            <ns3:cad>59</ns3:cad>
          </ns3:TrackPointExtension>
        </extensions>
      </trkpt>
      <trkpt lat="25.8659924380481243133544921875" lon="119.567230157554149627685546875">
        <ele>14.3999996185302734375</ele>
        <time>2025-06-21T09:44:17.000Z</time>
        <extensions>
          <ns3:TrackPointExtension>
            <ns3:atemp>32.0</ns3:atemp>
            <ns3:hr>109</ns3:hr>
            <ns3:cad>59</ns3:cad>
          </ns3:TrackPointExtension>
        </extensions>
      </trkpt>
      <trkpt lat="25.86600291542708873748779296875" lon="119.56723560579121112823486328125">
        <ele>14.3999996185302734375</ele>
        <time>2025-06-21T09:44:18.000Z</time>
        <extensions>
          <ns3:TrackPointExtension>
            <ns3:atemp>32.0</ns3:atemp>
            <ns3:hr>108</ns3:hr>
            <ns3:cad>60</ns3:cad>
          </ns3:TrackPointExtension>
        </extensions>
      </trkpt>
      <trkpt lat="25.86601397953927516937255859375" lon="119.567240886390209197998046875">
        <ele>14.3999996185302734375</ele>
        <time>2025-06-21T09:44:19.000Z</time>
        <extensions>
          <ns3:TrackPointExtension>
            <ns3:atemp>32.0</ns3:atemp>
            <ns3:hr>108</ns3:hr>
            <ns3:cad>61</ns3:cad>
          </ns3:TrackPointExtension>
        </extensions>
      </trkpt>
      <trkpt lat="25.86602487601339817047119140625" lon="119.56724499352276325225830078125">
        <ele>14.3999996185302734375</ele>
        <time>2025-06-21T09:44:20.000Z</time>
        <extensions>
          <ns3:TrackPointExtension>
            <ns3:atemp>32.0</ns3:atemp>
            <ns3:hr>107</ns3:hr>
            <ns3:cad>61</ns3:cad>
          </ns3:TrackPointExtension>
        </extensions>
      </trkpt>
      <trkpt lat="25.86603661067783832550048828125" lon="119.5672517828643321990966796875">
        <ele>14.3999996185302734375</ele>
        <time>2025-06-21T09:44:21.000Z</time>
        <extensions>
          <ns3:TrackPointExtension>
            <ns3:atemp>32.0</ns3:atemp>
            <ns3:hr>107</ns3:hr>
            <ns3:cad>62</ns3:cad>
          </ns3:TrackPointExtension>
        </extensions>
      </trkpt>
      <trkpt lat="25.8660487644374370574951171875" lon="119.56725798547267913818359375">
        <ele>14.3999996185302734375</ele>
        <time>2025-06-21T09:44:22.000Z</time>
        <extensions>
          <ns3:TrackPointExtension>
            <ns3:atemp>32.0</ns3:atemp>
            <ns3:hr>107</ns3:hr>
            <ns3:cad>62</ns3:cad>
          </ns3:TrackPointExtension>
        </extensions>
      </trkpt>
      <trkpt lat="25.86605957709252834320068359375" lon="119.56726477481424808502197265625">
        <ele>14.3999996185302734375</ele>
        <time>2025-06-21T09:44:23.000Z</time>
        <extensions>
          <ns3:TrackPointExtension>
            <ns3:atemp>32.0</ns3:atemp>
            <ns3:hr>108</ns3:hr>
            <ns3:cad>62</ns3:cad>
          </ns3:TrackPointExtension>
        </extensions>
      </trkpt>
      <trkpt lat="25.8660695515573024749755859375" lon="119.56727097742259502410888671875">
        <ele>14.3999996185302734375</ele>
        <time>2025-06-21T09:44:24.000Z</time>
        <extensions>
          <ns3:TrackPointExtension>
            <ns3:atemp>32.0</ns3:atemp>
            <ns3:hr>108</ns3:hr>
            <ns3:cad>62</ns3:cad>
          </ns3:TrackPointExtension>
        </extensions>
      </trkpt>
      <trkpt lat="25.86608103476464748382568359375" lon="119.56727600656449794769287109375">
        <ele>14.3999996185302734375</ele>
        <time>2025-06-21T09:44:25.000Z</time>
        <extensions>
          <ns3:TrackPointExtension>
            <ns3:atemp>32.0</ns3:atemp>
            <ns3:hr>108</ns3:hr>
            <ns3:cad>61</ns3:cad>
          </ns3:TrackPointExtension>
        </extensions>
      </trkpt>
      <trkpt lat="25.86609394289553165435791015625" lon="119.56728019751608371734619140625">
        <ele>14.3999996185302734375</ele>
        <time>2025-06-21T09:44:26.000Z</time>
        <extensions>
          <ns3:TrackPointExtension>
            <ns3:atemp>32.0</ns3:atemp>
            <ns3:hr>108</ns3:hr>
            <ns3:cad>61</ns3:cad>
          </ns3:TrackPointExtension>
        </extensions>
      </trkpt>
      <trkpt lat="25.86610852740705013275146484375" lon="119.56728606484830379486083984375">
        <ele>14.3999996185302734375</ele>
        <time>2025-06-21T09:44:27.000Z</time>
        <extensions>
          <ns3:TrackPointExtension>
            <ns3:atemp>32.0</ns3:atemp>
            <ns3:hr>108</ns3:hr>
            <ns3:cad>61</ns3:cad>
          </ns3:TrackPointExtension>
        </extensions>
      </trkpt>
      <trkpt lat="25.86611934006214141845703125" lon="119.5672920159995555877685546875">
        <ele>14.6000003814697265625</ele>
        <time>2025-06-21T09:44:28.000Z</time>
        <extensions>
          <ns3:TrackPointExtension>
            <ns3:atemp>32.0</ns3:atemp>
            <ns3:hr>108</ns3:hr>
            <ns3:cad>61</ns3:cad>
          </ns3:TrackPointExtension>
        </extensions>
      </trkpt>
      <trkpt lat="25.86613132618367671966552734375" lon="119.56729293800890445709228515625">
        <ele>14.6000003814697265625</ele>
        <time>2025-06-21T09:44:29.000Z</time>
        <extensions>
          <ns3:TrackPointExtension>
            <ns3:atemp>32.0</ns3:atemp>
            <ns3:hr>108</ns3:hr>
            <ns3:cad>61</ns3:cad>
          </ns3:TrackPointExtension>
        </extensions>
      </trkpt>
      <trkpt lat="25.8661416359245777130126953125" lon="119.5672970451414585113525390625">
        <ele>14.6000003814697265625</ele>
        <time>2025-06-21T09:44:30.000Z</time>
        <extensions>
          <ns3:TrackPointExtension>
            <ns3:atemp>32.0</ns3:atemp>
            <ns3:hr>109</ns3:hr>
            <ns3:cad>61</ns3:cad>
          </ns3:TrackPointExtension>
        </extensions>
      </trkpt>
      <trkpt lat="25.8661523647606372833251953125" lon="119.567302577197551727294921875">
        <ele>14.6000003814697265625</ele>
        <time>2025-06-21T09:44:31.000Z</time>
        <extensions>
          <ns3:TrackPointExtension>
            <ns3:atemp>32.0</ns3:atemp>
            <ns3:hr>108</ns3:hr>
            <ns3:cad>61</ns3:cad>
          </ns3:TrackPointExtension>
        </extensions>
      </trkpt>
      <trkpt lat="25.866164267063140869140625" lon="119.5673071034252643585205078125">
        <ele>14.80000019073486328125</ele>
        <time>2025-06-21T09:44:32.000Z</time>
        <extensions>
          <ns3:TrackPointExtension>
            <ns3:atemp>32.0</ns3:atemp>
            <ns3:hr>108</ns3:hr>
            <ns3:cad>61</ns3:cad>
          </ns3:TrackPointExtension>
        </extensions>
      </trkpt>
      <trkpt lat="25.86617826484143733978271484375" lon="119.5673121325671672821044921875">
        <ele>14.6000003814697265625</ele>
        <time>2025-06-21T09:44:33.000Z</time>
        <extensions>
          <ns3:TrackPointExtension>
            <ns3:atemp>32.0</ns3:atemp>
            <ns3:hr>108</ns3:hr>
            <ns3:cad>61</ns3:cad>
          </ns3:TrackPointExtension>
        </extensions>
      </trkpt>
      <trkpt lat="25.86619284935295581817626953125" lon="119.56731724552810192108154296875">
        <ele>14.6000003814697265625</ele>
        <time>2025-06-21T09:44:34.000Z</time>
        <extensions>
          <ns3:TrackPointExtension>
            <ns3:atemp>32.0</ns3:atemp>
            <ns3:hr>108</ns3:hr>
            <ns3:cad>61</ns3:cad>
          </ns3:TrackPointExtension>
        </extensions>
      </trkpt>
      <trkpt lat="25.86620726622641086578369140625" lon="119.56732043065130710601806640625">
        <ele>14.6000003814697265625</ele>
        <time>2025-06-21T09:44:35.000Z</time>
        <extensions>
          <ns3:TrackPointExtension>
            <ns3:atemp>32.0</ns3:atemp>
            <ns3:hr>108</ns3:hr>
            <ns3:cad>61</ns3:cad>
          </ns3:TrackPointExtension>
        </extensions>
      </trkpt>
      <trkpt lat="25.866217575967311859130859375" lon="119.5673265494406223297119140625">
        <ele>14.6000003814697265625</ele>
        <time>2025-06-21T09:44:36.000Z</time>
        <extensions>
          <ns3:TrackPointExtension>
            <ns3:atemp>32.0</ns3:atemp>
            <ns3:hr>109</ns3:hr>
            <ns3:cad>61</ns3:cad>
          </ns3:TrackPointExtension>
        </extensions>
      </trkpt>
      <trkpt lat="25.86623040027916431427001953125" lon="119.56733199767768383026123046875">
        <ele>14.6000003814697265625</ele>
        <time>2025-06-21T09:44:37.000Z</time>
        <extensions>
          <ns3:TrackPointExtension>
            <ns3:atemp>32.0</ns3:atemp>
            <ns3:hr>109</ns3:hr>
            <ns3:cad>61</ns3:cad>
          </ns3:TrackPointExtension>
        </extensions>
      </trkpt>
      <trkpt lat="25.86624263785779476165771484375" lon="119.56733786500990390777587890625">
        <ele>14.6000003814697265625</ele>
        <time>2025-06-21T09:44:38.000Z</time>
        <extensions>
          <ns3:TrackPointExtension>
            <ns3:atemp>32.0</ns3:atemp>
            <ns3:hr>109</ns3:hr>
            <ns3:cad>61</ns3:cad>
          </ns3:TrackPointExtension>
        </extensions>
      </trkpt>
      <trkpt lat="25.86625370196998119354248046875" lon="119.56734423525631427764892578125">
        <ele>14.6000003814697265625</ele>
        <time>2025-06-21T09:44:39.000Z</time>
        <extensions>
          <ns3:TrackPointExtension>
            <ns3:atemp>32.0</ns3:atemp>
            <ns3:hr>109</ns3:hr>
            <ns3:cad>60</ns3:cad>
          </ns3:TrackPointExtension>
        </extensions>
      </trkpt>
      <trkpt lat="25.8662660233676433563232421875" lon="119.5673500187695026397705078125">
        <ele>14.6000003814697265625</ele>
        <time>2025-06-21T09:44:40.000Z</time>
        <extensions>
          <ns3:TrackPointExtension>
            <ns3:atemp>32.0</ns3:atemp>
            <ns3:hr>109</ns3:hr>
            <ns3:cad>60</ns3:cad>
          </ns3:TrackPointExtension>
        </extensions>
      </trkpt>
      <trkpt lat="25.866277255117893218994140625" lon="119.56735613755881786346435546875">
        <ele>14.80000019073486328125</ele>
        <time>2025-06-21T09:44:41.000Z</time>
        <extensions>
          <ns3:TrackPointExtension>
            <ns3:atemp>32.0</ns3:atemp>
            <ns3:hr>109</ns3:hr>
            <ns3:cad>60</ns3:cad>
          </ns3:TrackPointExtension>
        </extensions>
      </trkpt>
      <trkpt lat="25.8662878163158893585205078125" lon="119.567362256348133087158203125">
        <ele>14.80000019073486328125</ele>
        <time>2025-06-21T09:44:42.000Z</time>
        <extensions>
          <ns3:TrackPointExtension>
            <ns3:atemp>32.0</ns3:atemp>
            <ns3:hr>108</ns3:hr>
            <ns3:cad>60</ns3:cad>
          </ns3:TrackPointExtension>
        </extensions>
      </trkpt>
      <trkpt lat="25.8662998862564563751220703125" lon="119.56736661493778228759765625">
        <ele>14.80000019073486328125</ele>
        <time>2025-06-21T09:44:43.000Z</time>
        <extensions>
          <ns3:TrackPointExtension>
            <ns3:atemp>32.0</ns3:atemp>
            <ns3:hr>108</ns3:hr>
            <ns3:cad>62</ns3:cad>
          </ns3:TrackPointExtension>
        </extensions>
      </trkpt>
      <trkpt lat="25.86631254293024539947509765625" lon="119.567372314631938934326171875">
        <ele>14.80000019073486328125</ele>
        <time>2025-06-21T09:44:44.000Z</time>
        <extensions>
          <ns3:TrackPointExtension>
            <ns3:atemp>32.0</ns3:atemp>
            <ns3:hr>109</ns3:hr>
            <ns3:cad>62</ns3:cad>
          </ns3:TrackPointExtension>
        </extensions>
      </trkpt>
      <trkpt lat="25.8663265407085418701171875" lon="119.56737893633544445037841796875">
        <ele>14.80000019073486328125</ele>
        <time>2025-06-21T09:44:45.000Z</time>
        <extensions>
          <ns3:TrackPointExtension>
            <ns3:atemp>32.0</ns3:atemp>
            <ns3:hr>109</ns3:hr>
            <ns3:cad>62</ns3:cad>
          </ns3:TrackPointExtension>
        </extensions>
      </trkpt>
      <trkpt lat="25.86634171195328235626220703125" lon="119.56738446839153766632080078125">
        <ele>15</ele>
        <time>2025-06-21T09:44:46.000Z</time>
        <extensions>
          <ns3:TrackPointExtension>
            <ns3:atemp>32.0</ns3:atemp>
            <ns3:hr>110</ns3:hr>
            <ns3:cad>62</ns3:cad>
          </ns3:TrackPointExtension>
        </extensions>
      </trkpt>
      <trkpt lat="25.86634741164743900299072265625" lon="119.56737625412642955780029296875">
        <ele>15</ele>
        <time>2025-06-21T09:44:47.000Z</time>
        <extensions>
          <ns3:TrackPointExtension>
            <ns3:atemp>32.0</ns3:atemp>
            <ns3:hr>110</ns3:hr>
            <ns3:cad>62</ns3:cad>
          </ns3:TrackPointExtension>
        </extensions>
      </trkpt>
      <trkpt lat="25.866357050836086273193359375" lon="119.56737005151808261871337890625">
        <ele>14.80000019073486328125</ele>
        <time>2025-06-21T09:44:48.000Z</time>
        <extensions>
          <ns3:TrackPointExtension>
            <ns3:atemp>32.0</ns3:atemp>
            <ns3:hr>110</ns3:hr>
            <ns3:cad>61</ns3:cad>
          </ns3:TrackPointExtension>
        </extensions>
      </trkpt>
      <trkpt lat="25.866366438567638397216796875" lon="119.56736837513744831085205078125">
        <ele>14.80000019073486328125</ele>
        <time>2025-06-21T09:44:49.000Z</time>
        <extensions>
          <ns3:TrackPointExtension>
            <ns3:atemp>32.0</ns3:atemp>
            <ns3:hr>110</ns3:hr>
            <ns3:cad>61</ns3:cad>
          </ns3:TrackPointExtension>
        </extensions>
      </trkpt>
      <trkpt lat="25.8663748204708099365234375" lon="119.56736938096582889556884765625">
        <ele>14.80000019073486328125</ele>
        <time>2025-06-21T09:44:50.000Z</time>
        <extensions>
          <ns3:TrackPointExtension>
            <ns3:atemp>32.0</ns3:atemp>
            <ns3:hr>110</ns3:hr>
            <ns3:cad>61</ns3:cad>
          </ns3:TrackPointExtension>
        </extensions>
      </trkpt>
      <trkpt lat="25.86638010106980800628662109375" lon="119.56736787222325801849365234375">
        <ele>14.80000019073486328125</ele>
        <time>2025-06-21T09:44:51.000Z</time>
        <extensions>
          <ns3:TrackPointExtension>
            <ns3:atemp>32.0</ns3:atemp>
            <ns3:hr>110</ns3:hr>
            <ns3:cad>61</ns3:cad>
          </ns3:TrackPointExtension>
        </extensions>
      </trkpt>
      <trkpt lat="25.86638647131621837615966796875" lon="119.5673698000609874725341796875">
        <ele>14.80000019073486328125</ele>
        <time>2025-06-21T09:44:52.000Z</time>
        <extensions>
          <ns3:TrackPointExtension>
            <ns3:atemp>32.0</ns3:atemp>
            <ns3:hr>110</ns3:hr>
            <ns3:cad>61</ns3:cad>
          </ns3:TrackPointExtension>
        </extensions>
      </trkpt>
      <trkpt lat="25.86639963090419769287109375" lon="119.5673765055835247039794921875">
        <ele>14.80000019073486328125</ele>
        <time>2025-06-21T09:44:53.000Z</time>
        <extensions>
          <ns3:TrackPointExtension>
            <ns3:atemp>32.0</ns3:atemp>
            <ns3:hr>110</ns3:hr>
            <ns3:cad>61</ns3:cad>
          </ns3:TrackPointExtension>
        </extensions>
      </trkpt>
      <trkpt lat="25.86641580797731876373291015625" lon="119.56738497130572795867919921875">
        <ele>14.80000019073486328125</ele>
        <time>2025-06-21T09:44:54.000Z</time>
        <extensions>
          <ns3:TrackPointExtension>
            <ns3:atemp>32.0</ns3:atemp>
            <ns3:hr>110</ns3:hr>
            <ns3:cad>63</ns3:cad>
          </ns3:TrackPointExtension>
        </extensions>
      </trkpt>
      <trkpt lat="25.86643558926880359649658203125" lon="119.56739075481891632080078125">
        <ele>14.80000019073486328125</ele>
        <time>2025-06-21T09:44:55.000Z</time>
        <extensions>
          <ns3:TrackPointExtension>
            <ns3:atemp>32.0</ns3:atemp>
            <ns3:hr>111</ns3:hr>
            <ns3:cad>63</ns3:cad>
          </ns3:TrackPointExtension>
        </extensions>
      </trkpt>
      <trkpt lat="25.86645419709384441375732421875" lon="119.56739737652242183685302734375">
        <ele>14.80000019073486328125</ele>
        <time>2025-06-21T09:44:56.000Z</time>
        <extensions>
          <ns3:TrackPointExtension>
            <ns3:atemp>32.0</ns3:atemp>
            <ns3:hr>111</ns3:hr>
            <ns3:cad>63</ns3:cad>
          </ns3:TrackPointExtension>
        </extensions>
      </trkpt>
      <trkpt lat="25.86647146381437778472900390625" lon="119.567401818931102752685546875">
        <ele>15</ele>
        <time>2025-06-21T09:44:57.000Z</time>
        <extensions>
          <ns3:TrackPointExtension>
            <ns3:atemp>32.0</ns3:atemp>
            <ns3:hr>110</ns3:hr>
            <ns3:cad>62</ns3:cad>
          </ns3:TrackPointExtension>
        </extensions>
      </trkpt>
      <trkpt lat="25.86648521013557910919189453125" lon="119.56740416586399078369140625">
        <ele>15</ele>
        <time>2025-06-21T09:44:58.000Z</time>
        <extensions>
          <ns3:TrackPointExtension>
            <ns3:atemp>32.0</ns3:atemp>
            <ns3:hr>110</ns3:hr>
            <ns3:cad>62</ns3:cad>
          </ns3:TrackPointExtension>
        </extensions>
      </trkpt>
      <trkpt lat="25.8665007166564464569091796875" lon="119.5674120448529720306396484375">
        <ele>15</ele>
        <time>2025-06-21T09:44:59.000Z</time>
        <extensions>
          <ns3:TrackPointExtension>
            <ns3:atemp>32.0</ns3:atemp>
            <ns3:hr>110</ns3:hr>
            <ns3:cad>62</ns3:cad>
          </ns3:TrackPointExtension>
        </extensions>
      </trkpt>
      <trkpt lat="25.86651823483407497406005859375" lon="119.5674200914800167083740234375">
        <ele>15</ele>
        <time>2025-06-21T09:45:00.000Z</time>
        <extensions>
          <ns3:TrackPointExtension>
            <ns3:atemp>32.0</ns3:atemp>
            <ns3:hr>110</ns3:hr>
            <ns3:cad>62</ns3:cad>
          </ns3:TrackPointExtension>
        </extensions>
      </trkpt>
      <trkpt lat="25.86653499864041805267333984375" lon="119.567426629364490509033203125">
        <ele>15</ele>
        <time>2025-06-21T09:45:01.000Z</time>
        <extensions>
          <ns3:TrackPointExtension>
            <ns3:atemp>32.0</ns3:atemp>
            <ns3:hr>110</ns3:hr>
            <ns3:cad>63</ns3:cad>
          </ns3:TrackPointExtension>
        </extensions>
      </trkpt>
      <trkpt lat="25.86655193008482456207275390625" lon="119.5674383640289306640625">
        <ele>15</ele>
        <time>2025-06-21T09:45:02.000Z</time>
        <extensions>
          <ns3:TrackPointExtension>
            <ns3:atemp>32.0</ns3:atemp>
            <ns3:hr>110</ns3:hr>
            <ns3:cad>63</ns3:cad>
          </ns3:TrackPointExtension>
        </extensions>
      </trkpt>
      <trkpt lat="25.866567604243755340576171875" lon="119.5674596540629863739013671875">
        <ele>15</ele>
        <time>2025-06-21T09:45:03.000Z</time>
        <extensions>
          <ns3:TrackPointExtension>
            <ns3:atemp>32.0</ns3:atemp>
            <ns3:hr>110</ns3:hr>
            <ns3:cad>63</ns3:cad>
          </ns3:TrackPointExtension>
        </extensions>
      </trkpt>
      <trkpt lat="25.866576321423053741455078125" lon="119.5674801059067249298095703125">
        <ele>15</ele>
        <time>2025-06-21T09:45:04.000Z</time>
        <extensions>
          <ns3:TrackPointExtension>
            <ns3:atemp>32.0</ns3:atemp>
            <ns3:hr>110</ns3:hr>
            <ns3:cad>63</ns3:cad>
          </ns3:TrackPointExtension>
        </extensions>
      </trkpt>
      <trkpt lat="25.8665759861469268798828125" lon="119.56750835292041301727294921875">
        <ele>15.19999980926513671875</ele>
        <time>2025-06-21T09:45:05.000Z</time>
        <extensions>
          <ns3:TrackPointExtension>
            <ns3:atemp>32.0</ns3:atemp>
            <ns3:hr>109</ns3:hr>
            <ns3:cad>64</ns3:cad>
          </ns3:TrackPointExtension>
        </extensions>
      </trkpt>
      <trkpt lat="25.86657556705176830291748046875" lon="119.5675327442586421966552734375">
        <ele>15.19999980926513671875</ele>
        <time>2025-06-21T09:45:06.000Z</time>
        <extensions>
          <ns3:TrackPointExtension>
            <ns3:atemp>32.0</ns3:atemp>
            <ns3:hr>108</ns3:hr>
            <ns3:cad>67</ns3:cad>
          </ns3:TrackPointExtension>
        </extensions>
      </trkpt>
      <trkpt lat="25.86657129228115081787109375" lon="119.5675515197217464447021484375">
        <ele>15.19999980926513671875</ele>
        <time>2025-06-21T09:45:07.000Z</time>
        <extensions>
          <ns3:TrackPointExtension>
            <ns3:atemp>32.0</ns3:atemp>
            <ns3:hr>107</ns3:hr>
            <ns3:cad>67</ns3:cad>
          </ns3:TrackPointExtension>
        </extensions>
      </trkpt>
      <trkpt lat="25.86656433530151844024658203125" lon="119.5675662718713283538818359375">
        <ele>15.3999996185302734375</ele>
        <time>2025-06-21T09:45:08.000Z</time>
        <extensions>
          <ns3:TrackPointExtension>
            <ns3:atemp>32.0</ns3:atemp>
            <ns3:hr>107</ns3:hr>
            <ns3:cad>64</ns3:cad>
          </ns3:TrackPointExtension>
        </extensions>
      </trkpt>
      <trkpt lat="25.866558551788330078125" lon="119.5675806887447834014892578125">
        <ele>15.3999996185302734375</ele>
        <time>2025-06-21T09:45:09.000Z</time>
        <extensions>
          <ns3:TrackPointExtension>
            <ns3:atemp>32.0</ns3:atemp>
            <ns3:hr>107</ns3:hr>
            <ns3:cad>61</ns3:cad>
          </ns3:TrackPointExtension>
        </extensions>
      </trkpt>
      <trkpt lat="25.86655251681804656982421875" lon="119.5675957761704921722412109375">
        <ele>15.3999996185302734375</ele>
        <time>2025-06-21T09:45:10.000Z</time>
        <extensions>
          <ns3:TrackPointExtension>
            <ns3:atemp>32.0</ns3:atemp>
            <ns3:hr>107</ns3:hr>
            <ns3:cad>61</ns3:cad>
          </ns3:TrackPointExtension>
        </extensions>
      </trkpt>
      <trkpt lat="25.86654924787580966949462890625" lon="119.56760692410171031951904296875">
        <ele>15.6000003814697265625</ele>
        <time>2025-06-21T09:45:11.000Z</time>
        <extensions>
          <ns3:TrackPointExtension>
            <ns3:atemp>32.0</ns3:atemp>
            <ns3:hr>107</ns3:hr>
            <ns3:cad>61</ns3:cad>
          </ns3:TrackPointExtension>
        </extensions>
      </trkpt>
      <trkpt lat="25.86654975078999996185302734375" lon="119.56761631183326244354248046875">
        <ele>15.6000003814697265625</ele>
        <time>2025-06-21T09:45:12.000Z</time>
        <extensions>
          <ns3:TrackPointExtension>
            <ns3:atemp>32.0</ns3:atemp>
            <ns3:hr>107</ns3:hr>
            <ns3:cad>63</ns3:cad>
          </ns3:TrackPointExtension>
        </extensions>
      </trkpt>
      <trkpt lat="25.8665496669709682464599609375" lon="119.567625112831592559814453125">
        <ele>15.6000003814697265625</ele>
        <time>2025-06-21T09:45:13.000Z</time>
        <extensions>
          <ns3:TrackPointExtension>
            <ns3:atemp>32.0</ns3:atemp>
            <ns3:hr>107</ns3:hr>
            <ns3:cad>64</ns3:cad>
          </ns3:TrackPointExtension>
        </extensions>
      </trkpt>
      <trkpt lat="25.8665466494858264923095703125" lon="119.5676353387534618377685546875">
        <ele>15.6000003814697265625</ele>
        <time>2025-06-21T09:45:14.000Z</time>
        <extensions>
          <ns3:TrackPointExtension>
            <ns3:atemp>32.0</ns3:atemp>
            <ns3:hr>107</ns3:hr>
            <ns3:cad>64</ns3:cad>
          </ns3:TrackPointExtension>
        </extensions>
      </trkpt>
      <trkpt lat="25.86654421873390674591064453125" lon="119.56764246337115764617919921875">
        <ele>15.6000003814697265625</ele>
        <time>2025-06-21T09:45:15.000Z</time>
        <extensions>
          <ns3:TrackPointExtension>
            <ns3:atemp>32.0</ns3:atemp>
            <ns3:hr>107</ns3:hr>
            <ns3:cad>64</ns3:cad>
          </ns3:TrackPointExtension>
        </extensions>
      </trkpt>
      <trkpt lat="25.8665443025529384613037109375" lon="119.56764849834144115447998046875">
        <ele>15.80000019073486328125</ele>
        <time>2025-06-21T09:45:16.000Z</time>
        <extensions>
          <ns3:TrackPointExtension>
            <ns3:atemp>32.0</ns3:atemp>
            <ns3:hr>108</ns3:hr>
            <ns3:cad>63</ns3:cad>
          </ns3:TrackPointExtension>
        </extensions>
      </trkpt>
      <trkpt lat="25.86654036305844783782958984375" lon="119.56766165792942047119140625">
        <ele>15.80000019073486328125</ele>
        <time>2025-06-21T09:45:17.000Z</time>
        <extensions>
          <ns3:TrackPointExtension>
            <ns3:atemp>32.0</ns3:atemp>
            <ns3:hr>108</ns3:hr>
            <ns3:cad>63</ns3:cad>
          </ns3:TrackPointExtension>
        </extensions>
      </trkpt>
      <trkpt lat="25.866538770496845245361328125" lon="119.5676759071648120880126953125">
        <ele>16</ele>
        <time>2025-06-21T09:45:18.000Z</time>
        <extensions>
          <ns3:TrackPointExtension>
            <ns3:atemp>32.0</ns3:atemp>
            <ns3:hr>108</ns3:hr>
            <ns3:cad>63</ns3:cad>
          </ns3:TrackPointExtension>
        </extensions>
      </trkpt>
      <trkpt lat="25.8665355853736400604248046875" lon="119.56769694574177265167236328125">
        <ele>16</ele>
        <time>2025-06-21T09:45:19.000Z</time>
        <extensions>
          <ns3:TrackPointExtension>
            <ns3:atemp>32.0</ns3:atemp>
            <ns3:hr>108</ns3:hr>
            <ns3:cad>64</ns3:cad>
          </ns3:TrackPointExtension>
        </extensions>
      </trkpt>
      <trkpt lat="25.86653399281203746795654296875" lon="119.5677164755761623382568359375">
        <ele>16.200000762939453125</ele>
        <time>2025-06-21T09:45:20.000Z</time>
        <extensions>
          <ns3:TrackPointExtension>
            <ns3:atemp>32.0</ns3:atemp>
            <ns3:hr>109</ns3:hr>
            <ns3:cad>63</ns3:cad>
          </ns3:TrackPointExtension>
        </extensions>
      </trkpt>
      <trkpt lat="25.86652837693691253662109375" lon="119.5677322335541248321533203125">
        <ele>16.200000762939453125</ele>
        <time>2025-06-21T09:45:21.000Z</time>
        <extensions>
          <ns3:TrackPointExtension>
            <ns3:atemp>32.0</ns3:atemp>
            <ns3:hr>109</ns3:hr>
            <ns3:cad>63</ns3:cad>
          </ns3:TrackPointExtension>
        </extensions>
      </trkpt>
      <trkpt lat="25.86652167141437530517578125" lon="119.5677550323307514190673828125">
        <ele>16.200000762939453125</ele>
        <time>2025-06-21T09:45:22.000Z</time>
        <extensions>
          <ns3:TrackPointExtension>
            <ns3:atemp>32.0</ns3:atemp>
            <ns3:hr>109</ns3:hr>
            <ns3:cad>63</ns3:cad>
          </ns3:TrackPointExtension>
        </extensions>
      </trkpt>
      <trkpt lat="25.8665114454925060272216796875" lon="119.567783363163471221923828125">
        <ele>16.3999996185302734375</ele>
        <time>2025-06-21T09:45:23.000Z</time>
        <extensions>
          <ns3:TrackPointExtension>
            <ns3:atemp>32.0</ns3:atemp>
            <ns3:hr>109</ns3:hr>
            <ns3:cad>64</ns3:cad>
          </ns3:TrackPointExtension>
        </extensions>
      </trkpt>
      <trkpt lat="25.86650063283741474151611328125" lon="119.56779979169368743896484375">
        <ele>16.6000003814697265625</ele>
        <time>2025-06-21T09:45:24.000Z</time>
        <extensions>
          <ns3:TrackPointExtension>
            <ns3:atemp>32.0</ns3:atemp>
            <ns3:hr>109</ns3:hr>
            <ns3:cad>64</ns3:cad>
          </ns3:TrackPointExtension>
        </extensions>
      </trkpt>
      <trkpt lat="25.8664896525442600250244140625" lon="119.567812196910381317138671875">
        <ele>16.6000003814697265625</ele>
        <time>2025-06-21T09:45:25.000Z</time>
        <extensions>
          <ns3:TrackPointExtension>
            <ns3:atemp>32.0</ns3:atemp>
            <ns3:hr>109</ns3:hr>
            <ns3:cad>62</ns3:cad>
          </ns3:TrackPointExtension>
        </extensions>
      </trkpt>
      <trkpt lat="25.86648168973624706268310546875" lon="119.56782384775578975677490234375">
        <ele>16.799999237060546875</ele>
        <time>2025-06-21T09:45:26.000Z</time>
        <extensions>
          <ns3:TrackPointExtension>
            <ns3:atemp>32.0</ns3:atemp>
            <ns3:hr>109</ns3:hr>
            <ns3:cad>62</ns3:cad>
          </ns3:TrackPointExtension>
        </extensions>
      </trkpt>
      <trkpt lat="25.86647431366145610809326171875" lon="119.5678354986011981964111328125">
        <ele>16.799999237060546875</ele>
        <time>2025-06-21T09:45:27.000Z</time>
        <extensions>
          <ns3:TrackPointExtension>
            <ns3:atemp>32.0</ns3:atemp>
            <ns3:hr>109</ns3:hr>
            <ns3:cad>62</ns3:cad>
          </ns3:TrackPointExtension>
        </extensions>
      </trkpt>
      <trkpt lat="25.866467691957950592041015625" lon="119.567846395075321197509765625">
        <ele>17</ele>
        <time>2025-06-21T09:45:28.000Z</time>
        <extensions>
          <ns3:TrackPointExtension>
            <ns3:atemp>32.0</ns3:atemp>
            <ns3:hr>110</ns3:hr>
            <ns3:cad>62</ns3:cad>
          </ns3:TrackPointExtension>
        </extensions>
      </trkpt>
      <trkpt lat="25.8664588071405887603759765625" lon="119.56786014139652252197265625">
        <ele>17</ele>
        <time>2025-06-21T09:45:29.000Z</time>
        <extensions>
          <ns3:TrackPointExtension>
            <ns3:atemp>32.0</ns3:atemp>
            <ns3:hr>110</ns3:hr>
            <ns3:cad>63</ns3:cad>
          </ns3:TrackPointExtension>
        </extensions>
      </trkpt>
      <trkpt lat="25.86645000614225864410400390625" lon="119.56787380389869213104248046875">
        <ele>17</ele>
        <time>2025-06-21T09:45:30.000Z</time>
        <extensions>
          <ns3:TrackPointExtension>
            <ns3:atemp>32.0</ns3:atemp>
            <ns3:hr>110</ns3:hr>
            <ns3:cad>63</ns3:cad>
          </ns3:TrackPointExtension>
        </extensions>
      </trkpt>
      <trkpt lat="25.866440869867801666259765625" lon="119.5678891427814960479736328125">
        <ele>17</ele>
        <time>2025-06-21T09:45:31.000Z</time>
        <extensions>
          <ns3:TrackPointExtension>
            <ns3:atemp>32.0</ns3:atemp>
            <ns3:hr>110</ns3:hr>
            <ns3:cad>62</ns3:cad>
          </ns3:TrackPointExtension>
        </extensions>
      </trkpt>
      <trkpt lat="25.86643047630786895751953125" lon="119.56790314055979251861572265625">
        <ele>17</ele>
        <time>2025-06-21T09:45:32.000Z</time>
        <extensions>
          <ns3:TrackPointExtension>
            <ns3:atemp>32.0</ns3:atemp>
            <ns3:hr>110</ns3:hr>
            <ns3:cad>61</ns3:cad>
          </ns3:TrackPointExtension>
        </extensions>
      </trkpt>
      <trkpt lat="25.86642134003341197967529296875" lon="119.56791772507131099700927734375">
        <ele>17</ele>
        <time>2025-06-21T09:45:33.000Z</time>
        <extensions>
          <ns3:TrackPointExtension>
            <ns3:atemp>32.0</ns3:atemp>
            <ns3:hr>110</ns3:hr>
            <ns3:cad>0</ns3:cad>
          </ns3:TrackPointExtension>
        </extensions>
      </trkpt>
      <trkpt lat="25.8664095215499401092529296875" lon="119.5679273642599582672119140625">
        <ele>17</ele>
        <time>2025-06-21T09:45:34.000Z</time>
        <extensions>
          <ns3:TrackPointExtension>
            <ns3:atemp>32.0</ns3:atemp>
            <ns3:hr>110</ns3:hr>
            <ns3:cad>0</ns3:cad>
          </ns3:TrackPointExtension>
        </extensions>
      </trkpt>
      <trkpt lat="25.866404660046100616455078125" lon="119.5679385960102081298828125">
        <ele>17</ele>
        <time>2025-06-21T09:45:35.000Z</time>
        <extensions>
          <ns3:TrackPointExtension>
            <ns3:atemp>32.0</ns3:atemp>
            <ns3:hr>109</ns3:hr>
            <ns3:cad>0</ns3:cad>
          </ns3:TrackPointExtension>
        </extensions>
      </trkpt>
      <trkpt lat="25.86640072055160999298095703125" lon="119.56794907338917255401611328125">
        <ele>17.200000762939453125</ele>
        <time>2025-06-21T09:45:36.000Z</time>
        <extensions>
          <ns3:TrackPointExtension>
            <ns3:atemp>32.0</ns3:atemp>
            <ns3:hr>109</ns3:hr>
            <ns3:cad>0</ns3:cad>
          </ns3:TrackPointExtension>
        </extensions>
      </trkpt>
      <trkpt lat="25.866395942866802215576171875" lon="119.5679608918726444244384765625">
        <ele>17.3999996185302734375</ele>
        <time>2025-06-21T09:45:37.000Z</time>
        <extensions>
          <ns3:TrackPointExtension>
            <ns3:atemp>32.0</ns3:atemp>
            <ns3:hr>108</ns3:hr>
            <ns3:cad>0</ns3:cad>
          </ns3:TrackPointExtension>
        </extensions>
      </trkpt>
      <trkpt lat="25.86639099754393100738525390625" lon="119.5679734647274017333984375">
        <ele>17.3999996185302734375</ele>
        <time>2025-06-21T09:45:38.000Z</time>
        <extensions>
          <ns3:TrackPointExtension>
            <ns3:atemp>32.0</ns3:atemp>
            <ns3:hr>108</ns3:hr>
            <ns3:cad>0</ns3:cad>
          </ns3:TrackPointExtension>
        </extensions>
      </trkpt>
      <trkpt lat="25.86638613604009151458740234375" lon="119.56798813305795192718505859375">
        <ele>17.3999996185302734375</ele>
        <time>2025-06-21T09:45:39.000Z</time>
        <extensions>
          <ns3:TrackPointExtension>
            <ns3:atemp>32.0</ns3:atemp>
            <ns3:hr>108</ns3:hr>
            <ns3:cad>0</ns3:cad>
          </ns3:TrackPointExtension>
        </extensions>
      </trkpt>
      <trkpt lat="25.86637993343174457550048828125" lon="119.5680021308362483978271484375">
        <ele>17.3999996185302734375</ele>
        <time>2025-06-21T09:45:40.000Z</time>
        <extensions>
          <ns3:TrackPointExtension>
            <ns3:atemp>32.0</ns3:atemp>
            <ns3:hr>108</ns3:hr>
            <ns3:cad>59</ns3:cad>
          </ns3:TrackPointExtension>
        </extensions>
      </trkpt>
      <trkpt lat="25.86637456901371479034423828125" lon="119.5680162124335765838623046875">
        <ele>17.3999996185302734375</ele>
        <time>2025-06-21T09:45:41.000Z</time>
        <extensions>
          <ns3:TrackPointExtension>
            <ns3:atemp>32.0</ns3:atemp>
            <ns3:hr>109</ns3:hr>
            <ns3:cad>60</ns3:cad>
          </ns3:TrackPointExtension>
        </extensions>
      </trkpt>
      <trkpt lat="25.866367109119892120361328125" lon="119.5680323056876659393310546875">
        <ele>17.3999996185302734375</ele>
        <time>2025-06-21T09:45:42.000Z</time>
        <extensions>
          <ns3:TrackPointExtension>
            <ns3:atemp>32.0</ns3:atemp>
            <ns3:hr>108</ns3:hr>
            <ns3:cad>62</ns3:cad>
          </ns3:TrackPointExtension>
        </extensions>
      </trkpt>
      <trkpt lat="25.866361744701862335205078125" lon="119.568048231303691864013671875">
        <ele>17.6000003814697265625</ele>
        <time>2025-06-21T09:45:43.000Z</time>
        <extensions>
          <ns3:TrackPointExtension>
            <ns3:atemp>32.0</ns3:atemp>
            <ns3:hr>108</ns3:hr>
            <ns3:cad>62</ns3:cad>
          </ns3:TrackPointExtension>
        </extensions>
      </trkpt>
      <trkpt lat="25.86635545827448368072509765625" lon="119.5680665038526058197021484375">
        <ele>17.6000003814697265625</ele>
        <time>2025-06-21T09:45:44.000Z</time>
        <extensions>
          <ns3:TrackPointExtension>
            <ns3:atemp>33.0</ns3:atemp>
            <ns3:hr>109</ns3:hr>
            <ns3:cad>62</ns3:cad>
          </ns3:TrackPointExtension>
        </extensions>
      </trkpt>
      <trkpt lat="25.86635009385645389556884765625" lon="119.568082429468631744384765625">
        <ele>17.6000003814697265625</ele>
        <time>2025-06-21T09:45:45.000Z</time>
        <extensions>
          <ns3:TrackPointExtension>
            <ns3:atemp>32.0</ns3:atemp>
            <ns3:hr>109</ns3:hr>
            <ns3:cad>62</ns3:cad>
          </ns3:TrackPointExtension>
        </extensions>
      </trkpt>
      <trkpt lat="25.8663434721529483795166015625" lon="119.5680973492562770843505859375">
        <ele>17.799999237060546875</ele>
        <time>2025-06-21T09:45:46.000Z</time>
        <extensions>
          <ns3:TrackPointExtension>
            <ns3:atemp>32.0</ns3:atemp>
            <ns3:hr>109</ns3:hr>
            <ns3:cad>62</ns3:cad>
          </ns3:TrackPointExtension>
        </extensions>
      </trkpt>
      <trkpt lat="25.8663372695446014404296875" lon="119.5681121014058589935302734375">
        <ele>17.799999237060546875</ele>
        <time>2025-06-21T09:45:47.000Z</time>
        <extensions>
          <ns3:TrackPointExtension>
            <ns3:atemp>32.0</ns3:atemp>
            <ns3:hr>109</ns3:hr>
            <ns3:cad>62</ns3:cad>
          </ns3:TrackPointExtension>
        </extensions>
      </trkpt>
      <trkpt lat="25.86633098311722278594970703125" lon="119.5681265182793140411376953125">
        <ele>17.799999237060546875</ele>
        <time>2025-06-21T09:45:48.000Z</time>
        <extensions>
          <ns3:TrackPointExtension>
            <ns3:atemp>32.0</ns3:atemp>
            <ns3:hr>109</ns3:hr>
            <ns3:cad>63</ns3:cad>
          </ns3:TrackPointExtension>
        </extensions>
      </trkpt>
      <trkpt lat="25.8663257025182247161865234375" lon="119.56813850440084934234619140625">
        <ele>17.799999237060546875</ele>
        <time>2025-06-21T09:45:49.000Z</time>
        <extensions>
          <ns3:TrackPointExtension>
            <ns3:atemp>32.0</ns3:atemp>
            <ns3:hr>110</ns3:hr>
            <ns3:cad>62</ns3:cad>
          </ns3:TrackPointExtension>
        </extensions>
      </trkpt>
      <trkpt lat="25.86631941609084606170654296875" lon="119.568150155246257781982421875">
        <ele>17.799999237060546875</ele>
        <time>2025-06-21T09:45:50.000Z</time>
        <extensions>
          <ns3:TrackPointExtension>
            <ns3:atemp>32.0</ns3:atemp>
            <ns3:hr>110</ns3:hr>
            <ns3:cad>63</ns3:cad>
          </ns3:TrackPointExtension>
        </extensions>
      </trkpt>
      <trkpt lat="25.8663166500627994537353515625" lon="119.56816398538649082183837890625">
        <ele>18</ele>
        <time>2025-06-21T09:45:51.000Z</time>
        <extensions>
          <ns3:TrackPointExtension>
            <ns3:atemp>32.0</ns3:atemp>
            <ns3:hr>111</ns3:hr>
            <ns3:cad>62</ns3:cad>
          </ns3:TrackPointExtension>
        </extensions>
      </trkpt>
      <trkpt lat="25.8663104474544525146484375" lon="119.56817538477480411529541015625">
        <ele>18</ele>
        <time>2025-06-21T09:45:52.000Z</time>
        <extensions>
          <ns3:TrackPointExtension>
            <ns3:atemp>33.0</ns3:atemp>
            <ns3:hr>111</ns3:hr>
            <ns3:cad>62</ns3:cad>
          </ns3:TrackPointExtension>
        </extensions>
      </trkpt>
      <trkpt lat="25.8663008920848369598388671875" lon="119.56819474697113037109375">
        <ele>17.799999237060546875</ele>
        <time>2025-06-21T09:45:53.000Z</time>
        <extensions>
          <ns3:TrackPointExtension>
            <ns3:atemp>32.0</ns3:atemp>
            <ns3:hr>112</ns3:hr>
            <ns3:cad>62</ns3:cad>
          </ns3:TrackPointExtension>
        </extensions>
      </trkpt>
      <trkpt lat="25.866292677819728851318359375" lon="119.5682123489677906036376953125">
        <ele>17.799999237060546875</ele>
        <time>2025-06-21T09:45:54.000Z</time>
        <extensions>
          <ns3:TrackPointExtension>
            <ns3:atemp>32.0</ns3:atemp>
            <ns3:hr>112</ns3:hr>
            <ns3:cad>0</ns3:cad>
          </ns3:TrackPointExtension>
        </extensions>
      </trkpt>
      <trkpt lat="25.86628940887749195098876953125" lon="119.5682200603187084197998046875">
        <ele>17.799999237060546875</ele>
        <time>2025-06-21T09:45:55.000Z</time>
        <extensions>
          <ns3:TrackPointExtension>
            <ns3:atemp>33.0</ns3:atemp>
            <ns3:hr>112</ns3:hr>
            <ns3:cad>0</ns3:cad>
          </ns3:TrackPointExtension>
        </extensions>
      </trkpt>
      <trkpt lat="25.86627733893692493438720703125" lon="119.5682418532669544219970703125">
        <ele>17.799999237060546875</ele>
        <time>2025-06-21T09:45:56.000Z</time>
        <extensions>
          <ns3:TrackPointExtension>
            <ns3:atemp>32.0</ns3:atemp>
            <ns3:hr>113</ns3:hr>
            <ns3:cad>0</ns3:cad>
          </ns3:TrackPointExtension>
        </extensions>
      </trkpt>
      <trkpt lat="25.86626543663442134857177734375" lon="119.5682633109390735626220703125">
        <ele>17.6000003814697265625</ele>
        <time>2025-06-21T09:45:57.000Z</time>
        <extensions>
          <ns3:TrackPointExtension>
            <ns3:atemp>32.0</ns3:atemp>
            <ns3:hr>113</ns3:hr>
            <ns3:cad>0</ns3:cad>
          </ns3:TrackPointExtension>
        </extensions>
      </trkpt>
      <trkpt lat="25.86625487543642520904541015625" lon="119.56828082911670207977294921875">
        <ele>17.6000003814697265625</ele>
        <time>2025-06-21T09:45:58.000Z</time>
        <extensions>
          <ns3:TrackPointExtension>
            <ns3:atemp>32.0</ns3:atemp>
            <ns3:hr>113</ns3:hr>
            <ns3:cad>0</ns3:cad>
          </ns3:TrackPointExtension>
        </extensions>
      </trkpt>
      <trkpt lat="25.866247080266475677490234375" lon="119.56829608418047428131103515625">
        <ele>17.6000003814697265625</ele>
        <time>2025-06-21T09:45:59.000Z</time>
        <extensions>
          <ns3:TrackPointExtension>
            <ns3:atemp>32.0</ns3:atemp>
            <ns3:hr>112</ns3:hr>
            <ns3:cad>0</ns3:cad>
          </ns3:TrackPointExtension>
        </extensions>
      </trkpt>
      <trkpt lat="25.8662487566471099853515625" lon="119.568301029503345489501953125">
        <ele>17.6000003814697265625</ele>
        <time>2025-06-21T09:46:00.000Z</time>
        <extensions>
          <ns3:TrackPointExtension>
            <ns3:atemp>32.0</ns3:atemp>
            <ns3:hr>113</ns3:hr>
            <ns3:cad>0</ns3:cad>
          </ns3:TrackPointExtension>
        </extensions>
      </trkpt>
      <trkpt lat="25.86624406278133392333984375" lon="119.568317122757434844970703125">
        <ele>17.6000003814697265625</ele>
        <time>2025-06-21T09:46:01.000Z</time>
        <extensions>
          <ns3:TrackPointExtension>
            <ns3:atemp>33.0</ns3:atemp>
            <ns3:hr>113</ns3:hr>
            <ns3:cad>0</ns3:cad>
          </ns3:TrackPointExtension>
        </extensions>
      </trkpt>
      <trkpt lat="25.8662371896207332611083984375" lon="119.568331874907016754150390625">
        <ele>17.6000003814697265625</ele>
        <time>2025-06-21T09:46:02.000Z</time>
        <extensions>
          <ns3:TrackPointExtension>
            <ns3:atemp>32.0</ns3:atemp>
            <ns3:hr>114</ns3:hr>
            <ns3:cad>0</ns3:cad>
          </ns3:TrackPointExtension>
        </extensions>
      </trkpt>
      <trkpt lat="25.8662392012774944305419921875" lon="119.56834654323756694793701171875">
        <ele>17.799999237060546875</ele>
        <time>2025-06-21T09:46:03.000Z</time>
        <extensions>
          <ns3:TrackPointExtension>
            <ns3:atemp>32.0</ns3:atemp>
            <ns3:hr>114</ns3:hr>
            <ns3:cad>0</ns3:cad>
          </ns3:TrackPointExtension>
        </extensions>
      </trkpt>
      <trkpt lat="25.86623224429786205291748046875" lon="119.56837085075676441192626953125">
        <ele>17.799999237060546875</ele>
        <time>2025-06-21T09:46:04.000Z</time>
        <extensions>
          <ns3:TrackPointExtension>
            <ns3:atemp>32.0</ns3:atemp>
            <ns3:hr>114</ns3:hr>
            <ns3:cad>83</ns3:cad>
          </ns3:TrackPointExtension>
        </extensions>
      </trkpt>
      <trkpt lat="25.86622788570821285247802734375" lon="119.5683866925537586212158203125">
        <ele>17.799999237060546875</ele>
        <time>2025-06-21T09:46:05.000Z</time>
        <extensions>
          <ns3:TrackPointExtension>
            <ns3:atemp>32.0</ns3:atemp>
            <ns3:hr>114</ns3:hr>
            <ns3:cad>83</ns3:cad>
          </ns3:TrackPointExtension>
        </extensions>
      </trkpt>
      <trkpt lat="25.866219587624073028564453125" lon="119.5684081502258777618408203125">
        <ele>17.799999237060546875</ele>
        <time>2025-06-21T09:46:06.000Z</time>
        <extensions>
          <ns3:TrackPointExtension>
            <ns3:atemp>32.0</ns3:atemp>
            <ns3:hr>115</ns3:hr>
            <ns3:cad>83</ns3:cad>
          </ns3:TrackPointExtension>
        </extensions>
      </trkpt>
      <trkpt lat="25.86620994843542575836181640625" lon="119.56842583604156970977783203125">
        <ele>17.799999237060546875</ele>
        <time>2025-06-21T09:46:07.000Z</time>
        <extensions>
          <ns3:TrackPointExtension>
            <ns3:atemp>32.0</ns3:atemp>
            <ns3:hr>115</ns3:hr>
            <ns3:cad>84</ns3:cad>
          </ns3:TrackPointExtension>
        </extensions>
      </trkpt>
      <trkpt lat="25.866209529340267181396484375" lon="119.56844209693372249603271484375">
        <ele>17.799999237060546875</ele>
        <time>2025-06-21T09:46:08.000Z</time>
        <extensions>
          <ns3:TrackPointExtension>
            <ns3:atemp>32.0</ns3:atemp>
            <ns3:hr>115</ns3:hr>
            <ns3:cad>84</ns3:cad>
          </ns3:TrackPointExtension>
        </extensions>
      </trkpt>
      <trkpt lat="25.86620240472257137298583984375" lon="119.568461291491985321044921875">
        <ele>17.799999237060546875</ele>
        <time>2025-06-21T09:46:09.000Z</time>
        <extensions>
          <ns3:TrackPointExtension>
            <ns3:atemp>32.0</ns3:atemp>
            <ns3:hr>116</ns3:hr>
            <ns3:cad>84</ns3:cad>
          </ns3:TrackPointExtension>
        </extensions>
      </trkpt>
      <trkpt lat="25.86619821377098560333251953125" lon="119.5684772171080112457275390625">
        <ele>17.799999237060546875</ele>
        <time>2025-06-21T09:46:10.000Z</time>
        <extensions>
          <ns3:TrackPointExtension>
            <ns3:atemp>33.0</ns3:atemp>
            <ns3:hr>116</ns3:hr>
            <ns3:cad>84</ns3:cad>
          </ns3:TrackPointExtension>
        </extensions>
      </trkpt>
      <trkpt lat="25.86618497036397457122802734375" lon="119.56850026734173297882080078125">
        <ele>17.799999237060546875</ele>
        <time>2025-06-21T09:46:11.000Z</time>
        <extensions>
          <ns3:TrackPointExtension>
            <ns3:atemp>32.0</ns3:atemp>
            <ns3:hr>117</ns3:hr>
            <ns3:cad>85</ns3:cad>
          </ns3:TrackPointExtension>
        </extensions>
      </trkpt>
      <trkpt lat="25.86618111468851566314697265625" lon="119.568517617881298065185546875">
        <ele>17.6000003814697265625</ele>
        <time>2025-06-21T09:46:12.000Z</time>
        <extensions>
          <ns3:TrackPointExtension>
            <ns3:atemp>32.0</ns3:atemp>
            <ns3:hr>117</ns3:hr>
            <ns3:cad>85</ns3:cad>
          </ns3:TrackPointExtension>
        </extensions>
      </trkpt>
      <trkpt lat="25.8661728166043758392333984375" lon="119.56854184158146381378173828125">
        <ele>17.6000003814697265625</ele>
        <time>2025-06-21T09:46:13.000Z</time>
        <extensions>
          <ns3:TrackPointExtension>
            <ns3:atemp>32.0</ns3:atemp>
            <ns3:hr>118</ns3:hr>
            <ns3:cad>87</ns3:cad>
          </ns3:TrackPointExtension>
        </extensions>
      </trkpt>
      <trkpt lat="25.8661661110818386077880859375" lon="119.5685608685016632080078125">
        <ele>17.799999237060546875</ele>
        <time>2025-06-21T09:46:14.000Z</time>
        <extensions>
          <ns3:TrackPointExtension>
            <ns3:atemp>32.0</ns3:atemp>
            <ns3:hr>119</ns3:hr>
            <ns3:cad>87</ns3:cad>
          </ns3:TrackPointExtension>
        </extensions>
      </trkpt>
      <trkpt lat="25.8661624230444431304931640625" lon="119.5685811527073383331298828125">
        <ele>17.799999237060546875</ele>
        <time>2025-06-21T09:46:15.000Z</time>
        <extensions>
          <ns3:TrackPointExtension>
            <ns3:atemp>32.0</ns3:atemp>
            <ns3:hr>119</ns3:hr>
            <ns3:cad>86</ns3:cad>
          </ns3:TrackPointExtension>
        </extensions>
      </trkpt>
      <trkpt lat="25.866151861846446990966796875" lon="119.56860244274139404296875">
        <ele>18</ele>
        <time>2025-06-21T09:46:16.000Z</time>
        <extensions>
          <ns3:TrackPointExtension>
            <ns3:atemp>32.0</ns3:atemp>
            <ns3:hr>119</ns3:hr>
            <ns3:cad>86</ns3:cad>
          </ns3:TrackPointExtension>
        </extensions>
      </trkpt>
      <trkpt lat="25.86615177802741527557373046875" lon="119.56862046383321285247802734375">
        <ele>18</ele>
        <time>2025-06-21T09:46:17.000Z</time>
        <extensions>
          <ns3:TrackPointExtension>
            <ns3:atemp>32.0</ns3:atemp>
            <ns3:hr>119</ns3:hr>
            <ns3:cad>86</ns3:cad>
          </ns3:TrackPointExtension>
        </extensions>
      </trkpt>
      <trkpt lat="25.86613945662975311279296875" lon="119.56864812411367893218994140625">
        <ele>18</ele>
        <time>2025-06-21T09:46:18.000Z</time>
        <extensions>
          <ns3:TrackPointExtension>
            <ns3:atemp>32.0</ns3:atemp>
            <ns3:hr>119</ns3:hr>
            <ns3:cad>86</ns3:cad>
          </ns3:TrackPointExtension>
        </extensions>
      </trkpt>
      <trkpt lat="25.866139121353626251220703125" lon="119.56866421736776828765869140625">
        <ele>18</ele>
        <time>2025-06-21T09:46:19.000Z</time>
        <extensions>
          <ns3:TrackPointExtension>
            <ns3:atemp>32.0</ns3:atemp>
            <ns3:hr>119</ns3:hr>
            <ns3:cad>87</ns3:cad>
          </ns3:TrackPointExtension>
        </extensions>
      </trkpt>
      <trkpt lat="25.8661275543272495269775390625" lon="119.56869020126760005950927734375">
        <ele>18</ele>
        <time>2025-06-21T09:46:20.000Z</time>
        <extensions>
          <ns3:TrackPointExtension>
            <ns3:atemp>33.0</ns3:atemp>
            <ns3:hr>119</ns3:hr>
            <ns3:cad>87</ns3:cad>
          </ns3:TrackPointExtension>
        </extensions>
      </trkpt>
      <trkpt lat="25.86611925624310970306396484375" lon="119.56870771944522857666015625">
        <ele>18</ele>
        <time>2025-06-21T09:46:21.000Z</time>
        <extensions>
          <ns3:TrackPointExtension>
            <ns3:atemp>32.0</ns3:atemp>
            <ns3:hr>119</ns3:hr>
            <ns3:cad>87</ns3:cad>
          </ns3:TrackPointExtension>
        </extensions>
      </trkpt>
      <trkpt lat="25.86610785685479640960693359375" lon="119.568728506565093994140625">
        <ele>18</ele>
        <time>2025-06-21T09:46:22.000Z</time>
        <extensions>
          <ns3:TrackPointExtension>
            <ns3:atemp>32.0</ns3:atemp>
            <ns3:hr>119</ns3:hr>
            <ns3:cad>87</ns3:cad>
          </ns3:TrackPointExtension>
        </extensions>
      </trkpt>
      <trkpt lat="25.8660983853042125701904296875" lon="119.5687447674572467803955078125">
        <ele>18</ele>
        <time>2025-06-21T09:46:23.000Z</time>
        <extensions>
          <ns3:TrackPointExtension>
            <ns3:atemp>32.0</ns3:atemp>
            <ns3:hr>120</ns3:hr>
            <ns3:cad>87</ns3:cad>
          </ns3:TrackPointExtension>
        </extensions>
      </trkpt>
      <trkpt lat="25.86609545163810253143310546875" lon="119.568763710558414459228515625">
        <ele>18</ele>
        <time>2025-06-21T09:46:24.000Z</time>
        <extensions>
          <ns3:TrackPointExtension>
            <ns3:atemp>33.0</ns3:atemp>
            <ns3:hr>120</ns3:hr>
            <ns3:cad>87</ns3:cad>
          </ns3:TrackPointExtension>
        </extensions>
      </trkpt>
      <trkpt lat="25.866084806621074676513671875" lon="119.56878256984055042266845703125">
        <ele>18</ele>
        <time>2025-06-21T09:46:25.000Z</time>
        <extensions>
          <ns3:TrackPointExtension>
            <ns3:atemp>32.0</ns3:atemp>
            <ns3:hr>121</ns3:hr>
            <ns3:cad>87</ns3:cad>
          </ns3:TrackPointExtension>
        </extensions>
      </trkpt>
      <trkpt lat="25.86608204059302806854248046875" lon="119.568802602589130401611328125">
        <ele>18</ele>
        <time>2025-06-21T09:46:26.000Z</time>
        <extensions>
          <ns3:TrackPointExtension>
            <ns3:atemp>32.0</ns3:atemp>
            <ns3:hr>121</ns3:hr>
            <ns3:cad>87</ns3:cad>
          </ns3:TrackPointExtension>
        </extensions>
      </trkpt>
      <trkpt lat="25.866067372262477874755859375" lon="119.5688252337276935577392578125">
        <ele>18</ele>
        <time>2025-06-21T09:46:27.000Z</time>
        <extensions>
          <ns3:TrackPointExtension>
            <ns3:atemp>33.0</ns3:atemp>
            <ns3:hr>122</ns3:hr>
            <ns3:cad>87</ns3:cad>
          </ns3:TrackPointExtension>
        </extensions>
      </trkpt>
      <trkpt lat="25.8660648576915264129638671875" lon="119.56884442828595638275146484375">
        <ele>18</ele>
        <time>2025-06-21T09:46:28.000Z</time>
        <extensions>
          <ns3:TrackPointExtension>
            <ns3:atemp>32.0</ns3:atemp>
            <ns3:hr>123</ns3:hr>
            <ns3:cad>87</ns3:cad>
          </ns3:TrackPointExtension>
        </extensions>
      </trkpt>
      <trkpt lat="25.86604901589453220367431640625" lon="119.56887208856642246246337890625">
        <ele>18</ele>
        <time>2025-06-21T09:46:29.000Z</time>
        <extensions>
          <ns3:TrackPointExtension>
            <ns3:atemp>32.0</ns3:atemp>
            <ns3:hr>124</ns3:hr>
            <ns3:cad>87</ns3:cad>
          </ns3:TrackPointExtension>
        </extensions>
      </trkpt>
      <trkpt lat="25.866045914590358734130859375" lon="119.56888700835406780242919921875">
        <ele>18.200000762939453125</ele>
        <time>2025-06-21T09:46:30.000Z</time>
        <extensions>
          <ns3:TrackPointExtension>
            <ns3:atemp>33.0</ns3:atemp>
            <ns3:hr>124</ns3:hr>
            <ns3:cad>87</ns3:cad>
          </ns3:TrackPointExtension>
        </extensions>
      </trkpt>
      <trkpt lat="25.86603174917399883270263671875" lon="119.568915255367755889892578125">
        <ele>18</ele>
        <time>2025-06-21T09:46:31.000Z</time>
        <extensions>
          <ns3:TrackPointExtension>
            <ns3:atemp>32.0</ns3:atemp>
            <ns3:hr>124</ns3:hr>
            <ns3:cad>88</ns3:cad>
          </ns3:TrackPointExtension>
        </extensions>
      </trkpt>
      <trkpt lat="25.86602655239403247833251953125" lon="119.56892858259379863739013671875">
        <ele>18.200000762939453125</ele>
        <time>2025-06-21T09:46:32.000Z</time>
        <extensions>
          <ns3:TrackPointExtension>
            <ns3:atemp>32.0</ns3:atemp>
            <ns3:hr>125</ns3:hr>
            <ns3:cad>87</ns3:cad>
          </ns3:TrackPointExtension>
        </extensions>
      </trkpt>
      <trkpt lat="25.8660169132053852081298828125" lon="119.56895037554204463958740234375">
        <ele>18.200000762939453125</ele>
        <time>2025-06-21T09:46:33.000Z</time>
        <extensions>
          <ns3:TrackPointExtension>
            <ns3:atemp>33.0</ns3:atemp>
            <ns3:hr>125</ns3:hr>
            <ns3:cad>87</ns3:cad>
          </ns3:TrackPointExtension>
        </extensions>
      </trkpt>
      <trkpt lat="25.8660055138170719146728515625" lon="119.568968899548053741455078125">
        <ele>18.200000762939453125</ele>
        <time>2025-06-21T09:46:34.000Z</time>
        <extensions>
          <ns3:TrackPointExtension>
            <ns3:atemp>33.0</ns3:atemp>
            <ns3:hr>125</ns3:hr>
            <ns3:cad>87</ns3:cad>
          </ns3:TrackPointExtension>
        </extensions>
      </trkpt>
      <trkpt lat="25.86600174196064472198486328125" lon="119.56898641772568225860595703125">
        <ele>18.3999996185302734375</ele>
        <time>2025-06-21T09:46:35.000Z</time>
        <extensions>
          <ns3:TrackPointExtension>
            <ns3:atemp>32.0</ns3:atemp>
            <ns3:hr>126</ns3:hr>
            <ns3:cad>87</ns3:cad>
          </ns3:TrackPointExtension>
        </extensions>
      </trkpt>
      <trkpt lat="25.86598598398268222808837890625" lon="119.56901240162551403045654296875">
        <ele>18.3999996185302734375</ele>
        <time>2025-06-21T09:46:36.000Z</time>
        <extensions>
          <ns3:TrackPointExtension>
            <ns3:atemp>32.0</ns3:atemp>
            <ns3:hr>126</ns3:hr>
            <ns3:cad>87</ns3:cad>
          </ns3:TrackPointExtension>
        </extensions>
      </trkpt>
      <trkpt lat="25.865986235439777374267578125" lon="119.569028913974761962890625">
        <ele>18.3999996185302734375</ele>
        <time>2025-06-21T09:46:37.000Z</time>
        <extensions>
          <ns3:TrackPointExtension>
            <ns3:atemp>33.0</ns3:atemp>
            <ns3:hr>126</ns3:hr>
            <ns3:cad>86</ns3:cad>
          </ns3:TrackPointExtension>
        </extensions>
      </trkpt>
      <trkpt lat="25.86597190238535404205322265625" lon="119.5690579153597354888916015625">
        <ele>18.3999996185302734375</ele>
        <time>2025-06-21T09:46:38.000Z</time>
        <extensions>
          <ns3:TrackPointExtension>
            <ns3:atemp>32.0</ns3:atemp>
            <ns3:hr>125</ns3:hr>
            <ns3:cad>86</ns3:cad>
          </ns3:TrackPointExtension>
        </extensions>
      </trkpt>
      <trkpt lat="25.8659644424915313720703125" lon="119.56907652318477630615234375">
        <ele>18.200000762939453125</ele>
        <time>2025-06-21T09:46:39.000Z</time>
        <extensions>
          <ns3:TrackPointExtension>
            <ns3:atemp>32.0</ns3:atemp>
            <ns3:hr>125</ns3:hr>
            <ns3:cad>86</ns3:cad>
          </ns3:TrackPointExtension>
        </extensions>
      </trkpt>
      <trkpt lat="25.8659525401890277862548828125" lon="119.5690971426665782928466796875">
        <ele>18.3999996185302734375</ele>
        <time>2025-06-21T09:46:40.000Z</time>
        <extensions>
          <ns3:TrackPointExtension>
            <ns3:atemp>32.0</ns3:atemp>
            <ns3:hr>125</ns3:hr>
            <ns3:cad>87</ns3:cad>
          </ns3:TrackPointExtension>
        </extensions>
      </trkpt>
      <trkpt lat="25.8659451641142368316650390625" lon="119.56911566667258739471435546875">
        <ele>18.6000003814697265625</ele>
        <time>2025-06-21T09:46:41.000Z</time>
        <extensions>
          <ns3:TrackPointExtension>
            <ns3:atemp>32.0</ns3:atemp>
            <ns3:hr>125</ns3:hr>
            <ns3:cad>87</ns3:cad>
          </ns3:TrackPointExtension>
        </extensions>
      </trkpt>
      <trkpt lat="25.86593435145914554595947265625" lon="119.56913360394537448883056640625">
        <ele>18.799999237060546875</ele>
        <time>2025-06-21T09:46:42.000Z</time>
        <extensions>
          <ns3:TrackPointExtension>
            <ns3:atemp>32.0</ns3:atemp>
            <ns3:hr>126</ns3:hr>
            <ns3:cad>87</ns3:cad>
          </ns3:TrackPointExtension>
        </extensions>
      </trkpt>
      <trkpt lat="25.865922868251800537109375" lon="119.5691527985036373138427734375">
        <ele>18.799999237060546875</ele>
        <time>2025-06-21T09:46:43.000Z</time>
        <extensions>
          <ns3:TrackPointExtension>
            <ns3:atemp>32.0</ns3:atemp>
            <ns3:hr>125</ns3:hr>
            <ns3:cad>87</ns3:cad>
          </ns3:TrackPointExtension>
        </extensions>
      </trkpt>
      <trkpt lat="25.865913145244121551513671875" lon="119.569169394671916961669921875">
        <ele>19</ele>
        <time>2025-06-21T09:46:44.000Z</time>
        <extensions>
          <ns3:TrackPointExtension>
            <ns3:atemp>32.0</ns3:atemp>
            <ns3:hr>125</ns3:hr>
            <ns3:cad>87</ns3:cad>
          </ns3:TrackPointExtension>
        </extensions>
      </trkpt>
      <trkpt lat="25.86590350605547428131103515625" lon="119.5691866613924503326416015625">
        <ele>19</ele>
        <time>2025-06-21T09:46:45.000Z</time>
        <extensions>
          <ns3:TrackPointExtension>
            <ns3:atemp>32.0</ns3:atemp>
            <ns3:hr>125</ns3:hr>
            <ns3:cad>87</ns3:cad>
          </ns3:TrackPointExtension>
        </extensions>
      </trkpt>
      <trkpt lat="25.8659029193222522735595703125" lon="119.56919990479946136474609375">
        <ele>18.799999237060546875</ele>
        <time>2025-06-21T09:46:46.000Z</time>
        <extensions>
          <ns3:TrackPointExtension>
            <ns3:atemp>32.0</ns3:atemp>
            <ns3:hr>126</ns3:hr>
            <ns3:cad>87</ns3:cad>
          </ns3:TrackPointExtension>
        </extensions>
      </trkpt>
      <trkpt lat="25.865889675915241241455078125" lon="119.56922295503318309783935546875">
        <ele>18.6000003814697265625</ele>
        <time>2025-06-21T09:46:47.000Z</time>
        <extensions>
          <ns3:TrackPointExtension>
            <ns3:atemp>32.0</ns3:atemp>
            <ns3:hr>126</ns3:hr>
            <ns3:cad>87</ns3:cad>
          </ns3:TrackPointExtension>
        </extensions>
      </trkpt>
      <trkpt lat="25.86589378304779529571533203125" lon="119.5692389644682407379150390625">
        <ele>18.6000003814697265625</ele>
        <time>2025-06-21T09:46:48.000Z</time>
        <extensions>
          <ns3:TrackPointExtension>
            <ns3:atemp>32.0</ns3:atemp>
            <ns3:hr>126</ns3:hr>
            <ns3:cad>87</ns3:cad>
          </ns3:TrackPointExtension>
        </extensions>
      </trkpt>
      <trkpt lat="25.8658848144114017486572265625" lon="119.5692671276628971099853515625">
        <ele>18.3999996185302734375</ele>
        <time>2025-06-21T09:46:49.000Z</time>
        <extensions>
          <ns3:TrackPointExtension>
            <ns3:atemp>32.0</ns3:atemp>
            <ns3:hr>126</ns3:hr>
            <ns3:cad>86</ns3:cad>
          </ns3:TrackPointExtension>
        </extensions>
      </trkpt>
      <trkpt lat="25.865874253213405609130859375" lon="119.5692872442305088043212890625">
        <ele>18.6000003814697265625</ele>
        <time>2025-06-21T09:46:50.000Z</time>
        <extensions>
          <ns3:TrackPointExtension>
            <ns3:atemp>32.0</ns3:atemp>
            <ns3:hr>125</ns3:hr>
            <ns3:cad>86</ns3:cad>
          </ns3:TrackPointExtension>
        </extensions>
      </trkpt>
      <trkpt lat="25.8658697269856929779052734375" lon="119.5693070255219936370849609375">
        <ele>18.6000003814697265625</ele>
        <time>2025-06-21T09:46:51.000Z</time>
        <extensions>
          <ns3:TrackPointExtension>
            <ns3:atemp>33.0</ns3:atemp>
            <ns3:hr>125</ns3:hr>
            <ns3:cad>86</ns3:cad>
          </ns3:TrackPointExtension>
        </extensions>
      </trkpt>
      <trkpt lat="25.86585673503577709197998046875" lon="119.56932605244219303131103515625">
        <ele>18.6000003814697265625</ele>
        <time>2025-06-21T09:46:52.000Z</time>
        <extensions>
          <ns3:TrackPointExtension>
            <ns3:atemp>32.0</ns3:atemp>
            <ns3:hr>125</ns3:hr>
            <ns3:cad>86</ns3:cad>
          </ns3:TrackPointExtension>
        </extensions>
      </trkpt>
      <trkpt lat="25.8658569864928722381591796875" lon="119.56934231333434581756591796875">
        <ele>18.799999237060546875</ele>
        <time>2025-06-21T09:46:53.000Z</time>
        <extensions>
          <ns3:TrackPointExtension>
            <ns3:atemp>32.0</ns3:atemp>
            <ns3:hr>126</ns3:hr>
            <ns3:cad>85</ns3:cad>
          </ns3:TrackPointExtension>
        </extensions>
      </trkpt>
      <trkpt lat="25.86584466509521007537841796875" lon="119.5693606697022914886474609375">
        <ele>18.799999237060546875</ele>
        <time>2025-06-21T09:46:54.000Z</time>
        <extensions>
          <ns3:TrackPointExtension>
            <ns3:atemp>32.0</ns3:atemp>
            <ns3:hr>126</ns3:hr>
            <ns3:cad>85</ns3:cad>
          </ns3:TrackPointExtension>
        </extensions>
      </trkpt>
      <trkpt lat="25.8658412285149097442626953125" lon="119.56937634386122226715087890625">
        <ele>18.799999237060546875</ele>
        <time>2025-06-21T09:46:55.000Z</time>
        <extensions>
          <ns3:TrackPointExtension>
            <ns3:atemp>32.0</ns3:atemp>
            <ns3:hr>126</ns3:hr>
            <ns3:cad>85</ns3:cad>
          </ns3:TrackPointExtension>
        </extensions>
      </trkpt>
      <trkpt lat="25.86583460681140422821044921875" lon="119.56940115429461002349853515625">
        <ele>18.799999237060546875</ele>
        <time>2025-06-21T09:46:56.000Z</time>
        <extensions>
          <ns3:TrackPointExtension>
            <ns3:atemp>32.0</ns3:atemp>
            <ns3:hr>126</ns3:hr>
            <ns3:cad>85</ns3:cad>
          </ns3:TrackPointExtension>
        </extensions>
      </trkpt>
      <trkpt lat="25.86582320742309093475341796875" lon="119.5694191753864288330078125">
        <ele>18.799999237060546875</ele>
        <time>2025-06-21T09:46:57.000Z</time>
        <extensions>
          <ns3:TrackPointExtension>
            <ns3:atemp>32.0</ns3:atemp>
            <ns3:hr>125</ns3:hr>
            <ns3:cad>85</ns3:cad>
          </ns3:TrackPointExtension>
        </extensions>
      </trkpt>
      <trkpt lat="25.865821950137615203857421875" lon="119.5694384537637233734130859375">
        <ele>18.799999237060546875</ele>
        <time>2025-06-21T09:46:58.000Z</time>
        <extensions>
          <ns3:TrackPointExtension>
            <ns3:atemp>32.0</ns3:atemp>
            <ns3:hr>126</ns3:hr>
            <ns3:cad>85</ns3:cad>
          </ns3:TrackPointExtension>
        </extensions>
      </trkpt>
      <trkpt lat="25.8658087067306041717529296875" lon="119.56945873796939849853515625">
        <ele>18.799999237060546875</ele>
        <time>2025-06-21T09:46:59.000Z</time>
        <extensions>
          <ns3:TrackPointExtension>
            <ns3:atemp>32.0</ns3:atemp>
            <ns3:hr>126</ns3:hr>
            <ns3:cad>85</ns3:cad>
          </ns3:TrackPointExtension>
        </extensions>
      </trkpt>
      <trkpt lat="25.86580979637801647186279296875" lon="119.569474160671234130859375">
        <ele>18.799999237060546875</ele>
        <time>2025-06-21T09:47:00.000Z</time>
        <extensions>
          <ns3:TrackPointExtension>
            <ns3:atemp>32.0</ns3:atemp>
            <ns3:hr>126</ns3:hr>
            <ns3:cad>85</ns3:cad>
          </ns3:TrackPointExtension>
        </extensions>
      </trkpt>
      <trkpt lat="25.86579621769487857818603515625" lon="119.5695014856755733489990234375">
        <ele>18.799999237060546875</ele>
        <time>2025-06-21T09:47:01.000Z</time>
        <extensions>
          <ns3:TrackPointExtension>
            <ns3:atemp>32.0</ns3:atemp>
            <ns3:hr>127</ns3:hr>
            <ns3:cad>85</ns3:cad>
          </ns3:TrackPointExtension>
        </extensions>
      </trkpt>
      <trkpt lat="25.86579144001007080078125" lon="119.56951749511063098907470703125">
        <ele>18.799999237060546875</ele>
        <time>2025-06-21T09:47:02.000Z</time>
        <extensions>
          <ns3:TrackPointExtension>
            <ns3:atemp>32.0</ns3:atemp>
            <ns3:hr>127</ns3:hr>
            <ns3:cad>85</ns3:cad>
          </ns3:TrackPointExtension>
        </extensions>
      </trkpt>
      <trkpt lat="25.865787081420421600341796875" lon="119.5695373602211475372314453125">
        <ele>18.799999237060546875</ele>
        <time>2025-06-21T09:47:03.000Z</time>
        <extensions>
          <ns3:TrackPointExtension>
            <ns3:atemp>32.0</ns3:atemp>
            <ns3:hr>127</ns3:hr>
            <ns3:cad>86</ns3:cad>
          </ns3:TrackPointExtension>
        </extensions>
      </trkpt>
      <trkpt lat="25.865772329270839691162109375" lon="119.56955839879810810089111328125">
        <ele>18.799999237060546875</ele>
        <time>2025-06-21T09:47:04.000Z</time>
        <extensions>
          <ns3:TrackPointExtension>
            <ns3:atemp>32.0</ns3:atemp>
            <ns3:hr>127</ns3:hr>
            <ns3:cad>86</ns3:cad>
          </ns3:TrackPointExtension>
        </extensions>
      </trkpt>
      <trkpt lat="25.86577224545180797576904296875" lon="119.56957097165286540985107421875">
        <ele>19</ele>
        <time>2025-06-21T09:47:05.000Z</time>
        <extensions>
          <ns3:TrackPointExtension>
            <ns3:atemp>32.0</ns3:atemp>
            <ns3:hr>127</ns3:hr>
            <ns3:cad>85</ns3:cad>
          </ns3:TrackPointExtension>
        </extensions>
      </trkpt>
      <trkpt lat="25.86575900204479694366455078125" lon="119.5695946924388408660888671875">
        <ele>18.799999237060546875</ele>
        <time>2025-06-21T09:47:06.000Z</time>
        <extensions>
          <ns3:TrackPointExtension>
            <ns3:atemp>32.0</ns3:atemp>
            <ns3:hr>127</ns3:hr>
            <ns3:cad>85</ns3:cad>
          </ns3:TrackPointExtension>
        </extensions>
      </trkpt>
      <trkpt lat="25.86575481109321117401123046875" lon="119.56961170770227909088134765625">
        <ele>18.799999237060546875</ele>
        <time>2025-06-21T09:47:07.000Z</time>
        <extensions>
          <ns3:TrackPointExtension>
            <ns3:atemp>32.0</ns3:atemp>
            <ns3:hr>127</ns3:hr>
            <ns3:cad>84</ns3:cad>
          </ns3:TrackPointExtension>
        </extensions>
      </trkpt>
      <trkpt lat="25.86574475280940532684326171875" lon="119.56963299773633480072021484375">
        <ele>19</ele>
        <time>2025-06-21T09:47:08.000Z</time>
        <extensions>
          <ns3:TrackPointExtension>
            <ns3:atemp>32.0</ns3:atemp>
            <ns3:hr>127</ns3:hr>
            <ns3:cad>84</ns3:cad>
          </ns3:TrackPointExtension>
        </extensions>
      </trkpt>
      <trkpt lat="25.86573201231658458709716796875" lon="119.56965177319943904876708984375">
        <ele>19</ele>
        <time>2025-06-21T09:47:09.000Z</time>
        <extensions>
          <ns3:TrackPointExtension>
            <ns3:atemp>32.0</ns3:atemp>
            <ns3:hr>128</ns3:hr>
            <ns3:cad>84</ns3:cad>
          </ns3:TrackPointExtension>
        </extensions>
      </trkpt>
      <trkpt lat="25.865730084478855133056640625" lon="119.56966702826321125030517578125">
        <ele>19.200000762939453125</ele>
        <time>2025-06-21T09:47:10.000Z</time>
        <extensions>
          <ns3:TrackPointExtension>
            <ns3:atemp>32.0</ns3:atemp>
            <ns3:hr>128</ns3:hr>
            <ns3:cad>84</ns3:cad>
          </ns3:TrackPointExtension>
        </extensions>
      </trkpt>
      <trkpt lat="25.8657161705195903778076171875" lon="119.5696885697543621063232421875">
        <ele>19.200000762939453125</ele>
        <time>2025-06-21T09:47:11.000Z</time>
        <extensions>
          <ns3:TrackPointExtension>
            <ns3:atemp>32.0</ns3:atemp>
            <ns3:hr>128</ns3:hr>
            <ns3:cad>85</ns3:cad>
          </ns3:TrackPointExtension>
        </extensions>
      </trkpt>
      <trkpt lat="25.86571575142443180084228515625" lon="119.56970441155135631561279296875">
        <ele>19.200000762939453125</ele>
        <time>2025-06-21T09:47:12.000Z</time>
        <extensions>
          <ns3:TrackPointExtension>
            <ns3:atemp>32.0</ns3:atemp>
            <ns3:hr>128</ns3:hr>
            <ns3:cad>85</ns3:cad>
          </ns3:TrackPointExtension>
        </extensions>
      </trkpt>
      <trkpt lat="25.86570703424513339996337890625" lon="119.56972871907055377960205078125">
        <ele>19.200000762939453125</ele>
        <time>2025-06-21T09:47:13.000Z</time>
        <extensions>
          <ns3:TrackPointExtension>
            <ns3:atemp>32.0</ns3:atemp>
            <ns3:hr>128</ns3:hr>
            <ns3:cad>84</ns3:cad>
          </ns3:TrackPointExtension>
        </extensions>
      </trkpt>
      <trkpt lat="25.86569764651358127593994140625" lon="119.56974506378173828125">
        <ele>19</ele>
        <time>2025-06-21T09:47:14.000Z</time>
        <extensions>
          <ns3:TrackPointExtension>
            <ns3:atemp>32.0</ns3:atemp>
            <ns3:hr>128</ns3:hr>
            <ns3:cad>84</ns3:cad>
          </ns3:TrackPointExtension>
        </extensions>
      </trkpt>
      <trkpt lat="25.8656943775713443756103515625" lon="119.56976274959743022918701171875">
        <ele>19</ele>
        <time>2025-06-21T09:47:15.000Z</time>
        <extensions>
          <ns3:TrackPointExtension>
            <ns3:atemp>32.0</ns3:atemp>
            <ns3:hr>128</ns3:hr>
            <ns3:cad>84</ns3:cad>
          </ns3:TrackPointExtension>
        </extensions>
      </trkpt>
      <trkpt lat="25.86568289436399936676025390625" lon="119.5697871409356594085693359375">
        <ele>19</ele>
        <time>2025-06-21T09:47:16.000Z</time>
        <extensions>
          <ns3:TrackPointExtension>
            <ns3:atemp>32.0</ns3:atemp>
            <ns3:hr>129</ns3:hr>
            <ns3:cad>84</ns3:cad>
          </ns3:TrackPointExtension>
        </extensions>
      </trkpt>
      <trkpt lat="25.865683816373348236083984375" lon="119.5698005519807338714599609375">
        <ele>19</ele>
        <time>2025-06-21T09:47:17.000Z</time>
        <extensions>
          <ns3:TrackPointExtension>
            <ns3:atemp>32.0</ns3:atemp>
            <ns3:hr>128</ns3:hr>
            <ns3:cad>84</ns3:cad>
          </ns3:TrackPointExtension>
        </extensions>
      </trkpt>
      <trkpt lat="25.86567099206149578094482421875" lon="119.56982343457639217376708984375">
        <ele>19</ele>
        <time>2025-06-21T09:47:18.000Z</time>
        <extensions>
          <ns3:TrackPointExtension>
            <ns3:atemp>32.0</ns3:atemp>
            <ns3:hr>128</ns3:hr>
            <ns3:cad>84</ns3:cad>
          </ns3:TrackPointExtension>
        </extensions>
      </trkpt>
      <trkpt lat="25.8656588383018970489501953125" lon="119.5698411203920841217041015625">
        <ele>19</ele>
        <time>2025-06-21T09:47:19.000Z</time>
        <extensions>
          <ns3:TrackPointExtension>
            <ns3:atemp>32.0</ns3:atemp>
            <ns3:hr>128</ns3:hr>
            <ns3:cad>84</ns3:cad>
          </ns3:TrackPointExtension>
        </extensions>
      </trkpt>
      <trkpt lat="25.86565439589321613311767578125" lon="119.56985914148390293121337890625">
        <ele>19.200000762939453125</ele>
        <time>2025-06-21T09:47:20.000Z</time>
        <extensions>
          <ns3:TrackPointExtension>
            <ns3:atemp>32.0</ns3:atemp>
            <ns3:hr>128</ns3:hr>
            <ns3:cad>84</ns3:cad>
          </ns3:TrackPointExtension>
        </extensions>
      </trkpt>
      <trkpt lat="25.8656427450478076934814453125" lon="119.5698805153369903564453125">
        <ele>19.200000762939453125</ele>
        <time>2025-06-21T09:47:21.000Z</time>
        <extensions>
          <ns3:TrackPointExtension>
            <ns3:atemp>32.0</ns3:atemp>
            <ns3:hr>128</ns3:hr>
            <ns3:cad>84</ns3:cad>
          </ns3:TrackPointExtension>
        </extensions>
      </trkpt>
      <trkpt lat="25.8656434156000614166259765625" lon="119.56989568658173084259033203125">
        <ele>19.3999996185302734375</ele>
        <time>2025-06-21T09:47:22.000Z</time>
        <extensions>
          <ns3:TrackPointExtension>
            <ns3:atemp>32.0</ns3:atemp>
            <ns3:hr>128</ns3:hr>
            <ns3:cad>84</ns3:cad>
          </ns3:TrackPointExtension>
        </extensions>
      </trkpt>
      <trkpt lat="25.8656318485736846923828125" lon="119.5699202455580234527587890625">
        <ele>19.3999996185302734375</ele>
        <time>2025-06-21T09:47:23.000Z</time>
        <extensions>
          <ns3:TrackPointExtension>
            <ns3:atemp>32.0</ns3:atemp>
            <ns3:hr>128</ns3:hr>
            <ns3:cad>84</ns3:cad>
          </ns3:TrackPointExtension>
        </extensions>
      </trkpt>
      <trkpt lat="25.8656216226518154144287109375" lon="119.569934494793415069580078125">
        <ele>19.3999996185302734375</ele>
        <time>2025-06-21T09:47:24.000Z</time>
        <extensions>
          <ns3:TrackPointExtension>
            <ns3:atemp>32.0</ns3:atemp>
            <ns3:hr>129</ns3:hr>
            <ns3:cad>84</ns3:cad>
          </ns3:TrackPointExtension>
        </extensions>
      </trkpt>
      <trkpt lat="25.86561483331024646759033203125" lon="119.5699500851333141326904296875">
        <ele>19.6000003814697265625</ele>
        <time>2025-06-21T09:47:25.000Z</time>
        <extensions>
          <ns3:TrackPointExtension>
            <ns3:atemp>32.0</ns3:atemp>
            <ns3:hr>128</ns3:hr>
            <ns3:cad>84</ns3:cad>
          </ns3:TrackPointExtension>
        </extensions>
      </trkpt>
      <trkpt lat="25.8656045235693454742431640625" lon="119.5699665136635303497314453125">
        <ele>19.799999237060546875</ele>
        <time>2025-06-21T09:47:26.000Z</time>
        <extensions>
          <ns3:TrackPointExtension>
            <ns3:atemp>32.0</ns3:atemp>
            <ns3:hr>127</ns3:hr>
            <ns3:cad>83</ns3:cad>
          </ns3:TrackPointExtension>
        </extensions>
      </trkpt>
      <trkpt lat="25.86560033261775970458984375" lon="119.5699822716414928436279296875">
        <ele>19.799999237060546875</ele>
        <time>2025-06-21T09:47:27.000Z</time>
        <extensions>
          <ns3:TrackPointExtension>
            <ns3:atemp>32.0</ns3:atemp>
            <ns3:hr>127</ns3:hr>
            <ns3:cad>83</ns3:cad>
          </ns3:TrackPointExtension>
        </extensions>
      </trkpt>
      <trkpt lat="25.86559052579104900360107421875" lon="119.5699956826865673065185546875">
        <ele>19.799999237060546875</ele>
        <time>2025-06-21T09:47:28.000Z</time>
        <extensions>
          <ns3:TrackPointExtension>
            <ns3:atemp>32.0</ns3:atemp>
            <ns3:hr>127</ns3:hr>
            <ns3:cad>83</ns3:cad>
          </ns3:TrackPointExtension>
        </extensions>
      </trkpt>
      <trkpt lat="25.86557887494564056396484375" lon="119.5700107701122760772705078125">
        <ele>19.799999237060546875</ele>
        <time>2025-06-21T09:47:29.000Z</time>
        <extensions>
          <ns3:TrackPointExtension>
            <ns3:atemp>32.0</ns3:atemp>
            <ns3:hr>127</ns3:hr>
            <ns3:cad>83</ns3:cad>
          </ns3:TrackPointExtension>
        </extensions>
      </trkpt>
      <trkpt lat="25.86557409726083278656005859375" lon="119.57002661190927028656005859375">
        <ele>19.799999237060546875</ele>
        <time>2025-06-21T09:47:30.000Z</time>
        <extensions>
          <ns3:TrackPointExtension>
            <ns3:atemp>32.0</ns3:atemp>
            <ns3:hr>127</ns3:hr>
            <ns3:cad>83</ns3:cad>
          </ns3:TrackPointExtension>
        </extensions>
      </trkpt>
      <trkpt lat="25.8655647933483123779296875" lon="119.57004656083881855010986328125">
        <ele>19.6000003814697265625</ele>
        <time>2025-06-21T09:47:31.000Z</time>
        <extensions>
          <ns3:TrackPointExtension>
            <ns3:atemp>32.0</ns3:atemp>
            <ns3:hr>128</ns3:hr>
            <ns3:cad>84</ns3:cad>
          </ns3:TrackPointExtension>
        </extensions>
      </trkpt>
      <trkpt lat="25.86555766873061656951904296875" lon="119.57006349228322505950927734375">
        <ele>19.6000003814697265625</ele>
        <time>2025-06-21T09:47:32.000Z</time>
        <extensions>
          <ns3:TrackPointExtension>
            <ns3:atemp>32.0</ns3:atemp>
            <ns3:hr>128</ns3:hr>
            <ns3:cad>84</ns3:cad>
          </ns3:TrackPointExtension>
        </extensions>
      </trkpt>
      <trkpt lat="25.86554844863712787628173828125" lon="119.57008235156536102294921875">
        <ele>19.6000003814697265625</ele>
        <time>2025-06-21T09:47:33.000Z</time>
        <extensions>
          <ns3:TrackPointExtension>
            <ns3:atemp>32.0</ns3:atemp>
            <ns3:hr>128</ns3:hr>
            <ns3:cad>80</ns3:cad>
          </ns3:TrackPointExtension>
        </extensions>
      </trkpt>
      <trkpt lat="25.86554191075265407562255859375" lon="119.570098780095577239990234375">
        <ele>19.799999237060546875</ele>
        <time>2025-06-21T09:47:34.000Z</time>
        <extensions>
          <ns3:TrackPointExtension>
            <ns3:atemp>32.0</ns3:atemp>
            <ns3:hr>128</ns3:hr>
            <ns3:cad>80</ns3:cad>
          </ns3:TrackPointExtension>
        </extensions>
      </trkpt>
      <trkpt lat="25.86553621105849742889404296875" lon="119.57011680118739604949951171875">
        <ele>19.6000003814697265625</ele>
        <time>2025-06-21T09:47:35.000Z</time>
        <extensions>
          <ns3:TrackPointExtension>
            <ns3:atemp>32.0</ns3:atemp>
            <ns3:hr>127</ns3:hr>
            <ns3:cad>82</ns3:cad>
          </ns3:TrackPointExtension>
        </extensions>
      </trkpt>
      <trkpt lat="25.8655207045376300811767578125" lon="119.57013725303113460540771484375">
        <ele>19.6000003814697265625</ele>
        <time>2025-06-21T09:47:36.000Z</time>
        <extensions>
          <ns3:TrackPointExtension>
            <ns3:atemp>32.0</ns3:atemp>
            <ns3:hr>127</ns3:hr>
            <ns3:cad>84</ns3:cad>
          </ns3:TrackPointExtension>
        </extensions>
      </trkpt>
      <trkpt lat="25.865518860518932342529296875" lon="119.57014932297170162200927734375">
        <ele>19.6000003814697265625</ele>
        <time>2025-06-21T09:47:37.000Z</time>
        <extensions>
          <ns3:TrackPointExtension>
            <ns3:atemp>32.0</ns3:atemp>
            <ns3:hr>128</ns3:hr>
            <ns3:cad>86</ns3:cad>
          </ns3:TrackPointExtension>
        </extensions>
      </trkpt>
      <trkpt lat="25.86550687439739704132080078125" lon="119.5701723732054233551025390625">
        <ele>19.6000003814697265625</ele>
        <time>2025-06-21T09:47:38.000Z</time>
        <extensions>
          <ns3:TrackPointExtension>
            <ns3:atemp>32.0</ns3:atemp>
            <ns3:hr>128</ns3:hr>
            <ns3:cad>86</ns3:cad>
          </ns3:TrackPointExtension>
        </extensions>
      </trkpt>
      <trkpt lat="25.8654938824474811553955078125" lon="119.5701888017356395721435546875">
        <ele>19.6000003814697265625</ele>
        <time>2025-06-21T09:47:39.000Z</time>
        <extensions>
          <ns3:TrackPointExtension>
            <ns3:atemp>32.0</ns3:atemp>
            <ns3:hr>128</ns3:hr>
            <ns3:cad>86</ns3:cad>
          </ns3:TrackPointExtension>
        </extensions>
      </trkpt>
      <trkpt lat="25.8654878474771976470947265625" lon="119.5702062360942363739013671875">
        <ele>19.799999237060546875</ele>
        <time>2025-06-21T09:47:40.000Z</time>
        <extensions>
          <ns3:TrackPointExtension>
            <ns3:atemp>32.0</ns3:atemp>
            <ns3:hr>129</ns3:hr>
            <ns3:cad>84</ns3:cad>
          </ns3:TrackPointExtension>
        </extensions>
      </trkpt>
      <trkpt lat="25.8654767833650112152099609375" lon="119.5702273584902286529541015625">
        <ele>20</ele>
        <time>2025-06-21T09:47:41.000Z</time>
        <extensions>
          <ns3:TrackPointExtension>
            <ns3:atemp>32.0</ns3:atemp>
            <ns3:hr>129</ns3:hr>
            <ns3:cad>84</ns3:cad>
          </ns3:TrackPointExtension>
        </extensions>
      </trkpt>
      <trkpt lat="25.86547418497502803802490234375" lon="119.570244960486888885498046875">
        <ele>20.200000762939453125</ele>
        <time>2025-06-21T09:47:42.000Z</time>
        <extensions>
          <ns3:TrackPointExtension>
            <ns3:atemp>32.0</ns3:atemp>
            <ns3:hr>129</ns3:hr>
            <ns3:cad>84</ns3:cad>
          </ns3:TrackPointExtension>
        </extensions>
      </trkpt>
      <trkpt lat="25.86545976810157299041748046875" lon="119.5702689327299594879150390625">
        <ele>20.200000762939453125</ele>
        <time>2025-06-21T09:47:43.000Z</time>
        <extensions>
          <ns3:TrackPointExtension>
            <ns3:atemp>32.0</ns3:atemp>
            <ns3:hr>130</ns3:hr>
            <ns3:cad>84</ns3:cad>
          </ns3:TrackPointExtension>
        </extensions>
      </trkpt>
      <trkpt lat="25.8654600195586681365966796875" lon="119.57028443925082683563232421875">
        <ele>20</ele>
        <time>2025-06-21T09:47:44.000Z</time>
        <extensions>
          <ns3:TrackPointExtension>
            <ns3:atemp>32.0</ns3:atemp>
            <ns3:hr>130</ns3:hr>
            <ns3:cad>84</ns3:cad>
          </ns3:TrackPointExtension>
        </extensions>
      </trkpt>
      <trkpt lat="25.86545423604547977447509765625" lon="119.57030975259840488433837890625">
        <ele>20</ele>
        <time>2025-06-21T09:47:45.000Z</time>
        <extensions>
          <ns3:TrackPointExtension>
            <ns3:atemp>32.0</ns3:atemp>
            <ns3:hr>130</ns3:hr>
            <ns3:cad>84</ns3:cad>
          </ns3:TrackPointExtension>
        </extensions>
      </trkpt>
      <trkpt lat="25.86544652469456195831298828125" lon="119.57032819278538227081298828125">
        <ele>19.799999237060546875</ele>
        <time>2025-06-21T09:47:46.000Z</time>
        <extensions>
          <ns3:TrackPointExtension>
            <ns3:atemp>32.0</ns3:atemp>
            <ns3:hr>130</ns3:hr>
            <ns3:cad>84</ns3:cad>
          </ns3:TrackPointExtension>
        </extensions>
      </trkpt>
      <trkpt lat="25.8654502965509891510009765625" lon="119.57034462131559848785400390625">
        <ele>19.799999237060546875</ele>
        <time>2025-06-21T09:47:47.000Z</time>
        <extensions>
          <ns3:TrackPointExtension>
            <ns3:atemp>32.0</ns3:atemp>
            <ns3:hr>130</ns3:hr>
            <ns3:cad>84</ns3:cad>
          </ns3:TrackPointExtension>
        </extensions>
      </trkpt>
      <trkpt lat="25.8654399029910564422607421875" lon="119.570367671549320220947265625">
        <ele>20</ele>
        <time>2025-06-21T09:47:48.000Z</time>
        <extensions>
          <ns3:TrackPointExtension>
            <ns3:atemp>32.0</ns3:atemp>
            <ns3:hr>130</ns3:hr>
            <ns3:cad>84</ns3:cad>
          </ns3:TrackPointExtension>
        </extensions>
      </trkpt>
      <trkpt lat="25.8654352091252803802490234375" lon="119.5703815855085849761962890625">
        <ele>20</ele>
        <time>2025-06-21T09:47:49.000Z</time>
        <extensions>
          <ns3:TrackPointExtension>
            <ns3:atemp>32.0</ns3:atemp>
            <ns3:hr>130</ns3:hr>
            <ns3:cad>84</ns3:cad>
          </ns3:TrackPointExtension>
        </extensions>
      </trkpt>
      <trkpt lat="25.86542724631726741790771484375" lon="119.57040513865649700164794921875">
        <ele>20</ele>
        <time>2025-06-21T09:47:50.000Z</time>
        <extensions>
          <ns3:TrackPointExtension>
            <ns3:atemp>32.0</ns3:atemp>
            <ns3:hr>129</ns3:hr>
            <ns3:cad>84</ns3:cad>
          </ns3:TrackPointExtension>
        </extensions>
      </trkpt>
      <trkpt lat="25.86541718803346157073974609375" lon="119.57042408175766468048095703125">
        <ele>20</ele>
        <time>2025-06-21T09:47:51.000Z</time>
        <extensions>
          <ns3:TrackPointExtension>
            <ns3:atemp>32.0</ns3:atemp>
            <ns3:hr>130</ns3:hr>
            <ns3:cad>83</ns3:cad>
          </ns3:TrackPointExtension>
        </extensions>
      </trkpt>
      <trkpt lat="25.86541551165282726287841796875" lon="119.5704419352114200592041015625">
        <ele>20.200000762939453125</ele>
        <time>2025-06-21T09:47:52.000Z</time>
        <extensions>
          <ns3:TrackPointExtension>
            <ns3:atemp>32.0</ns3:atemp>
            <ns3:hr>130</ns3:hr>
            <ns3:cad>83</ns3:cad>
          </ns3:TrackPointExtension>
        </extensions>
      </trkpt>
      <trkpt lat="25.86540092714130878448486328125" lon="119.57047051750123500823974609375">
        <ele>20.200000762939453125</ele>
        <time>2025-06-21T09:47:53.000Z</time>
        <extensions>
          <ns3:TrackPointExtension>
            <ns3:atemp>32.0</ns3:atemp>
            <ns3:hr>129</ns3:hr>
            <ns3:cad>83</ns3:cad>
          </ns3:TrackPointExtension>
        </extensions>
      </trkpt>
      <trkpt lat="25.8653896115720272064208984375" lon="119.57048728130757808685302734375">
        <ele>20.200000762939453125</ele>
        <time>2025-06-21T09:47:54.000Z</time>
        <extensions>
          <ns3:TrackPointExtension>
            <ns3:atemp>32.0</ns3:atemp>
            <ns3:hr>130</ns3:hr>
            <ns3:cad>84</ns3:cad>
          </ns3:TrackPointExtension>
        </extensions>
      </trkpt>
      <trkpt lat="25.8653601072728633880615234375" lon="119.57049096934497356414794921875">
        <ele>20.200000762939453125</ele>
        <time>2025-06-21T09:47:55.000Z</time>
        <extensions>
          <ns3:TrackPointExtension>
            <ns3:atemp>32.0</ns3:atemp>
            <ns3:hr>130</ns3:hr>
            <ns3:cad>84</ns3:cad>
          </ns3:TrackPointExtension>
        </extensions>
      </trkpt>
      <trkpt lat="25.86533186025917530059814453125" lon="119.57048778422176837921142578125">
        <ele>20.200000762939453125</ele>
        <time>2025-06-21T09:47:56.000Z</time>
        <extensions>
          <ns3:TrackPointExtension>
            <ns3:atemp>32.0</ns3:atemp>
            <ns3:hr>129</ns3:hr>
            <ns3:cad>85</ns3:cad>
          </ns3:TrackPointExtension>
        </extensions>
      </trkpt>
      <trkpt lat="25.86530855856835842132568359375" lon="119.57048241980373859405517578125">
        <ele>20</ele>
        <time>2025-06-21T09:47:57.000Z</time>
        <extensions>
          <ns3:TrackPointExtension>
            <ns3:atemp>32.0</ns3:atemp>
            <ns3:hr>130</ns3:hr>
            <ns3:cad>85</ns3:cad>
          </ns3:TrackPointExtension>
        </extensions>
      </trkpt>
      <trkpt lat="25.86528651416301727294921875" lon="119.5704721100628376007080078125">
        <ele>20</ele>
        <time>2025-06-21T09:47:58.000Z</time>
        <extensions>
          <ns3:TrackPointExtension>
            <ns3:atemp>32.0</ns3:atemp>
            <ns3:hr>130</ns3:hr>
            <ns3:cad>85</ns3:cad>
          </ns3:TrackPointExtension>
        </extensions>
      </trkpt>
      <trkpt lat="25.865269415080547332763671875" lon="119.57046900875866413116455078125">
        <ele>20</ele>
        <time>2025-06-21T09:47:59.000Z</time>
        <extensions>
          <ns3:TrackPointExtension>
            <ns3:atemp>32.0</ns3:atemp>
            <ns3:hr>130</ns3:hr>
            <ns3:cad>85</ns3:cad>
          </ns3:TrackPointExtension>
        </extensions>
      </trkpt>
      <trkpt lat="25.86524100042879581451416015625" lon="119.57045559771358966827392578125">
        <ele>20</ele>
        <time>2025-06-21T09:48:00.000Z</time>
        <extensions>
          <ns3:TrackPointExtension>
            <ns3:atemp>32.0</ns3:atemp>
            <ns3:hr>130</ns3:hr>
            <ns3:cad>85</ns3:cad>
          </ns3:TrackPointExtension>
        </extensions>
      </trkpt>
      <trkpt lat="25.86522507481276988983154296875" lon="119.570458866655826568603515625">
        <ele>20</ele>
        <time>2025-06-21T09:48:01.000Z</time>
        <extensions>
          <ns3:TrackPointExtension>
            <ns3:atemp>32.0</ns3:atemp>
            <ns3:hr>130</ns3:hr>
            <ns3:cad>85</ns3:cad>
          </ns3:TrackPointExtension>
        </extensions>
      </trkpt>
      <trkpt lat="25.8652031980454921722412109375" lon="119.570452831685543060302734375">
        <ele>20</ele>
        <time>2025-06-21T09:48:02.000Z</time>
        <extensions>
          <ns3:TrackPointExtension>
            <ns3:atemp>32.0</ns3:atemp>
            <ns3:hr>130</ns3:hr>
            <ns3:cad>85</ns3:cad>
          </ns3:TrackPointExtension>
        </extensions>
      </trkpt>
      <trkpt lat="25.86518383584916591644287109375" lon="119.570450149476528167724609375">
        <ele>20</ele>
        <time>2025-06-21T09:48:03.000Z</time>
        <extensions>
          <ns3:TrackPointExtension>
            <ns3:atemp>32.0</ns3:atemp>
            <ns3:hr>130</ns3:hr>
            <ns3:cad>85</ns3:cad>
          </ns3:TrackPointExtension>
        </extensions>
      </trkpt>
      <trkpt lat="25.8651679940521717071533203125" lon="119.570451490581035614013671875">
        <ele>20</ele>
        <time>2025-06-21T09:48:04.000Z</time>
        <extensions>
          <ns3:TrackPointExtension>
            <ns3:atemp>32.0</ns3:atemp>
            <ns3:hr>129</ns3:hr>
            <ns3:cad>85</ns3:cad>
          </ns3:TrackPointExtension>
        </extensions>
      </trkpt>
      <trkpt lat="25.86514628492295742034912109375" lon="119.570440091192722320556640625">
        <ele>20</ele>
        <time>2025-06-21T09:48:05.000Z</time>
        <extensions>
          <ns3:TrackPointExtension>
            <ns3:atemp>32.0</ns3:atemp>
            <ns3:hr>130</ns3:hr>
            <ns3:cad>84</ns3:cad>
          </ns3:TrackPointExtension>
        </extensions>
      </trkpt>
      <trkpt lat="25.86513186804950237274169921875" lon="119.57043548114597797393798828125">
        <ele>20</ele>
        <time>2025-06-21T09:48:06.000Z</time>
        <extensions>
          <ns3:TrackPointExtension>
            <ns3:atemp>32.0</ns3:atemp>
            <ns3:hr>130</ns3:hr>
            <ns3:cad>84</ns3:cad>
          </ns3:TrackPointExtension>
        </extensions>
      </trkpt>
      <trkpt lat="25.8651083149015903472900390625" lon="119.5704228244721889495849609375">
        <ele>20</ele>
        <time>2025-06-21T09:48:07.000Z</time>
        <extensions>
          <ns3:TrackPointExtension>
            <ns3:atemp>32.0</ns3:atemp>
            <ns3:hr>129</ns3:hr>
            <ns3:cad>84</ns3:cad>
          </ns3:TrackPointExtension>
        </extensions>
      </trkpt>
      <trkpt lat="25.865093059837818145751953125" lon="119.57041896879673004150390625">
        <ele>20</ele>
        <time>2025-06-21T09:48:08.000Z</time>
        <extensions>
          <ns3:TrackPointExtension>
            <ns3:atemp>32.0</ns3:atemp>
            <ns3:hr>130</ns3:hr>
            <ns3:cad>84</ns3:cad>
          </ns3:TrackPointExtension>
        </extensions>
      </trkpt>
      <trkpt lat="25.86507772095501422882080078125" lon="119.57041821442544460296630859375">
        <ele>20</ele>
        <time>2025-06-21T09:48:09.000Z</time>
        <extensions>
          <ns3:TrackPointExtension>
            <ns3:atemp>32.0</ns3:atemp>
            <ns3:hr>130</ns3:hr>
            <ns3:cad>84</ns3:cad>
          </ns3:TrackPointExtension>
        </extensions>
      </trkpt>
      <trkpt lat="25.86506129242479801177978515625" lon="119.570410586893558502197265625">
        <ele>20</ele>
        <time>2025-06-21T09:48:10.000Z</time>
        <extensions>
          <ns3:TrackPointExtension>
            <ns3:atemp>32.0</ns3:atemp>
            <ns3:hr>129</ns3:hr>
            <ns3:cad>84</ns3:cad>
          </ns3:TrackPointExtension>
        </extensions>
      </trkpt>
      <trkpt lat="25.8650506474077701568603515625" lon="119.570411927998065948486328125">
        <ele>19.799999237060546875</ele>
        <time>2025-06-21T09:48:11.000Z</time>
        <extensions>
          <ns3:TrackPointExtension>
            <ns3:atemp>32.0</ns3:atemp>
            <ns3:hr>130</ns3:hr>
            <ns3:cad>84</ns3:cad>
          </ns3:TrackPointExtension>
        </extensions>
      </trkpt>
      <trkpt lat="25.86502642370760440826416015625" lon="119.570402204990386962890625">
        <ele>19.799999237060546875</ele>
        <time>2025-06-21T09:48:12.000Z</time>
        <extensions>
          <ns3:TrackPointExtension>
            <ns3:atemp>32.0</ns3:atemp>
            <ns3:hr>130</ns3:hr>
            <ns3:cad>84</ns3:cad>
          </ns3:TrackPointExtension>
        </extensions>
      </trkpt>
      <trkpt lat="25.86500831879675388336181640625" lon="119.57039290107786655426025390625">
        <ele>19.799999237060546875</ele>
        <time>2025-06-21T09:48:13.000Z</time>
        <extensions>
          <ns3:TrackPointExtension>
            <ns3:atemp>32.0</ns3:atemp>
            <ns3:hr>130</ns3:hr>
            <ns3:cad>84</ns3:cad>
          </ns3:TrackPointExtension>
        </extensions>
      </trkpt>
      <trkpt lat="25.8649913035333156585693359375" lon="119.5703892968595027923583984375">
        <ele>19.6000003814697265625</ele>
        <time>2025-06-21T09:48:14.000Z</time>
        <extensions>
          <ns3:TrackPointExtension>
            <ns3:atemp>32.0</ns3:atemp>
            <ns3:hr>130</ns3:hr>
            <ns3:cad>84</ns3:cad>
          </ns3:TrackPointExtension>
        </extensions>
      </trkpt>
      <trkpt lat="25.86496976204216480255126953125" lon="119.57037739455699920654296875">
        <ele>19.6000003814697265625</ele>
        <time>2025-06-21T09:48:15.000Z</time>
        <extensions>
          <ns3:TrackPointExtension>
            <ns3:atemp>32.0</ns3:atemp>
            <ns3:hr>130</ns3:hr>
            <ns3:cad>84</ns3:cad>
          </ns3:TrackPointExtension>
        </extensions>
      </trkpt>
      <trkpt lat="25.8649567700922489166259765625" lon="119.570379741489887237548828125">
        <ele>19.6000003814697265625</ele>
        <time>2025-06-21T09:48:16.000Z</time>
        <extensions>
          <ns3:TrackPointExtension>
            <ns3:atemp>32.0</ns3:atemp>
            <ns3:hr>130</ns3:hr>
            <ns3:cad>84</ns3:cad>
          </ns3:TrackPointExtension>
        </extensions>
      </trkpt>
      <trkpt lat="25.86492902599275112152099609375" lon="119.57037077285349369049072265625">
        <ele>19.799999237060546875</ele>
        <time>2025-06-21T09:48:17.000Z</time>
        <extensions>
          <ns3:TrackPointExtension>
            <ns3:atemp>32.0</ns3:atemp>
            <ns3:hr>131</ns3:hr>
            <ns3:cad>84</ns3:cad>
          </ns3:TrackPointExtension>
        </extensions>
      </trkpt>
      <trkpt lat="25.86491108871996402740478515625" lon="119.57036658190190792083740234375">
        <ele>19.799999237060546875</ele>
        <time>2025-06-21T09:48:18.000Z</time>
        <extensions>
          <ns3:TrackPointExtension>
            <ns3:atemp>32.0</ns3:atemp>
            <ns3:hr>131</ns3:hr>
            <ns3:cad>84</ns3:cad>
          </ns3:TrackPointExtension>
        </extensions>
      </trkpt>
      <trkpt lat="25.8648954145610332489013671875" lon="119.57036339677870273590087890625">
        <ele>19.799999237060546875</ele>
        <time>2025-06-21T09:48:19.000Z</time>
        <extensions>
          <ns3:TrackPointExtension>
            <ns3:atemp>32.0</ns3:atemp>
            <ns3:hr>131</ns3:hr>
            <ns3:cad>84</ns3:cad>
          </ns3:TrackPointExtension>
        </extensions>
      </trkpt>
      <trkpt lat="25.8648793213069438934326171875" lon="119.570356942713260650634765625">
        <ele>19.799999237060546875</ele>
        <time>2025-06-21T09:48:20.000Z</time>
        <extensions>
          <ns3:TrackPointExtension>
            <ns3:atemp>32.0</ns3:atemp>
            <ns3:hr>131</ns3:hr>
            <ns3:cad>84</ns3:cad>
          </ns3:TrackPointExtension>
        </extensions>
      </trkpt>
      <trkpt lat="25.86486482061445713043212890625" lon="119.570358283817768096923828125">
        <ele>19.799999237060546875</ele>
        <time>2025-06-21T09:48:21.000Z</time>
        <extensions>
          <ns3:TrackPointExtension>
            <ns3:atemp>32.0</ns3:atemp>
            <ns3:hr>131</ns3:hr>
            <ns3:cad>84</ns3:cad>
          </ns3:TrackPointExtension>
        </extensions>
      </trkpt>
      <trkpt lat="25.8648407645523548126220703125" lon="119.5703490637242794036865234375">
        <ele>19.799999237060546875</ele>
        <time>2025-06-21T09:48:22.000Z</time>
        <extensions>
          <ns3:TrackPointExtension>
            <ns3:atemp>32.0</ns3:atemp>
            <ns3:hr>131</ns3:hr>
            <ns3:cad>84</ns3:cad>
          </ns3:TrackPointExtension>
        </extensions>
      </trkpt>
      <trkpt lat="25.86482559330761432647705078125" lon="119.57034210674464702606201171875">
        <ele>19.799999237060546875</ele>
        <time>2025-06-21T09:48:23.000Z</time>
        <extensions>
          <ns3:TrackPointExtension>
            <ns3:atemp>32.0</ns3:atemp>
            <ns3:hr>131</ns3:hr>
            <ns3:cad>84</ns3:cad>
          </ns3:TrackPointExtension>
        </extensions>
      </trkpt>
      <trkpt lat="25.86480698548257350921630859375" lon="119.57033657468855381011962890625">
        <ele>19.799999237060546875</ele>
        <time>2025-06-21T09:48:24.000Z</time>
        <extensions>
          <ns3:TrackPointExtension>
            <ns3:atemp>32.0</ns3:atemp>
            <ns3:hr>131</ns3:hr>
            <ns3:cad>84</ns3:cad>
          </ns3:TrackPointExtension>
        </extensions>
      </trkpt>
      <trkpt lat="25.86478904820978641510009765625" lon="119.57032618112862110137939453125">
        <ele>19.799999237060546875</ele>
        <time>2025-06-21T09:48:25.000Z</time>
        <extensions>
          <ns3:TrackPointExtension>
            <ns3:atemp>32.0</ns3:atemp>
            <ns3:hr>131</ns3:hr>
            <ns3:cad>84</ns3:cad>
          </ns3:TrackPointExtension>
        </extensions>
      </trkpt>
      <trkpt lat="25.8647787384688854217529296875" lon="119.5703252591192722320556640625">
        <ele>19.6000003814697265625</ele>
        <time>2025-06-21T09:48:26.000Z</time>
        <extensions>
          <ns3:TrackPointExtension>
            <ns3:atemp>32.0</ns3:atemp>
            <ns3:hr>131</ns3:hr>
            <ns3:cad>84</ns3:cad>
          </ns3:TrackPointExtension>
        </extensions>
      </trkpt>
      <trkpt lat="25.86475501768290996551513671875" lon="119.5703136920928955078125">
        <ele>19.6000003814697265625</ele>
        <time>2025-06-21T09:48:27.000Z</time>
        <extensions>
          <ns3:TrackPointExtension>
            <ns3:atemp>32.0</ns3:atemp>
            <ns3:hr>132</ns3:hr>
            <ns3:cad>84</ns3:cad>
          </ns3:TrackPointExtension>
        </extensions>
      </trkpt>
      <trkpt lat="25.86474076844751834869384765625" lon="119.57031494937837123870849609375">
        <ele>19.6000003814697265625</ele>
        <time>2025-06-21T09:48:28.000Z</time>
        <extensions>
          <ns3:TrackPointExtension>
            <ns3:atemp>32.0</ns3:atemp>
            <ns3:hr>132</ns3:hr>
            <ns3:cad>84</ns3:cad>
          </ns3:TrackPointExtension>
        </extensions>
      </trkpt>
      <trkpt lat="25.8647252619266510009765625" lon="119.5703158713877201080322265625">
        <ele>19.6000003814697265625</ele>
        <time>2025-06-21T09:48:29.000Z</time>
        <extensions>
          <ns3:TrackPointExtension>
            <ns3:atemp>32.0</ns3:atemp>
            <ns3:hr>132</ns3:hr>
            <ns3:cad>84</ns3:cad>
          </ns3:TrackPointExtension>
        </extensions>
      </trkpt>
      <trkpt lat="25.8647056482732295989990234375" lon="119.57030908204615116119384765625">
        <ele>19.6000003814697265625</ele>
        <time>2025-06-21T09:48:30.000Z</time>
        <extensions>
          <ns3:TrackPointExtension>
            <ns3:atemp>32.0</ns3:atemp>
            <ns3:hr>132</ns3:hr>
            <ns3:cad>84</ns3:cad>
          </ns3:TrackPointExtension>
        </extensions>
      </trkpt>
      <trkpt lat="25.86469349451363086700439453125" lon="119.57030824385583400726318359375">
        <ele>19.6000003814697265625</ele>
        <time>2025-06-21T09:48:31.000Z</time>
        <extensions>
          <ns3:TrackPointExtension>
            <ns3:atemp>32.0</ns3:atemp>
            <ns3:hr>132</ns3:hr>
            <ns3:cad>84</ns3:cad>
          </ns3:TrackPointExtension>
        </extensions>
      </trkpt>
      <trkpt lat="25.86466566659510135650634765625" lon="119.570303298532962799072265625">
        <ele>19.6000003814697265625</ele>
        <time>2025-06-21T09:48:32.000Z</time>
        <extensions>
          <ns3:TrackPointExtension>
            <ns3:atemp>32.0</ns3:atemp>
            <ns3:hr>132</ns3:hr>
            <ns3:cad>83</ns3:cad>
          </ns3:TrackPointExtension>
        </extensions>
      </trkpt>
      <trkpt lat="25.86465083062648773193359375" lon="119.57030774094164371490478515625">
        <ele>19.799999237060546875</ele>
        <time>2025-06-21T09:48:33.000Z</time>
        <extensions>
          <ns3:TrackPointExtension>
            <ns3:atemp>32.0</ns3:atemp>
            <ns3:hr>132</ns3:hr>
            <ns3:cad>83</ns3:cad>
          </ns3:TrackPointExtension>
        </extensions>
      </trkpt>
      <trkpt lat="25.86463272571563720703125" lon="119.5703081600368022918701171875">
        <ele>19.799999237060546875</ele>
        <time>2025-06-21T09:48:34.000Z</time>
        <extensions>
          <ns3:TrackPointExtension>
            <ns3:atemp>32.0</ns3:atemp>
            <ns3:hr>132</ns3:hr>
            <ns3:cad>83</ns3:cad>
          </ns3:TrackPointExtension>
        </extensions>
      </trkpt>
      <trkpt lat="25.86461487226188182830810546875" lon="119.57030924968421459197998046875">
        <ele>19.799999237060546875</ele>
        <time>2025-06-21T09:48:35.000Z</time>
        <extensions>
          <ns3:TrackPointExtension>
            <ns3:atemp>32.0</ns3:atemp>
            <ns3:hr>132</ns3:hr>
            <ns3:cad>84</ns3:cad>
          </ns3:TrackPointExtension>
        </extensions>
      </trkpt>
      <trkpt lat="25.86460255086421966552734375" lon="119.57031528465449810028076171875">
        <ele>20</ele>
        <time>2025-06-21T09:48:36.000Z</time>
        <extensions>
          <ns3:TrackPointExtension>
            <ns3:atemp>32.0</ns3:atemp>
            <ns3:hr>131</ns3:hr>
            <ns3:cad>84</ns3:cad>
          </ns3:TrackPointExtension>
        </extensions>
      </trkpt>
      <trkpt lat="25.86458109319210052490234375" lon="119.57032106816768646240234375">
        <ele>20</ele>
        <time>2025-06-21T09:48:37.000Z</time>
        <extensions>
          <ns3:TrackPointExtension>
            <ns3:atemp>32.0</ns3:atemp>
            <ns3:hr>131</ns3:hr>
            <ns3:cad>84</ns3:cad>
          </ns3:TrackPointExtension>
        </extensions>
      </trkpt>
      <trkpt lat="25.86456977762281894683837890625" lon="119.57032718695700168609619140625">
        <ele>19.799999237060546875</ele>
        <time>2025-06-21T09:48:38.000Z</time>
        <extensions>
          <ns3:TrackPointExtension>
            <ns3:atemp>32.0</ns3:atemp>
            <ns3:hr>131</ns3:hr>
            <ns3:cad>84</ns3:cad>
          </ns3:TrackPointExtension>
        </extensions>
      </trkpt>
      <trkpt lat="25.8645473979413509368896484375" lon="119.570334143936634063720703125">
        <ele>19.6000003814697265625</ele>
        <time>2025-06-21T09:48:39.000Z</time>
        <extensions>
          <ns3:TrackPointExtension>
            <ns3:atemp>32.0</ns3:atemp>
            <ns3:hr>131</ns3:hr>
            <ns3:cad>84</ns3:cad>
          </ns3:TrackPointExtension>
        </extensions>
      </trkpt>
      <trkpt lat="25.8645321428775787353515625" lon="119.5703393407166004180908203125">
        <ele>19.3999996185302734375</ele>
        <time>2025-06-21T09:48:40.000Z</time>
        <extensions>
          <ns3:TrackPointExtension>
            <ns3:atemp>32.0</ns3:atemp>
            <ns3:hr>131</ns3:hr>
            <ns3:cad>85</ns3:cad>
          </ns3:TrackPointExtension>
        </extensions>
      </trkpt>
      <trkpt lat="25.86451428942382335662841796875" lon="119.57035216502845287322998046875">
        <ele>19.3999996185302734375</ele>
        <time>2025-06-21T09:48:41.000Z</time>
        <extensions>
          <ns3:TrackPointExtension>
            <ns3:atemp>32.0</ns3:atemp>
            <ns3:hr>131</ns3:hr>
            <ns3:cad>85</ns3:cad>
          </ns3:TrackPointExtension>
        </extensions>
      </trkpt>
      <trkpt lat="25.86449232883751392364501953125" lon="119.57036507315933704376220703125">
        <ele>19.3999996185302734375</ele>
        <time>2025-06-21T09:48:42.000Z</time>
        <extensions>
          <ns3:TrackPointExtension>
            <ns3:atemp>32.0</ns3:atemp>
            <ns3:hr>131</ns3:hr>
            <ns3:cad>85</ns3:cad>
          </ns3:TrackPointExtension>
        </extensions>
      </trkpt>
      <trkpt lat="25.8644803427159786224365234375" lon="119.57037915475666522979736328125">
        <ele>19.3999996185302734375</ele>
        <time>2025-06-21T09:48:43.000Z</time>
        <extensions>
          <ns3:TrackPointExtension>
            <ns3:atemp>32.0</ns3:atemp>
            <ns3:hr>131</ns3:hr>
            <ns3:cad>85</ns3:cad>
          </ns3:TrackPointExtension>
        </extensions>
      </trkpt>
      <trkpt lat="25.86445771157741546630859375" lon="119.570396505296230316162109375">
        <ele>19.6000003814697265625</ele>
        <time>2025-06-21T09:48:44.000Z</time>
        <extensions>
          <ns3:TrackPointExtension>
            <ns3:atemp>32.0</ns3:atemp>
            <ns3:hr>130</ns3:hr>
            <ns3:cad>85</ns3:cad>
          </ns3:TrackPointExtension>
        </extensions>
      </trkpt>
      <trkpt lat="25.86444404907524585723876953125" lon="119.57040748558938503265380859375">
        <ele>19.6000003814697265625</ele>
        <time>2025-06-21T09:48:45.000Z</time>
        <extensions>
          <ns3:TrackPointExtension>
            <ns3:atemp>32.0</ns3:atemp>
            <ns3:hr>130</ns3:hr>
            <ns3:cad>85</ns3:cad>
          </ns3:TrackPointExtension>
        </extensions>
      </trkpt>
      <trkpt lat="25.86442560888826847076416015625" lon="119.5704261772334575653076171875">
        <ele>19.799999237060546875</ele>
        <time>2025-06-21T09:48:46.000Z</time>
        <extensions>
          <ns3:TrackPointExtension>
            <ns3:atemp>32.0</ns3:atemp>
            <ns3:hr>130</ns3:hr>
            <ns3:cad>85</ns3:cad>
          </ns3:TrackPointExtension>
        </extensions>
      </trkpt>
      <trkpt lat="25.86441052146255970001220703125" lon="119.57043950445950031280517578125">
        <ele>20</ele>
        <time>2025-06-21T09:48:47.000Z</time>
        <extensions>
          <ns3:TrackPointExtension>
            <ns3:atemp>32.0</ns3:atemp>
            <ns3:hr>130</ns3:hr>
            <ns3:cad>85</ns3:cad>
          </ns3:TrackPointExtension>
        </extensions>
      </trkpt>
      <trkpt lat="25.86440096609294414520263671875" lon="119.570454172790050506591796875">
        <ele>20</ele>
        <time>2025-06-21T09:48:48.000Z</time>
        <extensions>
          <ns3:TrackPointExtension>
            <ns3:atemp>32.0</ns3:atemp>
            <ns3:hr>130</ns3:hr>
            <ns3:cad>85</ns3:cad>
          </ns3:TrackPointExtension>
        </extensions>
      </trkpt>
      <trkpt lat="25.8643807657063007354736328125" lon="119.57046900875866413116455078125">
        <ele>20</ele>
        <time>2025-06-21T09:48:49.000Z</time>
        <extensions>
          <ns3:TrackPointExtension>
            <ns3:atemp>32.0</ns3:atemp>
            <ns3:hr>129</ns3:hr>
            <ns3:cad>86</ns3:cad>
          </ns3:TrackPointExtension>
        </extensions>
      </trkpt>
      <trkpt lat="25.8643723838031291961669921875" lon="119.5704855211079120635986328125">
        <ele>20</ele>
        <time>2025-06-21T09:48:50.000Z</time>
        <extensions>
          <ns3:TrackPointExtension>
            <ns3:atemp>32.0</ns3:atemp>
            <ns3:hr>130</ns3:hr>
            <ns3:cad>86</ns3:cad>
          </ns3:TrackPointExtension>
        </extensions>
      </trkpt>
      <trkpt lat="25.86435436271131038665771484375" lon="119.57050421275198459625244140625">
        <ele>19.799999237060546875</ele>
        <time>2025-06-21T09:48:51.000Z</time>
        <extensions>
          <ns3:TrackPointExtension>
            <ns3:atemp>32.0</ns3:atemp>
            <ns3:hr>130</ns3:hr>
            <ns3:cad>86</ns3:cad>
          </ns3:TrackPointExtension>
        </extensions>
      </trkpt>
      <trkpt lat="25.86434581317007541656494140625" lon="119.57051862962543964385986328125">
        <ele>19.6000003814697265625</ele>
        <time>2025-06-21T09:48:52.000Z</time>
        <extensions>
          <ns3:TrackPointExtension>
            <ns3:atemp>32.0</ns3:atemp>
            <ns3:hr>129</ns3:hr>
            <ns3:cad>86</ns3:cad>
          </ns3:TrackPointExtension>
        </extensions>
      </trkpt>
      <trkpt lat="25.86433030664920806884765625" lon="119.57053556106984615325927734375">
        <ele>19.6000003814697265625</ele>
        <time>2025-06-21T09:48:53.000Z</time>
        <extensions>
          <ns3:TrackPointExtension>
            <ns3:atemp>32.0</ns3:atemp>
            <ns3:hr>130</ns3:hr>
            <ns3:cad>84</ns3:cad>
          </ns3:TrackPointExtension>
        </extensions>
      </trkpt>
      <trkpt lat="25.86431295610964298248291015625" lon="119.57054771482944488525390625">
        <ele>19.3999996185302734375</ele>
        <time>2025-06-21T09:48:54.000Z</time>
        <extensions>
          <ns3:TrackPointExtension>
            <ns3:atemp>32.0</ns3:atemp>
            <ns3:hr>130</ns3:hr>
            <ns3:cad>83</ns3:cad>
          </ns3:TrackPointExtension>
        </extensions>
      </trkpt>
      <trkpt lat="25.86430474184453487396240234375" lon="119.57056288607418537139892578125">
        <ele>19.3999996185302734375</ele>
        <time>2025-06-21T09:48:55.000Z</time>
        <extensions>
          <ns3:TrackPointExtension>
            <ns3:atemp>32.0</ns3:atemp>
            <ns3:hr>130</ns3:hr>
            <ns3:cad>83</ns3:cad>
          </ns3:TrackPointExtension>
        </extensions>
      </trkpt>
      <trkpt lat="25.86428076960146427154541015625" lon="119.57057721912860870361328125">
        <ele>19.3999996185302734375</ele>
        <time>2025-06-21T09:48:56.000Z</time>
        <extensions>
          <ns3:TrackPointExtension>
            <ns3:atemp>32.0</ns3:atemp>
            <ns3:hr>131</ns3:hr>
            <ns3:cad>83</ns3:cad>
          </ns3:TrackPointExtension>
        </extensions>
      </trkpt>
      <trkpt lat="25.86426635272800922393798828125" lon="119.57059322856366634368896484375">
        <ele>19.3999996185302734375</ele>
        <time>2025-06-21T09:48:57.000Z</time>
        <extensions>
          <ns3:TrackPointExtension>
            <ns3:atemp>32.0</ns3:atemp>
            <ns3:hr>131</ns3:hr>
            <ns3:cad>83</ns3:cad>
          </ns3:TrackPointExtension>
        </extensions>
      </trkpt>
      <trkpt lat="25.86425252258777618408203125" lon="119.5706095732748508453369140625">
        <ele>19.3999996185302734375</ele>
        <time>2025-06-21T09:48:58.000Z</time>
        <extensions>
          <ns3:TrackPointExtension>
            <ns3:atemp>32.0</ns3:atemp>
            <ns3:hr>131</ns3:hr>
            <ns3:cad>85</ns3:cad>
          </ns3:TrackPointExtension>
        </extensions>
      </trkpt>
      <trkpt lat="25.86423575878143310546875" lon="119.57062357105314731597900390625">
        <ele>19.6000003814697265625</ele>
        <time>2025-06-21T09:48:59.000Z</time>
        <extensions>
          <ns3:TrackPointExtension>
            <ns3:atemp>32.0</ns3:atemp>
            <ns3:hr>131</ns3:hr>
            <ns3:cad>85</ns3:cad>
          </ns3:TrackPointExtension>
        </extensions>
      </trkpt>
      <trkpt lat="25.8642317354679107666015625" lon="119.570638239383697509765625">
        <ele>19.799999237060546875</ele>
        <time>2025-06-21T09:49:00.000Z</time>
        <extensions>
          <ns3:TrackPointExtension>
            <ns3:atemp>32.0</ns3:atemp>
            <ns3:hr>131</ns3:hr>
            <ns3:cad>84</ns3:cad>
          </ns3:TrackPointExtension>
        </extensions>
      </trkpt>
      <trkpt lat="25.86421388201415538787841796875" lon="119.570655338466167449951171875">
        <ele>19.799999237060546875</ele>
        <time>2025-06-21T09:49:01.000Z</time>
        <extensions>
          <ns3:TrackPointExtension>
            <ns3:atemp>32.0</ns3:atemp>
            <ns3:hr>131</ns3:hr>
            <ns3:cad>84</ns3:cad>
          </ns3:TrackPointExtension>
        </extensions>
      </trkpt>
      <trkpt lat="25.8641993813216686248779296875" lon="119.57066765986382961273193359375">
        <ele>20.200000762939453125</ele>
        <time>2025-06-21T09:49:02.000Z</time>
        <extensions>
          <ns3:TrackPointExtension>
            <ns3:atemp>32.0</ns3:atemp>
            <ns3:hr>131</ns3:hr>
            <ns3:cad>83</ns3:cad>
          </ns3:TrackPointExtension>
        </extensions>
      </trkpt>
      <trkpt lat="25.86418588645756244659423828125" lon="119.570680148899555206298828125">
        <ele>20.200000762939453125</ele>
        <time>2025-06-21T09:49:03.000Z</time>
        <extensions>
          <ns3:TrackPointExtension>
            <ns3:atemp>32.0</ns3:atemp>
            <ns3:hr>131</ns3:hr>
            <ns3:cad>83</ns3:cad>
          </ns3:TrackPointExtension>
        </extensions>
      </trkpt>
      <trkpt lat="25.8641661889851093292236328125" lon="119.570694901049137115478515625">
        <ele>20.200000762939453125</ele>
        <time>2025-06-21T09:49:04.000Z</time>
        <extensions>
          <ns3:TrackPointExtension>
            <ns3:atemp>32.0</ns3:atemp>
            <ns3:hr>131</ns3:hr>
            <ns3:cad>82</ns3:cad>
          </ns3:TrackPointExtension>
        </extensions>
      </trkpt>
      <trkpt lat="25.8641554601490497589111328125" lon="119.57070822827517986297607421875">
        <ele>20.200000762939453125</ele>
        <time>2025-06-21T09:49:05.000Z</time>
        <extensions>
          <ns3:TrackPointExtension>
            <ns3:atemp>32.0</ns3:atemp>
            <ns3:hr>130</ns3:hr>
            <ns3:cad>82</ns3:cad>
          </ns3:TrackPointExtension>
        </extensions>
      </trkpt>
      <trkpt lat="25.8641324937343597412109375" lon="119.57072298042476177215576171875">
        <ele>20.200000762939453125</ele>
        <time>2025-06-21T09:49:06.000Z</time>
        <extensions>
          <ns3:TrackPointExtension>
            <ns3:atemp>32.0</ns3:atemp>
            <ns3:hr>130</ns3:hr>
            <ns3:cad>84</ns3:cad>
          </ns3:TrackPointExtension>
        </extensions>
      </trkpt>
      <trkpt lat="25.8641205914318561553955078125" lon="119.5707349665462970733642578125">
        <ele>20.200000762939453125</ele>
        <time>2025-06-21T09:49:07.000Z</time>
        <extensions>
          <ns3:TrackPointExtension>
            <ns3:atemp>32.0</ns3:atemp>
            <ns3:hr>127</ns3:hr>
            <ns3:cad>84</ns3:cad>
          </ns3:TrackPointExtension>
        </extensions>
      </trkpt>
      <trkpt lat="25.8641055040061473846435546875" lon="119.57075147889554500579833984375">
        <ele>20.200000762939453125</ele>
        <time>2025-06-21T09:49:08.000Z</time>
        <extensions>
          <ns3:TrackPointExtension>
            <ns3:atemp>32.0</ns3:atemp>
            <ns3:hr>126</ns3:hr>
            <ns3:cad>84</ns3:cad>
          </ns3:TrackPointExtension>
        </extensions>
      </trkpt>
      <trkpt lat="25.86408865638077259063720703125" lon="119.57076455466449260711669921875">
        <ele>20.200000762939453125</ele>
        <time>2025-06-21T09:49:09.000Z</time>
        <extensions>
          <ns3:TrackPointExtension>
            <ns3:atemp>32.0</ns3:atemp>
            <ns3:hr>124</ns3:hr>
            <ns3:cad>84</ns3:cad>
          </ns3:TrackPointExtension>
        </extensions>
      </trkpt>
      <trkpt lat="25.864081196486949920654296875" lon="119.57077880389988422393798828125">
        <ele>20.200000762939453125</ele>
        <time>2025-06-21T09:49:10.000Z</time>
        <extensions>
          <ns3:TrackPointExtension>
            <ns3:atemp>32.0</ns3:atemp>
            <ns3:hr>122</ns3:hr>
            <ns3:cad>84</ns3:cad>
          </ns3:TrackPointExtension>
        </extensions>
      </trkpt>
      <trkpt lat="25.864063091576099395751953125" lon="119.570797495543956756591796875">
        <ele>20.200000762939453125</ele>
        <time>2025-06-21T09:49:11.000Z</time>
        <extensions>
          <ns3:TrackPointExtension>
            <ns3:atemp>32.0</ns3:atemp>
            <ns3:hr>121</ns3:hr>
            <ns3:cad>85</ns3:cad>
          </ns3:TrackPointExtension>
        </extensions>
      </trkpt>
      <trkpt lat="25.86405378766357898712158203125" lon="119.57080579362809658050537109375">
        <ele>20</ele>
        <time>2025-06-21T09:49:12.000Z</time>
        <extensions>
          <ns3:TrackPointExtension>
            <ns3:atemp>32.0</ns3:atemp>
            <ns3:hr>121</ns3:hr>
            <ns3:cad>85</ns3:cad>
          </ns3:TrackPointExtension>
        </extensions>
      </trkpt>
      <trkpt lat="25.86403719149529933929443359375" lon="119.570822305977344512939453125">
        <ele>20</ele>
        <time>2025-06-21T09:49:13.000Z</time>
        <extensions>
          <ns3:TrackPointExtension>
            <ns3:atemp>32.0</ns3:atemp>
            <ns3:hr>121</ns3:hr>
            <ns3:cad>85</ns3:cad>
          </ns3:TrackPointExtension>
        </extensions>
      </trkpt>
      <trkpt lat="25.8640220202505588531494140625" lon="119.5708365552127361297607421875">
        <ele>19.799999237060546875</ele>
        <time>2025-06-21T09:49:14.000Z</time>
        <extensions>
          <ns3:TrackPointExtension>
            <ns3:atemp>32.0</ns3:atemp>
            <ns3:hr>122</ns3:hr>
            <ns3:cad>85</ns3:cad>
          </ns3:TrackPointExtension>
        </extensions>
      </trkpt>
      <trkpt lat="25.86401246488094329833984375" lon="119.57084904424846172332763671875">
        <ele>19.799999237060546875</ele>
        <time>2025-06-21T09:49:15.000Z</time>
        <extensions>
          <ns3:TrackPointExtension>
            <ns3:atemp>32.0</ns3:atemp>
            <ns3:hr>122</ns3:hr>
            <ns3:cad>85</ns3:cad>
          </ns3:TrackPointExtension>
        </extensions>
      </trkpt>
      <trkpt lat="25.863996036350727081298828125" lon="119.57086815498769283294677734375">
        <ele>19.799999237060546875</ele>
        <time>2025-06-21T09:49:16.000Z</time>
        <extensions>
          <ns3:TrackPointExtension>
            <ns3:atemp>32.0</ns3:atemp>
            <ns3:hr>123</ns3:hr>
            <ns3:cad>84</ns3:cad>
          </ns3:TrackPointExtension>
        </extensions>
      </trkpt>
      <trkpt lat="25.86398924700915813446044921875" lon="119.57088374532759189605712890625">
        <ele>19.799999237060546875</ele>
        <time>2025-06-21T09:49:17.000Z</time>
        <extensions>
          <ns3:TrackPointExtension>
            <ns3:atemp>32.0</ns3:atemp>
            <ns3:hr>127</ns3:hr>
            <ns3:cad>83</ns3:cad>
          </ns3:TrackPointExtension>
        </extensions>
      </trkpt>
      <trkpt lat="25.8639688789844512939453125" lon="119.57089841365814208984375">
        <ele>19.799999237060546875</ele>
        <time>2025-06-21T09:49:18.000Z</time>
        <extensions>
          <ns3:TrackPointExtension>
            <ns3:atemp>32.0</ns3:atemp>
            <ns3:hr>130</ns3:hr>
            <ns3:cad>83</ns3:cad>
          </ns3:TrackPointExtension>
        </extensions>
      </trkpt>
      <trkpt lat="25.86395504884421825408935546875" lon="119.570914171636104583740234375">
        <ele>19.799999237060546875</ele>
        <time>2025-06-21T09:49:19.000Z</time>
        <extensions>
          <ns3:TrackPointExtension>
            <ns3:atemp>32.0</ns3:atemp>
            <ns3:hr>130</ns3:hr>
            <ns3:cad>84</ns3:cad>
          </ns3:TrackPointExtension>
        </extensions>
      </trkpt>
      <trkpt lat="25.86394381709396839141845703125" lon="119.57093303091824054718017578125">
        <ele>19.799999237060546875</ele>
        <time>2025-06-21T09:49:20.000Z</time>
        <extensions>
          <ns3:TrackPointExtension>
            <ns3:atemp>32.0</ns3:atemp>
            <ns3:hr>130</ns3:hr>
            <ns3:cad>85</ns3:cad>
          </ns3:TrackPointExtension>
        </extensions>
      </trkpt>
      <trkpt lat="25.8639244548976421356201171875" lon="119.57094945944845676422119140625">
        <ele>19.799999237060546875</ele>
        <time>2025-06-21T09:49:21.000Z</time>
        <extensions>
          <ns3:TrackPointExtension>
            <ns3:atemp>32.0</ns3:atemp>
            <ns3:hr>130</ns3:hr>
            <ns3:cad>85</ns3:cad>
          </ns3:TrackPointExtension>
        </extensions>
      </trkpt>
      <trkpt lat="25.8639179170131683349609375" lon="119.570961780846118927001953125">
        <ele>19.799999237060546875</ele>
        <time>2025-06-21T09:49:22.000Z</time>
        <extensions>
          <ns3:TrackPointExtension>
            <ns3:atemp>32.0</ns3:atemp>
            <ns3:hr>131</ns3:hr>
            <ns3:cad>85</ns3:cad>
          </ns3:TrackPointExtension>
        </extensions>
      </trkpt>
      <trkpt lat="25.8638969622552394866943359375" lon="119.570977874100208282470703125">
        <ele>19.799999237060546875</ele>
        <time>2025-06-21T09:49:23.000Z</time>
        <extensions>
          <ns3:TrackPointExtension>
            <ns3:atemp>32.0</ns3:atemp>
            <ns3:hr>131</ns3:hr>
            <ns3:cad>85</ns3:cad>
          </ns3:TrackPointExtension>
        </extensions>
      </trkpt>
      <trkpt lat="25.86388749070465564727783203125" lon="119.5709894411265850067138671875">
        <ele>19.799999237060546875</ele>
        <time>2025-06-21T09:49:24.000Z</time>
        <extensions>
          <ns3:TrackPointExtension>
            <ns3:atemp>32.0</ns3:atemp>
            <ns3:hr>131</ns3:hr>
            <ns3:cad>85</ns3:cad>
          </ns3:TrackPointExtension>
        </extensions>
      </trkpt>
      <trkpt lat="25.86387030780315399169921875" lon="119.57100679166615009307861328125">
        <ele>19.799999237060546875</ele>
        <time>2025-06-21T09:49:25.000Z</time>
        <extensions>
          <ns3:TrackPointExtension>
            <ns3:atemp>32.0</ns3:atemp>
            <ns3:hr>132</ns3:hr>
            <ns3:cad>86</ns3:cad>
          </ns3:TrackPointExtension>
        </extensions>
      </trkpt>
      <trkpt lat="25.8638573996722698211669921875" lon="119.57102020271122455596923828125">
        <ele>19.799999237060546875</ele>
        <time>2025-06-21T09:49:26.000Z</time>
        <extensions>
          <ns3:TrackPointExtension>
            <ns3:atemp>32.0</ns3:atemp>
            <ns3:hr>132</ns3:hr>
            <ns3:cad>86</ns3:cad>
          </ns3:TrackPointExtension>
        </extensions>
      </trkpt>
      <trkpt lat="25.8638416416943073272705078125" lon="119.57103361375629901885986328125">
        <ele>20</ele>
        <time>2025-06-21T09:49:27.000Z</time>
        <extensions>
          <ns3:TrackPointExtension>
            <ns3:atemp>32.0</ns3:atemp>
            <ns3:hr>132</ns3:hr>
            <ns3:cad>86</ns3:cad>
          </ns3:TrackPointExtension>
        </extensions>
      </trkpt>
      <trkpt lat="25.86382546462118625640869140625" lon="119.571044258773326873779296875">
        <ele>20</ele>
        <time>2025-06-21T09:49:28.000Z</time>
        <extensions>
          <ns3:TrackPointExtension>
            <ns3:atemp>32.0</ns3:atemp>
            <ns3:hr>132</ns3:hr>
            <ns3:cad>86</ns3:cad>
          </ns3:TrackPointExtension>
        </extensions>
      </trkpt>
      <trkpt lat="25.8638154901564121246337890625" lon="119.571056663990020751953125">
        <ele>20.200000762939453125</ele>
        <time>2025-06-21T09:49:29.000Z</time>
        <extensions>
          <ns3:TrackPointExtension>
            <ns3:atemp>32.0</ns3:atemp>
            <ns3:hr>132</ns3:hr>
            <ns3:cad>86</ns3:cad>
          </ns3:TrackPointExtension>
        </extensions>
      </trkpt>
      <trkpt lat="25.8637947030365467071533203125" lon="119.5710692368447780609130859375">
        <ele>20.200000762939453125</ele>
        <time>2025-06-21T09:49:30.000Z</time>
        <extensions>
          <ns3:TrackPointExtension>
            <ns3:atemp>32.0</ns3:atemp>
            <ns3:hr>133</ns3:hr>
            <ns3:cad>87</ns3:cad>
          </ns3:TrackPointExtension>
        </extensions>
      </trkpt>
      <trkpt lat="25.86378741078078746795654296875" lon="119.57108281552791595458984375">
        <ele>20.200000762939453125</ele>
        <time>2025-06-21T09:49:31.000Z</time>
        <extensions>
          <ns3:TrackPointExtension>
            <ns3:atemp>32.0</ns3:atemp>
            <ns3:hr>133</ns3:hr>
            <ns3:cad>87</ns3:cad>
          </ns3:TrackPointExtension>
        </extensions>
      </trkpt>
      <trkpt lat="25.86376846767961978912353515625" lon="119.57110234536230564117431640625">
        <ele>20.200000762939453125</ele>
        <time>2025-06-21T09:49:32.000Z</time>
        <extensions>
          <ns3:TrackPointExtension>
            <ns3:atemp>32.0</ns3:atemp>
            <ns3:hr>133</ns3:hr>
            <ns3:cad>87</ns3:cad>
          </ns3:TrackPointExtension>
        </extensions>
      </trkpt>
      <trkpt lat="25.8637611754238605499267578125" lon="119.57111500203609466552734375">
        <ele>20</ele>
        <time>2025-06-21T09:49:33.000Z</time>
        <extensions>
          <ns3:TrackPointExtension>
            <ns3:atemp>32.0</ns3:atemp>
            <ns3:hr>132</ns3:hr>
            <ns3:cad>87</ns3:cad>
          </ns3:TrackPointExtension>
        </extensions>
      </trkpt>
      <trkpt lat="25.863746590912342071533203125" lon="119.5711329393088817596435546875">
        <ele>20</ele>
        <time>2025-06-21T09:49:34.000Z</time>
        <extensions>
          <ns3:TrackPointExtension>
            <ns3:atemp>32.0</ns3:atemp>
            <ns3:hr>132</ns3:hr>
            <ns3:cad>87</ns3:cad>
          </ns3:TrackPointExtension>
        </extensions>
      </trkpt>
      <trkpt lat="25.8637256361544132232666015625" lon="119.57114475779235363006591796875">
        <ele>20</ele>
        <time>2025-06-21T09:49:35.000Z</time>
        <extensions>
          <ns3:TrackPointExtension>
            <ns3:atemp>32.0</ns3:atemp>
            <ns3:hr>132</ns3:hr>
            <ns3:cad>86</ns3:cad>
          </ns3:TrackPointExtension>
        </extensions>
      </trkpt>
      <trkpt lat="25.8637192659080028533935546875" lon="119.57116487435996532440185546875">
        <ele>20.200000762939453125</ele>
        <time>2025-06-21T09:49:36.000Z</time>
        <extensions>
          <ns3:TrackPointExtension>
            <ns3:atemp>32.0</ns3:atemp>
            <ns3:hr>133</ns3:hr>
            <ns3:cad>85</ns3:cad>
          </ns3:TrackPointExtension>
        </extensions>
      </trkpt>
      <trkpt lat="25.8636979758739471435546875" lon="119.57118800841271877288818359375">
        <ele>20.200000762939453125</ele>
        <time>2025-06-21T09:49:37.000Z</time>
        <extensions>
          <ns3:TrackPointExtension>
            <ns3:atemp>32.0</ns3:atemp>
            <ns3:hr>132</ns3:hr>
            <ns3:cad>85</ns3:cad>
          </ns3:TrackPointExtension>
        </extensions>
      </trkpt>
      <trkpt lat="25.86369051598012447357177734375" lon="119.57119991071522235870361328125">
        <ele>20</ele>
        <time>2025-06-21T09:49:38.000Z</time>
        <extensions>
          <ns3:TrackPointExtension>
            <ns3:atemp>32.0</ns3:atemp>
            <ns3:hr>131</ns3:hr>
            <ns3:cad>85</ns3:cad>
          </ns3:TrackPointExtension>
        </extensions>
      </trkpt>
      <trkpt lat="25.8636676333844661712646484375" lon="119.5712214522063732147216796875">
        <ele>20</ele>
        <time>2025-06-21T09:49:39.000Z</time>
        <extensions>
          <ns3:TrackPointExtension>
            <ns3:atemp>32.0</ns3:atemp>
            <ns3:hr>131</ns3:hr>
            <ns3:cad>85</ns3:cad>
          </ns3:TrackPointExtension>
        </extensions>
      </trkpt>
      <trkpt lat="25.86365430615842342376708984375" lon="119.57123360596597194671630859375">
        <ele>20</ele>
        <time>2025-06-21T09:49:40.000Z</time>
        <extensions>
          <ns3:TrackPointExtension>
            <ns3:atemp>32.0</ns3:atemp>
            <ns3:hr>131</ns3:hr>
            <ns3:cad>85</ns3:cad>
          </ns3:TrackPointExtension>
        </extensions>
      </trkpt>
      <trkpt lat="25.86364097893238067626953125" lon="119.5712512917816638946533203125">
        <ele>20</ele>
        <time>2025-06-21T09:49:41.000Z</time>
        <extensions>
          <ns3:TrackPointExtension>
            <ns3:atemp>32.0</ns3:atemp>
            <ns3:hr>131</ns3:hr>
            <ns3:cad>85</ns3:cad>
          </ns3:TrackPointExtension>
        </extensions>
      </trkpt>
      <trkpt lat="25.8636213652789592742919921875" lon="119.57126461900770664215087890625">
        <ele>20</ele>
        <time>2025-06-21T09:49:42.000Z</time>
        <extensions>
          <ns3:TrackPointExtension>
            <ns3:atemp>32.0</ns3:atemp>
            <ns3:hr>131</ns3:hr>
            <ns3:cad>85</ns3:cad>
          </ns3:TrackPointExtension>
        </extensions>
      </trkpt>
      <trkpt lat="25.863616168498992919921875" lon="119.5712777785956859588623046875">
        <ele>20</ele>
        <time>2025-06-21T09:49:43.000Z</time>
        <extensions>
          <ns3:TrackPointExtension>
            <ns3:atemp>32.0</ns3:atemp>
            <ns3:hr>131</ns3:hr>
            <ns3:cad>85</ns3:cad>
          </ns3:TrackPointExtension>
        </extensions>
      </trkpt>
      <trkpt lat="25.86359730921685695648193359375" lon="119.5712989009916782379150390625">
        <ele>20</ele>
        <time>2025-06-21T09:49:44.000Z</time>
        <extensions>
          <ns3:TrackPointExtension>
            <ns3:atemp>32.0</ns3:atemp>
            <ns3:hr>131</ns3:hr>
            <ns3:cad>85</ns3:cad>
          </ns3:TrackPointExtension>
        </extensions>
      </trkpt>
      <trkpt lat="25.86358708329498767852783203125" lon="119.57130719907581806182861328125">
        <ele>20</ele>
        <time>2025-06-21T09:49:45.000Z</time>
        <extensions>
          <ns3:TrackPointExtension>
            <ns3:atemp>32.0</ns3:atemp>
            <ns3:hr>132</ns3:hr>
            <ns3:cad>85</ns3:cad>
          </ns3:TrackPointExtension>
        </extensions>
      </trkpt>
      <trkpt lat="25.8635667152702808380126953125" lon="119.571323208510875701904296875">
        <ele>19.799999237060546875</ele>
        <time>2025-06-21T09:49:46.000Z</time>
        <extensions>
          <ns3:TrackPointExtension>
            <ns3:atemp>32.0</ns3:atemp>
            <ns3:hr>132</ns3:hr>
            <ns3:cad>85</ns3:cad>
          </ns3:TrackPointExtension>
        </extensions>
      </trkpt>
      <trkpt lat="25.86355120874941349029541015625" lon="119.5713357813656330108642578125">
        <ele>20</ele>
        <time>2025-06-21T09:49:47.000Z</time>
        <extensions>
          <ns3:TrackPointExtension>
            <ns3:atemp>32.0</ns3:atemp>
            <ns3:hr>132</ns3:hr>
            <ns3:cad>85</ns3:cad>
          </ns3:TrackPointExtension>
        </extensions>
      </trkpt>
      <trkpt lat="25.8635378815233707427978515625" lon="119.57135279662907123565673828125">
        <ele>20</ele>
        <time>2025-06-21T09:49:48.000Z</time>
        <extensions>
          <ns3:TrackPointExtension>
            <ns3:atemp>32.0</ns3:atemp>
            <ns3:hr>132</ns3:hr>
            <ns3:cad>85</ns3:cad>
          </ns3:TrackPointExtension>
        </extensions>
      </trkpt>
      <trkpt lat="25.8635224588215351104736328125" lon="119.571367800235748291015625">
        <ele>20</ele>
        <time>2025-06-21T09:49:49.000Z</time>
        <extensions>
          <ns3:TrackPointExtension>
            <ns3:atemp>32.0</ns3:atemp>
            <ns3:hr>132</ns3:hr>
            <ns3:cad>85</ns3:cad>
          </ns3:TrackPointExtension>
        </extensions>
      </trkpt>
      <trkpt lat="25.86351952515542507171630859375" lon="119.57138330675661563873291015625">
        <ele>20</ele>
        <time>2025-06-21T09:49:50.000Z</time>
        <extensions>
          <ns3:TrackPointExtension>
            <ns3:atemp>32.0</ns3:atemp>
            <ns3:hr>132</ns3:hr>
            <ns3:cad>86</ns3:cad>
          </ns3:TrackPointExtension>
        </extensions>
      </trkpt>
      <trkpt lat="25.86349840275943279266357421875" lon="119.5714011602103710174560546875">
        <ele>20</ele>
        <time>2025-06-21T09:49:51.000Z</time>
        <extensions>
          <ns3:TrackPointExtension>
            <ns3:atemp>32.0</ns3:atemp>
            <ns3:hr>133</ns3:hr>
            <ns3:cad>86</ns3:cad>
          </ns3:TrackPointExtension>
        </extensions>
      </trkpt>
      <trkpt lat="25.8634896017611026763916015625" lon="119.57141163758933544158935546875">
        <ele>20</ele>
        <time>2025-06-21T09:49:52.000Z</time>
        <extensions>
          <ns3:TrackPointExtension>
            <ns3:atemp>32.0</ns3:atemp>
            <ns3:hr>133</ns3:hr>
            <ns3:cad>86</ns3:cad>
          </ns3:TrackPointExtension>
        </extensions>
      </trkpt>
      <trkpt lat="25.8634691499173641204833984375" lon="119.571429826319217681884765625">
        <ele>19.799999237060546875</ele>
        <time>2025-06-21T09:49:53.000Z</time>
        <extensions>
          <ns3:TrackPointExtension>
            <ns3:atemp>32.0</ns3:atemp>
            <ns3:hr>133</ns3:hr>
            <ns3:cad>86</ns3:cad>
          </ns3:TrackPointExtension>
        </extensions>
      </trkpt>
      <trkpt lat="25.863454230129718780517578125" lon="119.57143954932689666748046875">
        <ele>20</ele>
        <time>2025-06-21T09:49:54.000Z</time>
        <extensions>
          <ns3:TrackPointExtension>
            <ns3:atemp>32.0</ns3:atemp>
            <ns3:hr>133</ns3:hr>
            <ns3:cad>86</ns3:cad>
          </ns3:TrackPointExtension>
        </extensions>
      </trkpt>
      <trkpt lat="25.86344392038881778717041015625" lon="119.57145161926746368408203125">
        <ele>20</ele>
        <time>2025-06-21T09:49:55.000Z</time>
        <extensions>
          <ns3:TrackPointExtension>
            <ns3:atemp>32.0</ns3:atemp>
            <ns3:hr>133</ns3:hr>
            <ns3:cad>86</ns3:cad>
          </ns3:TrackPointExtension>
        </extensions>
      </trkpt>
      <trkpt lat="25.86342682130634784698486328125" lon="119.571464024484157562255859375">
        <ele>20</ele>
        <time>2025-06-21T09:49:56.000Z</time>
        <extensions>
          <ns3:TrackPointExtension>
            <ns3:atemp>32.0</ns3:atemp>
            <ns3:hr>133</ns3:hr>
            <ns3:cad>86</ns3:cad>
          </ns3:TrackPointExtension>
        </extensions>
      </trkpt>
      <trkpt lat="25.8634171821177005767822265625" lon="119.5714769326150417327880859375">
        <ele>20.200000762939453125</ele>
        <time>2025-06-21T09:49:57.000Z</time>
        <extensions>
          <ns3:TrackPointExtension>
            <ns3:atemp>32.0</ns3:atemp>
            <ns3:hr>133</ns3:hr>
            <ns3:cad>86</ns3:cad>
          </ns3:TrackPointExtension>
        </extensions>
      </trkpt>
      <trkpt lat="25.863397903740406036376953125" lon="119.57149294205009937286376953125">
        <ele>20</ele>
        <time>2025-06-21T09:49:58.000Z</time>
        <extensions>
          <ns3:TrackPointExtension>
            <ns3:atemp>32.0</ns3:atemp>
            <ns3:hr>134</ns3:hr>
            <ns3:cad>86</ns3:cad>
          </ns3:TrackPointExtension>
        </extensions>
      </trkpt>
      <trkpt lat="25.863388516008853912353515625" lon="119.5715087838470935821533203125">
        <ele>20</ele>
        <time>2025-06-21T09:49:59.000Z</time>
        <extensions>
          <ns3:TrackPointExtension>
            <ns3:atemp>32.0</ns3:atemp>
            <ns3:hr>134</ns3:hr>
            <ns3:cad>86</ns3:cad>
          </ns3:TrackPointExtension>
        </extensions>
      </trkpt>
      <trkpt lat="25.8633702434599399566650390625" lon="119.57153166644275188446044921875">
        <ele>20</ele>
        <time>2025-06-21T09:50:00.000Z</time>
        <extensions>
          <ns3:TrackPointExtension>
            <ns3:atemp>32.0</ns3:atemp>
            <ns3:hr>134</ns3:hr>
            <ns3:cad>86</ns3:cad>
          </ns3:TrackPointExtension>
        </extensions>
      </trkpt>
      <trkpt lat="25.86335624568164348602294921875" lon="119.57154683768749237060546875">
        <ele>20</ele>
        <time>2025-06-21T09:50:01.000Z</time>
        <extensions>
          <ns3:TrackPointExtension>
            <ns3:atemp>32.0</ns3:atemp>
            <ns3:hr>134</ns3:hr>
            <ns3:cad>86</ns3:cad>
          </ns3:TrackPointExtension>
        </extensions>
      </trkpt>
      <trkpt lat="25.86334115825593471527099609375" lon="119.5715644396841526031494140625">
        <ele>20</ele>
        <time>2025-06-21T09:50:02.000Z</time>
        <extensions>
          <ns3:TrackPointExtension>
            <ns3:atemp>32.0</ns3:atemp>
            <ns3:hr>134</ns3:hr>
            <ns3:cad>86</ns3:cad>
          </ns3:TrackPointExtension>
        </extensions>
      </trkpt>
      <trkpt lat="25.86332255043089389801025390625" lon="119.5715810358524322509765625">
        <ele>20</ele>
        <time>2025-06-21T09:50:03.000Z</time>
        <extensions>
          <ns3:TrackPointExtension>
            <ns3:atemp>32.0</ns3:atemp>
            <ns3:hr>134</ns3:hr>
            <ns3:cad>86</ns3:cad>
          </ns3:TrackPointExtension>
        </extensions>
      </trkpt>
      <trkpt lat="25.8633155934512615203857421875" lon="119.571595452725887298583984375">
        <ele>20</ele>
        <time>2025-06-21T09:50:04.000Z</time>
        <extensions>
          <ns3:TrackPointExtension>
            <ns3:atemp>32.0</ns3:atemp>
            <ns3:hr>134</ns3:hr>
            <ns3:cad>85</ns3:cad>
          </ns3:TrackPointExtension>
        </extensions>
      </trkpt>
      <trkpt lat="25.86329095065593719482421875" lon="119.571614563465118408203125">
        <ele>20</ele>
        <time>2025-06-21T09:50:05.000Z</time>
        <extensions>
          <ns3:TrackPointExtension>
            <ns3:atemp>32.0</ns3:atemp>
            <ns3:hr>134</ns3:hr>
            <ns3:cad>85</ns3:cad>
          </ns3:TrackPointExtension>
        </extensions>
      </trkpt>
      <trkpt lat="25.86327829398214817047119140625" lon="119.57162604667246341705322265625">
        <ele>20</ele>
        <time>2025-06-21T09:50:06.000Z</time>
        <extensions>
          <ns3:TrackPointExtension>
            <ns3:atemp>32.0</ns3:atemp>
            <ns3:hr>134</ns3:hr>
            <ns3:cad>85</ns3:cad>
          </ns3:TrackPointExtension>
        </extensions>
      </trkpt>
      <trkpt lat="25.86325951851904392242431640625" lon="119.57164700143039226531982421875">
        <ele>20</ele>
        <time>2025-06-21T09:50:07.000Z</time>
        <extensions>
          <ns3:TrackPointExtension>
            <ns3:atemp>32.0</ns3:atemp>
            <ns3:hr>134</ns3:hr>
            <ns3:cad>85</ns3:cad>
          </ns3:TrackPointExtension>
        </extensions>
      </trkpt>
      <trkpt lat="25.8632414974272251129150390625" lon="119.5716576464474201202392578125">
        <ele>20</ele>
        <time>2025-06-21T09:50:08.000Z</time>
        <extensions>
          <ns3:TrackPointExtension>
            <ns3:atemp>32.0</ns3:atemp>
            <ns3:hr>135</ns3:hr>
            <ns3:cad>85</ns3:cad>
          </ns3:TrackPointExtension>
        </extensions>
      </trkpt>
      <trkpt lat="25.86322783492505550384521484375" lon="119.57167214713990688323974609375">
        <ele>20.200000762939453125</ele>
        <time>2025-06-21T09:50:09.000Z</time>
        <extensions>
          <ns3:TrackPointExtension>
            <ns3:atemp>32.0</ns3:atemp>
            <ns3:hr>135</ns3:hr>
            <ns3:cad>85</ns3:cad>
          </ns3:TrackPointExtension>
        </extensions>
      </trkpt>
      <trkpt lat="25.86320646107196807861328125" lon="119.571685977280139923095703125">
        <ele>20.200000762939453125</ele>
        <time>2025-06-21T09:50:10.000Z</time>
        <extensions>
          <ns3:TrackPointExtension>
            <ns3:atemp>32.0</ns3:atemp>
            <ns3:hr>135</ns3:hr>
            <ns3:cad>85</ns3:cad>
          </ns3:TrackPointExtension>
        </extensions>
      </trkpt>
      <trkpt lat="25.86319531314074993133544921875" lon="119.57170098088681697845458984375">
        <ele>20.200000762939453125</ele>
        <time>2025-06-21T09:50:11.000Z</time>
        <extensions>
          <ns3:TrackPointExtension>
            <ns3:atemp>32.0</ns3:atemp>
            <ns3:hr>135</ns3:hr>
            <ns3:cad>85</ns3:cad>
          </ns3:TrackPointExtension>
        </extensions>
      </trkpt>
      <trkpt lat="25.86317804642021656036376953125" lon="119.57171975634992122650146484375">
        <ele>20</ele>
        <time>2025-06-21T09:50:12.000Z</time>
        <extensions>
          <ns3:TrackPointExtension>
            <ns3:atemp>32.0</ns3:atemp>
            <ns3:hr>136</ns3:hr>
            <ns3:cad>84</ns3:cad>
          </ns3:TrackPointExtension>
        </extensions>
      </trkpt>
      <trkpt lat="25.86316128261387348175048828125" lon="119.571730233728885650634765625">
        <ele>20.200000762939453125</ele>
        <time>2025-06-21T09:50:13.000Z</time>
        <extensions>
          <ns3:TrackPointExtension>
            <ns3:atemp>32.0</ns3:atemp>
            <ns3:hr>136</ns3:hr>
            <ns3:cad>84</ns3:cad>
          </ns3:TrackPointExtension>
        </extensions>
      </trkpt>
      <trkpt lat="25.86314602755010128021240234375" lon="119.57174406386911869049072265625">
        <ele>20</ele>
        <time>2025-06-21T09:50:14.000Z</time>
        <extensions>
          <ns3:TrackPointExtension>
            <ns3:atemp>32.0</ns3:atemp>
            <ns3:hr>137</ns3:hr>
            <ns3:cad>84</ns3:cad>
          </ns3:TrackPointExtension>
        </extensions>
      </trkpt>
      <trkpt lat="25.86313001811504364013671875" lon="119.57175546325743198394775390625">
        <ele>20</ele>
        <time>2025-06-21T09:50:15.000Z</time>
        <extensions>
          <ns3:TrackPointExtension>
            <ns3:atemp>32.0</ns3:atemp>
            <ns3:hr>137</ns3:hr>
            <ns3:cad>84</ns3:cad>
          </ns3:TrackPointExtension>
        </extensions>
      </trkpt>
      <trkpt lat="25.86311249993741512298583984375" lon="119.5717686228454113006591796875">
        <ele>20</ele>
        <time>2025-06-21T09:50:16.000Z</time>
        <extensions>
          <ns3:TrackPointExtension>
            <ns3:atemp>32.0</ns3:atemp>
            <ns3:hr>137</ns3:hr>
            <ns3:cad>84</ns3:cad>
          </ns3:TrackPointExtension>
        </extensions>
      </trkpt>
      <trkpt lat="25.86309338919818401336669921875" lon="119.5717840455472469329833984375">
        <ele>20</ele>
        <time>2025-06-21T09:50:17.000Z</time>
        <extensions>
          <ns3:TrackPointExtension>
            <ns3:atemp>32.0</ns3:atemp>
            <ns3:hr>136</ns3:hr>
            <ns3:cad>86</ns3:cad>
          </ns3:TrackPointExtension>
        </extensions>
      </trkpt>
      <trkpt lat="25.86308500729501247406005859375" lon="119.571797959506511688232421875">
        <ele>20</ele>
        <time>2025-06-21T09:50:18.000Z</time>
        <extensions>
          <ns3:TrackPointExtension>
            <ns3:atemp>32.0</ns3:atemp>
            <ns3:hr>136</ns3:hr>
            <ns3:cad>87</ns3:cad>
          </ns3:TrackPointExtension>
        </extensions>
      </trkpt>
      <trkpt lat="25.86306639946997165679931640625" lon="119.5718118734657764434814453125">
        <ele>20</ele>
        <time>2025-06-21T09:50:19.000Z</time>
        <extensions>
          <ns3:TrackPointExtension>
            <ns3:atemp>32.0</ns3:atemp>
            <ns3:hr>137</ns3:hr>
            <ns3:cad>87</ns3:cad>
          </ns3:TrackPointExtension>
        </extensions>
      </trkpt>
      <trkpt lat="25.86305013857781887054443359375" lon="119.57182302139699459075927734375">
        <ele>20.200000762939453125</ele>
        <time>2025-06-21T09:50:20.000Z</time>
        <extensions>
          <ns3:TrackPointExtension>
            <ns3:atemp>32.0</ns3:atemp>
            <ns3:hr>137</ns3:hr>
            <ns3:cad>87</ns3:cad>
          </ns3:TrackPointExtension>
        </extensions>
      </trkpt>
      <trkpt lat="25.8630336262285709381103515625" lon="119.57183492369949817657470703125">
        <ele>20.3999996185302734375</ele>
        <time>2025-06-21T09:50:21.000Z</time>
        <extensions>
          <ns3:TrackPointExtension>
            <ns3:atemp>32.0</ns3:atemp>
            <ns3:hr>137</ns3:hr>
            <ns3:cad>86</ns3:cad>
          </ns3:TrackPointExtension>
        </extensions>
      </trkpt>
      <trkpt lat="25.86301845498383045196533203125" lon="119.57184850238263607025146484375">
        <ele>20.3999996185302734375</ele>
        <time>2025-06-21T09:50:22.000Z</time>
        <extensions>
          <ns3:TrackPointExtension>
            <ns3:atemp>32.0</ns3:atemp>
            <ns3:hr>137</ns3:hr>
            <ns3:cad>85</ns3:cad>
          </ns3:TrackPointExtension>
        </extensions>
      </trkpt>
      <trkpt lat="25.8630051277577877044677734375" lon="119.57185956649482250213623046875">
        <ele>20.3999996185302734375</ele>
        <time>2025-06-21T09:50:23.000Z</time>
        <extensions>
          <ns3:TrackPointExtension>
            <ns3:atemp>32.0</ns3:atemp>
            <ns3:hr>137</ns3:hr>
            <ns3:cad>85</ns3:cad>
          </ns3:TrackPointExtension>
        </extensions>
      </trkpt>
      <trkpt lat="25.86298576556146144866943359375" lon="119.57187582738697528839111328125">
        <ele>20.200000762939453125</ele>
        <time>2025-06-21T09:50:24.000Z</time>
        <extensions>
          <ns3:TrackPointExtension>
            <ns3:atemp>32.0</ns3:atemp>
            <ns3:hr>137</ns3:hr>
            <ns3:cad>85</ns3:cad>
          </ns3:TrackPointExtension>
        </extensions>
      </trkpt>
      <trkpt lat="25.862972773611545562744140625" lon="119.57188923843204975128173828125">
        <ele>20.200000762939453125</ele>
        <time>2025-06-21T09:50:25.000Z</time>
        <extensions>
          <ns3:TrackPointExtension>
            <ns3:atemp>32.0</ns3:atemp>
            <ns3:hr>137</ns3:hr>
            <ns3:cad>85</ns3:cad>
          </ns3:TrackPointExtension>
        </extensions>
      </trkpt>
      <trkpt lat="25.86294888518750667572021484375" lon="119.5719055831432342529296875">
        <ele>20</ele>
        <time>2025-06-21T09:50:26.000Z</time>
        <extensions>
          <ns3:TrackPointExtension>
            <ns3:atemp>32.0</ns3:atemp>
            <ns3:hr>137</ns3:hr>
            <ns3:cad>86</ns3:cad>
          </ns3:TrackPointExtension>
        </extensions>
      </trkpt>
      <trkpt lat="25.8629293553531169891357421875" lon="119.571917988359928131103515625">
        <ele>20.200000762939453125</ele>
        <time>2025-06-21T09:50:27.000Z</time>
        <extensions>
          <ns3:TrackPointExtension>
            <ns3:atemp>32.0</ns3:atemp>
            <ns3:hr>136</ns3:hr>
            <ns3:cad>86</ns3:cad>
          </ns3:TrackPointExtension>
        </extensions>
      </trkpt>
      <trkpt lat="25.86291301064193248748779296875" lon="119.57193332724273204803466796875">
        <ele>20.200000762939453125</ele>
        <time>2025-06-21T09:50:28.000Z</time>
        <extensions>
          <ns3:TrackPointExtension>
            <ns3:atemp>32.0</ns3:atemp>
            <ns3:hr>135</ns3:hr>
            <ns3:cad>85</ns3:cad>
          </ns3:TrackPointExtension>
        </extensions>
      </trkpt>
      <trkpt lat="25.862894989550113677978515625" lon="119.5719444751739501953125">
        <ele>20.3999996185302734375</ele>
        <time>2025-06-21T09:50:29.000Z</time>
        <extensions>
          <ns3:TrackPointExtension>
            <ns3:atemp>32.0</ns3:atemp>
            <ns3:hr>135</ns3:hr>
            <ns3:cad>85</ns3:cad>
          </ns3:TrackPointExtension>
        </extensions>
      </trkpt>
      <trkpt lat="25.86288250051438808441162109375" lon="119.571956880390644073486328125">
        <ele>20.3999996185302734375</ele>
        <time>2025-06-21T09:50:30.000Z</time>
        <extensions>
          <ns3:TrackPointExtension>
            <ns3:atemp>32.0</ns3:atemp>
            <ns3:hr>135</ns3:hr>
            <ns3:cad>85</ns3:cad>
          </ns3:TrackPointExtension>
        </extensions>
      </trkpt>
      <trkpt lat="25.8628664910793304443359375" lon="119.57196182571351528167724609375">
        <ele>20.6000003814697265625</ele>
        <time>2025-06-21T09:50:31.000Z</time>
        <extensions>
          <ns3:TrackPointExtension>
            <ns3:atemp>32.0</ns3:atemp>
            <ns3:hr>135</ns3:hr>
            <ns3:cad>85</ns3:cad>
          </ns3:TrackPointExtension>
        </extensions>
      </trkpt>
      <trkpt lat="25.86285182274878025054931640625" lon="119.57197138108313083648681640625">
        <ele>20.6000003814697265625</ele>
        <time>2025-06-21T09:50:32.000Z</time>
        <extensions>
          <ns3:TrackPointExtension>
            <ns3:atemp>32.0</ns3:atemp>
            <ns3:hr>135</ns3:hr>
            <ns3:cad>85</ns3:cad>
          </ns3:TrackPointExtension>
        </extensions>
      </trkpt>
      <trkpt lat="25.86283539421856403350830078125" lon="119.571982361376285552978515625">
        <ele>20.6000003814697265625</ele>
        <time>2025-06-21T09:50:33.000Z</time>
        <extensions>
          <ns3:TrackPointExtension>
            <ns3:atemp>32.0</ns3:atemp>
            <ns3:hr>135</ns3:hr>
            <ns3:cad>85</ns3:cad>
          </ns3:TrackPointExtension>
        </extensions>
      </trkpt>
      <trkpt lat="25.86281955242156982421875" lon="119.5719909109175205230712890625">
        <ele>20.6000003814697265625</ele>
        <time>2025-06-21T09:50:34.000Z</time>
        <extensions>
          <ns3:TrackPointExtension>
            <ns3:atemp>32.0</ns3:atemp>
            <ns3:hr>134</ns3:hr>
            <ns3:cad>86</ns3:cad>
          </ns3:TrackPointExtension>
        </extensions>
      </trkpt>
      <trkpt lat="25.86280991323292255401611328125" lon="119.572003819048404693603515625">
        <ele>20.6000003814697265625</ele>
        <time>2025-06-21T09:50:35.000Z</time>
        <extensions>
          <ns3:TrackPointExtension>
            <ns3:atemp>32.0</ns3:atemp>
            <ns3:hr>134</ns3:hr>
            <ns3:cad>86</ns3:cad>
          </ns3:TrackPointExtension>
        </extensions>
      </trkpt>
      <trkpt lat="25.86279298178851604461669921875" lon="119.57201781682670116424560546875">
        <ele>20.6000003814697265625</ele>
        <time>2025-06-21T09:50:36.000Z</time>
        <extensions>
          <ns3:TrackPointExtension>
            <ns3:atemp>32.0</ns3:atemp>
            <ns3:hr>134</ns3:hr>
            <ns3:cad>84</ns3:cad>
          </ns3:TrackPointExtension>
        </extensions>
      </trkpt>
      <trkpt lat="25.86278812028467655181884765625" lon="119.57203072495758533477783203125">
        <ele>20.6000003814697265625</ele>
        <time>2025-06-21T09:50:37.000Z</time>
        <extensions>
          <ns3:TrackPointExtension>
            <ns3:atemp>32.0</ns3:atemp>
            <ns3:hr>134</ns3:hr>
            <ns3:cad>84</ns3:cad>
          </ns3:TrackPointExtension>
        </extensions>
      </trkpt>
      <trkpt lat="25.86276750080287456512451171875" lon="119.57204681821167469024658203125">
        <ele>20.3999996185302734375</ele>
        <time>2025-06-21T09:50:38.000Z</time>
        <extensions>
          <ns3:TrackPointExtension>
            <ns3:atemp>32.0</ns3:atemp>
            <ns3:hr>133</ns3:hr>
            <ns3:cad>84</ns3:cad>
          </ns3:TrackPointExtension>
        </extensions>
      </trkpt>
      <trkpt lat="25.86275191046297550201416015625" lon="119.57205939106643199920654296875">
        <ele>20.3999996185302734375</ele>
        <time>2025-06-21T09:50:39.000Z</time>
        <extensions>
          <ns3:TrackPointExtension>
            <ns3:atemp>32.0</ns3:atemp>
            <ns3:hr>133</ns3:hr>
            <ns3:cad>85</ns3:cad>
          </ns3:TrackPointExtension>
        </extensions>
      </trkpt>
      <trkpt lat="25.862739086151123046875" lon="119.57207766361534595489501953125">
        <ele>20.3999996185302734375</ele>
        <time>2025-06-21T09:50:40.000Z</time>
        <extensions>
          <ns3:TrackPointExtension>
            <ns3:atemp>32.0</ns3:atemp>
            <ns3:hr>133</ns3:hr>
            <ns3:cad>85</ns3:cad>
          </ns3:TrackPointExtension>
        </extensions>
      </trkpt>
      <trkpt lat="25.8627198077738285064697265625" lon="119.572088979184627532958984375">
        <ele>20.200000762939453125</ele>
        <time>2025-06-21T09:50:41.000Z</time>
        <extensions>
          <ns3:TrackPointExtension>
            <ns3:atemp>32.0</ns3:atemp>
            <ns3:hr>133</ns3:hr>
            <ns3:cad>84</ns3:cad>
          </ns3:TrackPointExtension>
        </extensions>
      </trkpt>
      <trkpt lat="25.86271318607032299041748046875" lon="119.5721018873155117034912109375">
        <ele>20.200000762939453125</ele>
        <time>2025-06-21T09:50:42.000Z</time>
        <extensions>
          <ns3:TrackPointExtension>
            <ns3:atemp>32.0</ns3:atemp>
            <ns3:hr>133</ns3:hr>
            <ns3:cad>84</ns3:cad>
          </ns3:TrackPointExtension>
        </extensions>
      </trkpt>
      <trkpt lat="25.8626889623701572418212890625" lon="119.5721121132373809814453125">
        <ele>20.200000762939453125</ele>
        <time>2025-06-21T09:50:43.000Z</time>
        <extensions>
          <ns3:TrackPointExtension>
            <ns3:atemp>33.0</ns3:atemp>
            <ns3:hr>133</ns3:hr>
            <ns3:cad>84</ns3:cad>
          </ns3:TrackPointExtension>
        </extensions>
      </trkpt>
      <trkpt lat="25.86266892962157726287841796875" lon="119.57211814820766448974609375">
        <ele>20.200000762939453125</ele>
        <time>2025-06-21T09:50:44.000Z</time>
        <extensions>
          <ns3:TrackPointExtension>
            <ns3:atemp>33.0</ns3:atemp>
            <ns3:hr>133</ns3:hr>
            <ns3:cad>84</ns3:cad>
          </ns3:TrackPointExtension>
        </extensions>
      </trkpt>
      <trkpt lat="25.86265216581523418426513671875" lon="119.57213222980499267578125">
        <ele>20.200000762939453125</ele>
        <time>2025-06-21T09:50:45.000Z</time>
        <extensions>
          <ns3:TrackPointExtension>
            <ns3:atemp>32.0</ns3:atemp>
            <ns3:hr>132</ns3:hr>
            <ns3:cad>84</ns3:cad>
          </ns3:TrackPointExtension>
        </extensions>
      </trkpt>
      <trkpt lat="25.8626286126673221588134765625" lon="119.57213885150849819183349609375">
        <ele>20.3999996185302734375</ele>
        <time>2025-06-21T09:50:46.000Z</time>
        <extensions>
          <ns3:TrackPointExtension>
            <ns3:atemp>32.0</ns3:atemp>
            <ns3:hr>133</ns3:hr>
            <ns3:cad>84</ns3:cad>
          </ns3:TrackPointExtension>
        </extensions>
      </trkpt>
      <trkpt lat="25.862610675394535064697265625" lon="119.5721496641635894775390625">
        <ele>20.3999996185302734375</ele>
        <time>2025-06-21T09:50:47.000Z</time>
        <extensions>
          <ns3:TrackPointExtension>
            <ns3:atemp>32.0</ns3:atemp>
            <ns3:hr>133</ns3:hr>
            <ns3:cad>84</ns3:cad>
          </ns3:TrackPointExtension>
        </extensions>
      </trkpt>
      <trkpt lat="25.86259047500789165496826171875" lon="119.57216030918061733245849609375">
        <ele>20.3999996185302734375</ele>
        <time>2025-06-21T09:50:48.000Z</time>
        <extensions>
          <ns3:TrackPointExtension>
            <ns3:atemp>32.0</ns3:atemp>
            <ns3:hr>132</ns3:hr>
            <ns3:cad>84</ns3:cad>
          </ns3:TrackPointExtension>
        </extensions>
      </trkpt>
      <trkpt lat="25.86258075200021266937255859375" lon="119.57217154093086719512939453125">
        <ele>20.200000762939453125</ele>
        <time>2025-06-21T09:50:49.000Z</time>
        <extensions>
          <ns3:TrackPointExtension>
            <ns3:atemp>32.0</ns3:atemp>
            <ns3:hr>133</ns3:hr>
            <ns3:cad>84</ns3:cad>
          </ns3:TrackPointExtension>
        </extensions>
      </trkpt>
      <trkpt lat="25.86256113834679126739501953125" lon="119.57218461669981479644775390625">
        <ele>20.200000762939453125</ele>
        <time>2025-06-21T09:50:50.000Z</time>
        <extensions>
          <ns3:TrackPointExtension>
            <ns3:atemp>32.0</ns3:atemp>
            <ns3:hr>133</ns3:hr>
            <ns3:cad>84</ns3:cad>
          </ns3:TrackPointExtension>
        </extensions>
      </trkpt>
      <trkpt lat="25.862542949616909027099609375" lon="119.5721964351832866668701171875">
        <ele>20.200000762939453125</ele>
        <time>2025-06-21T09:50:51.000Z</time>
        <extensions>
          <ns3:TrackPointExtension>
            <ns3:atemp>32.0</ns3:atemp>
            <ns3:hr>132</ns3:hr>
            <ns3:cad>85</ns3:cad>
          </ns3:TrackPointExtension>
        </extensions>
      </trkpt>
      <trkpt lat="25.8625290356576442718505859375" lon="119.57220506854355335235595703125">
        <ele>20</ele>
        <time>2025-06-21T09:50:52.000Z</time>
        <extensions>
          <ns3:TrackPointExtension>
            <ns3:atemp>32.0</ns3:atemp>
            <ns3:hr>133</ns3:hr>
            <ns3:cad>85</ns3:cad>
          </ns3:TrackPointExtension>
        </extensions>
      </trkpt>
      <trkpt lat="25.86251034401357173919677734375" lon="119.57221294753253459930419921875">
        <ele>20</ele>
        <time>2025-06-21T09:50:53.000Z</time>
        <extensions>
          <ns3:TrackPointExtension>
            <ns3:atemp>32.0</ns3:atemp>
            <ns3:hr>133</ns3:hr>
            <ns3:cad>85</ns3:cad>
          </ns3:TrackPointExtension>
        </extensions>
      </trkpt>
      <trkpt lat="25.8624948374927043914794921875" lon="119.57222032360732555389404296875">
        <ele>19.799999237060546875</ele>
        <time>2025-06-21T09:50:54.000Z</time>
        <extensions>
          <ns3:TrackPointExtension>
            <ns3:atemp>32.0</ns3:atemp>
            <ns3:hr>132</ns3:hr>
            <ns3:cad>84</ns3:cad>
          </ns3:TrackPointExtension>
        </extensions>
      </trkpt>
      <trkpt lat="25.86247690021991729736328125" lon="119.572231136262416839599609375">
        <ele>19.799999237060546875</ele>
        <time>2025-06-21T09:50:55.000Z</time>
        <extensions>
          <ns3:TrackPointExtension>
            <ns3:atemp>32.0</ns3:atemp>
            <ns3:hr>133</ns3:hr>
            <ns3:cad>84</ns3:cad>
          </ns3:TrackPointExtension>
        </extensions>
      </trkpt>
      <trkpt lat="25.86246239952743053436279296875" lon="119.57223742268979549407958984375">
        <ele>19.6000003814697265625</ele>
        <time>2025-06-21T09:50:56.000Z</time>
        <extensions>
          <ns3:TrackPointExtension>
            <ns3:atemp>32.0</ns3:atemp>
            <ns3:hr>133</ns3:hr>
            <ns3:cad>84</ns3:cad>
          </ns3:TrackPointExtension>
        </extensions>
      </trkpt>
      <trkpt lat="25.86244530044496059417724609375" lon="119.57224429585039615631103515625">
        <ele>19.3999996185302734375</ele>
        <time>2025-06-21T09:50:57.000Z</time>
        <extensions>
          <ns3:TrackPointExtension>
            <ns3:atemp>32.0</ns3:atemp>
            <ns3:hr>132</ns3:hr>
            <ns3:cad>84</ns3:cad>
          </ns3:TrackPointExtension>
        </extensions>
      </trkpt>
      <trkpt lat="25.86243038065731525421142578125" lon="119.57225334830582141876220703125">
        <ele>19.3999996185302734375</ele>
        <time>2025-06-21T09:50:58.000Z</time>
        <extensions>
          <ns3:TrackPointExtension>
            <ns3:atemp>33.0</ns3:atemp>
            <ns3:hr>132</ns3:hr>
            <ns3:cad>84</ns3:cad>
          </ns3:TrackPointExtension>
        </extensions>
      </trkpt>
      <trkpt lat="25.8624147064983844757080078125" lon="119.57225787453353404998779296875">
        <ele>19.3999996185302734375</ele>
        <time>2025-06-21T09:50:59.000Z</time>
        <extensions>
          <ns3:TrackPointExtension>
            <ns3:atemp>32.0</ns3:atemp>
            <ns3:hr>132</ns3:hr>
            <ns3:cad>85</ns3:cad>
          </ns3:TrackPointExtension>
        </extensions>
      </trkpt>
      <trkpt lat="25.86240037344396114349365234375" lon="119.57226709462702274322509765625">
        <ele>19.3999996185302734375</ele>
        <time>2025-06-21T09:51:00.000Z</time>
        <extensions>
          <ns3:TrackPointExtension>
            <ns3:atemp>32.0</ns3:atemp>
            <ns3:hr>133</ns3:hr>
            <ns3:cad>85</ns3:cad>
          </ns3:TrackPointExtension>
        </extensions>
      </trkpt>
      <trkpt lat="25.86238394491374492645263671875" lon="119.57226793281733989715576171875">
        <ele>19.3999996185302734375</ele>
        <time>2025-06-21T09:51:01.000Z</time>
        <extensions>
          <ns3:TrackPointExtension>
            <ns3:atemp>32.0</ns3:atemp>
            <ns3:hr>133</ns3:hr>
            <ns3:cad>85</ns3:cad>
          </ns3:TrackPointExtension>
        </extensions>
      </trkpt>
      <trkpt lat="25.8623674325644969940185546875" lon="119.57227648235857486724853515625">
        <ele>19.3999996185302734375</ele>
        <time>2025-06-21T09:51:02.000Z</time>
        <extensions>
          <ns3:TrackPointExtension>
            <ns3:atemp>32.0</ns3:atemp>
            <ns3:hr>132</ns3:hr>
            <ns3:cad>85</ns3:cad>
          </ns3:TrackPointExtension>
        </extensions>
      </trkpt>
      <trkpt lat="25.862351842224597930908203125" lon="119.5722864568233489990234375">
        <ele>19.3999996185302734375</ele>
        <time>2025-06-21T09:51:03.000Z</time>
        <extensions>
          <ns3:TrackPointExtension>
            <ns3:atemp>32.0</ns3:atemp>
            <ns3:hr>132</ns3:hr>
            <ns3:cad>85</ns3:cad>
          </ns3:TrackPointExtension>
        </extensions>
      </trkpt>
      <trkpt lat="25.86233549751341342926025390625" lon="119.57229173742234706878662109375">
        <ele>19.3999996185302734375</ele>
        <time>2025-06-21T09:51:04.000Z</time>
        <extensions>
          <ns3:TrackPointExtension>
            <ns3:atemp>33.0</ns3:atemp>
            <ns3:hr>132</ns3:hr>
            <ns3:cad>85</ns3:cad>
          </ns3:TrackPointExtension>
        </extensions>
      </trkpt>
      <trkpt lat="25.8623201586306095123291015625" lon="119.57230347208678722381591796875">
        <ele>19.3999996185302734375</ele>
        <time>2025-06-21T09:51:05.000Z</time>
        <extensions>
          <ns3:TrackPointExtension>
            <ns3:atemp>32.0</ns3:atemp>
            <ns3:hr>132</ns3:hr>
            <ns3:cad>85</ns3:cad>
          </ns3:TrackPointExtension>
        </extensions>
      </trkpt>
      <trkpt lat="25.8623050712049007415771484375" lon="119.57230883650481700897216796875">
        <ele>19.3999996185302734375</ele>
        <time>2025-06-21T09:51:06.000Z</time>
        <extensions>
          <ns3:TrackPointExtension>
            <ns3:atemp>32.0</ns3:atemp>
            <ns3:hr>133</ns3:hr>
            <ns3:cad>84</ns3:cad>
          </ns3:TrackPointExtension>
        </extensions>
      </trkpt>
      <trkpt lat="25.86229040287435054779052734375" lon="119.5723174698650836944580078125">
        <ele>19.6000003814697265625</ele>
        <time>2025-06-21T09:51:07.000Z</time>
        <extensions>
          <ns3:TrackPointExtension>
            <ns3:atemp>32.0</ns3:atemp>
            <ns3:hr>132</ns3:hr>
            <ns3:cad>84</ns3:cad>
          </ns3:TrackPointExtension>
        </extensions>
      </trkpt>
      <trkpt lat="25.862275063991546630859375" lon="119.572324343025684356689453125">
        <ele>19.6000003814697265625</ele>
        <time>2025-06-21T09:51:08.000Z</time>
        <extensions>
          <ns3:TrackPointExtension>
            <ns3:atemp>32.0</ns3:atemp>
            <ns3:hr>133</ns3:hr>
            <ns3:cad>84</ns3:cad>
          </ns3:TrackPointExtension>
        </extensions>
      </trkpt>
      <trkpt lat="25.86225972510874271392822265625" lon="119.572328031063079833984375">
        <ele>19.6000003814697265625</ele>
        <time>2025-06-21T09:51:09.000Z</time>
        <extensions>
          <ns3:TrackPointExtension>
            <ns3:atemp>33.0</ns3:atemp>
            <ns3:hr>133</ns3:hr>
            <ns3:cad>84</ns3:cad>
          </ns3:TrackPointExtension>
        </extensions>
      </trkpt>
      <trkpt lat="25.86224162019789218902587890625" lon="119.57233347930014133453369140625">
        <ele>19.6000003814697265625</ele>
        <time>2025-06-21T09:51:10.000Z</time>
        <extensions>
          <ns3:TrackPointExtension>
            <ns3:atemp>32.0</ns3:atemp>
            <ns3:hr>133</ns3:hr>
            <ns3:cad>84</ns3:cad>
          </ns3:TrackPointExtension>
        </extensions>
      </trkpt>
      <trkpt lat="25.86222485639154911041259765625" lon="119.572337754070758819580078125">
        <ele>19.6000003814697265625</ele>
        <time>2025-06-21T09:51:11.000Z</time>
        <extensions>
          <ns3:TrackPointExtension>
            <ns3:atemp>33.0</ns3:atemp>
            <ns3:hr>132</ns3:hr>
            <ns3:cad>84</ns3:cad>
          </ns3:TrackPointExtension>
        </extensions>
      </trkpt>
      <trkpt lat="25.86220473982393741607666015625" lon="119.57234605215489864349365234375">
        <ele>19.3999996185302734375</ele>
        <time>2025-06-21T09:51:12.000Z</time>
        <extensions>
          <ns3:TrackPointExtension>
            <ns3:atemp>32.0</ns3:atemp>
            <ns3:hr>133</ns3:hr>
            <ns3:cad>84</ns3:cad>
          </ns3:TrackPointExtension>
        </extensions>
      </trkpt>
      <trkpt lat="25.86218562908470630645751953125" lon="119.572351165115833282470703125">
        <ele>19.3999996185302734375</ele>
        <time>2025-06-21T09:51:13.000Z</time>
        <extensions>
          <ns3:TrackPointExtension>
            <ns3:atemp>33.0</ns3:atemp>
            <ns3:hr>133</ns3:hr>
            <ns3:cad>85</ns3:cad>
          </ns3:TrackPointExtension>
        </extensions>
      </trkpt>
      <trkpt lat="25.86216568015515804290771484375" lon="119.57235527224838733673095703125">
        <ele>19.200000762939453125</ele>
        <time>2025-06-21T09:51:14.000Z</time>
        <extensions>
          <ns3:TrackPointExtension>
            <ns3:atemp>32.0</ns3:atemp>
            <ns3:hr>132</ns3:hr>
            <ns3:cad>85</ns3:cad>
          </ns3:TrackPointExtension>
        </extensions>
      </trkpt>
      <trkpt lat="25.8621448092162609100341796875" lon="119.5723570324480533599853515625">
        <ele>19.200000762939453125</ele>
        <time>2025-06-21T09:51:15.000Z</time>
        <extensions>
          <ns3:TrackPointExtension>
            <ns3:atemp>32.0</ns3:atemp>
            <ns3:hr>133</ns3:hr>
            <ns3:cad>85</ns3:cad>
          </ns3:TrackPointExtension>
        </extensions>
      </trkpt>
      <trkpt lat="25.8621288836002349853515625" lon="119.5723654143512248992919921875">
        <ele>19.200000762939453125</ele>
        <time>2025-06-21T09:51:16.000Z</time>
        <extensions>
          <ns3:TrackPointExtension>
            <ns3:atemp>33.0</ns3:atemp>
            <ns3:hr>132</ns3:hr>
            <ns3:cad>85</ns3:cad>
          </ns3:TrackPointExtension>
        </extensions>
      </trkpt>
      <trkpt lat="25.86210348643362522125244140625" lon="119.5723684318363666534423828125">
        <ele>19.3999996185302734375</ele>
        <time>2025-06-21T09:51:17.000Z</time>
        <extensions>
          <ns3:TrackPointExtension>
            <ns3:atemp>32.0</ns3:atemp>
            <ns3:hr>132</ns3:hr>
            <ns3:cad>85</ns3:cad>
          </ns3:TrackPointExtension>
        </extensions>
      </trkpt>
      <trkpt lat="25.86208823136985301971435546875" lon="119.5723764784634113311767578125">
        <ele>19.3999996185302734375</ele>
        <time>2025-06-21T09:51:18.000Z</time>
        <extensions>
          <ns3:TrackPointExtension>
            <ns3:atemp>33.0</ns3:atemp>
            <ns3:hr>132</ns3:hr>
            <ns3:cad>85</ns3:cad>
          </ns3:TrackPointExtension>
        </extensions>
      </trkpt>
      <trkpt lat="25.86206057108938694000244140625" lon="119.5723815076053142547607421875">
        <ele>19.3999996185302734375</ele>
        <time>2025-06-21T09:51:19.000Z</time>
        <extensions>
          <ns3:TrackPointExtension>
            <ns3:atemp>32.0</ns3:atemp>
            <ns3:hr>133</ns3:hr>
            <ns3:cad>85</ns3:cad>
          </ns3:TrackPointExtension>
        </extensions>
      </trkpt>
      <trkpt lat="25.8620412088930606842041015625" lon="119.57238913513720035552978515625">
        <ele>19.6000003814697265625</ele>
        <time>2025-06-21T09:51:20.000Z</time>
        <extensions>
          <ns3:TrackPointExtension>
            <ns3:atemp>32.0</ns3:atemp>
            <ns3:hr>132</ns3:hr>
            <ns3:cad>85</ns3:cad>
          </ns3:TrackPointExtension>
        </extensions>
      </trkpt>
      <trkpt lat="25.862022936344146728515625" lon="119.572398103773593902587890625">
        <ele>19.6000003814697265625</ele>
        <time>2025-06-21T09:51:21.000Z</time>
        <extensions>
          <ns3:TrackPointExtension>
            <ns3:atemp>33.0</ns3:atemp>
            <ns3:hr>132</ns3:hr>
            <ns3:cad>85</ns3:cad>
          </ns3:TrackPointExtension>
        </extensions>
      </trkpt>
      <trkpt lat="25.86199670098721981048583984375" lon="119.572398774325847625732421875">
        <ele>19.6000003814697265625</ele>
        <time>2025-06-21T09:51:22.000Z</time>
        <extensions>
          <ns3:TrackPointExtension>
            <ns3:atemp>33.0</ns3:atemp>
            <ns3:hr>133</ns3:hr>
            <ns3:cad>85</ns3:cad>
          </ns3:TrackPointExtension>
        </extensions>
      </trkpt>
      <trkpt lat="25.86198245175182819366455078125" lon="119.57240422256290912628173828125">
        <ele>19.799999237060546875</ele>
        <time>2025-06-21T09:51:23.000Z</time>
        <extensions>
          <ns3:TrackPointExtension>
            <ns3:atemp>33.0</ns3:atemp>
            <ns3:hr>132</ns3:hr>
            <ns3:cad>85</ns3:cad>
          </ns3:TrackPointExtension>
        </extensions>
      </trkpt>
      <trkpt lat="25.86195361800491809844970703125" lon="119.5724053122103214263916015625">
        <ele>20</ele>
        <time>2025-06-21T09:51:24.000Z</time>
        <extensions>
          <ns3:TrackPointExtension>
            <ns3:atemp>33.0</ns3:atemp>
            <ns3:hr>132</ns3:hr>
            <ns3:cad>85</ns3:cad>
          </ns3:TrackPointExtension>
        </extensions>
      </trkpt>
      <trkpt lat="25.8619344234466552734375" lon="119.572410844266414642333984375">
        <ele>20</ele>
        <time>2025-06-21T09:51:25.000Z</time>
        <extensions>
          <ns3:TrackPointExtension>
            <ns3:atemp>32.0</ns3:atemp>
            <ns3:hr>133</ns3:hr>
            <ns3:cad>85</ns3:cad>
          </ns3:TrackPointExtension>
        </extensions>
      </trkpt>
      <trkpt lat="25.8619158156216144561767578125" lon="119.572414867579936981201171875">
        <ele>20.200000762939453125</ele>
        <time>2025-06-21T09:51:26.000Z</time>
        <extensions>
          <ns3:TrackPointExtension>
            <ns3:atemp>32.0</ns3:atemp>
            <ns3:hr>133</ns3:hr>
            <ns3:cad>84</ns3:cad>
          </ns3:TrackPointExtension>
        </extensions>
      </trkpt>
      <trkpt lat="25.861893855035305023193359375" lon="119.5724113471806049346923828125">
        <ele>20.200000762939453125</ele>
        <time>2025-06-21T09:51:27.000Z</time>
        <extensions>
          <ns3:TrackPointExtension>
            <ns3:atemp>32.0</ns3:atemp>
            <ns3:hr>133</ns3:hr>
            <ns3:cad>84</ns3:cad>
          </ns3:TrackPointExtension>
        </extensions>
      </trkpt>
      <trkpt lat="25.8618819527328014373779296875" lon="119.5724167115986347198486328125">
        <ele>20.200000762939453125</ele>
        <time>2025-06-21T09:51:28.000Z</time>
        <extensions>
          <ns3:TrackPointExtension>
            <ns3:atemp>32.0</ns3:atemp>
            <ns3:hr>133</ns3:hr>
            <ns3:cad>84</ns3:cad>
          </ns3:TrackPointExtension>
        </extensions>
      </trkpt>
      <trkpt lat="25.861858315765857696533203125" lon="119.572413526475429534912109375">
        <ele>20</ele>
        <time>2025-06-21T09:51:29.000Z</time>
        <extensions>
          <ns3:TrackPointExtension>
            <ns3:atemp>33.0</ns3:atemp>
            <ns3:hr>134</ns3:hr>
            <ns3:cad>85</ns3:cad>
          </ns3:TrackPointExtension>
        </extensions>
      </trkpt>
      <trkpt lat="25.861836187541484832763671875" lon="119.57241453230381011962890625">
        <ele>19.799999237060546875</ele>
        <time>2025-06-21T09:51:30.000Z</time>
        <extensions>
          <ns3:TrackPointExtension>
            <ns3:atemp>33.0</ns3:atemp>
            <ns3:hr>134</ns3:hr>
            <ns3:cad>85</ns3:cad>
          </ns3:TrackPointExtension>
        </extensions>
      </trkpt>
      <trkpt lat="25.8618162386119365692138671875" lon="119.572414197027683258056640625">
        <ele>19.799999237060546875</ele>
        <time>2025-06-21T09:51:31.000Z</time>
        <extensions>
          <ns3:TrackPointExtension>
            <ns3:atemp>32.0</ns3:atemp>
            <ns3:hr>135</ns3:hr>
            <ns3:cad>85</ns3:cad>
          </ns3:TrackPointExtension>
        </extensions>
      </trkpt>
      <trkpt lat="25.86179201491177082061767578125" lon="119.57240581512451171875">
        <ele>19.6000003814697265625</ele>
        <time>2025-06-21T09:51:32.000Z</time>
        <extensions>
          <ns3:TrackPointExtension>
            <ns3:atemp>33.0</ns3:atemp>
            <ns3:hr>135</ns3:hr>
            <ns3:cad>84</ns3:cad>
          </ns3:TrackPointExtension>
        </extensions>
      </trkpt>
      <trkpt lat="25.86177944205701351165771484375" lon="119.5724076591432094573974609375">
        <ele>19.6000003814697265625</ele>
        <time>2025-06-21T09:51:33.000Z</time>
        <extensions>
          <ns3:TrackPointExtension>
            <ns3:atemp>33.0</ns3:atemp>
            <ns3:hr>135</ns3:hr>
            <ns3:cad>84</ns3:cad>
          </ns3:TrackPointExtension>
        </extensions>
      </trkpt>
      <trkpt lat="25.8617555536329746246337890625" lon="119.57240254618227481842041015625">
        <ele>19.799999237060546875</ele>
        <time>2025-06-21T09:51:34.000Z</time>
        <extensions>
          <ns3:TrackPointExtension>
            <ns3:atemp>33.0</ns3:atemp>
            <ns3:hr>136</ns3:hr>
            <ns3:cad>84</ns3:cad>
          </ns3:TrackPointExtension>
        </extensions>
      </trkpt>
      <trkpt lat="25.86173753254115581512451171875" lon="119.57239885814487934112548828125">
        <ele>19.799999237060546875</ele>
        <time>2025-06-21T09:51:35.000Z</time>
        <extensions>
          <ns3:TrackPointExtension>
            <ns3:atemp>33.0</ns3:atemp>
            <ns3:hr>136</ns3:hr>
            <ns3:cad>83</ns3:cad>
          </ns3:TrackPointExtension>
        </extensions>
      </trkpt>
      <trkpt lat="25.86171783506870269775390625" lon="119.57239282317459583282470703125">
        <ele>20</ele>
        <time>2025-06-21T09:51:36.000Z</time>
        <extensions>
          <ns3:TrackPointExtension>
            <ns3:atemp>33.0</ns3:atemp>
            <ns3:hr>137</ns3:hr>
            <ns3:cad>83</ns3:cad>
          </ns3:TrackPointExtension>
        </extensions>
      </trkpt>
      <trkpt lat="25.86169629357755184173583984375" lon="119.57238678820431232452392578125">
        <ele>20</ele>
        <time>2025-06-21T09:51:37.000Z</time>
        <extensions>
          <ns3:TrackPointExtension>
            <ns3:atemp>33.0</ns3:atemp>
            <ns3:hr>137</ns3:hr>
            <ns3:cad>83</ns3:cad>
          </ns3:TrackPointExtension>
        </extensions>
      </trkpt>
      <trkpt lat="25.86167584173381328582763671875" lon="119.57238544709980487823486328125">
        <ele>20.200000762939453125</ele>
        <time>2025-06-21T09:51:38.000Z</time>
        <extensions>
          <ns3:TrackPointExtension>
            <ns3:atemp>33.0</ns3:atemp>
            <ns3:hr>137</ns3:hr>
            <ns3:cad>83</ns3:cad>
          </ns3:TrackPointExtension>
        </extensions>
      </trkpt>
      <trkpt lat="25.86165212094783782958984375" lon="119.57237974740564823150634765625">
        <ele>20.200000762939453125</ele>
        <time>2025-06-21T09:51:39.000Z</time>
        <extensions>
          <ns3:TrackPointExtension>
            <ns3:atemp>33.0</ns3:atemp>
            <ns3:hr>137</ns3:hr>
            <ns3:cad>83</ns3:cad>
          </ns3:TrackPointExtension>
        </extensions>
      </trkpt>
      <trkpt lat="25.86163896135985851287841796875" lon="119.572381675243377685546875">
        <ele>20.200000762939453125</ele>
        <time>2025-06-21T09:51:40.000Z</time>
        <extensions>
          <ns3:TrackPointExtension>
            <ns3:atemp>32.0</ns3:atemp>
            <ns3:hr>137</ns3:hr>
            <ns3:cad>83</ns3:cad>
          </ns3:TrackPointExtension>
        </extensions>
      </trkpt>
      <trkpt lat="25.86161834187805652618408203125" lon="119.57237538881599903106689453125">
        <ele>20</ele>
        <time>2025-06-21T09:51:41.000Z</time>
        <extensions>
          <ns3:TrackPointExtension>
            <ns3:atemp>33.0</ns3:atemp>
            <ns3:hr>136</ns3:hr>
            <ns3:cad>83</ns3:cad>
          </ns3:TrackPointExtension>
        </extensions>
      </trkpt>
      <trkpt lat="25.861603505909442901611328125" lon="119.57236826419830322265625">
        <ele>20</ele>
        <time>2025-06-21T09:51:42.000Z</time>
        <extensions>
          <ns3:TrackPointExtension>
            <ns3:atemp>33.0</ns3:atemp>
            <ns3:hr>137</ns3:hr>
            <ns3:cad>83</ns3:cad>
          </ns3:TrackPointExtension>
        </extensions>
      </trkpt>
      <trkpt lat="25.86158481426537036895751953125" lon="119.5723628997802734375">
        <ele>19.799999237060546875</ele>
        <time>2025-06-21T09:51:43.000Z</time>
        <extensions>
          <ns3:TrackPointExtension>
            <ns3:atemp>33.0</ns3:atemp>
            <ns3:hr>137</ns3:hr>
            <ns3:cad>83</ns3:cad>
          </ns3:TrackPointExtension>
        </extensions>
      </trkpt>
      <trkpt lat="25.8615651167929172515869140625" lon="119.57235929556190967559814453125">
        <ele>19.799999237060546875</ele>
        <time>2025-06-21T09:51:44.000Z</time>
        <extensions>
          <ns3:TrackPointExtension>
            <ns3:atemp>33.0</ns3:atemp>
            <ns3:hr>137</ns3:hr>
            <ns3:cad>85</ns3:cad>
          </ns3:TrackPointExtension>
        </extensions>
      </trkpt>
      <trkpt lat="25.86154541932046413421630859375" lon="119.5723543502390384674072265625">
        <ele>19.799999237060546875</ele>
        <time>2025-06-21T09:51:45.000Z</time>
        <extensions>
          <ns3:TrackPointExtension>
            <ns3:atemp>33.0</ns3:atemp>
            <ns3:hr>137</ns3:hr>
            <ns3:cad>85</ns3:cad>
          </ns3:TrackPointExtension>
        </extensions>
      </trkpt>
      <trkpt lat="25.86152161471545696258544921875" lon="119.572349824011325836181640625">
        <ele>19.799999237060546875</ele>
        <time>2025-06-21T09:51:46.000Z</time>
        <extensions>
          <ns3:TrackPointExtension>
            <ns3:atemp>33.0</ns3:atemp>
            <ns3:hr>137</ns3:hr>
            <ns3:cad>85</ns3:cad>
          </ns3:TrackPointExtension>
        </extensions>
      </trkpt>
      <trkpt lat="25.8615012466907501220703125" lon="119.57234479486942291259765625">
        <ele>19.799999237060546875</ele>
        <time>2025-06-21T09:51:47.000Z</time>
        <extensions>
          <ns3:TrackPointExtension>
            <ns3:atemp>33.0</ns3:atemp>
            <ns3:hr>137</ns3:hr>
            <ns3:cad>86</ns3:cad>
          </ns3:TrackPointExtension>
        </extensions>
      </trkpt>
      <trkpt lat="25.86147987283766269683837890625" lon="119.57234236411750316619873046875">
        <ele>19.799999237060546875</ele>
        <time>2025-06-21T09:51:48.000Z</time>
        <extensions>
          <ns3:TrackPointExtension>
            <ns3:atemp>33.0</ns3:atemp>
            <ns3:hr>137</ns3:hr>
            <ns3:cad>86</ns3:cad>
          </ns3:TrackPointExtension>
        </extensions>
      </trkpt>
      <trkpt lat="25.8614618517458438873291015625" lon="119.5723385922610759735107421875">
        <ele>19.799999237060546875</ele>
        <time>2025-06-21T09:51:49.000Z</time>
        <extensions>
          <ns3:TrackPointExtension>
            <ns3:atemp>33.0</ns3:atemp>
            <ns3:hr>137</ns3:hr>
            <ns3:cad>87</ns3:cad>
          </ns3:TrackPointExtension>
        </extensions>
      </trkpt>
      <trkpt lat="25.86144332773983478546142578125" lon="119.5723345689475536346435546875">
        <ele>19.799999237060546875</ele>
        <time>2025-06-21T09:51:50.000Z</time>
        <extensions>
          <ns3:TrackPointExtension>
            <ns3:atemp>33.0</ns3:atemp>
            <ns3:hr>137</ns3:hr>
            <ns3:cad>87</ns3:cad>
          </ns3:TrackPointExtension>
        </extensions>
      </trkpt>
      <trkpt lat="25.861427821218967437744140625" lon="119.57232870161533355712890625">
        <ele>20</ele>
        <time>2025-06-21T09:51:51.000Z</time>
        <extensions>
          <ns3:TrackPointExtension>
            <ns3:atemp>33.0</ns3:atemp>
            <ns3:hr>137</ns3:hr>
            <ns3:cad>87</ns3:cad>
          </ns3:TrackPointExtension>
        </extensions>
      </trkpt>
      <trkpt lat="25.861410386860370635986328125" lon="119.57232174463570117950439453125">
        <ele>20</ele>
        <time>2025-06-21T09:51:52.000Z</time>
        <extensions>
          <ns3:TrackPointExtension>
            <ns3:atemp>33.0</ns3:atemp>
            <ns3:hr>137</ns3:hr>
            <ns3:cad>87</ns3:cad>
          </ns3:TrackPointExtension>
        </extensions>
      </trkpt>
      <trkpt lat="25.86139102466404438018798828125" lon="119.5723159611225128173828125">
        <ele>20</ele>
        <time>2025-06-21T09:51:53.000Z</time>
        <extensions>
          <ns3:TrackPointExtension>
            <ns3:atemp>33.0</ns3:atemp>
            <ns3:hr>137</ns3:hr>
            <ns3:cad>87</ns3:cad>
          </ns3:TrackPointExtension>
        </extensions>
      </trkpt>
      <trkpt lat="25.861373506486415863037109375" lon="119.57230716012418270111083984375">
        <ele>20</ele>
        <time>2025-06-21T09:51:54.000Z</time>
        <extensions>
          <ns3:TrackPointExtension>
            <ns3:atemp>33.0</ns3:atemp>
            <ns3:hr>137</ns3:hr>
            <ns3:cad>86</ns3:cad>
          </ns3:TrackPointExtension>
        </extensions>
      </trkpt>
      <trkpt lat="25.8613545633852481842041015625" lon="119.5723003707826137542724609375">
        <ele>20</ele>
        <time>2025-06-21T09:51:55.000Z</time>
        <extensions>
          <ns3:TrackPointExtension>
            <ns3:atemp>33.0</ns3:atemp>
            <ns3:hr>137</ns3:hr>
            <ns3:cad>86</ns3:cad>
          </ns3:TrackPointExtension>
        </extensions>
      </trkpt>
      <trkpt lat="25.8613371290266513824462890625" lon="119.57229224033653736114501953125">
        <ele>20</ele>
        <time>2025-06-21T09:51:56.000Z</time>
        <extensions>
          <ns3:TrackPointExtension>
            <ns3:atemp>33.0</ns3:atemp>
            <ns3:hr>137</ns3:hr>
            <ns3:cad>85</ns3:cad>
          </ns3:TrackPointExtension>
        </extensions>
      </trkpt>
      <trkpt lat="25.8613153360784053802490234375" lon="119.57228452898561954498291015625">
        <ele>20</ele>
        <time>2025-06-21T09:51:57.000Z</time>
        <extensions>
          <ns3:TrackPointExtension>
            <ns3:atemp>33.0</ns3:atemp>
            <ns3:hr>137</ns3:hr>
            <ns3:cad>85</ns3:cad>
          </ns3:TrackPointExtension>
        </extensions>
      </trkpt>
      <trkpt lat="25.8612979017198085784912109375" lon="119.57227648235857486724853515625">
        <ele>20</ele>
        <time>2025-06-21T09:51:58.000Z</time>
        <extensions>
          <ns3:TrackPointExtension>
            <ns3:atemp>33.0</ns3:atemp>
            <ns3:hr>137</ns3:hr>
            <ns3:cad>85</ns3:cad>
          </ns3:TrackPointExtension>
        </extensions>
      </trkpt>
      <trkpt lat="25.8612787909805774688720703125" lon="119.57226692698895931243896484375">
        <ele>20</ele>
        <time>2025-06-21T09:51:59.000Z</time>
        <extensions>
          <ns3:TrackPointExtension>
            <ns3:atemp>33.0</ns3:atemp>
            <ns3:hr>136</ns3:hr>
            <ns3:cad>85</ns3:cad>
          </ns3:TrackPointExtension>
        </extensions>
      </trkpt>
      <trkpt lat="25.86125087924301624298095703125" lon="119.5722567848861217498779296875">
        <ele>20.200000762939453125</ele>
        <time>2025-06-21T09:52:00.000Z</time>
        <extensions>
          <ns3:TrackPointExtension>
            <ns3:atemp>33.0</ns3:atemp>
            <ns3:hr>137</ns3:hr>
            <ns3:cad>85</ns3:cad>
          </ns3:TrackPointExtension>
        </extensions>
      </trkpt>
      <trkpt lat="25.86123042739927768707275390625" lon="119.57225091755390167236328125">
        <ele>20.200000762939453125</ele>
        <time>2025-06-21T09:52:01.000Z</time>
        <extensions>
          <ns3:TrackPointExtension>
            <ns3:atemp>33.0</ns3:atemp>
            <ns3:hr>137</ns3:hr>
            <ns3:cad>86</ns3:cad>
          </ns3:TrackPointExtension>
        </extensions>
      </trkpt>
      <trkpt lat="25.861205197870731353759765625" lon="119.57223708741366863250732421875">
        <ele>20.200000762939453125</ele>
        <time>2025-06-21T09:52:02.000Z</time>
        <extensions>
          <ns3:TrackPointExtension>
            <ns3:atemp>33.0</ns3:atemp>
            <ns3:hr>137</ns3:hr>
            <ns3:cad>86</ns3:cad>
          </ns3:TrackPointExtension>
        </extensions>
      </trkpt>
      <trkpt lat="25.86118399165570735931396484375" lon="119.572228454053401947021484375">
        <ele>20.200000762939453125</ele>
        <time>2025-06-21T09:52:03.000Z</time>
        <extensions>
          <ns3:TrackPointExtension>
            <ns3:atemp>33.0</ns3:atemp>
            <ns3:hr>137</ns3:hr>
            <ns3:cad>87</ns3:cad>
          </ns3:TrackPointExtension>
        </extensions>
      </trkpt>
      <trkpt lat="25.86115582846105098724365234375" lon="119.57220691256225109100341796875">
        <ele>20</ele>
        <time>2025-06-21T09:52:04.000Z</time>
        <extensions>
          <ns3:TrackPointExtension>
            <ns3:atemp>33.0</ns3:atemp>
            <ns3:hr>137</ns3:hr>
            <ns3:cad>87</ns3:cad>
          </ns3:TrackPointExtension>
        </extensions>
      </trkpt>
      <trkpt lat="25.8611339516937732696533203125" lon="119.57220054231584072113037109375">
        <ele>20</ele>
        <time>2025-06-21T09:52:05.000Z</time>
        <extensions>
          <ns3:TrackPointExtension>
            <ns3:atemp>33.0</ns3:atemp>
            <ns3:hr>137</ns3:hr>
            <ns3:cad>87</ns3:cad>
          </ns3:TrackPointExtension>
        </extensions>
      </trkpt>
      <trkpt lat="25.8611091412603855133056640625" lon="119.57218922674655914306640625">
        <ele>19.799999237060546875</ele>
        <time>2025-06-21T09:52:06.000Z</time>
        <extensions>
          <ns3:TrackPointExtension>
            <ns3:atemp>33.0</ns3:atemp>
            <ns3:hr>137</ns3:hr>
            <ns3:cad>87</ns3:cad>
          </ns3:TrackPointExtension>
        </extensions>
      </trkpt>
      <trkpt lat="25.86108927614986896514892578125" lon="119.57218143157660961151123046875">
        <ele>19.799999237060546875</ele>
        <time>2025-06-21T09:52:07.000Z</time>
        <extensions>
          <ns3:TrackPointExtension>
            <ns3:atemp>33.0</ns3:atemp>
            <ns3:hr>138</ns3:hr>
            <ns3:cad>87</ns3:cad>
          </ns3:TrackPointExtension>
        </extensions>
      </trkpt>
      <trkpt lat="25.8610692434012889862060546875" lon="119.57216776907444000244140625">
        <ele>19.799999237060546875</ele>
        <time>2025-06-21T09:52:08.000Z</time>
        <extensions>
          <ns3:TrackPointExtension>
            <ns3:atemp>33.0</ns3:atemp>
            <ns3:hr>137</ns3:hr>
            <ns3:cad>87</ns3:cad>
          </ns3:TrackPointExtension>
        </extensions>
      </trkpt>
      <trkpt lat="25.86104569025337696075439453125" lon="119.5721528492867946624755859375">
        <ele>19.799999237060546875</ele>
        <time>2025-06-21T09:52:09.000Z</time>
        <extensions>
          <ns3:TrackPointExtension>
            <ns3:atemp>33.0</ns3:atemp>
            <ns3:hr>137</ns3:hr>
            <ns3:cad>86</ns3:cad>
          </ns3:TrackPointExtension>
        </extensions>
      </trkpt>
      <trkpt lat="25.8610273338854312896728515625" lon="119.5721431262791156768798828125">
        <ele>20</ele>
        <time>2025-06-21T09:52:10.000Z</time>
        <extensions>
          <ns3:TrackPointExtension>
            <ns3:atemp>33.0</ns3:atemp>
            <ns3:hr>137</ns3:hr>
            <ns3:cad>86</ns3:cad>
          </ns3:TrackPointExtension>
        </extensions>
      </trkpt>
      <trkpt lat="25.861003361642360687255859375" lon="119.57213097251951694488525390625">
        <ele>20</ele>
        <time>2025-06-21T09:52:11.000Z</time>
        <extensions>
          <ns3:TrackPointExtension>
            <ns3:atemp>33.0</ns3:atemp>
            <ns3:hr>138</ns3:hr>
            <ns3:cad>86</ns3:cad>
          </ns3:TrackPointExtension>
        </extensions>
      </trkpt>
      <trkpt lat="25.86099137552082538604736328125" lon="119.572127200663089752197265625">
        <ele>20</ele>
        <time>2025-06-21T09:52:12.000Z</time>
        <extensions>
          <ns3:TrackPointExtension>
            <ns3:atemp>33.0</ns3:atemp>
            <ns3:hr>138</ns3:hr>
            <ns3:cad>86</ns3:cad>
          </ns3:TrackPointExtension>
        </extensions>
      </trkpt>
      <trkpt lat="25.86096572689712047576904296875" lon="119.5721166394650936126708984375">
        <ele>20</ele>
        <time>2025-06-21T09:52:13.000Z</time>
        <extensions>
          <ns3:TrackPointExtension>
            <ns3:atemp>33.0</ns3:atemp>
            <ns3:hr>138</ns3:hr>
            <ns3:cad>86</ns3:cad>
          </ns3:TrackPointExtension>
        </extensions>
      </trkpt>
      <trkpt lat="25.86094695143401622772216796875" lon="119.57210415042936801910400390625">
        <ele>20</ele>
        <time>2025-06-21T09:52:14.000Z</time>
        <extensions>
          <ns3:TrackPointExtension>
            <ns3:atemp>33.0</ns3:atemp>
            <ns3:hr>138</ns3:hr>
            <ns3:cad>86</ns3:cad>
          </ns3:TrackPointExtension>
        </extensions>
      </trkpt>
      <trkpt lat="25.86092733778059482574462890625" lon="119.57209140993654727935791015625">
        <ele>19.799999237060546875</ele>
        <time>2025-06-21T09:52:15.000Z</time>
        <extensions>
          <ns3:TrackPointExtension>
            <ns3:atemp>33.0</ns3:atemp>
            <ns3:hr>139</ns3:hr>
            <ns3:cad>87</ns3:cad>
          </ns3:TrackPointExtension>
        </extensions>
      </trkpt>
      <trkpt lat="25.860907137393951416015625" lon="119.5720770768821239471435546875">
        <ele>19.6000003814697265625</ele>
        <time>2025-06-21T09:52:16.000Z</time>
        <extensions>
          <ns3:TrackPointExtension>
            <ns3:atemp>33.0</ns3:atemp>
            <ns3:hr>141</ns3:hr>
            <ns3:cad>87</ns3:cad>
          </ns3:TrackPointExtension>
        </extensions>
      </trkpt>
      <trkpt lat="25.86089515127241611480712890625" lon="119.57207213155925273895263671875">
        <ele>19.6000003814697265625</ele>
        <time>2025-06-21T09:52:17.000Z</time>
        <extensions>
          <ns3:TrackPointExtension>
            <ns3:atemp>33.0</ns3:atemp>
            <ns3:hr>143</ns3:hr>
            <ns3:cad>87</ns3:cad>
          </ns3:TrackPointExtension>
        </extensions>
      </trkpt>
      <trkpt lat="25.8608657307922840118408203125" lon="119.57205771468579769134521484375">
        <ele>19.3999996185302734375</ele>
        <time>2025-06-21T09:52:18.000Z</time>
        <extensions>
          <ns3:TrackPointExtension>
            <ns3:atemp>33.0</ns3:atemp>
            <ns3:hr>143</ns3:hr>
            <ns3:cad>85</ns3:cad>
          </ns3:TrackPointExtension>
        </extensions>
      </trkpt>
      <trkpt lat="25.86084720678627490997314453125" lon="119.5720492489635944366455078125">
        <ele>19.3999996185302734375</ele>
        <time>2025-06-21T09:52:19.000Z</time>
        <extensions>
          <ns3:TrackPointExtension>
            <ns3:atemp>33.0</ns3:atemp>
            <ns3:hr>144</ns3:hr>
            <ns3:cad>85</ns3:cad>
          </ns3:TrackPointExtension>
        </extensions>
      </trkpt>
      <trkpt lat="25.860820300877094268798828125" lon="119.5720318146049976348876953125">
        <ele>19.3999996185302734375</ele>
        <time>2025-06-21T09:52:20.000Z</time>
        <extensions>
          <ns3:TrackPointExtension>
            <ns3:atemp>33.0</ns3:atemp>
            <ns3:hr>144</ns3:hr>
            <ns3:cad>85</ns3:cad>
          </ns3:TrackPointExtension>
        </extensions>
      </trkpt>
      <trkpt lat="25.86080496199429035186767578125" lon="119.572021923959255218505859375">
        <ele>19.3999996185302734375</ele>
        <time>2025-06-21T09:52:21.000Z</time>
        <extensions>
          <ns3:TrackPointExtension>
            <ns3:atemp>33.0</ns3:atemp>
            <ns3:hr>144</ns3:hr>
            <ns3:cad>85</ns3:cad>
          </ns3:TrackPointExtension>
        </extensions>
      </trkpt>
      <trkpt lat="25.86078308522701263427734375" lon="119.5720147155225276947021484375">
        <ele>19.3999996185302734375</ele>
        <time>2025-06-21T09:52:22.000Z</time>
        <extensions>
          <ns3:TrackPointExtension>
            <ns3:atemp>33.0</ns3:atemp>
            <ns3:hr>143</ns3:hr>
            <ns3:cad>85</ns3:cad>
          </ns3:TrackPointExtension>
        </extensions>
      </trkpt>
      <trkpt lat="25.8607624657452106475830078125" lon="119.57200013101100921630859375">
        <ele>19.200000762939453125</ele>
        <time>2025-06-21T09:52:23.000Z</time>
        <extensions>
          <ns3:TrackPointExtension>
            <ns3:atemp>33.0</ns3:atemp>
            <ns3:hr>143</ns3:hr>
            <ns3:cad>85</ns3:cad>
          </ns3:TrackPointExtension>
        </extensions>
      </trkpt>
      <trkpt lat="25.86074209772050380706787109375" lon="119.57199468277394771575927734375">
        <ele>19.200000762939453125</ele>
        <time>2025-06-21T09:52:24.000Z</time>
        <extensions>
          <ns3:TrackPointExtension>
            <ns3:atemp>33.0</ns3:atemp>
            <ns3:hr>143</ns3:hr>
            <ns3:cad>85</ns3:cad>
          </ns3:TrackPointExtension>
        </extensions>
      </trkpt>
      <trkpt lat="25.86071745492517948150634765625" lon="119.57197356037795543670654296875">
        <ele>19.200000762939453125</ele>
        <time>2025-06-21T09:52:25.000Z</time>
        <extensions>
          <ns3:TrackPointExtension>
            <ns3:atemp>33.0</ns3:atemp>
            <ns3:hr>143</ns3:hr>
            <ns3:cad>85</ns3:cad>
          </ns3:TrackPointExtension>
        </extensions>
      </trkpt>
      <trkpt lat="25.86069717071950435638427734375" lon="119.57196199335157871246337890625">
        <ele>19</ele>
        <time>2025-06-21T09:52:26.000Z</time>
        <extensions>
          <ns3:TrackPointExtension>
            <ns3:atemp>33.0</ns3:atemp>
            <ns3:hr>142</ns3:hr>
            <ns3:cad>86</ns3:cad>
          </ns3:TrackPointExtension>
        </extensions>
      </trkpt>
      <trkpt lat="25.8606692589819431304931640625" lon="119.5719399489462375640869140625">
        <ele>19</ele>
        <time>2025-06-21T09:52:27.000Z</time>
        <extensions>
          <ns3:TrackPointExtension>
            <ns3:atemp>33.0</ns3:atemp>
            <ns3:hr>142</ns3:hr>
            <ns3:cad>86</ns3:cad>
          </ns3:TrackPointExtension>
        </extensions>
      </trkpt>
      <trkpt lat="25.86065291427075862884521484375" lon="119.5719216763973236083984375">
        <ele>19.200000762939453125</ele>
        <time>2025-06-21T09:52:28.000Z</time>
        <extensions>
          <ns3:TrackPointExtension>
            <ns3:atemp>33.0</ns3:atemp>
            <ns3:hr>142</ns3:hr>
            <ns3:cad>86</ns3:cad>
          </ns3:TrackPointExtension>
        </extensions>
      </trkpt>
      <trkpt lat="25.86062776856124401092529296875" lon="119.57189963199198246002197265625">
        <ele>19.200000762939453125</ele>
        <time>2025-06-21T09:52:29.000Z</time>
        <extensions>
          <ns3:TrackPointExtension>
            <ns3:atemp>33.0</ns3:atemp>
            <ns3:hr>142</ns3:hr>
            <ns3:cad>87</ns3:cad>
          </ns3:TrackPointExtension>
        </extensions>
      </trkpt>
      <trkpt lat="25.8606089092791080474853515625" lon="119.571885801851749420166015625">
        <ele>19.200000762939453125</ele>
        <time>2025-06-21T09:52:30.000Z</time>
        <extensions>
          <ns3:TrackPointExtension>
            <ns3:atemp>33.0</ns3:atemp>
            <ns3:hr>142</ns3:hr>
            <ns3:cad>87</ns3:cad>
          </ns3:TrackPointExtension>
        </extensions>
      </trkpt>
      <trkpt lat="25.8605877868831157684326171875" lon="119.571875073015689849853515625">
        <ele>19.200000762939453125</ele>
        <time>2025-06-21T09:52:31.000Z</time>
        <extensions>
          <ns3:TrackPointExtension>
            <ns3:atemp>33.0</ns3:atemp>
            <ns3:hr>142</ns3:hr>
            <ns3:cad>87</ns3:cad>
          </ns3:TrackPointExtension>
        </extensions>
      </trkpt>
      <trkpt lat="25.86056490428745746612548828125" lon="119.5718547888100147247314453125">
        <ele>19.200000762939453125</ele>
        <time>2025-06-21T09:52:32.000Z</time>
        <extensions>
          <ns3:TrackPointExtension>
            <ns3:atemp>33.0</ns3:atemp>
            <ns3:hr>142</ns3:hr>
            <ns3:cad>87</ns3:cad>
          </ns3:TrackPointExtension>
        </extensions>
      </trkpt>
      <trkpt lat="25.86054696701467037200927734375" lon="119.571845568716526031494140625">
        <ele>19.200000762939453125</ele>
        <time>2025-06-21T09:52:33.000Z</time>
        <extensions>
          <ns3:TrackPointExtension>
            <ns3:atemp>33.0</ns3:atemp>
            <ns3:hr>141</ns3:hr>
            <ns3:cad>87</ns3:cad>
          </ns3:TrackPointExtension>
        </extensions>
      </trkpt>
      <trkpt lat="25.86052081547677516937255859375" lon="119.57183307968080043792724609375">
        <ele>19.200000762939453125</ele>
        <time>2025-06-21T09:52:34.000Z</time>
        <extensions>
          <ns3:TrackPointExtension>
            <ns3:atemp>33.0</ns3:atemp>
            <ns3:hr>142</ns3:hr>
            <ns3:cad>86</ns3:cad>
          </ns3:TrackPointExtension>
        </extensions>
      </trkpt>
      <trkpt lat="25.86050589568912982940673828125" lon="119.57182821817696094512939453125">
        <ele>19.200000762939453125</ele>
        <time>2025-06-21T09:52:35.000Z</time>
        <extensions>
          <ns3:TrackPointExtension>
            <ns3:atemp>33.0</ns3:atemp>
            <ns3:hr>142</ns3:hr>
            <ns3:cad>86</ns3:cad>
          </ns3:TrackPointExtension>
        </extensions>
      </trkpt>
      <trkpt lat="25.8604828454554080963134765625" lon="119.57181061618030071258544921875">
        <ele>19.200000762939453125</ele>
        <time>2025-06-21T09:52:36.000Z</time>
        <extensions>
          <ns3:TrackPointExtension>
            <ns3:atemp>33.0</ns3:atemp>
            <ns3:hr>142</ns3:hr>
            <ns3:cad>86</ns3:cad>
          </ns3:TrackPointExtension>
        </extensions>
      </trkpt>
      <trkpt lat="25.8604657463729381561279296875" lon="119.57179821096360683441162109375">
        <ele>19.200000762939453125</ele>
        <time>2025-06-21T09:52:37.000Z</time>
        <extensions>
          <ns3:TrackPointExtension>
            <ns3:atemp>33.0</ns3:atemp>
            <ns3:hr>142</ns3:hr>
            <ns3:cad>86</ns3:cad>
          </ns3:TrackPointExtension>
        </extensions>
      </trkpt>
      <trkpt lat="25.86044571362435817718505859375" lon="119.5717870630323886871337890625">
        <ele>19.200000762939453125</ele>
        <time>2025-06-21T09:52:38.000Z</time>
        <extensions>
          <ns3:TrackPointExtension>
            <ns3:atemp>32.0</ns3:atemp>
            <ns3:hr>142</ns3:hr>
            <ns3:cad>86</ns3:cad>
          </ns3:TrackPointExtension>
        </extensions>
      </trkpt>
      <trkpt lat="25.86042744107544422149658203125" lon="119.57177474163472652435302734375">
        <ele>19.3999996185302734375</ele>
        <time>2025-06-21T09:52:39.000Z</time>
        <extensions>
          <ns3:TrackPointExtension>
            <ns3:atemp>33.0</ns3:atemp>
            <ns3:hr>141</ns3:hr>
            <ns3:cad>86</ns3:cad>
          </ns3:TrackPointExtension>
        </extensions>
      </trkpt>
      <trkpt lat="25.8604114316403865814208984375" lon="119.57176803611218929290771484375">
        <ele>19.200000762939453125</ele>
        <time>2025-06-21T09:52:40.000Z</time>
        <extensions>
          <ns3:TrackPointExtension>
            <ns3:atemp>32.0</ns3:atemp>
            <ns3:hr>142</ns3:hr>
            <ns3:cad>86</ns3:cad>
          </ns3:TrackPointExtension>
        </extensions>
      </trkpt>
      <trkpt lat="25.8603889681398868560791015625" lon="119.57174909301102161407470703125">
        <ele>19.200000762939453125</ele>
        <time>2025-06-21T09:52:41.000Z</time>
        <extensions>
          <ns3:TrackPointExtension>
            <ns3:atemp>33.0</ns3:atemp>
            <ns3:hr>142</ns3:hr>
            <ns3:cad>86</ns3:cad>
          </ns3:TrackPointExtension>
        </extensions>
      </trkpt>
      <trkpt lat="25.8603745512664318084716796875" lon="119.57174289040267467498779296875">
        <ele>19</ele>
        <time>2025-06-21T09:52:42.000Z</time>
        <extensions>
          <ns3:TrackPointExtension>
            <ns3:atemp>33.0</ns3:atemp>
            <ns3:hr>142</ns3:hr>
            <ns3:cad>85</ns3:cad>
          </ns3:TrackPointExtension>
        </extensions>
      </trkpt>
      <trkpt lat="25.860350243747234344482421875" lon="119.57172310911118984222412109375">
        <ele>19</ele>
        <time>2025-06-21T09:52:43.000Z</time>
        <extensions>
          <ns3:TrackPointExtension>
            <ns3:atemp>33.0</ns3:atemp>
            <ns3:hr>141</ns3:hr>
            <ns3:cad>85</ns3:cad>
          </ns3:TrackPointExtension>
        </extensions>
      </trkpt>
      <trkpt lat="25.86033607833087444305419921875" lon="119.5717116259038448333740234375">
        <ele>18.799999237060546875</ele>
        <time>2025-06-21T09:52:44.000Z</time>
        <extensions>
          <ns3:TrackPointExtension>
            <ns3:atemp>33.0</ns3:atemp>
            <ns3:hr>142</ns3:hr>
            <ns3:cad>85</ns3:cad>
          </ns3:TrackPointExtension>
        </extensions>
      </trkpt>
      <trkpt lat="25.86032065562903881072998046875" lon="119.57170165143907070159912109375">
        <ele>18.799999237060546875</ele>
        <time>2025-06-21T09:52:45.000Z</time>
        <extensions>
          <ns3:TrackPointExtension>
            <ns3:atemp>33.0</ns3:atemp>
            <ns3:hr>142</ns3:hr>
            <ns3:cad>85</ns3:cad>
          </ns3:TrackPointExtension>
        </extensions>
      </trkpt>
      <trkpt lat="25.86030137725174427032470703125" lon="119.5716829597949981689453125">
        <ele>18.799999237060546875</ele>
        <time>2025-06-21T09:52:46.000Z</time>
        <extensions>
          <ns3:TrackPointExtension>
            <ns3:atemp>33.0</ns3:atemp>
            <ns3:hr>141</ns3:hr>
            <ns3:cad>84</ns3:cad>
          </ns3:TrackPointExtension>
        </extensions>
      </trkpt>
      <trkpt lat="25.86028285324573516845703125" lon="119.57167248241603374481201171875">
        <ele>18.799999237060546875</ele>
        <time>2025-06-21T09:52:47.000Z</time>
        <extensions>
          <ns3:TrackPointExtension>
            <ns3:atemp>33.0</ns3:atemp>
            <ns3:hr>142</ns3:hr>
            <ns3:cad>83</ns3:cad>
          </ns3:TrackPointExtension>
        </extensions>
      </trkpt>
      <trkpt lat="25.86026114411652088165283203125" lon="119.5716616697609424591064453125">
        <ele>18.799999237060546875</ele>
        <time>2025-06-21T09:52:48.000Z</time>
        <extensions>
          <ns3:TrackPointExtension>
            <ns3:atemp>33.0</ns3:atemp>
            <ns3:hr>142</ns3:hr>
            <ns3:cad>83</ns3:cad>
          </ns3:TrackPointExtension>
        </extensions>
      </trkpt>
      <trkpt lat="25.8602484874427318572998046875" lon="119.5716516114771366119384765625">
        <ele>18.799999237060546875</ele>
        <time>2025-06-21T09:52:49.000Z</time>
        <extensions>
          <ns3:TrackPointExtension>
            <ns3:atemp>33.0</ns3:atemp>
            <ns3:hr>141</ns3:hr>
            <ns3:cad>83</ns3:cad>
          </ns3:TrackPointExtension>
        </extensions>
      </trkpt>
      <trkpt lat="25.86023247800767421722412109375" lon="119.57164096646010875701904296875">
        <ele>18.799999237060546875</ele>
        <time>2025-06-21T09:52:50.000Z</time>
        <extensions>
          <ns3:TrackPointExtension>
            <ns3:atemp>33.0</ns3:atemp>
            <ns3:hr>142</ns3:hr>
            <ns3:cad>84</ns3:cad>
          </ns3:TrackPointExtension>
        </extensions>
      </trkpt>
      <trkpt lat="25.86021487601101398468017578125" lon="119.5716268010437488555908203125">
        <ele>18.799999237060546875</ele>
        <time>2025-06-21T09:52:51.000Z</time>
        <extensions>
          <ns3:TrackPointExtension>
            <ns3:atemp>33.0</ns3:atemp>
            <ns3:hr>142</ns3:hr>
            <ns3:cad>85</ns3:cad>
          </ns3:TrackPointExtension>
        </extensions>
      </trkpt>
      <trkpt lat="25.8602003753185272216796875" lon="119.5716184191405773162841796875">
        <ele>18.799999237060546875</ele>
        <time>2025-06-21T09:52:52.000Z</time>
        <extensions>
          <ns3:TrackPointExtension>
            <ns3:atemp>33.0</ns3:atemp>
            <ns3:hr>141</ns3:hr>
            <ns3:cad>85</ns3:cad>
          </ns3:TrackPointExtension>
        </extensions>
      </trkpt>
      <trkpt lat="25.8601753972470760345458984375" lon="119.5715996436774730682373046875">
        <ele>18.799999237060546875</ele>
        <time>2025-06-21T09:52:53.000Z</time>
        <extensions>
          <ns3:TrackPointExtension>
            <ns3:atemp>33.0</ns3:atemp>
            <ns3:hr>142</ns3:hr>
            <ns3:cad>85</ns3:cad>
          </ns3:TrackPointExtension>
        </extensions>
      </trkpt>
      <trkpt lat="25.86015544831752777099609375" lon="119.5715959556400775909423828125">
        <ele>18.6000003814697265625</ele>
        <time>2025-06-21T09:52:54.000Z</time>
        <extensions>
          <ns3:TrackPointExtension>
            <ns3:atemp>32.0</ns3:atemp>
            <ns3:hr>142</ns3:hr>
            <ns3:cad>85</ns3:cad>
          </ns3:TrackPointExtension>
        </extensions>
      </trkpt>
      <trkpt lat="25.86012669838964939117431640625" lon="119.57158665172755718231201171875">
        <ele>18.6000003814697265625</ele>
        <time>2025-06-21T09:52:55.000Z</time>
        <extensions>
          <ns3:TrackPointExtension>
            <ns3:atemp>33.0</ns3:atemp>
            <ns3:hr>141</ns3:hr>
            <ns3:cad>83</ns3:cad>
          </ns3:TrackPointExtension>
        </extensions>
      </trkpt>
      <trkpt lat="25.8601066656410694122314453125" lon="119.57157768309116363525390625">
        <ele>18.6000003814697265625</ele>
        <time>2025-06-21T09:52:56.000Z</time>
        <extensions>
          <ns3:TrackPointExtension>
            <ns3:atemp>33.0</ns3:atemp>
            <ns3:hr>142</ns3:hr>
            <ns3:cad>83</ns3:cad>
          </ns3:TrackPointExtension>
        </extensions>
      </trkpt>
      <trkpt lat="25.86008780635893344879150390625" lon="119.57157097756862640380859375">
        <ele>18.6000003814697265625</ele>
        <time>2025-06-21T09:52:57.000Z</time>
        <extensions>
          <ns3:TrackPointExtension>
            <ns3:atemp>33.0</ns3:atemp>
            <ns3:hr>142</ns3:hr>
            <ns3:cad>84</ns3:cad>
          </ns3:TrackPointExtension>
        </extensions>
      </trkpt>
      <trkpt lat="25.86006651632487773895263671875" lon="119.57155513577163219451904296875">
        <ele>18.6000003814697265625</ele>
        <time>2025-06-21T09:52:58.000Z</time>
        <extensions>
          <ns3:TrackPointExtension>
            <ns3:atemp>33.0</ns3:atemp>
            <ns3:hr>143</ns3:hr>
            <ns3:cad>84</ns3:cad>
          </ns3:TrackPointExtension>
        </extensions>
      </trkpt>
      <trkpt lat="25.86005243472754955291748046875" lon="119.571551866829395294189453125">
        <ele>18.799999237060546875</ele>
        <time>2025-06-21T09:52:59.000Z</time>
        <extensions>
          <ns3:TrackPointExtension>
            <ns3:atemp>33.0</ns3:atemp>
            <ns3:hr>143</ns3:hr>
            <ns3:cad>84</ns3:cad>
          </ns3:TrackPointExtension>
        </extensions>
      </trkpt>
      <trkpt lat="25.860025696456432342529296875" lon="119.57153535448014736175537109375">
        <ele>18.6000003814697265625</ele>
        <time>2025-06-21T09:53:00.000Z</time>
        <extensions>
          <ns3:TrackPointExtension>
            <ns3:atemp>33.0</ns3:atemp>
            <ns3:hr>143</ns3:hr>
            <ns3:cad>84</ns3:cad>
          </ns3:TrackPointExtension>
        </extensions>
      </trkpt>
      <trkpt lat="25.86001002229750156402587890625" lon="119.571524374186992645263671875">
        <ele>18.6000003814697265625</ele>
        <time>2025-06-21T09:53:01.000Z</time>
        <extensions>
          <ns3:TrackPointExtension>
            <ns3:atemp>33.0</ns3:atemp>
            <ns3:hr>143</ns3:hr>
            <ns3:cad>84</ns3:cad>
          </ns3:TrackPointExtension>
        </extensions>
      </trkpt>
      <trkpt lat="25.8599906601011753082275390625" lon="119.5715161599218845367431640625">
        <ele>18.6000003814697265625</ele>
        <time>2025-06-21T09:53:02.000Z</time>
        <extensions>
          <ns3:TrackPointExtension>
            <ns3:atemp>32.0</ns3:atemp>
            <ns3:hr>143</ns3:hr>
            <ns3:cad>84</ns3:cad>
          </ns3:TrackPointExtension>
        </extensions>
      </trkpt>
      <trkpt lat="25.85996995680034160614013671875" lon="119.5714983902871608734130859375">
        <ele>18.6000003814697265625</ele>
        <time>2025-06-21T09:53:03.000Z</time>
        <extensions>
          <ns3:TrackPointExtension>
            <ns3:atemp>33.0</ns3:atemp>
            <ns3:hr>143</ns3:hr>
            <ns3:cad>84</ns3:cad>
          </ns3:TrackPointExtension>
        </extensions>
      </trkpt>
      <trkpt lat="25.85995830595493316650390625" lon="119.5714920200407505035400390625">
        <ele>18.6000003814697265625</ele>
        <time>2025-06-21T09:53:04.000Z</time>
        <extensions>
          <ns3:TrackPointExtension>
            <ns3:atemp>33.0</ns3:atemp>
            <ns3:hr>143</ns3:hr>
            <ns3:cad>84</ns3:cad>
          </ns3:TrackPointExtension>
        </extensions>
      </trkpt>
      <trkpt lat="25.8599400334060192108154296875" lon="119.57147936336696147918701171875">
        <ele>18.6000003814697265625</ele>
        <time>2025-06-21T09:53:05.000Z</time>
        <extensions>
          <ns3:TrackPointExtension>
            <ns3:atemp>33.0</ns3:atemp>
            <ns3:hr>143</ns3:hr>
            <ns3:cad>84</ns3:cad>
          </ns3:TrackPointExtension>
        </extensions>
      </trkpt>
      <trkpt lat="25.8599241077899932861328125" lon="119.5714695565402507781982421875">
        <ele>18.6000003814697265625</ele>
        <time>2025-06-21T09:53:06.000Z</time>
        <extensions>
          <ns3:TrackPointExtension>
            <ns3:atemp>33.0</ns3:atemp>
            <ns3:hr>143</ns3:hr>
            <ns3:cad>84</ns3:cad>
          </ns3:TrackPointExtension>
        </extensions>
      </trkpt>
      <trkpt lat="25.85990524850785732269287109375" lon="119.5714641921222209930419921875">
        <ele>18.6000003814697265625</ele>
        <time>2025-06-21T09:53:07.000Z</time>
        <extensions>
          <ns3:TrackPointExtension>
            <ns3:atemp>33.0</ns3:atemp>
            <ns3:hr>143</ns3:hr>
            <ns3:cad>84</ns3:cad>
          </ns3:TrackPointExtension>
        </extensions>
      </trkpt>
      <trkpt lat="25.859882198274135589599609375" lon="119.57144918851554393768310546875">
        <ele>18.3999996185302734375</ele>
        <time>2025-06-21T09:53:08.000Z</time>
        <extensions>
          <ns3:TrackPointExtension>
            <ns3:atemp>33.0</ns3:atemp>
            <ns3:hr>143</ns3:hr>
            <ns3:cad>84</ns3:cad>
          </ns3:TrackPointExtension>
        </extensions>
      </trkpt>
      <trkpt lat="25.8598669432103633880615234375" lon="119.57143292762339115142822265625">
        <ele>18.3999996185302734375</ele>
        <time>2025-06-21T09:53:09.000Z</time>
        <extensions>
          <ns3:TrackPointExtension>
            <ns3:atemp>33.0</ns3:atemp>
            <ns3:hr>143</ns3:hr>
            <ns3:cad>83</ns3:cad>
          </ns3:TrackPointExtension>
        </extensions>
      </trkpt>
      <trkpt lat="25.85984942503273487091064453125" lon="119.571427814662456512451171875">
        <ele>18.3999996185302734375</ele>
        <time>2025-06-21T09:53:10.000Z</time>
        <extensions>
          <ns3:TrackPointExtension>
            <ns3:atemp>33.0</ns3:atemp>
            <ns3:hr>143</ns3:hr>
            <ns3:cad>83</ns3:cad>
          </ns3:TrackPointExtension>
        </extensions>
      </trkpt>
      <trkpt lat="25.85982914082705974578857421875" lon="119.57141884602606296539306640625">
        <ele>18.3999996185302734375</ele>
        <time>2025-06-21T09:53:11.000Z</time>
        <extensions>
          <ns3:TrackPointExtension>
            <ns3:atemp>33.0</ns3:atemp>
            <ns3:hr>143</ns3:hr>
            <ns3:cad>82</ns3:cad>
          </ns3:TrackPointExtension>
        </extensions>
      </trkpt>
      <trkpt lat="25.85981640033423900604248046875" lon="119.5714145712554454803466796875">
        <ele>18.6000003814697265625</ele>
        <time>2025-06-21T09:53:12.000Z</time>
        <extensions>
          <ns3:TrackPointExtension>
            <ns3:atemp>33.0</ns3:atemp>
            <ns3:hr>143</ns3:hr>
            <ns3:cad>82</ns3:cad>
          </ns3:TrackPointExtension>
        </extensions>
      </trkpt>
      <trkpt lat="25.859794355928897857666015625" lon="119.571396969258785247802734375">
        <ele>18.799999237060546875</ele>
        <time>2025-06-21T09:53:13.000Z</time>
        <extensions>
          <ns3:TrackPointExtension>
            <ns3:atemp>33.0</ns3:atemp>
            <ns3:hr>143</ns3:hr>
            <ns3:cad>83</ns3:cad>
          </ns3:TrackPointExtension>
        </extensions>
      </trkpt>
      <trkpt lat="25.85977323353290557861328125" lon="119.5713947899639606475830078125">
        <ele>19</ele>
        <time>2025-06-21T09:53:14.000Z</time>
        <extensions>
          <ns3:TrackPointExtension>
            <ns3:atemp>33.0</ns3:atemp>
            <ns3:hr>143</ns3:hr>
            <ns3:cad>83</ns3:cad>
          </ns3:TrackPointExtension>
        </extensions>
      </trkpt>
      <trkpt lat="25.859748423099517822265625" lon="119.57138984464108943939208984375">
        <ele>19</ele>
        <time>2025-06-21T09:53:15.000Z</time>
        <extensions>
          <ns3:TrackPointExtension>
            <ns3:atemp>32.0</ns3:atemp>
            <ns3:hr>143</ns3:hr>
            <ns3:cad>83</ns3:cad>
          </ns3:TrackPointExtension>
        </extensions>
      </trkpt>
      <trkpt lat="25.85972570814192295074462890625" lon="119.5713743381202220916748046875">
        <ele>19</ele>
        <time>2025-06-21T09:53:16.000Z</time>
        <extensions>
          <ns3:TrackPointExtension>
            <ns3:atemp>33.0</ns3:atemp>
            <ns3:hr>143</ns3:hr>
            <ns3:cad>83</ns3:cad>
          </ns3:TrackPointExtension>
        </extensions>
      </trkpt>
      <trkpt lat="25.85970693267881870269775390625" lon="119.57136671058833599090576171875">
        <ele>19</ele>
        <time>2025-06-21T09:53:17.000Z</time>
        <extensions>
          <ns3:TrackPointExtension>
            <ns3:atemp>33.0</ns3:atemp>
            <ns3:hr>143</ns3:hr>
            <ns3:cad>83</ns3:cad>
          </ns3:TrackPointExtension>
        </extensions>
      </trkpt>
      <trkpt lat="25.85968161933124065399169921875" lon="119.57134810276329517364501953125">
        <ele>19</ele>
        <time>2025-06-21T09:53:18.000Z</time>
        <extensions>
          <ns3:TrackPointExtension>
            <ns3:atemp>33.0</ns3:atemp>
            <ns3:hr>143</ns3:hr>
            <ns3:cad>83</ns3:cad>
          </ns3:TrackPointExtension>
        </extensions>
      </trkpt>
      <trkpt lat="25.859662927687168121337890625" lon="119.57133720628917217254638671875">
        <ele>19</ele>
        <time>2025-06-21T09:53:19.000Z</time>
        <extensions>
          <ns3:TrackPointExtension>
            <ns3:atemp>33.0</ns3:atemp>
            <ns3:hr>143</ns3:hr>
            <ns3:cad>84</ns3:cad>
          </ns3:TrackPointExtension>
        </extensions>
      </trkpt>
      <trkpt lat="25.85964289493858814239501953125" lon="119.5713270641863346099853515625">
        <ele>19.200000762939453125</ele>
        <time>2025-06-21T09:53:20.000Z</time>
        <extensions>
          <ns3:TrackPointExtension>
            <ns3:atemp>33.0</ns3:atemp>
            <ns3:hr>143</ns3:hr>
            <ns3:cad>84</ns3:cad>
          </ns3:TrackPointExtension>
        </extensions>
      </trkpt>
      <trkpt lat="25.8596211858093738555908203125" lon="119.5713069476187229156494140625">
        <ele>19</ele>
        <time>2025-06-21T09:53:21.000Z</time>
        <extensions>
          <ns3:TrackPointExtension>
            <ns3:atemp>33.0</ns3:atemp>
            <ns3:hr>143</ns3:hr>
            <ns3:cad>84</ns3:cad>
          </ns3:TrackPointExtension>
        </extensions>
      </trkpt>
      <trkpt lat="25.85960668511688709259033203125" lon="119.5712972246110439300537109375">
        <ele>19.200000762939453125</ele>
        <time>2025-06-21T09:53:22.000Z</time>
        <extensions>
          <ns3:TrackPointExtension>
            <ns3:atemp>33.0</ns3:atemp>
            <ns3:hr>143</ns3:hr>
            <ns3:cad>83</ns3:cad>
          </ns3:TrackPointExtension>
        </extensions>
      </trkpt>
      <trkpt lat="25.85958489216864109039306640625" lon="119.5712814666330814361572265625">
        <ele>19.200000762939453125</ele>
        <time>2025-06-21T09:53:23.000Z</time>
        <extensions>
          <ns3:TrackPointExtension>
            <ns3:atemp>33.0</ns3:atemp>
            <ns3:hr>143</ns3:hr>
            <ns3:cad>83</ns3:cad>
          </ns3:TrackPointExtension>
        </extensions>
      </trkpt>
      <trkpt lat="25.859571397304534912109375" lon="119.57126830704510211944580078125">
        <ele>19.200000762939453125</ele>
        <time>2025-06-21T09:53:24.000Z</time>
        <extensions>
          <ns3:TrackPointExtension>
            <ns3:atemp>33.0</ns3:atemp>
            <ns3:hr>143</ns3:hr>
            <ns3:cad>83</ns3:cad>
          </ns3:TrackPointExtension>
        </extensions>
      </trkpt>
      <trkpt lat="25.85955890826880931854248046875" lon="119.57126118242740631103515625">
        <ele>19.200000762939453125</ele>
        <time>2025-06-21T09:53:25.000Z</time>
        <extensions>
          <ns3:TrackPointExtension>
            <ns3:atemp>33.0</ns3:atemp>
            <ns3:hr>144</ns3:hr>
            <ns3:cad>83</ns3:cad>
          </ns3:TrackPointExtension>
        </extensions>
      </trkpt>
      <trkpt lat="25.859541557729244232177734375" lon="119.57125020213425159454345703125">
        <ele>19.200000762939453125</ele>
        <time>2025-06-21T09:53:26.000Z</time>
        <extensions>
          <ns3:TrackPointExtension>
            <ns3:atemp>33.0</ns3:atemp>
            <ns3:hr>143</ns3:hr>
            <ns3:cad>83</ns3:cad>
          </ns3:TrackPointExtension>
        </extensions>
      </trkpt>
      <trkpt lat="25.85952655412256717681884765625" lon="119.571239054203033447265625">
        <ele>19</ele>
        <time>2025-06-21T09:53:27.000Z</time>
        <extensions>
          <ns3:TrackPointExtension>
            <ns3:atemp>33.0</ns3:atemp>
            <ns3:hr>143</ns3:hr>
            <ns3:cad>83</ns3:cad>
          </ns3:TrackPointExtension>
        </extensions>
      </trkpt>
      <trkpt lat="25.859499312937259674072265625" lon="119.5712217874825000762939453125">
        <ele>19</ele>
        <time>2025-06-21T09:53:28.000Z</time>
        <extensions>
          <ns3:TrackPointExtension>
            <ns3:atemp>33.0</ns3:atemp>
            <ns3:hr>143</ns3:hr>
            <ns3:cad>83</ns3:cad>
          </ns3:TrackPointExtension>
        </extensions>
      </trkpt>
      <trkpt lat="25.85948296822607517242431640625" lon="119.57121633924543857574462890625">
        <ele>18.799999237060546875</ele>
        <time>2025-06-21T09:53:29.000Z</time>
        <extensions>
          <ns3:TrackPointExtension>
            <ns3:atemp>33.0</ns3:atemp>
            <ns3:hr>143</ns3:hr>
            <ns3:cad>83</ns3:cad>
          </ns3:TrackPointExtension>
        </extensions>
      </trkpt>
      <trkpt lat="25.8594622649252414703369140625" lon="119.57120242528617382049560546875">
        <ele>18.799999237060546875</ele>
        <time>2025-06-21T09:53:30.000Z</time>
        <extensions>
          <ns3:TrackPointExtension>
            <ns3:atemp>33.0</ns3:atemp>
            <ns3:hr>143</ns3:hr>
            <ns3:cad>83</ns3:cad>
          </ns3:TrackPointExtension>
        </extensions>
      </trkpt>
      <trkpt lat="25.85943996906280517578125" lon="119.5711859129369258880615234375">
        <ele>18.799999237060546875</ele>
        <time>2025-06-21T09:53:31.000Z</time>
        <extensions>
          <ns3:TrackPointExtension>
            <ns3:atemp>33.0</ns3:atemp>
            <ns3:hr>143</ns3:hr>
            <ns3:cad>84</ns3:cad>
          </ns3:TrackPointExtension>
        </extensions>
      </trkpt>
      <trkpt lat="25.8594227023422718048095703125" lon="119.57117677666246891021728515625">
        <ele>18.799999237060546875</ele>
        <time>2025-06-21T09:53:32.000Z</time>
        <extensions>
          <ns3:TrackPointExtension>
            <ns3:atemp>33.0</ns3:atemp>
            <ns3:hr>143</ns3:hr>
            <ns3:cad>84</ns3:cad>
          </ns3:TrackPointExtension>
        </extensions>
      </trkpt>
      <trkpt lat="25.85939646698534488677978515625" lon="119.571158252656459808349609375">
        <ele>18.6000003814697265625</ele>
        <time>2025-06-21T09:53:33.000Z</time>
        <extensions>
          <ns3:TrackPointExtension>
            <ns3:atemp>33.0</ns3:atemp>
            <ns3:hr>143</ns3:hr>
            <ns3:cad>84</ns3:cad>
          </ns3:TrackPointExtension>
        </extensions>
      </trkpt>
      <trkpt lat="25.8593823015689849853515625" lon="119.57115028984844684600830078125">
        <ele>18.3999996185302734375</ele>
        <time>2025-06-21T09:53:34.000Z</time>
        <extensions>
          <ns3:TrackPointExtension>
            <ns3:atemp>33.0</ns3:atemp>
            <ns3:hr>143</ns3:hr>
            <ns3:cad>84</ns3:cad>
          </ns3:TrackPointExtension>
        </extensions>
      </trkpt>
      <trkpt lat="25.85935992188751697540283203125" lon="119.57113486714661121368408203125">
        <ele>18.3999996185302734375</ele>
        <time>2025-06-21T09:53:35.000Z</time>
        <extensions>
          <ns3:TrackPointExtension>
            <ns3:atemp>33.0</ns3:atemp>
            <ns3:hr>143</ns3:hr>
            <ns3:cad>84</ns3:cad>
          </ns3:TrackPointExtension>
        </extensions>
      </trkpt>
      <trkpt lat="25.85934231989085674285888671875" lon="119.57113235257565975189208984375">
        <ele>18.6000003814697265625</ele>
        <time>2025-06-21T09:53:36.000Z</time>
        <extensions>
          <ns3:TrackPointExtension>
            <ns3:atemp>33.0</ns3:atemp>
            <ns3:hr>144</ns3:hr>
            <ns3:cad>85</ns3:cad>
          </ns3:TrackPointExtension>
        </extensions>
      </trkpt>
      <trkpt lat="25.85932253859937191009521484375" lon="119.5711290836334228515625">
        <ele>18.6000003814697265625</ele>
        <time>2025-06-21T09:53:37.000Z</time>
        <extensions>
          <ns3:TrackPointExtension>
            <ns3:atemp>33.0</ns3:atemp>
            <ns3:hr>143</ns3:hr>
            <ns3:cad>85</ns3:cad>
          </ns3:TrackPointExtension>
        </extensions>
      </trkpt>
      <trkpt lat="25.8592946268618106842041015625" lon="119.57111692987382411956787109375">
        <ele>18.799999237060546875</ele>
        <time>2025-06-21T09:53:38.000Z</time>
        <extensions>
          <ns3:TrackPointExtension>
            <ns3:atemp>33.0</ns3:atemp>
            <ns3:hr>143</ns3:hr>
            <ns3:cad>85</ns3:cad>
          </ns3:TrackPointExtension>
        </extensions>
      </trkpt>
      <trkpt lat="25.85927710868418216705322265625" lon="119.5711104758083820343017578125">
        <ele>18.799999237060546875</ele>
        <time>2025-06-21T09:53:39.000Z</time>
        <extensions>
          <ns3:TrackPointExtension>
            <ns3:atemp>33.0</ns3:atemp>
            <ns3:hr>143</ns3:hr>
            <ns3:cad>85</ns3:cad>
          </ns3:TrackPointExtension>
        </extensions>
      </trkpt>
      <trkpt lat="25.85925062187016010284423828125" lon="119.57109714858233928680419921875">
        <ele>18.799999237060546875</ele>
        <time>2025-06-21T09:53:40.000Z</time>
        <extensions>
          <ns3:TrackPointExtension>
            <ns3:atemp>33.0</ns3:atemp>
            <ns3:hr>143</ns3:hr>
            <ns3:cad>84</ns3:cad>
          </ns3:TrackPointExtension>
        </extensions>
      </trkpt>
      <trkpt lat="25.85923218168318271636962890625" lon="119.57108893431723117828369140625">
        <ele>18.6000003814697265625</ele>
        <time>2025-06-21T09:53:41.000Z</time>
        <extensions>
          <ns3:TrackPointExtension>
            <ns3:atemp>33.0</ns3:atemp>
            <ns3:hr>143</ns3:hr>
            <ns3:cad>84</ns3:cad>
          </ns3:TrackPointExtension>
        </extensions>
      </trkpt>
      <trkpt lat="25.859210304915904998779296875" lon="119.57107904367148876190185546875">
        <ele>18.3999996185302734375</ele>
        <time>2025-06-21T09:53:42.000Z</time>
        <extensions>
          <ns3:TrackPointExtension>
            <ns3:atemp>33.0</ns3:atemp>
            <ns3:hr>143</ns3:hr>
            <ns3:cad>84</ns3:cad>
          </ns3:TrackPointExtension>
        </extensions>
      </trkpt>
      <trkpt lat="25.85918725468218326568603515625" lon="119.57106580026447772979736328125">
        <ele>18.200000762939453125</ele>
        <time>2025-06-21T09:53:43.000Z</time>
        <extensions>
          <ns3:TrackPointExtension>
            <ns3:atemp>33.0</ns3:atemp>
            <ns3:hr>143</ns3:hr>
            <ns3:cad>85</ns3:cad>
          </ns3:TrackPointExtension>
        </extensions>
      </trkpt>
      <trkpt lat="25.8591677248477935791015625" lon="119.571059681475162506103515625">
        <ele>18.200000762939453125</ele>
        <time>2025-06-21T09:53:44.000Z</time>
        <extensions>
          <ns3:TrackPointExtension>
            <ns3:atemp>33.0</ns3:atemp>
            <ns3:hr>143</ns3:hr>
            <ns3:cad>85</ns3:cad>
          </ns3:TrackPointExtension>
        </extensions>
      </trkpt>
      <trkpt lat="25.85914299823343753814697265625" lon="119.57104233093559741973876953125">
        <ele>18.200000762939453125</ele>
        <time>2025-06-21T09:53:45.000Z</time>
        <extensions>
          <ns3:TrackPointExtension>
            <ns3:atemp>33.0</ns3:atemp>
            <ns3:hr>144</ns3:hr>
            <ns3:cad>85</ns3:cad>
          </ns3:TrackPointExtension>
        </extensions>
      </trkpt>
      <trkpt lat="25.85912975482642650604248046875" lon="119.571036882698535919189453125">
        <ele>18.200000762939453125</ele>
        <time>2025-06-21T09:53:46.000Z</time>
        <extensions>
          <ns3:TrackPointExtension>
            <ns3:atemp>33.0</ns3:atemp>
            <ns3:hr>144</ns3:hr>
            <ns3:cad>85</ns3:cad>
          </ns3:TrackPointExtension>
        </extensions>
      </trkpt>
      <trkpt lat="25.859110057353973388671875" lon="119.5710217952728271484375">
        <ele>18.3999996185302734375</ele>
        <time>2025-06-21T09:53:47.000Z</time>
        <extensions>
          <ns3:TrackPointExtension>
            <ns3:atemp>33.0</ns3:atemp>
            <ns3:hr>144</ns3:hr>
            <ns3:cad>85</ns3:cad>
          </ns3:TrackPointExtension>
        </extensions>
      </trkpt>
      <trkpt lat="25.85909069515764713287353515625" lon="119.5710082165896892547607421875">
        <ele>18.3999996185302734375</ele>
        <time>2025-06-21T09:53:48.000Z</time>
        <extensions>
          <ns3:TrackPointExtension>
            <ns3:atemp>33.0</ns3:atemp>
            <ns3:hr>144</ns3:hr>
            <ns3:cad>85</ns3:cad>
          </ns3:TrackPointExtension>
        </extensions>
      </trkpt>
      <trkpt lat="25.85906722582876682281494140625" lon="119.5709989964962005615234375">
        <ele>18.6000003814697265625</ele>
        <time>2025-06-21T09:53:49.000Z</time>
        <extensions>
          <ns3:TrackPointExtension>
            <ns3:atemp>33.0</ns3:atemp>
            <ns3:hr>145</ns3:hr>
            <ns3:cad>85</ns3:cad>
          </ns3:TrackPointExtension>
        </extensions>
      </trkpt>
      <trkpt lat="25.859041325747966766357421875" lon="119.57098248414695262908935546875">
        <ele>18.6000003814697265625</ele>
        <time>2025-06-21T09:53:50.000Z</time>
        <extensions>
          <ns3:TrackPointExtension>
            <ns3:atemp>33.0</ns3:atemp>
            <ns3:hr>145</ns3:hr>
            <ns3:cad>85</ns3:cad>
          </ns3:TrackPointExtension>
        </extensions>
      </trkpt>
      <trkpt lat="25.8590260706841945648193359375" lon="119.57097644917666912078857421875">
        <ele>18.799999237060546875</ele>
        <time>2025-06-21T09:53:51.000Z</time>
        <extensions>
          <ns3:TrackPointExtension>
            <ns3:atemp>33.0</ns3:atemp>
            <ns3:hr>145</ns3:hr>
            <ns3:cad>85</ns3:cad>
          </ns3:TrackPointExtension>
        </extensions>
      </trkpt>
      <trkpt lat="25.8589965663850307464599609375" lon="119.57096085883677005767822265625">
        <ele>18.799999237060546875</ele>
        <time>2025-06-21T09:53:52.000Z</time>
        <extensions>
          <ns3:TrackPointExtension>
            <ns3:atemp>33.0</ns3:atemp>
            <ns3:hr>145</ns3:hr>
            <ns3:cad>85</ns3:cad>
          </ns3:TrackPointExtension>
        </extensions>
      </trkpt>
      <trkpt lat="25.8589804731309413909912109375" lon="119.57095432095229625701904296875">
        <ele>18.799999237060546875</ele>
        <time>2025-06-21T09:53:53.000Z</time>
        <extensions>
          <ns3:TrackPointExtension>
            <ns3:atemp>33.0</ns3:atemp>
            <ns3:hr>144</ns3:hr>
            <ns3:cad>85</ns3:cad>
          </ns3:TrackPointExtension>
        </extensions>
      </trkpt>
      <trkpt lat="25.85896027274429798126220703125" lon="119.570942334830760955810546875">
        <ele>18.799999237060546875</ele>
        <time>2025-06-21T09:53:54.000Z</time>
        <extensions>
          <ns3:TrackPointExtension>
            <ns3:atemp>33.0</ns3:atemp>
            <ns3:hr>145</ns3:hr>
            <ns3:cad>86</ns3:cad>
          </ns3:TrackPointExtension>
        </extensions>
      </trkpt>
      <trkpt lat="25.85894619114696979522705078125" lon="119.5709254033863544464111328125">
        <ele>18.6000003814697265625</ele>
        <time>2025-06-21T09:53:55.000Z</time>
        <extensions>
          <ns3:TrackPointExtension>
            <ns3:atemp>33.0</ns3:atemp>
            <ns3:hr>145</ns3:hr>
            <ns3:cad>86</ns3:cad>
          </ns3:TrackPointExtension>
        </extensions>
      </trkpt>
      <trkpt lat="25.858930684626102447509765625" lon="119.570908807218074798583984375">
        <ele>18.6000003814697265625</ele>
        <time>2025-06-21T09:53:56.000Z</time>
        <extensions>
          <ns3:TrackPointExtension>
            <ns3:atemp>33.0</ns3:atemp>
            <ns3:hr>144</ns3:hr>
            <ns3:cad>86</ns3:cad>
          </ns3:TrackPointExtension>
        </extensions>
      </trkpt>
      <trkpt lat="25.858909226953983306884765625" lon="119.57089128904044628143310546875">
        <ele>18.3999996185302734375</ele>
        <time>2025-06-21T09:53:57.000Z</time>
        <extensions>
          <ns3:TrackPointExtension>
            <ns3:atemp>33.0</ns3:atemp>
            <ns3:hr>145</ns3:hr>
            <ns3:cad>85</ns3:cad>
          </ns3:TrackPointExtension>
        </extensions>
      </trkpt>
      <trkpt lat="25.85889422334730625152587890625" lon="119.5708858408033847808837890625">
        <ele>18.3999996185302734375</ele>
        <time>2025-06-21T09:53:58.000Z</time>
        <extensions>
          <ns3:TrackPointExtension>
            <ns3:atemp>33.0</ns3:atemp>
            <ns3:hr>145</ns3:hr>
            <ns3:cad>85</ns3:cad>
          </ns3:TrackPointExtension>
        </extensions>
      </trkpt>
      <trkpt lat="25.85886798799037933349609375" lon="119.570865891873836517333984375">
        <ele>18.3999996185302734375</ele>
        <time>2025-06-21T09:53:59.000Z</time>
        <extensions>
          <ns3:TrackPointExtension>
            <ns3:atemp>33.0</ns3:atemp>
            <ns3:hr>144</ns3:hr>
            <ns3:cad>85</ns3:cad>
          </ns3:TrackPointExtension>
        </extensions>
      </trkpt>
      <trkpt lat="25.85884896107017993927001953125" lon="119.5708643831312656402587890625">
        <ele>18.3999996185302734375</ele>
        <time>2025-06-21T09:54:00.000Z</time>
        <extensions>
          <ns3:TrackPointExtension>
            <ns3:atemp>33.0</ns3:atemp>
            <ns3:hr>145</ns3:hr>
            <ns3:cad>85</ns3:cad>
          </ns3:TrackPointExtension>
        </extensions>
      </trkpt>
      <trkpt lat="25.8588279224932193756103515625" lon="119.57085491158068180084228515625">
        <ele>18.200000762939453125</ele>
        <time>2025-06-21T09:54:01.000Z</time>
        <extensions>
          <ns3:TrackPointExtension>
            <ns3:atemp>33.0</ns3:atemp>
            <ns3:hr>145</ns3:hr>
            <ns3:cad>85</ns3:cad>
          </ns3:TrackPointExtension>
        </extensions>
      </trkpt>
      <trkpt lat="25.858808644115924835205078125" lon="119.5708380639553070068359375">
        <ele>18</ele>
        <time>2025-06-21T09:54:02.000Z</time>
        <extensions>
          <ns3:TrackPointExtension>
            <ns3:atemp>33.0</ns3:atemp>
            <ns3:hr>144</ns3:hr>
            <ns3:cad>85</ns3:cad>
          </ns3:TrackPointExtension>
        </extensions>
      </trkpt>
      <trkpt lat="25.85879364050924777984619140625" lon="119.57082708366215229034423828125">
        <ele>17.799999237060546875</ele>
        <time>2025-06-21T09:54:03.000Z</time>
        <extensions>
          <ns3:TrackPointExtension>
            <ns3:atemp>33.0</ns3:atemp>
            <ns3:hr>144</ns3:hr>
            <ns3:cad>85</ns3:cad>
          </ns3:TrackPointExtension>
        </extensions>
      </trkpt>
      <trkpt lat="25.858774445950984954833984375" lon="119.57080478779971599578857421875">
        <ele>17.6000003814697265625</ele>
        <time>2025-06-21T09:54:04.000Z</time>
        <extensions>
          <ns3:TrackPointExtension>
            <ns3:atemp>33.0</ns3:atemp>
            <ns3:hr>144</ns3:hr>
            <ns3:cad>85</ns3:cad>
          </ns3:TrackPointExtension>
        </extensions>
      </trkpt>
      <trkpt lat="25.858759693801403045654296875" lon="119.57080193795263767242431640625">
        <ele>17.3999996185302734375</ele>
        <time>2025-06-21T09:54:05.000Z</time>
        <extensions>
          <ns3:TrackPointExtension>
            <ns3:atemp>33.0</ns3:atemp>
            <ns3:hr>144</ns3:hr>
            <ns3:cad>85</ns3:cad>
          </ns3:TrackPointExtension>
        </extensions>
      </trkpt>
      <trkpt lat="25.858734883368015289306640625" lon="119.570785425603389739990234375">
        <ele>17.6000003814697265625</ele>
        <time>2025-06-21T09:54:06.000Z</time>
        <extensions>
          <ns3:TrackPointExtension>
            <ns3:atemp>33.0</ns3:atemp>
            <ns3:hr>143</ns3:hr>
            <ns3:cad>85</ns3:cad>
          </ns3:TrackPointExtension>
        </extensions>
      </trkpt>
      <trkpt lat="25.8587162755429744720458984375" lon="119.57077444531023502349853515625">
        <ele>17.6000003814697265625</ele>
        <time>2025-06-21T09:54:07.000Z</time>
        <extensions>
          <ns3:TrackPointExtension>
            <ns3:atemp>33.0</ns3:atemp>
            <ns3:hr>143</ns3:hr>
            <ns3:cad>86</ns3:cad>
          </ns3:TrackPointExtension>
        </extensions>
      </trkpt>
      <trkpt lat="25.85869523696601390838623046875" lon="119.57076338119804859161376953125">
        <ele>17.6000003814697265625</ele>
        <time>2025-06-21T09:54:08.000Z</time>
        <extensions>
          <ns3:TrackPointExtension>
            <ns3:atemp>33.0</ns3:atemp>
            <ns3:hr>143</ns3:hr>
            <ns3:cad>86</ns3:cad>
          </ns3:TrackPointExtension>
        </extensions>
      </trkpt>
      <trkpt lat="25.858675539493560791015625" lon="119.57074142061173915863037109375">
        <ele>17.799999237060546875</ele>
        <time>2025-06-21T09:54:09.000Z</time>
        <extensions>
          <ns3:TrackPointExtension>
            <ns3:atemp>33.0</ns3:atemp>
            <ns3:hr>143</ns3:hr>
            <ns3:cad>86</ns3:cad>
          </ns3:TrackPointExtension>
        </extensions>
      </trkpt>
      <trkpt lat="25.85865701548755168914794921875" lon="119.57073354162275791168212890625">
        <ele>18</ele>
        <time>2025-06-21T09:54:10.000Z</time>
        <extensions>
          <ns3:TrackPointExtension>
            <ns3:atemp>33.0</ns3:atemp>
            <ns3:hr>143</ns3:hr>
            <ns3:cad>86</ns3:cad>
          </ns3:TrackPointExtension>
        </extensions>
      </trkpt>
      <trkpt lat="25.8586384914815425872802734375" lon="119.5707208849489688873291015625">
        <ele>18</ele>
        <time>2025-06-21T09:54:11.000Z</time>
        <extensions>
          <ns3:TrackPointExtension>
            <ns3:atemp>33.0</ns3:atemp>
            <ns3:hr>143</ns3:hr>
            <ns3:cad>85</ns3:cad>
          </ns3:TrackPointExtension>
        </extensions>
      </trkpt>
      <trkpt lat="25.85862348787486553192138671875" lon="119.57071744836866855621337890625">
        <ele>18.200000762939453125</ele>
        <time>2025-06-21T09:54:12.000Z</time>
        <extensions>
          <ns3:TrackPointExtension>
            <ns3:atemp>33.0</ns3:atemp>
            <ns3:hr>143</ns3:hr>
            <ns3:cad>85</ns3:cad>
          </ns3:TrackPointExtension>
        </extensions>
      </trkpt>
      <trkpt lat="25.85859884507954120635986328125" lon="119.570703618228435516357421875">
        <ele>18.3999996185302734375</ele>
        <time>2025-06-21T09:54:13.000Z</time>
        <extensions>
          <ns3:TrackPointExtension>
            <ns3:atemp>33.0</ns3:atemp>
            <ns3:hr>142</ns3:hr>
            <ns3:cad>84</ns3:cad>
          </ns3:TrackPointExtension>
        </extensions>
      </trkpt>
      <trkpt lat="25.858578979969024658203125" lon="119.57069464959204196929931640625">
        <ele>18.3999996185302734375</ele>
        <time>2025-06-21T09:54:14.000Z</time>
        <extensions>
          <ns3:TrackPointExtension>
            <ns3:atemp>33.0</ns3:atemp>
            <ns3:hr>142</ns3:hr>
            <ns3:cad>84</ns3:cad>
          </ns3:TrackPointExtension>
        </extensions>
      </trkpt>
      <trkpt lat="25.85855643264949321746826171875" lon="119.5706873573362827301025390625">
        <ele>18.3999996185302734375</ele>
        <time>2025-06-21T09:54:15.000Z</time>
        <extensions>
          <ns3:TrackPointExtension>
            <ns3:atemp>33.0</ns3:atemp>
            <ns3:hr>142</ns3:hr>
            <ns3:cad>84</ns3:cad>
          </ns3:TrackPointExtension>
        </extensions>
      </trkpt>
      <trkpt lat="25.85853396914899349212646484375" lon="119.570667743682861328125">
        <ele>18.3999996185302734375</ele>
        <time>2025-06-21T09:54:16.000Z</time>
        <extensions>
          <ns3:TrackPointExtension>
            <ns3:atemp>33.0</ns3:atemp>
            <ns3:hr>142</ns3:hr>
            <ns3:cad>84</ns3:cad>
          </ns3:TrackPointExtension>
        </extensions>
      </trkpt>
      <trkpt lat="25.858518294990062713623046875" lon="119.57066045142710208892822265625">
        <ele>18.3999996185302734375</ele>
        <time>2025-06-21T09:54:17.000Z</time>
        <extensions>
          <ns3:TrackPointExtension>
            <ns3:atemp>33.0</ns3:atemp>
            <ns3:hr>142</ns3:hr>
            <ns3:cad>85</ns3:cad>
          </ns3:TrackPointExtension>
        </extensions>
      </trkpt>
      <trkpt lat="25.85849021561443805694580078125" lon="119.57064016722142696380615234375">
        <ele>18.200000762939453125</ele>
        <time>2025-06-21T09:54:18.000Z</time>
        <extensions>
          <ns3:TrackPointExtension>
            <ns3:atemp>33.0</ns3:atemp>
            <ns3:hr>142</ns3:hr>
            <ns3:cad>85</ns3:cad>
          </ns3:TrackPointExtension>
        </extensions>
      </trkpt>
      <trkpt lat="25.85847177542746067047119140625" lon="119.57063580863177776336669921875">
        <ele>18.200000762939453125</ele>
        <time>2025-06-21T09:54:19.000Z</time>
        <extensions>
          <ns3:TrackPointExtension>
            <ns3:atemp>33.0</ns3:atemp>
            <ns3:hr>141</ns3:hr>
            <ns3:cad>85</ns3:cad>
          </ns3:TrackPointExtension>
        </extensions>
      </trkpt>
      <trkpt lat="25.85844688117504119873046875" lon="119.5706216432154178619384765625">
        <ele>18</ele>
        <time>2025-06-21T09:54:20.000Z</time>
        <extensions>
          <ns3:TrackPointExtension>
            <ns3:atemp>33.0</ns3:atemp>
            <ns3:hr>142</ns3:hr>
            <ns3:cad>85</ns3:cad>
          </ns3:TrackPointExtension>
        </extensions>
      </trkpt>
      <trkpt lat="25.858429111540317535400390625" lon="119.57061342895030975341796875">
        <ele>17.799999237060546875</ele>
        <time>2025-06-21T09:54:21.000Z</time>
        <extensions>
          <ns3:TrackPointExtension>
            <ns3:atemp>33.0</ns3:atemp>
            <ns3:hr>143</ns3:hr>
            <ns3:cad>85</ns3:cad>
          </ns3:TrackPointExtension>
        </extensions>
      </trkpt>
      <trkpt lat="25.85840874351561069488525390625" lon="119.5706062205135822296142578125">
        <ele>17.799999237060546875</ele>
        <time>2025-06-21T09:54:22.000Z</time>
        <extensions>
          <ns3:TrackPointExtension>
            <ns3:atemp>33.0</ns3:atemp>
            <ns3:hr>143</ns3:hr>
            <ns3:cad>85</ns3:cad>
          </ns3:TrackPointExtension>
        </extensions>
      </trkpt>
      <trkpt lat="25.8583816699683666229248046875" lon="119.570591636002063751220703125">
        <ele>18</ele>
        <time>2025-06-21T09:54:23.000Z</time>
        <extensions>
          <ns3:TrackPointExtension>
            <ns3:atemp>33.0</ns3:atemp>
            <ns3:hr>143</ns3:hr>
            <ns3:cad>85</ns3:cad>
          </ns3:TrackPointExtension>
        </extensions>
      </trkpt>
      <trkpt lat="25.8583628945052623748779296875" lon="119.5705854333937168121337890625">
        <ele>18.200000762939453125</ele>
        <time>2025-06-21T09:54:24.000Z</time>
        <extensions>
          <ns3:TrackPointExtension>
            <ns3:atemp>32.0</ns3:atemp>
            <ns3:hr>143</ns3:hr>
            <ns3:cad>85</ns3:cad>
          </ns3:TrackPointExtension>
        </extensions>
      </trkpt>
      <trkpt lat="25.8583350665867328643798828125" lon="119.57056556828320026397705078125">
        <ele>18.200000762939453125</ele>
        <time>2025-06-21T09:54:25.000Z</time>
        <extensions>
          <ns3:TrackPointExtension>
            <ns3:atemp>32.0</ns3:atemp>
            <ns3:hr>143</ns3:hr>
            <ns3:cad>85</ns3:cad>
          </ns3:TrackPointExtension>
        </extensions>
      </trkpt>
      <trkpt lat="25.85831805132329463958740234375" lon="119.57055710256099700927734375">
        <ele>18.200000762939453125</ele>
        <time>2025-06-21T09:54:26.000Z</time>
        <extensions>
          <ns3:TrackPointExtension>
            <ns3:atemp>33.0</ns3:atemp>
            <ns3:hr>143</ns3:hr>
            <ns3:cad>85</ns3:cad>
          </ns3:TrackPointExtension>
        </extensions>
      </trkpt>
      <trkpt lat="25.8582951687276363372802734375" lon="119.57054209895431995391845703125">
        <ele>18.3999996185302734375</ele>
        <time>2025-06-21T09:54:27.000Z</time>
        <extensions>
          <ns3:TrackPointExtension>
            <ns3:atemp>33.0</ns3:atemp>
            <ns3:hr>143</ns3:hr>
            <ns3:cad>85</ns3:cad>
          </ns3:TrackPointExtension>
        </extensions>
      </trkpt>
      <trkpt lat="25.85827765055000782012939453125" lon="119.57052516750991344451904296875">
        <ele>18.3999996185302734375</ele>
        <time>2025-06-21T09:54:28.000Z</time>
        <extensions>
          <ns3:TrackPointExtension>
            <ns3:atemp>32.0</ns3:atemp>
            <ns3:hr>143</ns3:hr>
            <ns3:cad>85</ns3:cad>
          </ns3:TrackPointExtension>
        </extensions>
      </trkpt>
      <trkpt lat="25.8582576178014278411865234375" lon="119.5705170370638370513916015625">
        <ele>18.200000762939453125</ele>
        <time>2025-06-21T09:54:29.000Z</time>
        <extensions>
          <ns3:TrackPointExtension>
            <ns3:atemp>33.0</ns3:atemp>
            <ns3:hr>143</ns3:hr>
            <ns3:cad>85</ns3:cad>
          </ns3:TrackPointExtension>
        </extensions>
      </trkpt>
      <trkpt lat="25.85823171772062778472900390625" lon="119.570496082305908203125">
        <ele>18.200000762939453125</ele>
        <time>2025-06-21T09:54:30.000Z</time>
        <extensions>
          <ns3:TrackPointExtension>
            <ns3:atemp>33.0</ns3:atemp>
            <ns3:hr>143</ns3:hr>
            <ns3:cad>85</ns3:cad>
          </ns3:TrackPointExtension>
        </extensions>
      </trkpt>
      <trkpt lat="25.858216546475887298583984375" lon="119.570496082305908203125">
        <ele>18.3999996185302734375</ele>
        <time>2025-06-21T09:54:31.000Z</time>
        <extensions>
          <ns3:TrackPointExtension>
            <ns3:atemp>33.0</ns3:atemp>
            <ns3:hr>143</ns3:hr>
            <ns3:cad>85</ns3:cad>
          </ns3:TrackPointExtension>
        </extensions>
      </trkpt>
      <trkpt lat="25.85819232277572154998779296875" lon="119.57047537900507450103759765625">
        <ele>18.200000762939453125</ele>
        <time>2025-06-21T09:54:32.000Z</time>
        <extensions>
          <ns3:TrackPointExtension>
            <ns3:atemp>33.0</ns3:atemp>
            <ns3:hr>143</ns3:hr>
            <ns3:cad>85</ns3:cad>
          </ns3:TrackPointExtension>
        </extensions>
      </trkpt>
      <trkpt lat="25.8581727929413318634033203125" lon="119.570462219417095184326171875">
        <ele>18.200000762939453125</ele>
        <time>2025-06-21T09:54:33.000Z</time>
        <extensions>
          <ns3:TrackPointExtension>
            <ns3:atemp>33.0</ns3:atemp>
            <ns3:hr>144</ns3:hr>
            <ns3:cad>85</ns3:cad>
          </ns3:TrackPointExtension>
        </extensions>
      </trkpt>
      <trkpt lat="25.85815594531595706939697265625" lon="119.57045090384781360626220703125">
        <ele>18.200000762939453125</ele>
        <time>2025-06-21T09:54:34.000Z</time>
        <extensions>
          <ns3:TrackPointExtension>
            <ns3:atemp>33.0</ns3:atemp>
            <ns3:hr>144</ns3:hr>
            <ns3:cad>85</ns3:cad>
          </ns3:TrackPointExtension>
        </extensions>
      </trkpt>
      <trkpt lat="25.85813348181545734405517578125" lon="119.57043145783245563507080078125">
        <ele>18.200000762939453125</ele>
        <time>2025-06-21T09:54:35.000Z</time>
        <extensions>
          <ns3:TrackPointExtension>
            <ns3:atemp>33.0</ns3:atemp>
            <ns3:hr>144</ns3:hr>
            <ns3:cad>85</ns3:cad>
          </ns3:TrackPointExtension>
        </extensions>
      </trkpt>
      <trkpt lat="25.85811839438974857330322265625" lon="119.57042307592928409576416015625">
        <ele>18.200000762939453125</ele>
        <time>2025-06-21T09:54:36.000Z</time>
        <extensions>
          <ns3:TrackPointExtension>
            <ns3:atemp>33.0</ns3:atemp>
            <ns3:hr>144</ns3:hr>
            <ns3:cad>85</ns3:cad>
          </ns3:TrackPointExtension>
        </extensions>
      </trkpt>
      <trkpt lat="25.85809014737606048583984375" lon="119.57040421664714813232421875">
        <ele>18.200000762939453125</ele>
        <time>2025-06-21T09:54:37.000Z</time>
        <extensions>
          <ns3:TrackPointExtension>
            <ns3:atemp>33.0</ns3:atemp>
            <ns3:hr>145</ns3:hr>
            <ns3:cad>85</ns3:cad>
          </ns3:TrackPointExtension>
        </extensions>
      </trkpt>
      <trkpt lat="25.85806843824684619903564453125" lon="119.5703976787626743316650390625">
        <ele>18.3999996185302734375</ele>
        <time>2025-06-21T09:54:38.000Z</time>
        <extensions>
          <ns3:TrackPointExtension>
            <ns3:atemp>33.0</ns3:atemp>
            <ns3:hr>145</ns3:hr>
            <ns3:cad>85</ns3:cad>
          </ns3:TrackPointExtension>
        </extensions>
      </trkpt>
      <trkpt lat="25.8580440469086170196533203125" lon="119.57038410007953643798828125">
        <ele>18.3999996185302734375</ele>
        <time>2025-06-21T09:54:39.000Z</time>
        <extensions>
          <ns3:TrackPointExtension>
            <ns3:atemp>33.0</ns3:atemp>
            <ns3:hr>145</ns3:hr>
            <ns3:cad>85</ns3:cad>
          </ns3:TrackPointExtension>
        </extensions>
      </trkpt>
      <trkpt lat="25.85802552290260791778564453125" lon="119.570362977683544158935546875">
        <ele>18.3999996185302734375</ele>
        <time>2025-06-21T09:54:40.000Z</time>
        <extensions>
          <ns3:TrackPointExtension>
            <ns3:atemp>33.0</ns3:atemp>
            <ns3:hr>144</ns3:hr>
            <ns3:cad>85</ns3:cad>
          </ns3:TrackPointExtension>
        </extensions>
      </trkpt>
      <trkpt lat="25.85800574161112308502197265625" lon="119.57035325467586517333984375">
        <ele>18.3999996185302734375</ele>
        <time>2025-06-21T09:54:41.000Z</time>
        <extensions>
          <ns3:TrackPointExtension>
            <ns3:atemp>33.0</ns3:atemp>
            <ns3:hr>145</ns3:hr>
            <ns3:cad>85</ns3:cad>
          </ns3:TrackPointExtension>
        </extensions>
      </trkpt>
      <trkpt lat="25.857977159321308135986328125" lon="119.57033238373696804046630859375">
        <ele>18.3999996185302734375</ele>
        <time>2025-06-21T09:54:42.000Z</time>
        <extensions>
          <ns3:TrackPointExtension>
            <ns3:atemp>33.0</ns3:atemp>
            <ns3:hr>145</ns3:hr>
            <ns3:cad>85</ns3:cad>
          </ns3:TrackPointExtension>
        </extensions>
      </trkpt>
      <trkpt lat="25.85795695893466472625732421875" lon="119.57032240927219390869140625">
        <ele>18.6000003814697265625</ele>
        <time>2025-06-21T09:54:43.000Z</time>
        <extensions>
          <ns3:TrackPointExtension>
            <ns3:atemp>33.0</ns3:atemp>
            <ns3:hr>145</ns3:hr>
            <ns3:cad>85</ns3:cad>
          </ns3:TrackPointExtension>
        </extensions>
      </trkpt>
      <trkpt lat="25.85793097503483295440673828125" lon="119.57030505873262882232666015625">
        <ele>18.6000003814697265625</ele>
        <time>2025-06-21T09:54:44.000Z</time>
        <extensions>
          <ns3:TrackPointExtension>
            <ns3:atemp>33.0</ns3:atemp>
            <ns3:hr>146</ns3:hr>
            <ns3:cad>85</ns3:cad>
          </ns3:TrackPointExtension>
        </extensions>
      </trkpt>
      <trkpt lat="25.85791085846722126007080078125" lon="119.57029868848621845245361328125">
        <ele>18.6000003814697265625</ele>
        <time>2025-06-21T09:54:45.000Z</time>
        <extensions>
          <ns3:TrackPointExtension>
            <ns3:atemp>33.0</ns3:atemp>
            <ns3:hr>146</ns3:hr>
            <ns3:cad>85</ns3:cad>
          </ns3:TrackPointExtension>
        </extensions>
      </trkpt>
      <trkpt lat="25.85788839496672153472900390625" lon="119.570294581353664398193359375">
        <ele>18.6000003814697265625</ele>
        <time>2025-06-21T09:54:46.000Z</time>
        <extensions>
          <ns3:TrackPointExtension>
            <ns3:atemp>33.0</ns3:atemp>
            <ns3:hr>146</ns3:hr>
            <ns3:cad>84</ns3:cad>
          </ns3:TrackPointExtension>
        </extensions>
      </trkpt>
      <trkpt lat="25.8578606508672237396240234375" lon="119.570281840860843658447265625">
        <ele>18.6000003814697265625</ele>
        <time>2025-06-21T09:54:47.000Z</time>
        <extensions>
          <ns3:TrackPointExtension>
            <ns3:atemp>33.0</ns3:atemp>
            <ns3:hr>146</ns3:hr>
            <ns3:cad>84</ns3:cad>
          </ns3:TrackPointExtension>
        </extensions>
      </trkpt>
      <trkpt lat="25.8578428812325000762939453125" lon="119.5702709443867206573486328125">
        <ele>18.6000003814697265625</ele>
        <time>2025-06-21T09:54:48.000Z</time>
        <extensions>
          <ns3:TrackPointExtension>
            <ns3:atemp>33.0</ns3:atemp>
            <ns3:hr>146</ns3:hr>
            <ns3:cad>84</ns3:cad>
          </ns3:TrackPointExtension>
        </extensions>
      </trkpt>
      <trkpt lat="25.85781848989427089691162109375" lon="119.5702551864087581634521484375">
        <ele>18.6000003814697265625</ele>
        <time>2025-06-21T09:54:49.000Z</time>
        <extensions>
          <ns3:TrackPointExtension>
            <ns3:atemp>33.0</ns3:atemp>
            <ns3:hr>146</ns3:hr>
            <ns3:cad>84</ns3:cad>
          </ns3:TrackPointExtension>
        </extensions>
      </trkpt>
      <trkpt lat="25.8578036539256572723388671875" lon="119.57024755887687206268310546875">
        <ele>18.6000003814697265625</ele>
        <time>2025-06-21T09:54:50.000Z</time>
        <extensions>
          <ns3:TrackPointExtension>
            <ns3:atemp>33.0</ns3:atemp>
            <ns3:hr>146</ns3:hr>
            <ns3:cad>84</ns3:cad>
          </ns3:TrackPointExtension>
        </extensions>
      </trkpt>
      <trkpt lat="25.85778144188225269317626953125" lon="119.5702380873262882232666015625">
        <ele>18.6000003814697265625</ele>
        <time>2025-06-21T09:54:51.000Z</time>
        <extensions>
          <ns3:TrackPointExtension>
            <ns3:atemp>33.0</ns3:atemp>
            <ns3:hr>146</ns3:hr>
            <ns3:cad>84</ns3:cad>
          </ns3:TrackPointExtension>
        </extensions>
      </trkpt>
      <trkpt lat="25.857757218182086944580078125" lon="119.57023532129824161529541015625">
        <ele>18.6000003814697265625</ele>
        <time>2025-06-21T09:54:52.000Z</time>
        <extensions>
          <ns3:TrackPointExtension>
            <ns3:atemp>33.0</ns3:atemp>
            <ns3:hr>146</ns3:hr>
            <ns3:cad>84</ns3:cad>
          </ns3:TrackPointExtension>
        </extensions>
      </trkpt>
      <trkpt lat="25.8577302284538745880126953125" lon="119.570243619382381439208984375">
        <ele>18.6000003814697265625</ele>
        <time>2025-06-21T09:54:53.000Z</time>
        <extensions>
          <ns3:TrackPointExtension>
            <ns3:atemp>33.0</ns3:atemp>
            <ns3:hr>146</ns3:hr>
            <ns3:cad>85</ns3:cad>
          </ns3:TrackPointExtension>
        </extensions>
      </trkpt>
      <trkpt lat="25.857696868479251861572265625" lon="119.5702400989830493927001953125">
        <ele>18.6000003814697265625</ele>
        <time>2025-06-21T09:54:54.000Z</time>
        <extensions>
          <ns3:TrackPointExtension>
            <ns3:atemp>33.0</ns3:atemp>
            <ns3:hr>146</ns3:hr>
            <ns3:cad>85</ns3:cad>
          </ns3:TrackPointExtension>
        </extensions>
      </trkpt>
      <trkpt lat="25.85768043994903564453125" lon="119.5702452957630157470703125">
        <ele>18.6000003814697265625</ele>
        <time>2025-06-21T09:54:55.000Z</time>
        <extensions>
          <ns3:TrackPointExtension>
            <ns3:atemp>33.0</ns3:atemp>
            <ns3:hr>146</ns3:hr>
            <ns3:cad>85</ns3:cad>
          </ns3:TrackPointExtension>
        </extensions>
      </trkpt>
      <trkpt lat="25.85765571333467960357666015625" lon="119.57023666240274906158447265625">
        <ele>18.6000003814697265625</ele>
        <time>2025-06-21T09:54:56.000Z</time>
        <extensions>
          <ns3:TrackPointExtension>
            <ns3:atemp>33.0</ns3:atemp>
            <ns3:hr>146</ns3:hr>
            <ns3:cad>85</ns3:cad>
          </ns3:TrackPointExtension>
        </extensions>
      </trkpt>
      <trkpt lat="25.85763207636773586273193359375" lon="119.57023817114531993865966796875">
        <ele>18.6000003814697265625</ele>
        <time>2025-06-21T09:54:57.000Z</time>
        <extensions>
          <ns3:TrackPointExtension>
            <ns3:atemp>33.0</ns3:atemp>
            <ns3:hr>146</ns3:hr>
            <ns3:cad>85</ns3:cad>
          </ns3:TrackPointExtension>
        </extensions>
      </trkpt>
      <trkpt lat="25.85760726593434810638427734375" lon="119.5702374167740345001220703125">
        <ele>18.6000003814697265625</ele>
        <time>2025-06-21T09:54:58.000Z</time>
        <extensions>
          <ns3:TrackPointExtension>
            <ns3:atemp>33.0</ns3:atemp>
            <ns3:hr>146</ns3:hr>
            <ns3:cad>85</ns3:cad>
          </ns3:TrackPointExtension>
        </extensions>
      </trkpt>
      <trkpt lat="25.85757658816874027252197265625" lon="119.570226855576038360595703125">
        <ele>18.3999996185302734375</ele>
        <time>2025-06-21T09:54:59.000Z</time>
        <extensions>
          <ns3:TrackPointExtension>
            <ns3:atemp>33.0</ns3:atemp>
            <ns3:hr>146</ns3:hr>
            <ns3:cad>84</ns3:cad>
          </ns3:TrackPointExtension>
        </extensions>
      </trkpt>
      <trkpt lat="25.8575565554201602935791015625" lon="119.57022450864315032958984375">
        <ele>18.3999996185302734375</ele>
        <time>2025-06-21T09:55:00.000Z</time>
        <extensions>
          <ns3:TrackPointExtension>
            <ns3:atemp>33.0</ns3:atemp>
            <ns3:hr>146</ns3:hr>
            <ns3:cad>84</ns3:cad>
          </ns3:TrackPointExtension>
        </extensions>
      </trkpt>
      <trkpt lat="25.85753082297742366790771484375" lon="119.5702166296541690826416015625">
        <ele>18.6000003814697265625</ele>
        <time>2025-06-21T09:55:01.000Z</time>
        <extensions>
          <ns3:TrackPointExtension>
            <ns3:atemp>33.0</ns3:atemp>
            <ns3:hr>146</ns3:hr>
            <ns3:cad>85</ns3:cad>
          </ns3:TrackPointExtension>
        </extensions>
      </trkpt>
      <trkpt lat="25.85751389153301715850830078125" lon="119.57020900212228298187255859375">
        <ele>18.6000003814697265625</ele>
        <time>2025-06-21T09:55:02.000Z</time>
        <extensions>
          <ns3:TrackPointExtension>
            <ns3:atemp>33.0</ns3:atemp>
            <ns3:hr>146</ns3:hr>
            <ns3:cad>85</ns3:cad>
          </ns3:TrackPointExtension>
        </extensions>
      </trkpt>
      <trkpt lat="25.85749293677508831024169921875" lon="119.57019902765750885009765625">
        <ele>18.3999996185302734375</ele>
        <time>2025-06-21T09:55:03.000Z</time>
        <extensions>
          <ns3:TrackPointExtension>
            <ns3:atemp>33.0</ns3:atemp>
            <ns3:hr>146</ns3:hr>
            <ns3:cad>85</ns3:cad>
          </ns3:TrackPointExtension>
        </extensions>
      </trkpt>
      <trkpt lat="25.8574697189033031463623046875" lon="119.57018050365149974822998046875">
        <ele>18.3999996185302734375</ele>
        <time>2025-06-21T09:55:04.000Z</time>
        <extensions>
          <ns3:TrackPointExtension>
            <ns3:atemp>33.0</ns3:atemp>
            <ns3:hr>146</ns3:hr>
            <ns3:cad>85</ns3:cad>
          </ns3:TrackPointExtension>
        </extensions>
      </trkpt>
      <trkpt lat="25.857453458011150360107421875" lon="119.57017648033797740936279296875">
        <ele>18.3999996185302734375</ele>
        <time>2025-06-21T09:55:05.000Z</time>
        <extensions>
          <ns3:TrackPointExtension>
            <ns3:atemp>33.0</ns3:atemp>
            <ns3:hr>146</ns3:hr>
            <ns3:cad>85</ns3:cad>
          </ns3:TrackPointExtension>
        </extensions>
      </trkpt>
      <trkpt lat="25.85742940194904804229736328125" lon="119.57016508094966411590576171875">
        <ele>18.3999996185302734375</ele>
        <time>2025-06-21T09:55:06.000Z</time>
        <extensions>
          <ns3:TrackPointExtension>
            <ns3:atemp>33.0</ns3:atemp>
            <ns3:hr>146</ns3:hr>
            <ns3:cad>85</ns3:cad>
          </ns3:TrackPointExtension>
        </extensions>
      </trkpt>
      <trkpt lat="25.85741431452333927154541015625" lon="119.57015586085617542266845703125">
        <ele>18.6000003814697265625</ele>
        <time>2025-06-21T09:55:07.000Z</time>
        <extensions>
          <ns3:TrackPointExtension>
            <ns3:atemp>33.0</ns3:atemp>
            <ns3:hr>146</ns3:hr>
            <ns3:cad>84</ns3:cad>
          </ns3:TrackPointExtension>
        </extensions>
      </trkpt>
      <trkpt lat="25.8573999814689159393310546875" lon="119.57015200518071651458740234375">
        <ele>18.6000003814697265625</ele>
        <time>2025-06-21T09:55:08.000Z</time>
        <extensions>
          <ns3:TrackPointExtension>
            <ns3:atemp>33.0</ns3:atemp>
            <ns3:hr>146</ns3:hr>
            <ns3:cad>84</ns3:cad>
          </ns3:TrackPointExtension>
        </extensions>
      </trkpt>
      <trkpt lat="25.85738212801516056060791015625" lon="119.57013666629791259765625">
        <ele>18.799999237060546875</ele>
        <time>2025-06-21T09:55:09.000Z</time>
        <extensions>
          <ns3:TrackPointExtension>
            <ns3:atemp>33.0</ns3:atemp>
            <ns3:hr>146</ns3:hr>
            <ns3:cad>84</ns3:cad>
          </ns3:TrackPointExtension>
        </extensions>
      </trkpt>
      <trkpt lat="25.8573724888265132904052734375" lon="119.57012032158672809600830078125">
        <ele>18.799999237060546875</ele>
        <time>2025-06-21T09:55:10.000Z</time>
        <extensions>
          <ns3:TrackPointExtension>
            <ns3:atemp>33.0</ns3:atemp>
            <ns3:hr>146</ns3:hr>
            <ns3:cad>84</ns3:cad>
          </ns3:TrackPointExtension>
        </extensions>
      </trkpt>
      <trkpt lat="25.85735865868628025054931640625" lon="119.5701033063232898712158203125">
        <ele>18.799999237060546875</ele>
        <time>2025-06-21T09:55:11.000Z</time>
        <extensions>
          <ns3:TrackPointExtension>
            <ns3:atemp>33.0</ns3:atemp>
            <ns3:hr>146</ns3:hr>
            <ns3:cad>83</ns3:cad>
          </ns3:TrackPointExtension>
        </extensions>
      </trkpt>
      <trkpt lat="25.85734558291733264923095703125" lon="119.5700751431286334991455078125">
        <ele>18.799999237060546875</ele>
        <time>2025-06-21T09:55:12.000Z</time>
        <extensions>
          <ns3:TrackPointExtension>
            <ns3:atemp>33.0</ns3:atemp>
            <ns3:hr>146</ns3:hr>
            <ns3:cad>82</ns3:cad>
          </ns3:TrackPointExtension>
        </extensions>
      </trkpt>
      <trkpt lat="25.85733183659613132476806640625" lon="119.57005259580910205841064453125">
        <ele>18.799999237060546875</ele>
        <time>2025-06-21T09:55:13.000Z</time>
        <extensions>
          <ns3:TrackPointExtension>
            <ns3:atemp>33.0</ns3:atemp>
            <ns3:hr>146</ns3:hr>
            <ns3:cad>82</ns3:cad>
          </ns3:TrackPointExtension>
        </extensions>
      </trkpt>
      <trkpt lat="25.85731205530464649200439453125" lon="119.5700194872915744781494140625">
        <ele>18.799999237060546875</ele>
        <time>2025-06-21T09:55:14.000Z</time>
        <extensions>
          <ns3:TrackPointExtension>
            <ns3:atemp>33.0</ns3:atemp>
            <ns3:hr>147</ns3:hr>
            <ns3:cad>83</ns3:cad>
          </ns3:TrackPointExtension>
        </extensions>
      </trkpt>
      <trkpt lat="25.85730099119246006011962890625" lon="119.57000297494232654571533203125">
        <ele>18.799999237060546875</ele>
        <time>2025-06-21T09:55:15.000Z</time>
        <extensions>
          <ns3:TrackPointExtension>
            <ns3:atemp>33.0</ns3:atemp>
            <ns3:hr>146</ns3:hr>
            <ns3:cad>83</ns3:cad>
          </ns3:TrackPointExtension>
        </extensions>
      </trkpt>
      <trkpt lat="25.85728422738611698150634765625" lon="119.56998503766953945159912109375">
        <ele>18.6000003814697265625</ele>
        <time>2025-06-21T09:55:16.000Z</time>
        <extensions>
          <ns3:TrackPointExtension>
            <ns3:atemp>33.0</ns3:atemp>
            <ns3:hr>146</ns3:hr>
            <ns3:cad>83</ns3:cad>
          </ns3:TrackPointExtension>
        </extensions>
      </trkpt>
      <trkpt lat="25.85727483965456485748291015625" lon="119.5699621550738811492919921875">
        <ele>18.6000003814697265625</ele>
        <time>2025-06-21T09:55:17.000Z</time>
        <extensions>
          <ns3:TrackPointExtension>
            <ns3:atemp>33.0</ns3:atemp>
            <ns3:hr>146</ns3:hr>
            <ns3:cad>83</ns3:cad>
          </ns3:TrackPointExtension>
        </extensions>
      </trkpt>
      <trkpt lat="25.85725723765790462493896484375" lon="119.56994279287755489349365234375">
        <ele>18.6000003814697265625</ele>
        <time>2025-06-21T09:55:18.000Z</time>
        <extensions>
          <ns3:TrackPointExtension>
            <ns3:atemp>33.0</ns3:atemp>
            <ns3:hr>145</ns3:hr>
            <ns3:cad>83</ns3:cad>
          </ns3:TrackPointExtension>
        </extensions>
      </trkpt>
      <trkpt lat="25.85723980329930782318115234375" lon="119.5699108578264713287353515625">
        <ele>18.6000003814697265625</ele>
        <time>2025-06-21T09:55:19.000Z</time>
        <extensions>
          <ns3:TrackPointExtension>
            <ns3:atemp>32.0</ns3:atemp>
            <ns3:hr>145</ns3:hr>
            <ns3:cad>84</ns3:cad>
          </ns3:TrackPointExtension>
        </extensions>
      </trkpt>
      <trkpt lat="25.85722806863486766815185546875" lon="119.56990356557071208953857421875">
        <ele>18.6000003814697265625</ele>
        <time>2025-06-21T09:55:20.000Z</time>
        <extensions>
          <ns3:TrackPointExtension>
            <ns3:atemp>33.0</ns3:atemp>
            <ns3:hr>145</ns3:hr>
            <ns3:cad>84</ns3:cad>
          </ns3:TrackPointExtension>
        </extensions>
      </trkpt>
      <trkpt lat="25.8572051860392093658447265625" lon="119.56988613121211528778076171875">
        <ele>18.6000003814697265625</ele>
        <time>2025-06-21T09:55:21.000Z</time>
        <extensions>
          <ns3:TrackPointExtension>
            <ns3:atemp>33.0</ns3:atemp>
            <ns3:hr>145</ns3:hr>
            <ns3:cad>84</ns3:cad>
          </ns3:TrackPointExtension>
        </extensions>
      </trkpt>
      <trkpt lat="25.8571867458522319793701171875" lon="119.56986769102513790130615234375">
        <ele>18.6000003814697265625</ele>
        <time>2025-06-21T09:55:22.000Z</time>
        <extensions>
          <ns3:TrackPointExtension>
            <ns3:atemp>33.0</ns3:atemp>
            <ns3:hr>145</ns3:hr>
            <ns3:cad>84</ns3:cad>
          </ns3:TrackPointExtension>
        </extensions>
      </trkpt>
      <trkpt lat="25.85716822184622287750244140625" lon="119.56985897384583950042724609375">
        <ele>18.6000003814697265625</ele>
        <time>2025-06-21T09:55:23.000Z</time>
        <extensions>
          <ns3:TrackPointExtension>
            <ns3:atemp>33.0</ns3:atemp>
            <ns3:hr>145</ns3:hr>
            <ns3:cad>84</ns3:cad>
          </ns3:TrackPointExtension>
        </extensions>
      </trkpt>
      <trkpt lat="25.85715145803987979888916015625" lon="119.56984019838273525238037109375">
        <ele>18.6000003814697265625</ele>
        <time>2025-06-21T09:55:24.000Z</time>
        <extensions>
          <ns3:TrackPointExtension>
            <ns3:atemp>33.0</ns3:atemp>
            <ns3:hr>145</ns3:hr>
            <ns3:cad>83</ns3:cad>
          </ns3:TrackPointExtension>
        </extensions>
      </trkpt>
      <trkpt lat="25.85713821463286876678466796875" lon="119.5698374323546886444091796875">
        <ele>18.6000003814697265625</ele>
        <time>2025-06-21T09:55:25.000Z</time>
        <extensions>
          <ns3:TrackPointExtension>
            <ns3:atemp>33.0</ns3:atemp>
            <ns3:hr>145</ns3:hr>
            <ns3:cad>83</ns3:cad>
          </ns3:TrackPointExtension>
        </extensions>
      </trkpt>
      <trkpt lat="25.85711373947560787200927734375" lon="119.56982092000544071197509765625">
        <ele>18.6000003814697265625</ele>
        <time>2025-06-21T09:55:26.000Z</time>
        <extensions>
          <ns3:TrackPointExtension>
            <ns3:atemp>33.0</ns3:atemp>
            <ns3:hr>145</ns3:hr>
            <ns3:cad>83</ns3:cad>
          </ns3:TrackPointExtension>
        </extensions>
      </trkpt>
      <trkpt lat="25.85709563456475734710693359375" lon="119.569809101521968841552734375">
        <ele>18.6000003814697265625</ele>
        <time>2025-06-21T09:55:27.000Z</time>
        <extensions>
          <ns3:TrackPointExtension>
            <ns3:atemp>33.0</ns3:atemp>
            <ns3:hr>145</ns3:hr>
            <ns3:cad>83</ns3:cad>
          </ns3:TrackPointExtension>
        </extensions>
      </trkpt>
      <trkpt lat="25.85708029568195343017578125" lon="119.56979946233332157135009765625">
        <ele>18.6000003814697265625</ele>
        <time>2025-06-21T09:55:28.000Z</time>
        <extensions>
          <ns3:TrackPointExtension>
            <ns3:atemp>33.0</ns3:atemp>
            <ns3:hr>145</ns3:hr>
            <ns3:cad>83</ns3:cad>
          </ns3:TrackPointExtension>
        </extensions>
      </trkpt>
      <trkpt lat="25.85706311278045177459716796875" lon="119.569785296916961669921875">
        <ele>18.799999237060546875</ele>
        <time>2025-06-21T09:55:29.000Z</time>
        <extensions>
          <ns3:TrackPointExtension>
            <ns3:atemp>33.0</ns3:atemp>
            <ns3:hr>144</ns3:hr>
            <ns3:cad>83</ns3:cad>
          </ns3:TrackPointExtension>
        </extensions>
      </trkpt>
      <trkpt lat="25.85704685188829898834228515625" lon="119.56977699883282184600830078125">
        <ele>18.799999237060546875</ele>
        <time>2025-06-21T09:55:30.000Z</time>
        <extensions>
          <ns3:TrackPointExtension>
            <ns3:atemp>33.0</ns3:atemp>
            <ns3:hr>145</ns3:hr>
            <ns3:cad>83</ns3:cad>
          </ns3:TrackPointExtension>
        </extensions>
      </trkpt>
      <trkpt lat="25.857025645673274993896484375" lon="119.5697636716067790985107421875">
        <ele>18.799999237060546875</ele>
        <time>2025-06-21T09:55:31.000Z</time>
        <extensions>
          <ns3:TrackPointExtension>
            <ns3:atemp>33.0</ns3:atemp>
            <ns3:hr>145</ns3:hr>
            <ns3:cad>83</ns3:cad>
          </ns3:TrackPointExtension>
        </extensions>
      </trkpt>
      <trkpt lat="25.85700930096209049224853515625" lon="119.56974799744784832000732421875">
        <ele>18.799999237060546875</ele>
        <time>2025-06-21T09:55:32.000Z</time>
        <extensions>
          <ns3:TrackPointExtension>
            <ns3:atemp>33.0</ns3:atemp>
            <ns3:hr>144</ns3:hr>
            <ns3:cad>83</ns3:cad>
          </ns3:TrackPointExtension>
        </extensions>
      </trkpt>
      <trkpt lat="25.8569942973554134368896484375" lon="119.5697418786585330963134765625">
        <ele>18.799999237060546875</ele>
        <time>2025-06-21T09:55:33.000Z</time>
        <extensions>
          <ns3:TrackPointExtension>
            <ns3:atemp>33.0</ns3:atemp>
            <ns3:hr>145</ns3:hr>
            <ns3:cad>83</ns3:cad>
          </ns3:TrackPointExtension>
        </extensions>
      </trkpt>
      <trkpt lat="25.85697275586426258087158203125" lon="119.56972871907055377960205078125">
        <ele>18.6000003814697265625</ele>
        <time>2025-06-21T09:55:34.000Z</time>
        <extensions>
          <ns3:TrackPointExtension>
            <ns3:atemp>33.0</ns3:atemp>
            <ns3:hr>146</ns3:hr>
            <ns3:cad>83</ns3:cad>
          </ns3:TrackPointExtension>
        </extensions>
      </trkpt>
      <trkpt lat="25.85695565678179264068603515625" lon="119.56972016952931880950927734375">
        <ele>18.6000003814697265625</ele>
        <time>2025-06-21T09:55:35.000Z</time>
        <extensions>
          <ns3:TrackPointExtension>
            <ns3:atemp>33.0</ns3:atemp>
            <ns3:hr>146</ns3:hr>
            <ns3:cad>82</ns3:cad>
          </ns3:TrackPointExtension>
        </extensions>
      </trkpt>
      <trkpt lat="25.8569339476525783538818359375" lon="119.569707177579402923583984375">
        <ele>18.799999237060546875</ele>
        <time>2025-06-21T09:55:36.000Z</time>
        <extensions>
          <ns3:TrackPointExtension>
            <ns3:atemp>33.0</ns3:atemp>
            <ns3:hr>146</ns3:hr>
            <ns3:cad>81</ns3:cad>
          </ns3:TrackPointExtension>
        </extensions>
      </trkpt>
      <trkpt lat="25.8569151721894741058349609375" lon="119.56968748010694980621337890625">
        <ele>18.799999237060546875</ele>
        <time>2025-06-21T09:55:37.000Z</time>
        <extensions>
          <ns3:TrackPointExtension>
            <ns3:atemp>33.0</ns3:atemp>
            <ns3:hr>146</ns3:hr>
            <ns3:cad>81</ns3:cad>
          </ns3:TrackPointExtension>
        </extensions>
      </trkpt>
      <trkpt lat="25.85689631290733814239501953125" lon="119.56967909820377826690673828125">
        <ele>19</ele>
        <time>2025-06-21T09:55:38.000Z</time>
        <extensions>
          <ns3:TrackPointExtension>
            <ns3:atemp>33.0</ns3:atemp>
            <ns3:hr>146</ns3:hr>
            <ns3:cad>82</ns3:cad>
          </ns3:TrackPointExtension>
        </extensions>
      </trkpt>
      <trkpt lat="25.8568692393600940704345703125" lon="119.56966149620711803436279296875">
        <ele>19.200000762939453125</ele>
        <time>2025-06-21T09:55:39.000Z</time>
        <extensions>
          <ns3:TrackPointExtension>
            <ns3:atemp>33.0</ns3:atemp>
            <ns3:hr>146</ns3:hr>
            <ns3:cad>82</ns3:cad>
          </ns3:TrackPointExtension>
        </extensions>
      </trkpt>
      <trkpt lat="25.85684970952570438385009765625" lon="119.569662921130657196044921875">
        <ele>19.3999996185302734375</ele>
        <time>2025-06-21T09:55:40.000Z</time>
        <extensions>
          <ns3:TrackPointExtension>
            <ns3:atemp>33.0</ns3:atemp>
            <ns3:hr>146</ns3:hr>
            <ns3:cad>84</ns3:cad>
          </ns3:TrackPointExtension>
        </extensions>
      </trkpt>
      <trkpt lat="25.85682791657745838165283203125" lon="119.569664262235164642333984375">
        <ele>19.6000003814697265625</ele>
        <time>2025-06-21T09:55:41.000Z</time>
        <extensions>
          <ns3:TrackPointExtension>
            <ns3:atemp>33.0</ns3:atemp>
            <ns3:hr>147</ns3:hr>
            <ns3:cad>84</ns3:cad>
          </ns3:TrackPointExtension>
        </extensions>
      </trkpt>
      <trkpt lat="25.856803692877292633056640625" lon="119.56965596415102481842041015625">
        <ele>19.799999237060546875</ele>
        <time>2025-06-21T09:55:42.000Z</time>
        <extensions>
          <ns3:TrackPointExtension>
            <ns3:atemp>33.0</ns3:atemp>
            <ns3:hr>147</ns3:hr>
            <ns3:cad>84</ns3:cad>
          </ns3:TrackPointExtension>
        </extensions>
      </trkpt>
      <trkpt lat="25.85678650997579097747802734375" lon="119.56965864636003971099853515625">
        <ele>19.799999237060546875</ele>
        <time>2025-06-21T09:55:43.000Z</time>
        <extensions>
          <ns3:TrackPointExtension>
            <ns3:atemp>33.0</ns3:atemp>
            <ns3:hr>147</ns3:hr>
            <ns3:cad>84</ns3:cad>
          </ns3:TrackPointExtension>
        </extensions>
      </trkpt>
      <trkpt lat="25.8567575924098491668701171875" lon="119.569650180637836456298828125">
        <ele>19.799999237060546875</ele>
        <time>2025-06-21T09:55:44.000Z</time>
        <extensions>
          <ns3:TrackPointExtension>
            <ns3:atemp>33.0</ns3:atemp>
            <ns3:hr>147</ns3:hr>
            <ns3:cad>84</ns3:cad>
          </ns3:TrackPointExtension>
        </extensions>
      </trkpt>
      <trkpt lat="25.856737308204174041748046875" lon="119.56964825280010700225830078125">
        <ele>20</ele>
        <time>2025-06-21T09:55:45.000Z</time>
        <extensions>
          <ns3:TrackPointExtension>
            <ns3:atemp>33.0</ns3:atemp>
            <ns3:hr>147</ns3:hr>
            <ns3:cad>84</ns3:cad>
          </ns3:TrackPointExtension>
        </extensions>
      </trkpt>
      <trkpt lat="25.85671526379883289337158203125" lon="119.5696567185223102569580078125">
        <ele>20</ele>
        <time>2025-06-21T09:55:46.000Z</time>
        <extensions>
          <ns3:TrackPointExtension>
            <ns3:atemp>33.0</ns3:atemp>
            <ns3:hr>148</ns3:hr>
            <ns3:cad>85</ns3:cad>
          </ns3:TrackPointExtension>
        </extensions>
      </trkpt>
      <trkpt lat="25.85668877698481082916259765625" lon="119.56966099329292774200439453125">
        <ele>20</ele>
        <time>2025-06-21T09:55:47.000Z</time>
        <extensions>
          <ns3:TrackPointExtension>
            <ns3:atemp>32.0</ns3:atemp>
            <ns3:hr>148</ns3:hr>
            <ns3:cad>85</ns3:cad>
          </ns3:TrackPointExtension>
        </extensions>
      </trkpt>
      <trkpt lat="25.85667662322521209716796875" lon="119.569672308862209320068359375">
        <ele>20</ele>
        <time>2025-06-21T09:55:48.000Z</time>
        <extensions>
          <ns3:TrackPointExtension>
            <ns3:atemp>33.0</ns3:atemp>
            <ns3:hr>148</ns3:hr>
            <ns3:cad>84</ns3:cad>
          </ns3:TrackPointExtension>
        </extensions>
      </trkpt>
      <trkpt lat="25.85664954967796802520751953125" lon="119.5696835406124591827392578125">
        <ele>20.200000762939453125</ele>
        <time>2025-06-21T09:55:49.000Z</time>
        <extensions>
          <ns3:TrackPointExtension>
            <ns3:atemp>33.0</ns3:atemp>
            <ns3:hr>147</ns3:hr>
            <ns3:cad>84</ns3:cad>
          </ns3:TrackPointExtension>
        </extensions>
      </trkpt>
      <trkpt lat="25.85663295350968837738037109375" lon="119.56969787366688251495361328125">
        <ele>20</ele>
        <time>2025-06-21T09:55:50.000Z</time>
        <extensions>
          <ns3:TrackPointExtension>
            <ns3:atemp>33.0</ns3:atemp>
            <ns3:hr>148</ns3:hr>
            <ns3:cad>84</ns3:cad>
          </ns3:TrackPointExtension>
        </extensions>
      </trkpt>
      <trkpt lat="25.8566147647798061370849609375" lon="119.56971086561679840087890625">
        <ele>19.799999237060546875</ele>
        <time>2025-06-21T09:55:51.000Z</time>
        <extensions>
          <ns3:TrackPointExtension>
            <ns3:atemp>33.0</ns3:atemp>
            <ns3:hr>148</ns3:hr>
            <ns3:cad>84</ns3:cad>
          </ns3:TrackPointExtension>
        </extensions>
      </trkpt>
      <trkpt lat="25.856594480574131011962890625" lon="119.5697237737476825714111328125">
        <ele>19.6000003814697265625</ele>
        <time>2025-06-21T09:55:52.000Z</time>
        <extensions>
          <ns3:TrackPointExtension>
            <ns3:atemp>33.0</ns3:atemp>
            <ns3:hr>148</ns3:hr>
            <ns3:cad>83</ns3:cad>
          </ns3:TrackPointExtension>
        </extensions>
      </trkpt>
      <trkpt lat="25.85658031515777111053466796875" lon="119.56973928026854991912841796875">
        <ele>19.3999996185302734375</ele>
        <time>2025-06-21T09:55:53.000Z</time>
        <extensions>
          <ns3:TrackPointExtension>
            <ns3:atemp>33.0</ns3:atemp>
            <ns3:hr>148</ns3:hr>
            <ns3:cad>83</ns3:cad>
          </ns3:TrackPointExtension>
        </extensions>
      </trkpt>
      <trkpt lat="25.8565607853233814239501953125" lon="119.56975646317005157470703125">
        <ele>19.200000762939453125</ele>
        <time>2025-06-21T09:55:54.000Z</time>
        <extensions>
          <ns3:TrackPointExtension>
            <ns3:atemp>33.0</ns3:atemp>
            <ns3:hr>148</ns3:hr>
            <ns3:cad>83</ns3:cad>
          </ns3:TrackPointExtension>
        </extensions>
      </trkpt>
      <trkpt lat="25.85655231960117816925048828125" lon="119.56977331079542636871337890625">
        <ele>19</ele>
        <time>2025-06-21T09:55:55.000Z</time>
        <extensions>
          <ns3:TrackPointExtension>
            <ns3:atemp>33.0</ns3:atemp>
            <ns3:hr>148</ns3:hr>
            <ns3:cad>85</ns3:cad>
          </ns3:TrackPointExtension>
        </extensions>
      </trkpt>
      <trkpt lat="25.8565329574048519134521484375" lon="119.56979124806821346282958984375">
        <ele>19</ele>
        <time>2025-06-21T09:55:56.000Z</time>
        <extensions>
          <ns3:TrackPointExtension>
            <ns3:atemp>33.0</ns3:atemp>
            <ns3:hr>148</ns3:hr>
            <ns3:cad>85</ns3:cad>
          </ns3:TrackPointExtension>
        </extensions>
      </trkpt>
      <trkpt lat="25.85651543922722339630126953125" lon="119.56980600021779537200927734375">
        <ele>19</ele>
        <time>2025-06-21T09:55:57.000Z</time>
        <extensions>
          <ns3:TrackPointExtension>
            <ns3:atemp>33.0</ns3:atemp>
            <ns3:hr>148</ns3:hr>
            <ns3:cad>85</ns3:cad>
          </ns3:TrackPointExtension>
        </extensions>
      </trkpt>
      <trkpt lat="25.85650940425693988800048828125" lon="119.56982678733766078948974609375">
        <ele>19</ele>
        <time>2025-06-21T09:55:58.000Z</time>
        <extensions>
          <ns3:TrackPointExtension>
            <ns3:atemp>33.0</ns3:atemp>
            <ns3:hr>148</ns3:hr>
            <ns3:cad>85</ns3:cad>
          </ns3:TrackPointExtension>
        </extensions>
      </trkpt>
      <trkpt lat="25.85648995824158191680908203125" lon="119.56984891556203365325927734375">
        <ele>19</ele>
        <time>2025-06-21T09:55:59.000Z</time>
        <extensions>
          <ns3:TrackPointExtension>
            <ns3:atemp>33.0</ns3:atemp>
            <ns3:hr>148</ns3:hr>
            <ns3:cad>85</ns3:cad>
          </ns3:TrackPointExtension>
        </extensions>
      </trkpt>
      <trkpt lat="25.85647889412939548492431640625" lon="119.56986584700644016265869140625">
        <ele>19.200000762939453125</ele>
        <time>2025-06-21T09:56:00.000Z</time>
        <extensions>
          <ns3:TrackPointExtension>
            <ns3:atemp>33.0</ns3:atemp>
            <ns3:hr>148</ns3:hr>
            <ns3:cad>84</ns3:cad>
          </ns3:TrackPointExtension>
        </extensions>
      </trkpt>
      <trkpt lat="25.85646145977079868316650390625" lon="119.5698830299079418182373046875">
        <ele>19.200000762939453125</ele>
        <time>2025-06-21T09:56:01.000Z</time>
        <extensions>
          <ns3:TrackPointExtension>
            <ns3:atemp>33.0</ns3:atemp>
            <ns3:hr>148</ns3:hr>
            <ns3:cad>84</ns3:cad>
          </ns3:TrackPointExtension>
        </extensions>
      </trkpt>
      <trkpt lat="25.85644452832639217376708984375" lon="119.569897949695587158203125">
        <ele>19.200000762939453125</ele>
        <time>2025-06-21T09:56:02.000Z</time>
        <extensions>
          <ns3:TrackPointExtension>
            <ns3:atemp>33.0</ns3:atemp>
            <ns3:hr>148</ns3:hr>
            <ns3:cad>84</ns3:cad>
          </ns3:TrackPointExtension>
        </extensions>
      </trkpt>
      <trkpt lat="25.8564370684325695037841796875" lon="119.56991278566420078277587890625">
        <ele>19.200000762939453125</ele>
        <time>2025-06-21T09:56:03.000Z</time>
        <extensions>
          <ns3:TrackPointExtension>
            <ns3:atemp>33.0</ns3:atemp>
            <ns3:hr>147</ns3:hr>
            <ns3:cad>83</ns3:cad>
          </ns3:TrackPointExtension>
        </extensions>
      </trkpt>
      <trkpt lat="25.856413431465625762939453125" lon="119.5699274539947509765625">
        <ele>19.200000762939453125</ele>
        <time>2025-06-21T09:56:04.000Z</time>
        <extensions>
          <ns3:TrackPointExtension>
            <ns3:atemp>33.0</ns3:atemp>
            <ns3:hr>147</ns3:hr>
            <ns3:cad>83</ns3:cad>
          </ns3:TrackPointExtension>
        </extensions>
      </trkpt>
      <trkpt lat="25.85640010423958301544189453125" lon="119.56994128413498401641845703125">
        <ele>19</ele>
        <time>2025-06-21T09:56:05.000Z</time>
        <extensions>
          <ns3:TrackPointExtension>
            <ns3:atemp>33.0</ns3:atemp>
            <ns3:hr>147</ns3:hr>
            <ns3:cad>84</ns3:cad>
          </ns3:TrackPointExtension>
        </extensions>
      </trkpt>
      <trkpt lat="25.8563814125955104827880859375" lon="119.56995871849358081817626953125">
        <ele>19</ele>
        <time>2025-06-21T09:56:06.000Z</time>
        <extensions>
          <ns3:TrackPointExtension>
            <ns3:atemp>33.0</ns3:atemp>
            <ns3:hr>147</ns3:hr>
            <ns3:cad>84</ns3:cad>
          </ns3:TrackPointExtension>
        </extensions>
      </trkpt>
      <trkpt lat="25.856358446180820465087890625" lon="119.5699705369770526885986328125">
        <ele>19</ele>
        <time>2025-06-21T09:56:07.000Z</time>
        <extensions>
          <ns3:TrackPointExtension>
            <ns3:atemp>33.0</ns3:atemp>
            <ns3:hr>146</ns3:hr>
            <ns3:cad>83</ns3:cad>
          </ns3:TrackPointExtension>
        </extensions>
      </trkpt>
      <trkpt lat="25.8563415147364139556884765625" lon="119.5699878036975860595703125">
        <ele>19.200000762939453125</ele>
        <time>2025-06-21T09:56:08.000Z</time>
        <extensions>
          <ns3:TrackPointExtension>
            <ns3:atemp>33.0</ns3:atemp>
            <ns3:hr>146</ns3:hr>
            <ns3:cad>83</ns3:cad>
          </ns3:TrackPointExtension>
        </extensions>
      </trkpt>
      <trkpt lat="25.8563197217881679534912109375" lon="119.56999995745718479156494140625">
        <ele>19.200000762939453125</ele>
        <time>2025-06-21T09:56:09.000Z</time>
        <extensions>
          <ns3:TrackPointExtension>
            <ns3:atemp>33.0</ns3:atemp>
            <ns3:hr>146</ns3:hr>
            <ns3:cad>83</ns3:cad>
          </ns3:TrackPointExtension>
        </extensions>
      </trkpt>
      <trkpt lat="25.8563133515417575836181640625" lon="119.57001253031194210052490234375">
        <ele>19</ele>
        <time>2025-06-21T09:56:10.000Z</time>
        <extensions>
          <ns3:TrackPointExtension>
            <ns3:atemp>33.0</ns3:atemp>
            <ns3:hr>146</ns3:hr>
            <ns3:cad>83</ns3:cad>
          </ns3:TrackPointExtension>
        </extensions>
      </trkpt>
      <trkpt lat="25.85629231296479701995849609375" lon="119.57002594135701656341552734375">
        <ele>19.200000762939453125</ele>
        <time>2025-06-21T09:56:11.000Z</time>
        <extensions>
          <ns3:TrackPointExtension>
            <ns3:atemp>33.0</ns3:atemp>
            <ns3:hr>146</ns3:hr>
            <ns3:cad>83</ns3:cad>
          </ns3:TrackPointExtension>
        </extensions>
      </trkpt>
      <trkpt lat="25.85627286694943904876708984375" lon="119.5700355805456638336181640625">
        <ele>19</ele>
        <time>2025-06-21T09:56:12.000Z</time>
        <extensions>
          <ns3:TrackPointExtension>
            <ns3:atemp>33.0</ns3:atemp>
            <ns3:hr>145</ns3:hr>
            <ns3:cad>83</ns3:cad>
          </ns3:TrackPointExtension>
        </extensions>
      </trkpt>
      <trkpt lat="25.85626222193241119384765625" lon="119.57004974596202373504638671875">
        <ele>19</ele>
        <time>2025-06-21T09:56:13.000Z</time>
        <extensions>
          <ns3:TrackPointExtension>
            <ns3:atemp>33.0</ns3:atemp>
            <ns3:hr>145</ns3:hr>
            <ns3:cad>83</ns3:cad>
          </ns3:TrackPointExtension>
        </extensions>
      </trkpt>
      <trkpt lat="25.856236405670642852783203125" lon="119.57006634213030338287353515625">
        <ele>19.200000762939453125</ele>
        <time>2025-06-21T09:56:14.000Z</time>
        <extensions>
          <ns3:TrackPointExtension>
            <ns3:atemp>33.0</ns3:atemp>
            <ns3:hr>145</ns3:hr>
            <ns3:cad>85</ns3:cad>
          </ns3:TrackPointExtension>
        </extensions>
      </trkpt>
      <trkpt lat="25.8562231622636318206787109375" lon="119.5700798369944095611572265625">
        <ele>19.200000762939453125</ele>
        <time>2025-06-21T09:56:15.000Z</time>
        <extensions>
          <ns3:TrackPointExtension>
            <ns3:atemp>33.0</ns3:atemp>
            <ns3:hr>146</ns3:hr>
            <ns3:cad>85</ns3:cad>
          </ns3:TrackPointExtension>
        </extensions>
      </trkpt>
      <trkpt lat="25.85620321333408355712890625" lon="119.57009668461978435516357421875">
        <ele>19.3999996185302734375</ele>
        <time>2025-06-21T09:56:16.000Z</time>
        <extensions>
          <ns3:TrackPointExtension>
            <ns3:atemp>33.0</ns3:atemp>
            <ns3:hr>146</ns3:hr>
            <ns3:cad>85</ns3:cad>
          </ns3:TrackPointExtension>
        </extensions>
      </trkpt>
      <trkpt lat="25.856182090938091278076171875" lon="119.570107161998748779296875">
        <ele>19.6000003814697265625</ele>
        <time>2025-06-21T09:56:17.000Z</time>
        <extensions>
          <ns3:TrackPointExtension>
            <ns3:atemp>33.0</ns3:atemp>
            <ns3:hr>146</ns3:hr>
            <ns3:cad>84</ns3:cad>
          </ns3:TrackPointExtension>
        </extensions>
      </trkpt>
      <trkpt lat="25.85617027245461940765380859375" lon="119.57012384198606014251708984375">
        <ele>19.6000003814697265625</ele>
        <time>2025-06-21T09:56:18.000Z</time>
        <extensions>
          <ns3:TrackPointExtension>
            <ns3:atemp>33.0</ns3:atemp>
            <ns3:hr>145</ns3:hr>
            <ns3:cad>84</ns3:cad>
          </ns3:TrackPointExtension>
        </extensions>
      </trkpt>
      <trkpt lat="25.8561421930789947509765625" lon="119.57014161162078380584716796875">
        <ele>19.6000003814697265625</ele>
        <time>2025-06-21T09:56:19.000Z</time>
        <extensions>
          <ns3:TrackPointExtension>
            <ns3:atemp>33.0</ns3:atemp>
            <ns3:hr>146</ns3:hr>
            <ns3:cad>84</ns3:cad>
          </ns3:TrackPointExtension>
        </extensions>
      </trkpt>
      <trkpt lat="25.8561276085674762725830078125" lon="119.5701599679887294769287109375">
        <ele>19.3999996185302734375</ele>
        <time>2025-06-21T09:56:20.000Z</time>
        <extensions>
          <ns3:TrackPointExtension>
            <ns3:atemp>33.0</ns3:atemp>
            <ns3:hr>146</ns3:hr>
            <ns3:cad>84</ns3:cad>
          </ns3:TrackPointExtension>
        </extensions>
      </trkpt>
      <trkpt lat="25.856102295219898223876953125" lon="119.57018033601343631744384765625">
        <ele>19.3999996185302734375</ele>
        <time>2025-06-21T09:56:21.000Z</time>
        <extensions>
          <ns3:TrackPointExtension>
            <ns3:atemp>33.0</ns3:atemp>
            <ns3:hr>145</ns3:hr>
            <ns3:cad>84</ns3:cad>
          </ns3:TrackPointExtension>
        </extensions>
      </trkpt>
      <trkpt lat="25.8560793288052082061767578125" lon="119.570195339620113372802734375">
        <ele>19.200000762939453125</ele>
        <time>2025-06-21T09:56:22.000Z</time>
        <extensions>
          <ns3:TrackPointExtension>
            <ns3:atemp>33.0</ns3:atemp>
            <ns3:hr>146</ns3:hr>
            <ns3:cad>84</ns3:cad>
          </ns3:TrackPointExtension>
        </extensions>
      </trkpt>
      <trkpt lat="25.856066755950450897216796875" lon="119.570216126739978790283203125">
        <ele>19.200000762939453125</ele>
        <time>2025-06-21T09:56:23.000Z</time>
        <extensions>
          <ns3:TrackPointExtension>
            <ns3:atemp>33.0</ns3:atemp>
            <ns3:hr>146</ns3:hr>
            <ns3:cad>84</ns3:cad>
          </ns3:TrackPointExtension>
        </extensions>
      </trkpt>
      <trkpt lat="25.85604362189769744873046875" lon="119.57023322582244873046875">
        <ele>19</ele>
        <time>2025-06-21T09:56:24.000Z</time>
        <extensions>
          <ns3:TrackPointExtension>
            <ns3:atemp>33.0</ns3:atemp>
            <ns3:hr>146</ns3:hr>
            <ns3:cad>84</ns3:cad>
          </ns3:TrackPointExtension>
        </extensions>
      </trkpt>
      <trkpt lat="25.85603264160454273223876953125" lon="119.5702491514384746551513671875">
        <ele>19.200000762939453125</ele>
        <time>2025-06-21T09:56:25.000Z</time>
        <extensions>
          <ns3:TrackPointExtension>
            <ns3:atemp>33.0</ns3:atemp>
            <ns3:hr>146</ns3:hr>
            <ns3:cad>85</ns3:cad>
          </ns3:TrackPointExtension>
        </extensions>
      </trkpt>
      <trkpt lat="25.85600716061890125274658203125" lon="119.57026834599673748016357421875">
        <ele>19.200000762939453125</ele>
        <time>2025-06-21T09:56:26.000Z</time>
        <extensions>
          <ns3:TrackPointExtension>
            <ns3:atemp>33.0</ns3:atemp>
            <ns3:hr>146</ns3:hr>
            <ns3:cad>85</ns3:cad>
          </ns3:TrackPointExtension>
        </extensions>
      </trkpt>
      <trkpt lat="25.855986289680004119873046875" lon="119.57028611563146114349365234375">
        <ele>19.200000762939453125</ele>
        <time>2025-06-21T09:56:27.000Z</time>
        <extensions>
          <ns3:TrackPointExtension>
            <ns3:atemp>33.0</ns3:atemp>
            <ns3:hr>146</ns3:hr>
            <ns3:cad>85</ns3:cad>
          </ns3:TrackPointExtension>
        </extensions>
      </trkpt>
      <trkpt lat="25.85596675984561443328857421875" lon="119.57030774094164371490478515625">
        <ele>19.200000762939453125</ele>
        <time>2025-06-21T09:56:28.000Z</time>
        <extensions>
          <ns3:TrackPointExtension>
            <ns3:atemp>33.0</ns3:atemp>
            <ns3:hr>146</ns3:hr>
            <ns3:cad>85</ns3:cad>
          </ns3:TrackPointExtension>
        </extensions>
      </trkpt>
      <trkpt lat="25.855942033231258392333984375" lon="119.5703215710818767547607421875">
        <ele>19.200000762939453125</ele>
        <time>2025-06-21T09:56:29.000Z</time>
        <extensions>
          <ns3:TrackPointExtension>
            <ns3:atemp>33.0</ns3:atemp>
            <ns3:hr>146</ns3:hr>
            <ns3:cad>85</ns3:cad>
          </ns3:TrackPointExtension>
        </extensions>
      </trkpt>
      <trkpt lat="25.855930633842945098876953125" lon="119.57033774815499782562255859375">
        <ele>19.200000762939453125</ele>
        <time>2025-06-21T09:56:30.000Z</time>
        <extensions>
          <ns3:TrackPointExtension>
            <ns3:atemp>33.0</ns3:atemp>
            <ns3:hr>146</ns3:hr>
            <ns3:cad>85</ns3:cad>
          </ns3:TrackPointExtension>
        </extensions>
      </trkpt>
      <trkpt lat="25.85590339265763759613037109375" lon="119.57035367377102375030517578125">
        <ele>19.200000762939453125</ele>
        <time>2025-06-21T09:56:31.000Z</time>
        <extensions>
          <ns3:TrackPointExtension>
            <ns3:atemp>33.0</ns3:atemp>
            <ns3:hr>146</ns3:hr>
            <ns3:cad>85</ns3:cad>
          </ns3:TrackPointExtension>
        </extensions>
      </trkpt>
      <trkpt lat="25.855887718498706817626953125" lon="119.57036742009222507476806640625">
        <ele>19.200000762939453125</ele>
        <time>2025-06-21T09:56:32.000Z</time>
        <extensions>
          <ns3:TrackPointExtension>
            <ns3:atemp>33.0</ns3:atemp>
            <ns3:hr>146</ns3:hr>
            <ns3:cad>85</ns3:cad>
          </ns3:TrackPointExtension>
        </extensions>
      </trkpt>
      <trkpt lat="25.85586299188435077667236328125" lon="119.570388458669185638427734375">
        <ele>19.200000762939453125</ele>
        <time>2025-06-21T09:56:33.000Z</time>
        <extensions>
          <ns3:TrackPointExtension>
            <ns3:atemp>33.0</ns3:atemp>
            <ns3:hr>146</ns3:hr>
            <ns3:cad>85</ns3:cad>
          </ns3:TrackPointExtension>
        </extensions>
      </trkpt>
      <trkpt lat="25.85584019310772418975830078125" lon="119.5704060606658458709716796875">
        <ele>19.200000762939453125</ele>
        <time>2025-06-21T09:56:34.000Z</time>
        <extensions>
          <ns3:TrackPointExtension>
            <ns3:atemp>33.0</ns3:atemp>
            <ns3:hr>146</ns3:hr>
            <ns3:cad>85</ns3:cad>
          </ns3:TrackPointExtension>
        </extensions>
      </trkpt>
      <trkpt lat="25.85582636296749114990234375" lon="119.5704248361289501190185546875">
        <ele>19.200000762939453125</ele>
        <time>2025-06-21T09:56:35.000Z</time>
        <extensions>
          <ns3:TrackPointExtension>
            <ns3:atemp>33.0</ns3:atemp>
            <ns3:hr>146</ns3:hr>
            <ns3:cad>85</ns3:cad>
          </ns3:TrackPointExtension>
        </extensions>
      </trkpt>
      <trkpt lat="25.85580381564795970916748046875" lon="119.57044336013495922088623046875">
        <ele>19.200000762939453125</ele>
        <time>2025-06-21T09:56:36.000Z</time>
        <extensions>
          <ns3:TrackPointExtension>
            <ns3:atemp>33.0</ns3:atemp>
            <ns3:hr>147</ns3:hr>
            <ns3:cad>86</ns3:cad>
          </ns3:TrackPointExtension>
        </extensions>
      </trkpt>
      <trkpt lat="25.85579308681190013885498046875" lon="119.57045928575098514556884765625">
        <ele>19.200000762939453125</ele>
        <time>2025-06-21T09:56:37.000Z</time>
        <extensions>
          <ns3:TrackPointExtension>
            <ns3:atemp>33.0</ns3:atemp>
            <ns3:hr>146</ns3:hr>
            <ns3:cad>86</ns3:cad>
          </ns3:TrackPointExtension>
        </extensions>
      </trkpt>
      <trkpt lat="25.85576727055013179779052734375" lon="119.5704788155853748321533203125">
        <ele>19</ele>
        <time>2025-06-21T09:56:38.000Z</time>
        <extensions>
          <ns3:TrackPointExtension>
            <ns3:atemp>33.0</ns3:atemp>
            <ns3:hr>147</ns3:hr>
            <ns3:cad>85</ns3:cad>
          </ns3:TrackPointExtension>
        </extensions>
      </trkpt>
      <trkpt lat="25.85574983619153499603271484375" lon="119.57049750722944736480712890625">
        <ele>18.799999237060546875</ele>
        <time>2025-06-21T09:56:39.000Z</time>
        <extensions>
          <ns3:TrackPointExtension>
            <ns3:atemp>33.0</ns3:atemp>
            <ns3:hr>147</ns3:hr>
            <ns3:cad>85</ns3:cad>
          </ns3:TrackPointExtension>
        </extensions>
      </trkpt>
      <trkpt lat="25.85572955198585987091064453125" lon="119.57051661796867847442626953125">
        <ele>18.799999237060546875</ele>
        <time>2025-06-21T09:56:40.000Z</time>
        <extensions>
          <ns3:TrackPointExtension>
            <ns3:atemp>33.0</ns3:atemp>
            <ns3:hr>147</ns3:hr>
            <ns3:cad>85</ns3:cad>
          </ns3:TrackPointExtension>
        </extensions>
      </trkpt>
      <trkpt lat="25.85570826195180416107177734375" lon="119.57053053192794322967529296875">
        <ele>18.6000003814697265625</ele>
        <time>2025-06-21T09:56:41.000Z</time>
        <extensions>
          <ns3:TrackPointExtension>
            <ns3:atemp>33.0</ns3:atemp>
            <ns3:hr>147</ns3:hr>
            <ns3:cad>85</ns3:cad>
          </ns3:TrackPointExtension>
        </extensions>
      </trkpt>
      <trkpt lat="25.8556930907070636749267578125" lon="119.5705435238778591156005859375">
        <ele>18.6000003814697265625</ele>
        <time>2025-06-21T09:56:42.000Z</time>
        <extensions>
          <ns3:TrackPointExtension>
            <ns3:atemp>33.0</ns3:atemp>
            <ns3:hr>147</ns3:hr>
            <ns3:cad>85</ns3:cad>
          </ns3:TrackPointExtension>
        </extensions>
      </trkpt>
      <trkpt lat="25.85566920228302478790283203125" lon="119.57055668346583843231201171875">
        <ele>18.3999996185302734375</ele>
        <time>2025-06-21T09:56:43.000Z</time>
        <extensions>
          <ns3:TrackPointExtension>
            <ns3:atemp>33.0</ns3:atemp>
            <ns3:hr>147</ns3:hr>
            <ns3:cad>84</ns3:cad>
          </ns3:TrackPointExtension>
        </extensions>
      </trkpt>
      <trkpt lat="25.85565294139087200164794921875" lon="119.5705736987292766571044921875">
        <ele>18.3999996185302734375</ele>
        <time>2025-06-21T09:56:44.000Z</time>
        <extensions>
          <ns3:TrackPointExtension>
            <ns3:atemp>33.0</ns3:atemp>
            <ns3:hr>147</ns3:hr>
            <ns3:cad>84</ns3:cad>
          </ns3:TrackPointExtension>
        </extensions>
      </trkpt>
      <trkpt lat="25.855625532567501068115234375" lon="119.57059255801141262054443359375">
        <ele>18.3999996185302734375</ele>
        <time>2025-06-21T09:56:45.000Z</time>
        <extensions>
          <ns3:TrackPointExtension>
            <ns3:atemp>33.0</ns3:atemp>
            <ns3:hr>147</ns3:hr>
            <ns3:cad>84</ns3:cad>
          </ns3:TrackPointExtension>
        </extensions>
      </trkpt>
      <trkpt lat="25.85560583509504795074462890625" lon="119.57060404121875762939453125">
        <ele>18.3999996185302734375</ele>
        <time>2025-06-21T09:56:46.000Z</time>
        <extensions>
          <ns3:TrackPointExtension>
            <ns3:atemp>33.0</ns3:atemp>
            <ns3:hr>147</ns3:hr>
            <ns3:cad>84</ns3:cad>
          </ns3:TrackPointExtension>
        </extensions>
      </trkpt>
      <trkpt lat="25.8555915020406246185302734375" lon="119.57062440924346446990966796875">
        <ele>18.3999996185302734375</ele>
        <time>2025-06-21T09:56:47.000Z</time>
        <extensions>
          <ns3:TrackPointExtension>
            <ns3:atemp>33.0</ns3:atemp>
            <ns3:hr>147</ns3:hr>
            <ns3:cad>84</ns3:cad>
          </ns3:TrackPointExtension>
        </extensions>
      </trkpt>
      <trkpt lat="25.8555707149207592010498046875" lon="119.57063882611691951751708984375">
        <ele>18.3999996185302734375</ele>
        <time>2025-06-21T09:56:48.000Z</time>
        <extensions>
          <ns3:TrackPointExtension>
            <ns3:atemp>33.0</ns3:atemp>
            <ns3:hr>146</ns3:hr>
            <ns3:cad>87</ns3:cad>
          </ns3:TrackPointExtension>
        </extensions>
      </trkpt>
      <trkpt lat="25.85556342266499996185302734375" lon="119.57065743394196033477783203125">
        <ele>18.200000762939453125</ele>
        <time>2025-06-21T09:56:49.000Z</time>
        <extensions>
          <ns3:TrackPointExtension>
            <ns3:atemp>33.0</ns3:atemp>
            <ns3:hr>146</ns3:hr>
            <ns3:cad>87</ns3:cad>
          </ns3:TrackPointExtension>
        </extensions>
      </trkpt>
      <trkpt lat="25.85553794167935848236083984375" lon="119.57067771814763545989990234375">
        <ele>18.200000762939453125</ele>
        <time>2025-06-21T09:56:50.000Z</time>
        <extensions>
          <ns3:TrackPointExtension>
            <ns3:atemp>33.0</ns3:atemp>
            <ns3:hr>146</ns3:hr>
            <ns3:cad>87</ns3:cad>
          </ns3:TrackPointExtension>
        </extensions>
      </trkpt>
      <trkpt lat="25.85551925003528594970703125" lon="119.57069381140172481536865234375">
        <ele>18.200000762939453125</ele>
        <time>2025-06-21T09:56:51.000Z</time>
        <extensions>
          <ns3:TrackPointExtension>
            <ns3:atemp>33.0</ns3:atemp>
            <ns3:hr>146</ns3:hr>
            <ns3:cad>84</ns3:cad>
          </ns3:TrackPointExtension>
        </extensions>
      </trkpt>
      <trkpt lat="25.85550307296216487884521484375" lon="119.5707114972174167633056640625">
        <ele>18.200000762939453125</ele>
        <time>2025-06-21T09:56:52.000Z</time>
        <extensions>
          <ns3:TrackPointExtension>
            <ns3:atemp>33.0</ns3:atemp>
            <ns3:hr>146</ns3:hr>
            <ns3:cad>84</ns3:cad>
          </ns3:TrackPointExtension>
        </extensions>
      </trkpt>
      <trkpt lat="25.85547960363328456878662109375" lon="119.5707255788147449493408203125">
        <ele>18.200000762939453125</ele>
        <time>2025-06-21T09:56:53.000Z</time>
        <extensions>
          <ns3:TrackPointExtension>
            <ns3:atemp>33.0</ns3:atemp>
            <ns3:hr>146</ns3:hr>
            <ns3:cad>84</ns3:cad>
          </ns3:TrackPointExtension>
        </extensions>
      </trkpt>
      <trkpt lat="25.855469293892383575439453125" lon="119.57074259407818317413330078125">
        <ele>18.200000762939453125</ele>
        <time>2025-06-21T09:56:54.000Z</time>
        <extensions>
          <ns3:TrackPointExtension>
            <ns3:atemp>33.0</ns3:atemp>
            <ns3:hr>146</ns3:hr>
            <ns3:cad>84</ns3:cad>
          </ns3:TrackPointExtension>
        </extensions>
      </trkpt>
      <trkpt lat="25.85544339381158351898193359375" lon="119.570761620998382568359375">
        <ele>18.200000762939453125</ele>
        <time>2025-06-21T09:56:55.000Z</time>
        <extensions>
          <ns3:TrackPointExtension>
            <ns3:atemp>33.0</ns3:atemp>
            <ns3:hr>147</ns3:hr>
            <ns3:cad>84</ns3:cad>
          </ns3:TrackPointExtension>
        </extensions>
      </trkpt>
      <trkpt lat="25.85542403161525726318359375" lon="119.57077360711991786956787109375">
        <ele>18.3999996185302734375</ele>
        <time>2025-06-21T09:56:56.000Z</time>
        <extensions>
          <ns3:TrackPointExtension>
            <ns3:atemp>33.0</ns3:atemp>
            <ns3:hr>146</ns3:hr>
            <ns3:cad>84</ns3:cad>
          </ns3:TrackPointExtension>
        </extensions>
      </trkpt>
      <trkpt lat="25.855406932532787322998046875" lon="119.57078886218369007110595703125">
        <ele>18.200000762939453125</ele>
        <time>2025-06-21T09:56:57.000Z</time>
        <extensions>
          <ns3:TrackPointExtension>
            <ns3:atemp>33.0</ns3:atemp>
            <ns3:hr>146</ns3:hr>
            <ns3:cad>83</ns3:cad>
          </ns3:TrackPointExtension>
        </extensions>
      </trkpt>
      <trkpt lat="25.8553866483271121978759765625" lon="119.57080260850489139556884765625">
        <ele>18.200000762939453125</ele>
        <time>2025-06-21T09:56:58.000Z</time>
        <extensions>
          <ns3:TrackPointExtension>
            <ns3:atemp>33.0</ns3:atemp>
            <ns3:hr>146</ns3:hr>
            <ns3:cad>83</ns3:cad>
          </ns3:TrackPointExtension>
        </extensions>
      </trkpt>
      <trkpt lat="25.85537516511976718902587890625" lon="119.57081920467317104339599609375">
        <ele>18</ele>
        <time>2025-06-21T09:56:59.000Z</time>
        <extensions>
          <ns3:TrackPointExtension>
            <ns3:atemp>33.0</ns3:atemp>
            <ns3:hr>146</ns3:hr>
            <ns3:cad>83</ns3:cad>
          </ns3:TrackPointExtension>
        </extensions>
      </trkpt>
      <trkpt lat="25.85534834302961826324462890625" lon="119.57083345390856266021728515625">
        <ele>18</ele>
        <time>2025-06-21T09:57:00.000Z</time>
        <extensions>
          <ns3:TrackPointExtension>
            <ns3:atemp>33.0</ns3:atemp>
            <ns3:hr>146</ns3:hr>
            <ns3:cad>83</ns3:cad>
          </ns3:TrackPointExtension>
        </extensions>
      </trkpt>
      <trkpt lat="25.85533593781292438507080078125" lon="119.57085038535296916961669921875">
        <ele>17.799999237060546875</ele>
        <time>2025-06-21T09:57:01.000Z</time>
        <extensions>
          <ns3:TrackPointExtension>
            <ns3:atemp>33.0</ns3:atemp>
            <ns3:hr>146</ns3:hr>
            <ns3:cad>83</ns3:cad>
          </ns3:TrackPointExtension>
        </extensions>
      </trkpt>
      <trkpt lat="25.85531515069305896759033203125" lon="119.57087092101573944091796875">
        <ele>17.6000003814697265625</ele>
        <time>2025-06-21T09:57:02.000Z</time>
        <extensions>
          <ns3:TrackPointExtension>
            <ns3:atemp>33.0</ns3:atemp>
            <ns3:hr>146</ns3:hr>
            <ns3:cad>83</ns3:cad>
          </ns3:TrackPointExtension>
        </extensions>
      </trkpt>
      <trkpt lat="25.85529419593513011932373046875" lon="119.5708851702511310577392578125">
        <ele>17.799999237060546875</ele>
        <time>2025-06-21T09:57:03.000Z</time>
        <extensions>
          <ns3:TrackPointExtension>
            <ns3:atemp>33.0</ns3:atemp>
            <ns3:hr>146</ns3:hr>
            <ns3:cad>83</ns3:cad>
          </ns3:TrackPointExtension>
        </extensions>
      </trkpt>
      <trkpt lat="25.855280868709087371826171875" lon="119.570902772247791290283203125">
        <ele>17.799999237060546875</ele>
        <time>2025-06-21T09:57:04.000Z</time>
        <extensions>
          <ns3:TrackPointExtension>
            <ns3:atemp>33.0</ns3:atemp>
            <ns3:hr>146</ns3:hr>
            <ns3:cad>84</ns3:cad>
          </ns3:TrackPointExtension>
        </extensions>
      </trkpt>
      <trkpt lat="25.855253376066684722900390625" lon="119.57091710530221462249755859375">
        <ele>17.6000003814697265625</ele>
        <time>2025-06-21T09:57:05.000Z</time>
        <extensions>
          <ns3:TrackPointExtension>
            <ns3:atemp>33.0</ns3:atemp>
            <ns3:hr>146</ns3:hr>
            <ns3:cad>84</ns3:cad>
          </ns3:TrackPointExtension>
        </extensions>
      </trkpt>
      <trkpt lat="25.8552408032119274139404296875" lon="119.57093638367950916290283203125">
        <ele>17.6000003814697265625</ele>
        <time>2025-06-21T09:57:06.000Z</time>
        <extensions>
          <ns3:TrackPointExtension>
            <ns3:atemp>33.0</ns3:atemp>
            <ns3:hr>146</ns3:hr>
            <ns3:cad>84</ns3:cad>
          </ns3:TrackPointExtension>
        </extensions>
      </trkpt>
      <trkpt lat="25.8552141487598419189453125" lon="119.57095834426581859588623046875">
        <ele>17.799999237060546875</ele>
        <time>2025-06-21T09:57:07.000Z</time>
        <extensions>
          <ns3:TrackPointExtension>
            <ns3:atemp>33.0</ns3:atemp>
            <ns3:hr>146</ns3:hr>
            <ns3:cad>84</ns3:cad>
          </ns3:TrackPointExtension>
        </extensions>
      </trkpt>
      <trkpt lat="25.855189003050327301025390625" lon="119.57097443751990795135498046875">
        <ele>17.6000003814697265625</ele>
        <time>2025-06-21T09:57:08.000Z</time>
        <extensions>
          <ns3:TrackPointExtension>
            <ns3:atemp>33.0</ns3:atemp>
            <ns3:hr>146</ns3:hr>
            <ns3:cad>84</ns3:cad>
          </ns3:TrackPointExtension>
        </extensions>
      </trkpt>
      <trkpt lat="25.85517383180558681488037109375" lon="119.5709948055446147918701171875">
        <ele>17.6000003814697265625</ele>
        <time>2025-06-21T09:57:09.000Z</time>
        <extensions>
          <ns3:TrackPointExtension>
            <ns3:atemp>33.0</ns3:atemp>
            <ns3:hr>147</ns3:hr>
            <ns3:cad>85</ns3:cad>
          </ns3:TrackPointExtension>
        </extensions>
      </trkpt>
      <trkpt lat="25.8551472611725330352783203125" lon="119.5710119046270847320556640625">
        <ele>17.6000003814697265625</ele>
        <time>2025-06-21T09:57:10.000Z</time>
        <extensions>
          <ns3:TrackPointExtension>
            <ns3:atemp>33.0</ns3:atemp>
            <ns3:hr>147</ns3:hr>
            <ns3:cad>85</ns3:cad>
          </ns3:TrackPointExtension>
        </extensions>
      </trkpt>
      <trkpt lat="25.85513443686068058013916015625" lon="119.57103294320404529571533203125">
        <ele>17.6000003814697265625</ele>
        <time>2025-06-21T09:57:11.000Z</time>
        <extensions>
          <ns3:TrackPointExtension>
            <ns3:atemp>33.0</ns3:atemp>
            <ns3:hr>147</ns3:hr>
            <ns3:cad>85</ns3:cad>
          </ns3:TrackPointExtension>
        </extensions>
      </trkpt>
      <trkpt lat="25.8551090396940708160400390625" lon="119.57105909474194049835205078125">
        <ele>17.6000003814697265625</ele>
        <time>2025-06-21T09:57:12.000Z</time>
        <extensions>
          <ns3:TrackPointExtension>
            <ns3:atemp>33.0</ns3:atemp>
            <ns3:hr>147</ns3:hr>
            <ns3:cad>84</ns3:cad>
          </ns3:TrackPointExtension>
        </extensions>
      </trkpt>
      <trkpt lat="25.85508615709841251373291015625" lon="119.57107854075729846954345703125">
        <ele>17.6000003814697265625</ele>
        <time>2025-06-21T09:57:13.000Z</time>
        <extensions>
          <ns3:TrackPointExtension>
            <ns3:atemp>33.0</ns3:atemp>
            <ns3:hr>147</ns3:hr>
            <ns3:cad>84</ns3:cad>
          </ns3:TrackPointExtension>
        </extensions>
      </trkpt>
      <trkpt lat="25.85507140494883060455322265625" lon="119.5710994116961956024169921875">
        <ele>17.6000003814697265625</ele>
        <time>2025-06-21T09:57:14.000Z</time>
        <extensions>
          <ns3:TrackPointExtension>
            <ns3:atemp>33.0</ns3:atemp>
            <ns3:hr>148</ns3:hr>
            <ns3:cad>84</ns3:cad>
          </ns3:TrackPointExtension>
        </extensions>
      </trkpt>
      <trkpt lat="25.855046175420284271240234375" lon="119.5711201988160610198974609375">
        <ele>17.6000003814697265625</ele>
        <time>2025-06-21T09:57:15.000Z</time>
        <extensions>
          <ns3:TrackPointExtension>
            <ns3:atemp>33.0</ns3:atemp>
            <ns3:hr>148</ns3:hr>
            <ns3:cad>84</ns3:cad>
          </ns3:TrackPointExtension>
        </extensions>
      </trkpt>
      <trkpt lat="25.855033099651336669921875" lon="119.571140147745609283447265625">
        <ele>17.6000003814697265625</ele>
        <time>2025-06-21T09:57:16.000Z</time>
        <extensions>
          <ns3:TrackPointExtension>
            <ns3:atemp>33.0</ns3:atemp>
            <ns3:hr>148</ns3:hr>
            <ns3:cad>83</ns3:cad>
          </ns3:TrackPointExtension>
        </extensions>
      </trkpt>
      <trkpt lat="25.8550051040947437286376953125" lon="119.5711631141602993011474609375">
        <ele>17.6000003814697265625</ele>
        <time>2025-06-21T09:57:17.000Z</time>
        <extensions>
          <ns3:TrackPointExtension>
            <ns3:atemp>33.0</ns3:atemp>
            <ns3:hr>148</ns3:hr>
            <ns3:cad>83</ns3:cad>
          </ns3:TrackPointExtension>
        </extensions>
      </trkpt>
      <trkpt lat="25.85498088039457798004150390625" lon="119.57117962650954723358154296875">
        <ele>17.6000003814697265625</ele>
        <time>2025-06-21T09:57:18.000Z</time>
        <extensions>
          <ns3:TrackPointExtension>
            <ns3:atemp>33.0</ns3:atemp>
            <ns3:hr>149</ns3:hr>
            <ns3:cad>84</ns3:cad>
          </ns3:TrackPointExtension>
        </extensions>
      </trkpt>
      <trkpt lat="25.8549551479518413543701171875" lon="119.57119873724877834320068359375">
        <ele>17.799999237060546875</ele>
        <time>2025-06-21T09:57:19.000Z</time>
        <extensions>
          <ns3:TrackPointExtension>
            <ns3:atemp>33.0</ns3:atemp>
            <ns3:hr>149</ns3:hr>
            <ns3:cad>84</ns3:cad>
          </ns3:TrackPointExtension>
        </extensions>
      </trkpt>
      <trkpt lat="25.85492706857621669769287109375" lon="119.5712100528180599212646484375">
        <ele>17.799999237060546875</ele>
        <time>2025-06-21T09:57:20.000Z</time>
        <extensions>
          <ns3:TrackPointExtension>
            <ns3:atemp>33.0</ns3:atemp>
            <ns3:hr>149</ns3:hr>
            <ns3:cad>85</ns3:cad>
          </ns3:TrackPointExtension>
        </extensions>
      </trkpt>
      <trkpt lat="25.8549078740179538726806640625" lon="119.57122555933892726898193359375">
        <ele>17.799999237060546875</ele>
        <time>2025-06-21T09:57:21.000Z</time>
        <extensions>
          <ns3:TrackPointExtension>
            <ns3:atemp>33.0</ns3:atemp>
            <ns3:hr>150</ns3:hr>
            <ns3:cad>85</ns3:cad>
          </ns3:TrackPointExtension>
        </extensions>
      </trkpt>
      <trkpt lat="25.85487551987171173095703125" lon="119.5712348632514476776123046875">
        <ele>17.799999237060546875</ele>
        <time>2025-06-21T09:57:22.000Z</time>
        <extensions>
          <ns3:TrackPointExtension>
            <ns3:atemp>33.0</ns3:atemp>
            <ns3:hr>150</ns3:hr>
            <ns3:cad>85</ns3:cad>
          </ns3:TrackPointExtension>
        </extensions>
      </trkpt>
      <trkpt lat="25.8548562414944171905517578125" lon="119.5712479390203952789306640625">
        <ele>17.799999237060546875</ele>
        <time>2025-06-21T09:57:23.000Z</time>
        <extensions>
          <ns3:TrackPointExtension>
            <ns3:atemp>33.0</ns3:atemp>
            <ns3:hr>150</ns3:hr>
            <ns3:cad>86</ns3:cad>
          </ns3:TrackPointExtension>
        </extensions>
      </trkpt>
      <trkpt lat="25.8548280782997608184814453125" lon="119.57126327790319919586181640625">
        <ele>18</ele>
        <time>2025-06-21T09:57:24.000Z</time>
        <extensions>
          <ns3:TrackPointExtension>
            <ns3:atemp>33.0</ns3:atemp>
            <ns3:hr>151</ns3:hr>
            <ns3:cad>86</ns3:cad>
          </ns3:TrackPointExtension>
        </extensions>
      </trkpt>
      <trkpt lat="25.8548032678663730621337890625" lon="119.57127819769084453582763671875">
        <ele>18</ele>
        <time>2025-06-21T09:57:25.000Z</time>
        <extensions>
          <ns3:TrackPointExtension>
            <ns3:atemp>33.0</ns3:atemp>
            <ns3:hr>151</ns3:hr>
            <ns3:cad>86</ns3:cad>
          </ns3:TrackPointExtension>
        </extensions>
      </trkpt>
      <trkpt lat="25.8547858335077762603759765625" lon="119.57129244692623615264892578125">
        <ele>18.200000762939453125</ele>
        <time>2025-06-21T09:57:26.000Z</time>
        <extensions>
          <ns3:TrackPointExtension>
            <ns3:atemp>33.0</ns3:atemp>
            <ns3:hr>151</ns3:hr>
            <ns3:cad>86</ns3:cad>
          </ns3:TrackPointExtension>
        </extensions>
      </trkpt>
      <trkpt lat="25.85475859232246875762939453125" lon="119.57130636088550090789794921875">
        <ele>18.200000762939453125</ele>
        <time>2025-06-21T09:57:27.000Z</time>
        <extensions>
          <ns3:TrackPointExtension>
            <ns3:atemp>33.0</ns3:atemp>
            <ns3:hr>152</ns3:hr>
            <ns3:cad>86</ns3:cad>
          </ns3:TrackPointExtension>
        </extensions>
      </trkpt>
      <trkpt lat="25.854743421077728271484375" lon="119.57132312469184398651123046875">
        <ele>18.3999996185302734375</ele>
        <time>2025-06-21T09:57:28.000Z</time>
        <extensions>
          <ns3:TrackPointExtension>
            <ns3:atemp>33.0</ns3:atemp>
            <ns3:hr>152</ns3:hr>
            <ns3:cad>85</ns3:cad>
          </ns3:TrackPointExtension>
        </extensions>
      </trkpt>
      <trkpt lat="25.8547147549688816070556640625" lon="119.5713404752314090728759765625">
        <ele>18.200000762939453125</ele>
        <time>2025-06-21T09:57:29.000Z</time>
        <extensions>
          <ns3:TrackPointExtension>
            <ns3:atemp>33.0</ns3:atemp>
            <ns3:hr>152</ns3:hr>
            <ns3:cad>85</ns3:cad>
          </ns3:TrackPointExtension>
        </extensions>
      </trkpt>
      <trkpt lat="25.8546986617147922515869140625" lon="119.57135598175227642059326171875">
        <ele>18</ele>
        <time>2025-06-21T09:57:30.000Z</time>
        <extensions>
          <ns3:TrackPointExtension>
            <ns3:atemp>33.0</ns3:atemp>
            <ns3:hr>152</ns3:hr>
            <ns3:cad>85</ns3:cad>
          </ns3:TrackPointExtension>
        </extensions>
      </trkpt>
      <trkpt lat="25.854674018919467926025390625" lon="119.57137341611087322235107421875">
        <ele>18</ele>
        <time>2025-06-21T09:57:31.000Z</time>
        <extensions>
          <ns3:TrackPointExtension>
            <ns3:atemp>33.0</ns3:atemp>
            <ns3:hr>152</ns3:hr>
            <ns3:cad>85</ns3:cad>
          </ns3:TrackPointExtension>
        </extensions>
      </trkpt>
      <trkpt lat="25.85465021431446075439453125" lon="119.57138733007013797760009765625">
        <ele>17.799999237060546875</ele>
        <time>2025-06-21T09:57:32.000Z</time>
        <extensions>
          <ns3:TrackPointExtension>
            <ns3:atemp>33.0</ns3:atemp>
            <ns3:hr>152</ns3:hr>
            <ns3:cad>85</ns3:cad>
          </ns3:TrackPointExtension>
        </extensions>
      </trkpt>
      <trkpt lat="25.85463101975619792938232421875" lon="119.5714066922664642333984375">
        <ele>17.799999237060546875</ele>
        <time>2025-06-21T09:57:33.000Z</time>
        <extensions>
          <ns3:TrackPointExtension>
            <ns3:atemp>33.0</ns3:atemp>
            <ns3:hr>152</ns3:hr>
            <ns3:cad>85</ns3:cad>
          </ns3:TrackPointExtension>
        </extensions>
      </trkpt>
      <trkpt lat="25.8546047843992710113525390625" lon="119.57141834311187267303466796875">
        <ele>17.6000003814697265625</ele>
        <time>2025-06-21T09:57:34.000Z</time>
        <extensions>
          <ns3:TrackPointExtension>
            <ns3:atemp>33.0</ns3:atemp>
            <ns3:hr>152</ns3:hr>
            <ns3:cad>85</ns3:cad>
          </ns3:TrackPointExtension>
        </extensions>
      </trkpt>
      <trkpt lat="25.85459380410611629486083984375" lon="119.57143711857497692108154296875">
        <ele>17.6000003814697265625</ele>
        <time>2025-06-21T09:57:35.000Z</time>
        <extensions>
          <ns3:TrackPointExtension>
            <ns3:atemp>33.0</ns3:atemp>
            <ns3:hr>152</ns3:hr>
            <ns3:cad>86</ns3:cad>
          </ns3:TrackPointExtension>
        </extensions>
      </trkpt>
      <trkpt lat="25.8545650541782379150390625" lon="119.5714531280100345611572265625">
        <ele>17.6000003814697265625</ele>
        <time>2025-06-21T09:57:36.000Z</time>
        <extensions>
          <ns3:TrackPointExtension>
            <ns3:atemp>33.0</ns3:atemp>
            <ns3:hr>152</ns3:hr>
            <ns3:cad>86</ns3:cad>
          </ns3:TrackPointExtension>
        </extensions>
      </trkpt>
      <trkpt lat="25.85454585961997509002685546875" lon="119.5714645273983478546142578125">
        <ele>17.6000003814697265625</ele>
        <time>2025-06-21T09:57:37.000Z</time>
        <extensions>
          <ns3:TrackPointExtension>
            <ns3:atemp>33.0</ns3:atemp>
            <ns3:hr>152</ns3:hr>
            <ns3:cad>86</ns3:cad>
          </ns3:TrackPointExtension>
        </extensions>
      </trkpt>
      <trkpt lat="25.854526497423648834228515625" lon="119.57147953100502490997314453125">
        <ele>17.6000003814697265625</ele>
        <time>2025-06-21T09:57:38.000Z</time>
        <extensions>
          <ns3:TrackPointExtension>
            <ns3:atemp>33.0</ns3:atemp>
            <ns3:hr>152</ns3:hr>
            <ns3:cad>85</ns3:cad>
          </ns3:TrackPointExtension>
        </extensions>
      </trkpt>
      <trkpt lat="25.85450009442865848541259765625" lon="119.5714910142123699188232421875">
        <ele>17.6000003814697265625</ele>
        <time>2025-06-21T09:57:39.000Z</time>
        <extensions>
          <ns3:TrackPointExtension>
            <ns3:atemp>33.0</ns3:atemp>
            <ns3:hr>152</ns3:hr>
            <ns3:cad>84</ns3:cad>
          </ns3:TrackPointExtension>
        </extensions>
      </trkpt>
      <trkpt lat="25.8544874377548694610595703125" lon="119.57150886766612529754638671875">
        <ele>17.6000003814697265625</ele>
        <time>2025-06-21T09:57:40.000Z</time>
        <extensions>
          <ns3:TrackPointExtension>
            <ns3:atemp>33.0</ns3:atemp>
            <ns3:hr>153</ns3:hr>
            <ns3:cad>84</ns3:cad>
          </ns3:TrackPointExtension>
        </extensions>
      </trkpt>
      <trkpt lat="25.8544643037021160125732421875" lon="119.5715238712728023529052734375">
        <ele>17.6000003814697265625</ele>
        <time>2025-06-21T09:57:41.000Z</time>
        <extensions>
          <ns3:TrackPointExtension>
            <ns3:atemp>33.0</ns3:atemp>
            <ns3:hr>152</ns3:hr>
            <ns3:cad>84</ns3:cad>
          </ns3:TrackPointExtension>
        </extensions>
      </trkpt>
      <trkpt lat="25.85444997064769268035888671875" lon="119.571541808545589447021484375">
        <ele>17.6000003814697265625</ele>
        <time>2025-06-21T09:57:42.000Z</time>
        <extensions>
          <ns3:TrackPointExtension>
            <ns3:atemp>33.0</ns3:atemp>
            <ns3:hr>152</ns3:hr>
            <ns3:cad>84</ns3:cad>
          </ns3:TrackPointExtension>
        </extensions>
      </trkpt>
      <trkpt lat="25.85443136282265186309814453125" lon="119.57155999727547168731689453125">
        <ele>17.6000003814697265625</ele>
        <time>2025-06-21T09:57:43.000Z</time>
        <extensions>
          <ns3:TrackPointExtension>
            <ns3:atemp>33.0</ns3:atemp>
            <ns3:hr>152</ns3:hr>
            <ns3:cad>84</ns3:cad>
          </ns3:TrackPointExtension>
        </extensions>
      </trkpt>
      <trkpt lat="25.8544068038463592529296875" lon="119.5715718157589435577392578125">
        <ele>17.799999237060546875</ele>
        <time>2025-06-21T09:57:44.000Z</time>
        <extensions>
          <ns3:TrackPointExtension>
            <ns3:atemp>33.0</ns3:atemp>
            <ns3:hr>152</ns3:hr>
            <ns3:cad>84</ns3:cad>
          </ns3:TrackPointExtension>
        </extensions>
      </trkpt>
      <trkpt lat="25.85439330898225307464599609375" lon="119.5715869031846523284912109375">
        <ele>17.799999237060546875</ele>
        <time>2025-06-21T09:57:45.000Z</time>
        <extensions>
          <ns3:TrackPointExtension>
            <ns3:atemp>33.0</ns3:atemp>
            <ns3:hr>152</ns3:hr>
            <ns3:cad>84</ns3:cad>
          </ns3:TrackPointExtension>
        </extensions>
      </trkpt>
      <trkpt lat="25.8543674089014530181884765625" lon="119.57160542719066143035888671875">
        <ele>17.799999237060546875</ele>
        <time>2025-06-21T09:57:46.000Z</time>
        <extensions>
          <ns3:TrackPointExtension>
            <ns3:atemp>33.0</ns3:atemp>
            <ns3:hr>152</ns3:hr>
            <ns3:cad>84</ns3:cad>
          </ns3:TrackPointExtension>
        </extensions>
      </trkpt>
      <trkpt lat="25.85435408167541027069091796875" lon="119.571622274816036224365234375">
        <ele>17.799999237060546875</ele>
        <time>2025-06-21T09:57:47.000Z</time>
        <extensions>
          <ns3:TrackPointExtension>
            <ns3:atemp>33.0</ns3:atemp>
            <ns3:hr>152</ns3:hr>
            <ns3:cad>84</ns3:cad>
          </ns3:TrackPointExtension>
        </extensions>
      </trkpt>
      <trkpt lat="25.85433430038392543792724609375" lon="119.57163811661303043365478515625">
        <ele>17.799999237060546875</ele>
        <time>2025-06-21T09:57:48.000Z</time>
        <extensions>
          <ns3:TrackPointExtension>
            <ns3:atemp>33.0</ns3:atemp>
            <ns3:hr>152</ns3:hr>
            <ns3:cad>84</ns3:cad>
          </ns3:TrackPointExtension>
        </extensions>
      </trkpt>
      <trkpt lat="25.85431301034986972808837890625" lon="119.571651779115200042724609375">
        <ele>17.799999237060546875</ele>
        <time>2025-06-21T09:57:49.000Z</time>
        <extensions>
          <ns3:TrackPointExtension>
            <ns3:atemp>33.0</ns3:atemp>
            <ns3:hr>152</ns3:hr>
            <ns3:cad>85</ns3:cad>
          </ns3:TrackPointExtension>
        </extensions>
      </trkpt>
      <trkpt lat="25.85429708473384380340576171875" lon="119.57166661508381366729736328125">
        <ele>17.6000003814697265625</ele>
        <time>2025-06-21T09:57:50.000Z</time>
        <extensions>
          <ns3:TrackPointExtension>
            <ns3:atemp>33.0</ns3:atemp>
            <ns3:hr>151</ns3:hr>
            <ns3:cad>85</ns3:cad>
          </ns3:TrackPointExtension>
        </extensions>
      </trkpt>
      <trkpt lat="25.85427009500563144683837890625" lon="119.571681283414363861083984375">
        <ele>17.6000003814697265625</ele>
        <time>2025-06-21T09:57:51.000Z</time>
        <extensions>
          <ns3:TrackPointExtension>
            <ns3:atemp>33.0</ns3:atemp>
            <ns3:hr>152</ns3:hr>
            <ns3:cad>84</ns3:cad>
          </ns3:TrackPointExtension>
        </extensions>
      </trkpt>
      <trkpt lat="25.85425282828509807586669921875" lon="119.57169746048748493194580078125">
        <ele>17.6000003814697265625</ele>
        <time>2025-06-21T09:57:52.000Z</time>
        <extensions>
          <ns3:TrackPointExtension>
            <ns3:atemp>33.0</ns3:atemp>
            <ns3:hr>152</ns3:hr>
            <ns3:cad>84</ns3:cad>
          </ns3:TrackPointExtension>
        </extensions>
      </trkpt>
      <trkpt lat="25.85423220880329608917236328125" lon="119.5717156492173671722412109375">
        <ele>17.6000003814697265625</ele>
        <time>2025-06-21T09:57:53.000Z</time>
        <extensions>
          <ns3:TrackPointExtension>
            <ns3:atemp>33.0</ns3:atemp>
            <ns3:hr>152</ns3:hr>
            <ns3:cad>84</ns3:cad>
          </ns3:TrackPointExtension>
        </extensions>
      </trkpt>
      <trkpt lat="25.85421494208276271820068359375" lon="119.5717357657849788665771484375">
        <ele>17.6000003814697265625</ele>
        <time>2025-06-21T09:57:54.000Z</time>
        <extensions>
          <ns3:TrackPointExtension>
            <ns3:atemp>33.0</ns3:atemp>
            <ns3:hr>152</ns3:hr>
            <ns3:cad>84</ns3:cad>
          </ns3:TrackPointExtension>
        </extensions>
      </trkpt>
      <trkpt lat="25.8541957475244998931884765625" lon="119.5717545412480831146240234375">
        <ele>17.6000003814697265625</ele>
        <time>2025-06-21T09:57:55.000Z</time>
        <extensions>
          <ns3:TrackPointExtension>
            <ns3:atemp>33.0</ns3:atemp>
            <ns3:hr>152</ns3:hr>
            <ns3:cad>85</ns3:cad>
          </ns3:TrackPointExtension>
        </extensions>
      </trkpt>
      <trkpt lat="25.85417001508176326751708984375" lon="119.57176988013088703155517578125">
        <ele>17.6000003814697265625</ele>
        <time>2025-06-21T09:57:56.000Z</time>
        <extensions>
          <ns3:TrackPointExtension>
            <ns3:atemp>33.0</ns3:atemp>
            <ns3:hr>152</ns3:hr>
            <ns3:cad>85</ns3:cad>
          </ns3:TrackPointExtension>
        </extensions>
      </trkpt>
      <trkpt lat="25.85415476001799106597900390625" lon="119.57178848795592784881591796875">
        <ele>17.6000003814697265625</ele>
        <time>2025-06-21T09:57:57.000Z</time>
        <extensions>
          <ns3:TrackPointExtension>
            <ns3:atemp>33.0</ns3:atemp>
            <ns3:hr>152</ns3:hr>
            <ns3:cad>85</ns3:cad>
          </ns3:TrackPointExtension>
        </extensions>
      </trkpt>
      <trkpt lat="25.85412827320396900177001953125" lon="119.5718048326671123504638671875">
        <ele>17.6000003814697265625</ele>
        <time>2025-06-21T09:57:58.000Z</time>
        <extensions>
          <ns3:TrackPointExtension>
            <ns3:atemp>33.0</ns3:atemp>
            <ns3:hr>152</ns3:hr>
            <ns3:cad>84</ns3:cad>
          </ns3:TrackPointExtension>
        </extensions>
      </trkpt>
      <trkpt lat="25.85411217994987964630126953125" lon="119.57182335667312145233154296875">
        <ele>17.6000003814697265625</ele>
        <time>2025-06-21T09:57:59.000Z</time>
        <extensions>
          <ns3:TrackPointExtension>
            <ns3:atemp>33.0</ns3:atemp>
            <ns3:hr>152</ns3:hr>
            <ns3:cad>84</ns3:cad>
          </ns3:TrackPointExtension>
        </extensions>
      </trkpt>
      <trkpt lat="25.85409441031515598297119140625" lon="119.57184330560266971588134765625">
        <ele>17.6000003814697265625</ele>
        <time>2025-06-21T09:58:00.000Z</time>
        <extensions>
          <ns3:TrackPointExtension>
            <ns3:atemp>33.0</ns3:atemp>
            <ns3:hr>153</ns3:hr>
            <ns3:cad>84</ns3:cad>
          </ns3:TrackPointExtension>
        </extensions>
      </trkpt>
      <trkpt lat="25.85407211445271968841552734375" lon="119.57185797393321990966796875">
        <ele>17.6000003814697265625</ele>
        <time>2025-06-21T09:58:01.000Z</time>
        <extensions>
          <ns3:TrackPointExtension>
            <ns3:atemp>33.0</ns3:atemp>
            <ns3:hr>152</ns3:hr>
            <ns3:cad>84</ns3:cad>
          </ns3:TrackPointExtension>
        </extensions>
      </trkpt>
      <trkpt lat="25.85405685938894748687744140625" lon="119.5718749053776264190673828125">
        <ele>17.6000003814697265625</ele>
        <time>2025-06-21T09:58:02.000Z</time>
        <extensions>
          <ns3:TrackPointExtension>
            <ns3:atemp>33.0</ns3:atemp>
            <ns3:hr>152</ns3:hr>
            <ns3:cad>84</ns3:cad>
          </ns3:TrackPointExtension>
        </extensions>
      </trkpt>
      <trkpt lat="25.854030959308147430419921875" lon="119.57189041189849376678466796875">
        <ele>17.6000003814697265625</ele>
        <time>2025-06-21T09:58:03.000Z</time>
        <extensions>
          <ns3:TrackPointExtension>
            <ns3:atemp>33.0</ns3:atemp>
            <ns3:hr>152</ns3:hr>
            <ns3:cad>84</ns3:cad>
          </ns3:TrackPointExtension>
        </extensions>
      </trkpt>
      <trkpt lat="25.85401545278728008270263671875" lon="119.5719074271619319915771484375">
        <ele>17.6000003814697265625</ele>
        <time>2025-06-21T09:58:04.000Z</time>
        <extensions>
          <ns3:TrackPointExtension>
            <ns3:atemp>33.0</ns3:atemp>
            <ns3:hr>153</ns3:hr>
            <ns3:cad>84</ns3:cad>
          </ns3:TrackPointExtension>
        </extensions>
      </trkpt>
      <trkpt lat="25.8539935760200023651123046875" lon="119.5719241909682750701904296875">
        <ele>17.6000003814697265625</ele>
        <time>2025-06-21T09:58:05.000Z</time>
        <extensions>
          <ns3:TrackPointExtension>
            <ns3:atemp>33.0</ns3:atemp>
            <ns3:hr>153</ns3:hr>
            <ns3:cad>84</ns3:cad>
          </ns3:TrackPointExtension>
        </extensions>
      </trkpt>
      <trkpt lat="25.85397186689078807830810546875" lon="119.571938775479793548583984375">
        <ele>17.6000003814697265625</ele>
        <time>2025-06-21T09:58:06.000Z</time>
        <extensions>
          <ns3:TrackPointExtension>
            <ns3:atemp>33.0</ns3:atemp>
            <ns3:hr>153</ns3:hr>
            <ns3:cad>84</ns3:cad>
          </ns3:TrackPointExtension>
        </extensions>
      </trkpt>
      <trkpt lat="25.85395753383636474609375" lon="119.571956209838390350341796875">
        <ele>17.6000003814697265625</ele>
        <time>2025-06-21T09:58:07.000Z</time>
        <extensions>
          <ns3:TrackPointExtension>
            <ns3:atemp>33.0</ns3:atemp>
            <ns3:hr>152</ns3:hr>
            <ns3:cad>84</ns3:cad>
          </ns3:TrackPointExtension>
        </extensions>
      </trkpt>
      <trkpt lat="25.85393180139362812042236328125" lon="119.57196886651217937469482421875">
        <ele>17.6000003814697265625</ele>
        <time>2025-06-21T09:58:08.000Z</time>
        <extensions>
          <ns3:TrackPointExtension>
            <ns3:atemp>33.0</ns3:atemp>
            <ns3:hr>152</ns3:hr>
            <ns3:cad>84</ns3:cad>
          </ns3:TrackPointExtension>
        </extensions>
      </trkpt>
      <trkpt lat="25.85391637869179248809814453125" lon="119.57198428921401500701904296875">
        <ele>17.6000003814697265625</ele>
        <time>2025-06-21T09:58:09.000Z</time>
        <extensions>
          <ns3:TrackPointExtension>
            <ns3:atemp>33.0</ns3:atemp>
            <ns3:hr>152</ns3:hr>
            <ns3:cad>84</ns3:cad>
          </ns3:TrackPointExtension>
        </extensions>
      </trkpt>
      <trkpt lat="25.853885449469089508056640625" lon="119.57200071774423122406005859375">
        <ele>17.6000003814697265625</ele>
        <time>2025-06-21T09:58:10.000Z</time>
        <extensions>
          <ns3:TrackPointExtension>
            <ns3:atemp>33.0</ns3:atemp>
            <ns3:hr>152</ns3:hr>
            <ns3:cad>84</ns3:cad>
          </ns3:TrackPointExtension>
        </extensions>
      </trkpt>
      <trkpt lat="25.8538623154163360595703125" lon="119.572009854018688201904296875">
        <ele>17.6000003814697265625</ele>
        <time>2025-06-21T09:58:11.000Z</time>
        <extensions>
          <ns3:TrackPointExtension>
            <ns3:atemp>33.0</ns3:atemp>
            <ns3:hr>153</ns3:hr>
            <ns3:cad>84</ns3:cad>
          </ns3:TrackPointExtension>
        </extensions>
      </trkpt>
      <trkpt lat="25.85384245030581951141357421875" lon="119.57202292978763580322265625">
        <ele>17.6000003814697265625</ele>
        <time>2025-06-21T09:58:12.000Z</time>
        <extensions>
          <ns3:TrackPointExtension>
            <ns3:atemp>33.0</ns3:atemp>
            <ns3:hr>152</ns3:hr>
            <ns3:cad>84</ns3:cad>
          </ns3:TrackPointExtension>
        </extensions>
      </trkpt>
      <trkpt lat="25.85381998680531978607177734375" lon="119.5720314793288707733154296875">
        <ele>17.6000003814697265625</ele>
        <time>2025-06-21T09:58:13.000Z</time>
        <extensions>
          <ns3:TrackPointExtension>
            <ns3:atemp>33.0</ns3:atemp>
            <ns3:hr>152</ns3:hr>
            <ns3:cad>85</ns3:cad>
          </ns3:TrackPointExtension>
        </extensions>
      </trkpt>
      <trkpt lat="25.8538014627993106842041015625" lon="119.5720450580120086669921875">
        <ele>17.6000003814697265625</ele>
        <time>2025-06-21T09:58:14.000Z</time>
        <extensions>
          <ns3:TrackPointExtension>
            <ns3:atemp>33.0</ns3:atemp>
            <ns3:hr>152</ns3:hr>
            <ns3:cad>85</ns3:cad>
          </ns3:TrackPointExtension>
        </extensions>
      </trkpt>
      <trkpt lat="25.85377288050949573516845703125" lon="119.57205268554389476776123046875">
        <ele>17.6000003814697265625</ele>
        <time>2025-06-21T09:58:15.000Z</time>
        <extensions>
          <ns3:TrackPointExtension>
            <ns3:atemp>33.0</ns3:atemp>
            <ns3:hr>152</ns3:hr>
            <ns3:cad>85</ns3:cad>
          </ns3:TrackPointExtension>
        </extensions>
      </trkpt>
      <trkpt lat="25.85375444032251834869384765625" lon="119.57206324674189090728759765625">
        <ele>17.6000003814697265625</ele>
        <time>2025-06-21T09:58:16.000Z</time>
        <extensions>
          <ns3:TrackPointExtension>
            <ns3:atemp>33.0</ns3:atemp>
            <ns3:hr>152</ns3:hr>
            <ns3:cad>85</ns3:cad>
          </ns3:TrackPointExtension>
        </extensions>
      </trkpt>
      <trkpt lat="25.85372594185173511505126953125" lon="119.572074897587299346923828125">
        <ele>17.3999996185302734375</ele>
        <time>2025-06-21T09:58:17.000Z</time>
        <extensions>
          <ns3:TrackPointExtension>
            <ns3:atemp>33.0</ns3:atemp>
            <ns3:hr>152</ns3:hr>
            <ns3:cad>85</ns3:cad>
          </ns3:TrackPointExtension>
        </extensions>
      </trkpt>
      <trkpt lat="25.85370071232318878173828125" lon="119.5720807649195194244384765625">
        <ele>17.3999996185302734375</ele>
        <time>2025-06-21T09:58:18.000Z</time>
        <extensions>
          <ns3:TrackPointExtension>
            <ns3:atemp>33.0</ns3:atemp>
            <ns3:hr>152</ns3:hr>
            <ns3:cad>85</ns3:cad>
          </ns3:TrackPointExtension>
        </extensions>
      </trkpt>
      <trkpt lat="25.85367732681334018707275390625" lon="119.57209342159330844879150390625">
        <ele>17.3999996185302734375</ele>
        <time>2025-06-21T09:58:19.000Z</time>
        <extensions>
          <ns3:TrackPointExtension>
            <ns3:atemp>33.0</ns3:atemp>
            <ns3:hr>152</ns3:hr>
            <ns3:cad>85</ns3:cad>
          </ns3:TrackPointExtension>
        </extensions>
      </trkpt>
      <trkpt lat="25.853652097284793853759765625" lon="119.57210146822035312652587890625">
        <ele>17.3999996185302734375</ele>
        <time>2025-06-21T09:58:20.000Z</time>
        <extensions>
          <ns3:TrackPointExtension>
            <ns3:atemp>33.0</ns3:atemp>
            <ns3:hr>152</ns3:hr>
            <ns3:cad>85</ns3:cad>
          </ns3:TrackPointExtension>
        </extensions>
      </trkpt>
      <trkpt lat="25.8536341600120067596435546875" lon="119.57211010158061981201171875">
        <ele>17.3999996185302734375</ele>
        <time>2025-06-21T09:58:21.000Z</time>
        <extensions>
          <ns3:TrackPointExtension>
            <ns3:atemp>33.0</ns3:atemp>
            <ns3:hr>152</ns3:hr>
            <ns3:cad>85</ns3:cad>
          </ns3:TrackPointExtension>
        </extensions>
      </trkpt>
      <trkpt lat="25.8536046557128429412841796875" lon="119.5721206627786159515380859375">
        <ele>17.200000762939453125</ele>
        <time>2025-06-21T09:58:22.000Z</time>
        <extensions>
          <ns3:TrackPointExtension>
            <ns3:atemp>33.0</ns3:atemp>
            <ns3:hr>151</ns3:hr>
            <ns3:cad>85</ns3:cad>
          </ns3:TrackPointExtension>
        </extensions>
      </trkpt>
      <trkpt lat="25.85358479060232639312744140625" lon="119.57212812267243862152099609375">
        <ele>17.200000762939453125</ele>
        <time>2025-06-21T09:58:23.000Z</time>
        <extensions>
          <ns3:TrackPointExtension>
            <ns3:atemp>33.0</ns3:atemp>
            <ns3:hr>151</ns3:hr>
            <ns3:cad>84</ns3:cad>
          </ns3:TrackPointExtension>
        </extensions>
      </trkpt>
      <trkpt lat="25.85356685332953929901123046875" lon="119.57213968969881534576416015625">
        <ele>17.200000762939453125</ele>
        <time>2025-06-21T09:58:24.000Z</time>
        <extensions>
          <ns3:TrackPointExtension>
            <ns3:atemp>33.0</ns3:atemp>
            <ns3:hr>151</ns3:hr>
            <ns3:cad>84</ns3:cad>
          </ns3:TrackPointExtension>
        </extensions>
      </trkpt>
      <trkpt lat="25.85354204289615154266357421875" lon="119.57214605994522571563720703125">
        <ele>17</ele>
        <time>2025-06-21T09:58:25.000Z</time>
        <extensions>
          <ns3:TrackPointExtension>
            <ns3:atemp>33.0</ns3:atemp>
            <ns3:hr>151</ns3:hr>
            <ns3:cad>84</ns3:cad>
          </ns3:TrackPointExtension>
        </extensions>
      </trkpt>
      <trkpt lat="25.85352770984172821044921875" lon="119.57215896807610988616943359375">
        <ele>17</ele>
        <time>2025-06-21T09:58:26.000Z</time>
        <extensions>
          <ns3:TrackPointExtension>
            <ns3:atemp>33.0</ns3:atemp>
            <ns3:hr>151</ns3:hr>
            <ns3:cad>84</ns3:cad>
          </ns3:TrackPointExtension>
        </extensions>
      </trkpt>
      <trkpt lat="25.85349761880934238433837890625" lon="119.57216701470315456390380859375">
        <ele>17.200000762939453125</ele>
        <time>2025-06-21T09:58:27.000Z</time>
        <extensions>
          <ns3:TrackPointExtension>
            <ns3:atemp>33.0</ns3:atemp>
            <ns3:hr>151</ns3:hr>
            <ns3:cad>84</ns3:cad>
          </ns3:TrackPointExtension>
        </extensions>
      </trkpt>
      <trkpt lat="25.85347582586109638214111328125" lon="119.5721746422350406646728515625">
        <ele>17.200000762939453125</ele>
        <time>2025-06-21T09:58:28.000Z</time>
        <extensions>
          <ns3:TrackPointExtension>
            <ns3:atemp>33.0</ns3:atemp>
            <ns3:hr>150</ns3:hr>
            <ns3:cad>84</ns3:cad>
          </ns3:TrackPointExtension>
        </extensions>
      </trkpt>
      <trkpt lat="25.8534537814557552337646484375" lon="119.57218629308044910430908203125">
        <ele>17.200000762939453125</ele>
        <time>2025-06-21T09:58:29.000Z</time>
        <extensions>
          <ns3:TrackPointExtension>
            <ns3:atemp>33.0</ns3:atemp>
            <ns3:hr>151</ns3:hr>
            <ns3:cad>84</ns3:cad>
          </ns3:TrackPointExtension>
        </extensions>
      </trkpt>
      <trkpt lat="25.85342788137495517730712890625" lon="119.572188220918178558349609375">
        <ele>17.3999996185302734375</ele>
        <time>2025-06-21T09:58:30.000Z</time>
        <extensions>
          <ns3:TrackPointExtension>
            <ns3:atemp>33.0</ns3:atemp>
            <ns3:hr>151</ns3:hr>
            <ns3:cad>84</ns3:cad>
          </ns3:TrackPointExtension>
        </extensions>
      </trkpt>
      <trkpt lat="25.8534143865108489990234375" lon="119.5722038112580776214599609375">
        <ele>17.3999996185302734375</ele>
        <time>2025-06-21T09:58:31.000Z</time>
        <extensions>
          <ns3:TrackPointExtension>
            <ns3:atemp>33.0</ns3:atemp>
            <ns3:hr>150</ns3:hr>
            <ns3:cad>84</ns3:cad>
          </ns3:TrackPointExtension>
        </extensions>
      </trkpt>
      <trkpt lat="25.8533860556781291961669921875" lon="119.57221202552318572998046875">
        <ele>17.3999996185302734375</ele>
        <time>2025-06-21T09:58:32.000Z</time>
        <extensions>
          <ns3:TrackPointExtension>
            <ns3:atemp>33.0</ns3:atemp>
            <ns3:hr>151</ns3:hr>
            <ns3:cad>84</ns3:cad>
          </ns3:TrackPointExtension>
        </extensions>
      </trkpt>
      <trkpt lat="25.85336409509181976318359375" lon="119.57221596501767635345458984375">
        <ele>17.3999996185302734375</ele>
        <time>2025-06-21T09:58:33.000Z</time>
        <extensions>
          <ns3:TrackPointExtension>
            <ns3:atemp>33.0</ns3:atemp>
            <ns3:hr>150</ns3:hr>
            <ns3:cad>84</ns3:cad>
          </ns3:TrackPointExtension>
        </extensions>
      </trkpt>
      <trkpt lat="25.8533397875726222991943359375" lon="119.57222166471183300018310546875">
        <ele>17.3999996185302734375</ele>
        <time>2025-06-21T09:58:34.000Z</time>
        <extensions>
          <ns3:TrackPointExtension>
            <ns3:atemp>33.0</ns3:atemp>
            <ns3:hr>149</ns3:hr>
            <ns3:cad>84</ns3:cad>
          </ns3:TrackPointExtension>
        </extensions>
      </trkpt>
      <trkpt lat="25.85331447422504425048828125" lon="119.5722229219973087310791015625">
        <ele>17.6000003814697265625</ele>
        <time>2025-06-21T09:58:35.000Z</time>
        <extensions>
          <ns3:TrackPointExtension>
            <ns3:atemp>33.0</ns3:atemp>
            <ns3:hr>147</ns3:hr>
            <ns3:cad>84</ns3:cad>
          </ns3:TrackPointExtension>
        </extensions>
      </trkpt>
      <trkpt lat="25.853291340172290802001953125" lon="119.572226107120513916015625">
        <ele>17.3999996185302734375</ele>
        <time>2025-06-21T09:58:36.000Z</time>
        <extensions>
          <ns3:TrackPointExtension>
            <ns3:atemp>33.0</ns3:atemp>
            <ns3:hr>146</ns3:hr>
            <ns3:cad>84</ns3:cad>
          </ns3:TrackPointExtension>
        </extensions>
      </trkpt>
      <trkpt lat="25.8532630093395709991455078125" lon="119.57222543656826019287109375">
        <ele>17.3999996185302734375</ele>
        <time>2025-06-21T09:58:37.000Z</time>
        <extensions>
          <ns3:TrackPointExtension>
            <ns3:atemp>33.0</ns3:atemp>
            <ns3:hr>145</ns3:hr>
            <ns3:cad>84</ns3:cad>
          </ns3:TrackPointExtension>
        </extensions>
      </trkpt>
      <trkpt lat="25.85324515588581562042236328125" lon="119.57222945988178253173828125">
        <ele>17.3999996185302734375</ele>
        <time>2025-06-21T09:58:38.000Z</time>
        <extensions>
          <ns3:TrackPointExtension>
            <ns3:atemp>33.0</ns3:atemp>
            <ns3:hr>144</ns3:hr>
            <ns3:cad>84</ns3:cad>
          </ns3:TrackPointExtension>
        </extensions>
      </trkpt>
      <trkpt lat="25.85321615450084209442138671875" lon="119.5722329802811145782470703125">
        <ele>17.3999996185302734375</ele>
        <time>2025-06-21T09:58:39.000Z</time>
        <extensions>
          <ns3:TrackPointExtension>
            <ns3:atemp>33.0</ns3:atemp>
            <ns3:hr>143</ns3:hr>
            <ns3:cad>84</ns3:cad>
          </ns3:TrackPointExtension>
        </extensions>
      </trkpt>
      <trkpt lat="25.85319377481937408447265625" lon="119.57223440520465373992919921875">
        <ele>17.3999996185302734375</ele>
        <time>2025-06-21T09:58:40.000Z</time>
        <extensions>
          <ns3:TrackPointExtension>
            <ns3:atemp>33.0</ns3:atemp>
            <ns3:hr>143</ns3:hr>
            <ns3:cad>84</ns3:cad>
          </ns3:TrackPointExtension>
        </extensions>
      </trkpt>
      <trkpt lat="25.85317273624241352081298828125" lon="119.5722406916320323944091796875">
        <ele>17.3999996185302734375</ele>
        <time>2025-06-21T09:58:41.000Z</time>
        <extensions>
          <ns3:TrackPointExtension>
            <ns3:atemp>33.0</ns3:atemp>
            <ns3:hr>143</ns3:hr>
            <ns3:cad>84</ns3:cad>
          </ns3:TrackPointExtension>
        </extensions>
      </trkpt>
      <trkpt lat="25.8531453274190425872802734375" lon="119.57224228419363498687744140625">
        <ele>17.3999996185302734375</ele>
        <time>2025-06-21T09:58:42.000Z</time>
        <extensions>
          <ns3:TrackPointExtension>
            <ns3:atemp>33.0</ns3:atemp>
            <ns3:hr>143</ns3:hr>
            <ns3:cad>85</ns3:cad>
          </ns3:TrackPointExtension>
        </extensions>
      </trkpt>
      <trkpt lat="25.8531305752694606781005859375" lon="119.57225284539163112640380859375">
        <ele>17.3999996185302734375</ele>
        <time>2025-06-21T09:58:43.000Z</time>
        <extensions>
          <ns3:TrackPointExtension>
            <ns3:atemp>33.0</ns3:atemp>
            <ns3:hr>144</ns3:hr>
            <ns3:cad>85</ns3:cad>
          </ns3:TrackPointExtension>
        </extensions>
      </trkpt>
      <trkpt lat="25.8531007356941699981689453125" lon="119.572255276143550872802734375">
        <ele>17.3999996185302734375</ele>
        <time>2025-06-21T09:58:44.000Z</time>
        <extensions>
          <ns3:TrackPointExtension>
            <ns3:atemp>33.0</ns3:atemp>
            <ns3:hr>144</ns3:hr>
            <ns3:cad>84</ns3:cad>
          </ns3:TrackPointExtension>
        </extensions>
      </trkpt>
      <trkpt lat="25.85308187641203403472900390625" lon="119.5722621493041515350341796875">
        <ele>17.3999996185302734375</ele>
        <time>2025-06-21T09:58:45.000Z</time>
        <extensions>
          <ns3:TrackPointExtension>
            <ns3:atemp>33.0</ns3:atemp>
            <ns3:hr>145</ns3:hr>
            <ns3:cad>84</ns3:cad>
          </ns3:TrackPointExtension>
        </extensions>
      </trkpt>
      <trkpt lat="25.85305639542639255523681640625" lon="119.57226474769413471221923828125">
        <ele>17.3999996185302734375</ele>
        <time>2025-06-21T09:58:46.000Z</time>
        <extensions>
          <ns3:TrackPointExtension>
            <ns3:atemp>33.0</ns3:atemp>
            <ns3:hr>145</ns3:hr>
            <ns3:cad>85</ns3:cad>
          </ns3:TrackPointExtension>
        </extensions>
      </trkpt>
      <trkpt lat="25.8530299924314022064208984375" lon="119.57226458005607128143310546875">
        <ele>17.3999996185302734375</ele>
        <time>2025-06-21T09:58:47.000Z</time>
        <extensions>
          <ns3:TrackPointExtension>
            <ns3:atemp>33.0</ns3:atemp>
            <ns3:hr>146</ns3:hr>
            <ns3:cad>85</ns3:cad>
          </ns3:TrackPointExtension>
        </extensions>
      </trkpt>
      <trkpt lat="25.85301096551120281219482421875" lon="119.57227396778762340545654296875">
        <ele>17.3999996185302734375</ele>
        <time>2025-06-21T09:58:48.000Z</time>
        <extensions>
          <ns3:TrackPointExtension>
            <ns3:atemp>33.0</ns3:atemp>
            <ns3:hr>147</ns3:hr>
            <ns3:cad>84</ns3:cad>
          </ns3:TrackPointExtension>
        </extensions>
      </trkpt>
      <trkpt lat="25.852981545031070709228515625" lon="119.57226776517927646636962890625">
        <ele>17.3999996185302734375</ele>
        <time>2025-06-21T09:58:49.000Z</time>
        <extensions>
          <ns3:TrackPointExtension>
            <ns3:atemp>33.0</ns3:atemp>
            <ns3:hr>148</ns3:hr>
            <ns3:cad>84</ns3:cad>
          </ns3:TrackPointExtension>
        </extensions>
      </trkpt>
      <trkpt lat="25.85296318866312503814697265625" lon="119.57227170467376708984375">
        <ele>17.3999996185302734375</ele>
        <time>2025-06-21T09:58:50.000Z</time>
        <extensions>
          <ns3:TrackPointExtension>
            <ns3:atemp>33.0</ns3:atemp>
            <ns3:hr>148</ns3:hr>
            <ns3:cad>84</ns3:cad>
          </ns3:TrackPointExtension>
        </extensions>
      </trkpt>
      <trkpt lat="25.85293804295361042022705078125" lon="119.57227480597794055938720703125">
        <ele>17.3999996185302734375</ele>
        <time>2025-06-21T09:58:51.000Z</time>
        <extensions>
          <ns3:TrackPointExtension>
            <ns3:atemp>33.0</ns3:atemp>
            <ns3:hr>148</ns3:hr>
            <ns3:cad>84</ns3:cad>
          </ns3:TrackPointExtension>
        </extensions>
      </trkpt>
      <trkpt lat="25.852913819253444671630859375" lon="119.57226960919797420501708984375">
        <ele>17.3999996185302734375</ele>
        <time>2025-06-21T09:58:52.000Z</time>
        <extensions>
          <ns3:TrackPointExtension>
            <ns3:atemp>33.0</ns3:atemp>
            <ns3:hr>148</ns3:hr>
            <ns3:cad>84</ns3:cad>
          </ns3:TrackPointExtension>
        </extensions>
      </trkpt>
      <trkpt lat="25.8528952114284038543701171875" lon="119.57227380014955997467041015625">
        <ele>17.3999996185302734375</ele>
        <time>2025-06-21T09:58:53.000Z</time>
        <extensions>
          <ns3:TrackPointExtension>
            <ns3:atemp>33.0</ns3:atemp>
            <ns3:hr>148</ns3:hr>
            <ns3:cad>84</ns3:cad>
          </ns3:TrackPointExtension>
        </extensions>
      </trkpt>
      <trkpt lat="25.85286713205277919769287109375" lon="119.57226692698895931243896484375">
        <ele>17.3999996185302734375</ele>
        <time>2025-06-21T09:58:54.000Z</time>
        <extensions>
          <ns3:TrackPointExtension>
            <ns3:atemp>33.0</ns3:atemp>
            <ns3:hr>148</ns3:hr>
            <ns3:cad>84</ns3:cad>
          </ns3:TrackPointExtension>
        </extensions>
      </trkpt>
      <trkpt lat="25.8528496138751506805419921875" lon="119.57227312959730625152587890625">
        <ele>17.3999996185302734375</ele>
        <time>2025-06-21T09:58:55.000Z</time>
        <extensions>
          <ns3:TrackPointExtension>
            <ns3:atemp>33.0</ns3:atemp>
            <ns3:hr>149</ns3:hr>
            <ns3:cad>84</ns3:cad>
          </ns3:TrackPointExtension>
        </extensions>
      </trkpt>
      <trkpt lat="25.85282388143241405487060546875" lon="119.57227396778762340545654296875">
        <ele>17.200000762939453125</ele>
        <time>2025-06-21T09:58:56.000Z</time>
        <extensions>
          <ns3:TrackPointExtension>
            <ns3:atemp>33.0</ns3:atemp>
            <ns3:hr>148</ns3:hr>
            <ns3:cad>84</ns3:cad>
          </ns3:TrackPointExtension>
        </extensions>
      </trkpt>
      <trkpt lat="25.85280024446547031402587890625" lon="119.57227195613086223602294921875">
        <ele>17.200000762939453125</ele>
        <time>2025-06-21T09:58:57.000Z</time>
        <extensions>
          <ns3:TrackPointExtension>
            <ns3:atemp>33.0</ns3:atemp>
            <ns3:hr>148</ns3:hr>
            <ns3:cad>84</ns3:cad>
          </ns3:TrackPointExtension>
        </extensions>
      </trkpt>
      <trkpt lat="25.8527785353362560272216796875" lon="119.5722779072821140289306640625">
        <ele>17</ele>
        <time>2025-06-21T09:58:58.000Z</time>
        <extensions>
          <ns3:TrackPointExtension>
            <ns3:atemp>33.0</ns3:atemp>
            <ns3:hr>149</ns3:hr>
            <ns3:cad>84</ns3:cad>
          </ns3:TrackPointExtension>
        </extensions>
      </trkpt>
      <trkpt lat="25.852749533951282501220703125" lon="119.57226994447410106658935546875">
        <ele>17</ele>
        <time>2025-06-21T09:58:59.000Z</time>
        <extensions>
          <ns3:TrackPointExtension>
            <ns3:atemp>33.0</ns3:atemp>
            <ns3:hr>148</ns3:hr>
            <ns3:cad>84</ns3:cad>
          </ns3:TrackPointExtension>
        </extensions>
      </trkpt>
      <trkpt lat="25.8527319319546222686767578125" lon="119.5722755603492259979248046875">
        <ele>17</ele>
        <time>2025-06-21T09:59:00.000Z</time>
        <extensions>
          <ns3:TrackPointExtension>
            <ns3:atemp>33.0</ns3:atemp>
            <ns3:hr>149</ns3:hr>
            <ns3:cad>84</ns3:cad>
          </ns3:TrackPointExtension>
        </extensions>
      </trkpt>
      <trkpt lat="25.85270469076931476593017578125" lon="119.5722755603492259979248046875">
        <ele>16.799999237060546875</ele>
        <time>2025-06-21T09:59:01.000Z</time>
        <extensions>
          <ns3:TrackPointExtension>
            <ns3:atemp>33.0</ns3:atemp>
            <ns3:hr>149</ns3:hr>
            <ns3:cad>84</ns3:cad>
          </ns3:TrackPointExtension>
        </extensions>
      </trkpt>
      <trkpt lat="25.8526839874684810638427734375" lon="119.5722775720059871673583984375">
        <ele>16.799999237060546875</ele>
        <time>2025-06-21T09:59:02.000Z</time>
        <extensions>
          <ns3:TrackPointExtension>
            <ns3:atemp>33.0</ns3:atemp>
            <ns3:hr>149</ns3:hr>
            <ns3:cad>84</ns3:cad>
          </ns3:TrackPointExtension>
        </extensions>
      </trkpt>
      <trkpt lat="25.852662026882171630859375" lon="119.57227908074855804443359375">
        <ele>16.799999237060546875</ele>
        <time>2025-06-21T09:59:03.000Z</time>
        <extensions>
          <ns3:TrackPointExtension>
            <ns3:atemp>33.0</ns3:atemp>
            <ns3:hr>149</ns3:hr>
            <ns3:cad>84</ns3:cad>
          </ns3:TrackPointExtension>
        </extensions>
      </trkpt>
      <trkpt lat="25.8526347018778324127197265625" lon="119.5722728781402111053466796875">
        <ele>16.799999237060546875</ele>
        <time>2025-06-21T09:59:04.000Z</time>
        <extensions>
          <ns3:TrackPointExtension>
            <ns3:atemp>33.0</ns3:atemp>
            <ns3:hr>149</ns3:hr>
            <ns3:cad>84</ns3:cad>
          </ns3:TrackPointExtension>
        </extensions>
      </trkpt>
      <trkpt lat="25.8526162616908550262451171875" lon="119.57227908074855804443359375">
        <ele>17</ele>
        <time>2025-06-21T09:59:05.000Z</time>
        <extensions>
          <ns3:TrackPointExtension>
            <ns3:atemp>33.0</ns3:atemp>
            <ns3:hr>149</ns3:hr>
            <ns3:cad>84</ns3:cad>
          </ns3:TrackPointExtension>
        </extensions>
      </trkpt>
      <trkpt lat="25.85258566774427890777587890625" lon="119.5722757279872894287109375">
        <ele>17</ele>
        <time>2025-06-21T09:59:06.000Z</time>
        <extensions>
          <ns3:TrackPointExtension>
            <ns3:atemp>33.0</ns3:atemp>
            <ns3:hr>149</ns3:hr>
            <ns3:cad>84</ns3:cad>
          </ns3:TrackPointExtension>
        </extensions>
      </trkpt>
      <trkpt lat="25.8525616116821765899658203125" lon="119.57227480597794055938720703125">
        <ele>17</ele>
        <time>2025-06-21T09:59:07.000Z</time>
        <extensions>
          <ns3:TrackPointExtension>
            <ns3:atemp>33.0</ns3:atemp>
            <ns3:hr>149</ns3:hr>
            <ns3:cad>85</ns3:cad>
          </ns3:TrackPointExtension>
        </extensions>
      </trkpt>
      <trkpt lat="25.8525351248681545257568359375" lon="119.572278074920177459716796875">
        <ele>17</ele>
        <time>2025-06-21T09:59:08.000Z</time>
        <extensions>
          <ns3:TrackPointExtension>
            <ns3:atemp>33.0</ns3:atemp>
            <ns3:hr>149</ns3:hr>
            <ns3:cad>85</ns3:cad>
          </ns3:TrackPointExtension>
        </extensions>
      </trkpt>
      <trkpt lat="25.8525104820728302001953125" lon="119.5722730457782745361328125">
        <ele>17</ele>
        <time>2025-06-21T09:59:09.000Z</time>
        <extensions>
          <ns3:TrackPointExtension>
            <ns3:atemp>33.0</ns3:atemp>
            <ns3:hr>149</ns3:hr>
            <ns3:cad>84</ns3:cad>
          </ns3:TrackPointExtension>
        </extensions>
      </trkpt>
      <trkpt lat="25.85249111987650394439697265625" lon="119.572278745472431182861328125">
        <ele>17</ele>
        <time>2025-06-21T09:59:10.000Z</time>
        <extensions>
          <ns3:TrackPointExtension>
            <ns3:atemp>33.0</ns3:atemp>
            <ns3:hr>150</ns3:hr>
            <ns3:cad>84</ns3:cad>
          </ns3:TrackPointExtension>
        </extensions>
      </trkpt>
      <trkpt lat="25.8524622023105621337890625" lon="119.5722715370357036590576171875">
        <ele>17</ele>
        <time>2025-06-21T09:59:11.000Z</time>
        <extensions>
          <ns3:TrackPointExtension>
            <ns3:atemp>33.0</ns3:atemp>
            <ns3:hr>150</ns3:hr>
            <ns3:cad>84</ns3:cad>
          </ns3:TrackPointExtension>
        </extensions>
      </trkpt>
      <trkpt lat="25.85244032554328441619873046875" lon="119.57227732054889202117919921875">
        <ele>17</ele>
        <time>2025-06-21T09:59:12.000Z</time>
        <extensions>
          <ns3:TrackPointExtension>
            <ns3:atemp>33.0</ns3:atemp>
            <ns3:hr>150</ns3:hr>
            <ns3:cad>84</ns3:cad>
          </ns3:TrackPointExtension>
        </extensions>
      </trkpt>
      <trkpt lat="25.852412246167659759521484375" lon="119.57228234969079494476318359375">
        <ele>17</ele>
        <time>2025-06-21T09:59:13.000Z</time>
        <extensions>
          <ns3:TrackPointExtension>
            <ns3:atemp>33.0</ns3:atemp>
            <ns3:hr>150</ns3:hr>
            <ns3:cad>84</ns3:cad>
          </ns3:TrackPointExtension>
        </extensions>
      </trkpt>
      <trkpt lat="25.85238777101039886474609375" lon="119.57227773964405059814453125">
        <ele>17</ele>
        <time>2025-06-21T09:59:14.000Z</time>
        <extensions>
          <ns3:TrackPointExtension>
            <ns3:atemp>33.0</ns3:atemp>
            <ns3:hr>150</ns3:hr>
            <ns3:cad>84</ns3:cad>
          </ns3:TrackPointExtension>
        </extensions>
      </trkpt>
      <trkpt lat="25.852365307509899139404296875" lon="119.5722810924053192138671875">
        <ele>17</ele>
        <time>2025-06-21T09:59:15.000Z</time>
        <extensions>
          <ns3:TrackPointExtension>
            <ns3:atemp>33.0</ns3:atemp>
            <ns3:hr>150</ns3:hr>
            <ns3:cad>84</ns3:cad>
          </ns3:TrackPointExtension>
        </extensions>
      </trkpt>
      <trkpt lat="25.8523383177816867828369140625" lon="119.57227212376892566680908203125">
        <ele>17</ele>
        <time>2025-06-21T09:59:16.000Z</time>
        <extensions>
          <ns3:TrackPointExtension>
            <ns3:atemp>33.0</ns3:atemp>
            <ns3:hr>151</ns3:hr>
            <ns3:cad>85</ns3:cad>
          </ns3:TrackPointExtension>
        </extensions>
      </trkpt>
      <trkpt lat="25.85232071578502655029296875" lon="119.57227664999663829803466796875">
        <ele>17</ele>
        <time>2025-06-21T09:59:17.000Z</time>
        <extensions>
          <ns3:TrackPointExtension>
            <ns3:atemp>33.0</ns3:atemp>
            <ns3:hr>151</ns3:hr>
            <ns3:cad>85</ns3:cad>
          </ns3:TrackPointExtension>
        </extensions>
      </trkpt>
      <trkpt lat="25.85229246877133846282958984375" lon="119.5722742192447185516357421875">
        <ele>17.200000762939453125</ele>
        <time>2025-06-21T09:59:18.000Z</time>
        <extensions>
          <ns3:TrackPointExtension>
            <ns3:atemp>33.0</ns3:atemp>
            <ns3:hr>150</ns3:hr>
            <ns3:cad>85</ns3:cad>
          </ns3:TrackPointExtension>
        </extensions>
      </trkpt>
      <trkpt lat="25.852269418537616729736328125" lon="119.57227581180632114410400390625">
        <ele>17.200000762939453125</ele>
        <time>2025-06-21T09:59:19.000Z</time>
        <extensions>
          <ns3:TrackPointExtension>
            <ns3:atemp>33.0</ns3:atemp>
            <ns3:hr>151</ns3:hr>
            <ns3:cad>85</ns3:cad>
          </ns3:TrackPointExtension>
        </extensions>
      </trkpt>
      <trkpt lat="25.85224854759871959686279296875" lon="119.57227908074855804443359375">
        <ele>17.200000762939453125</ele>
        <time>2025-06-21T09:59:20.000Z</time>
        <extensions>
          <ns3:TrackPointExtension>
            <ns3:atemp>33.0</ns3:atemp>
            <ns3:hr>150</ns3:hr>
            <ns3:cad>85</ns3:cad>
          </ns3:TrackPointExtension>
        </extensions>
      </trkpt>
      <trkpt lat="25.8522226475179195404052734375" lon="119.57227078266441822052001953125">
        <ele>17.200000762939453125</ele>
        <time>2025-06-21T09:59:21.000Z</time>
        <extensions>
          <ns3:TrackPointExtension>
            <ns3:atemp>33.0</ns3:atemp>
            <ns3:hr>150</ns3:hr>
            <ns3:cad>85</ns3:cad>
          </ns3:TrackPointExtension>
        </extensions>
      </trkpt>
      <trkpt lat="25.852204374969005584716796875" lon="119.57227648235857486724853515625">
        <ele>17.200000762939453125</ele>
        <time>2025-06-21T09:59:22.000Z</time>
        <extensions>
          <ns3:TrackPointExtension>
            <ns3:atemp>33.0</ns3:atemp>
            <ns3:hr>150</ns3:hr>
            <ns3:cad>85</ns3:cad>
          </ns3:TrackPointExtension>
        </extensions>
      </trkpt>
      <trkpt lat="25.85217311047017574310302734375" lon="119.5722772367298603057861328125">
        <ele>17.200000762939453125</ele>
        <time>2025-06-21T09:59:23.000Z</time>
        <extensions>
          <ns3:TrackPointExtension>
            <ns3:atemp>33.0</ns3:atemp>
            <ns3:hr>150</ns3:hr>
            <ns3:cad>84</ns3:cad>
          </ns3:TrackPointExtension>
        </extensions>
      </trkpt>
      <trkpt lat="25.8521502278745174407958984375" lon="119.5722795836627483367919921875">
        <ele>17.200000762939453125</ele>
        <time>2025-06-21T09:59:24.000Z</time>
        <extensions>
          <ns3:TrackPointExtension>
            <ns3:atemp>33.0</ns3:atemp>
            <ns3:hr>149</ns3:hr>
            <ns3:cad>84</ns3:cad>
          </ns3:TrackPointExtension>
        </extensions>
      </trkpt>
      <trkpt lat="25.8521296083927154541015625" lon="119.57228436134755611419677734375">
        <ele>17.200000762939453125</ele>
        <time>2025-06-21T09:59:25.000Z</time>
        <extensions>
          <ns3:TrackPointExtension>
            <ns3:atemp>33.0</ns3:atemp>
            <ns3:hr>149</ns3:hr>
            <ns3:cad>84</ns3:cad>
          </ns3:TrackPointExtension>
        </extensions>
      </trkpt>
      <trkpt lat="25.852101109921932220458984375" lon="119.5722772367298603057861328125">
        <ele>17.200000762939453125</ele>
        <time>2025-06-21T09:59:26.000Z</time>
        <extensions>
          <ns3:TrackPointExtension>
            <ns3:atemp>33.0</ns3:atemp>
            <ns3:hr>149</ns3:hr>
            <ns3:cad>84</ns3:cad>
          </ns3:TrackPointExtension>
        </extensions>
      </trkpt>
      <trkpt lat="25.85208392702043056488037109375" lon="119.57228285260498523712158203125">
        <ele>17.200000762939453125</ele>
        <time>2025-06-21T09:59:27.000Z</time>
        <extensions>
          <ns3:TrackPointExtension>
            <ns3:atemp>33.0</ns3:atemp>
            <ns3:hr>149</ns3:hr>
            <ns3:cad>84</ns3:cad>
          </ns3:TrackPointExtension>
        </extensions>
      </trkpt>
      <trkpt lat="25.85205861367285251617431640625" lon="119.57228218205273151397705078125">
        <ele>17.200000762939453125</ele>
        <time>2025-06-21T09:59:28.000Z</time>
        <extensions>
          <ns3:TrackPointExtension>
            <ns3:atemp>33.0</ns3:atemp>
            <ns3:hr>149</ns3:hr>
            <ns3:cad>84</ns3:cad>
          </ns3:TrackPointExtension>
        </extensions>
      </trkpt>
      <trkpt lat="25.85203707218170166015625" lon="119.572280757129192352294921875">
        <ele>17</ele>
        <time>2025-06-21T09:59:29.000Z</time>
        <extensions>
          <ns3:TrackPointExtension>
            <ns3:atemp>33.0</ns3:atemp>
            <ns3:hr>150</ns3:hr>
            <ns3:cad>84</ns3:cad>
          </ns3:TrackPointExtension>
        </extensions>
      </trkpt>
      <trkpt lat="25.85201888345181941986083984375" lon="119.57228050567209720611572265625">
        <ele>17</ele>
        <time>2025-06-21T09:59:30.000Z</time>
        <extensions>
          <ns3:TrackPointExtension>
            <ns3:atemp>33.0</ns3:atemp>
            <ns3:hr>150</ns3:hr>
            <ns3:cad>84</ns3:cad>
          </ns3:TrackPointExtension>
        </extensions>
      </trkpt>
      <trkpt lat="25.85199172608554363250732421875" lon="119.57227371633052825927734375">
        <ele>17</ele>
        <time>2025-06-21T09:59:31.000Z</time>
        <extensions>
          <ns3:TrackPointExtension>
            <ns3:atemp>33.0</ns3:atemp>
            <ns3:hr>149</ns3:hr>
            <ns3:cad>84</ns3:cad>
          </ns3:TrackPointExtension>
        </extensions>
      </trkpt>
      <trkpt lat="25.851971693336963653564453125" lon="119.57228243350982666015625">
        <ele>17</ele>
        <time>2025-06-21T09:59:32.000Z</time>
        <extensions>
          <ns3:TrackPointExtension>
            <ns3:atemp>33.0</ns3:atemp>
            <ns3:hr>150</ns3:hr>
            <ns3:cad>84</ns3:cad>
          </ns3:TrackPointExtension>
        </extensions>
      </trkpt>
      <trkpt lat="25.8519416861236095428466796875" lon="119.5722826011478900909423828125">
        <ele>17</ele>
        <time>2025-06-21T09:59:33.000Z</time>
        <extensions>
          <ns3:TrackPointExtension>
            <ns3:atemp>33.0</ns3:atemp>
            <ns3:hr>150</ns3:hr>
            <ns3:cad>84</ns3:cad>
          </ns3:TrackPointExtension>
        </extensions>
      </trkpt>
      <trkpt lat="25.85191561840474605560302734375" lon="119.57228285260498523712158203125">
        <ele>16.799999237060546875</ele>
        <time>2025-06-21T09:59:34.000Z</time>
        <extensions>
          <ns3:TrackPointExtension>
            <ns3:atemp>33.0</ns3:atemp>
            <ns3:hr>150</ns3:hr>
            <ns3:cad>84</ns3:cad>
          </ns3:TrackPointExtension>
        </extensions>
      </trkpt>
      <trkpt lat="25.851895250380039215087890625" lon="119.5722899772226810455322265625">
        <ele>16.799999237060546875</ele>
        <time>2025-06-21T09:59:35.000Z</time>
        <extensions>
          <ns3:TrackPointExtension>
            <ns3:atemp>33.0</ns3:atemp>
            <ns3:hr>149</ns3:hr>
            <ns3:cad>84</ns3:cad>
          </ns3:TrackPointExtension>
        </extensions>
      </trkpt>
      <trkpt lat="25.85186733864247798919677734375" lon="119.57228033803403377532958984375">
        <ele>16.799999237060546875</ele>
        <time>2025-06-21T09:59:36.000Z</time>
        <extensions>
          <ns3:TrackPointExtension>
            <ns3:atemp>33.0</ns3:atemp>
            <ns3:hr>149</ns3:hr>
            <ns3:cad>84</ns3:cad>
          </ns3:TrackPointExtension>
        </extensions>
      </trkpt>
      <trkpt lat="25.85185124538838863372802734375" lon="119.5722842775285243988037109375">
        <ele>16.799999237060546875</ele>
        <time>2025-06-21T09:59:37.000Z</time>
        <extensions>
          <ns3:TrackPointExtension>
            <ns3:atemp>33.0</ns3:atemp>
            <ns3:hr>149</ns3:hr>
            <ns3:cad>84</ns3:cad>
          </ns3:TrackPointExtension>
        </extensions>
      </trkpt>
      <trkpt lat="25.85182123817503452301025390625" lon="119.57227832637727260589599609375">
        <ele>16.799999237060546875</ele>
        <time>2025-06-21T09:59:38.000Z</time>
        <extensions>
          <ns3:TrackPointExtension>
            <ns3:atemp>33.0</ns3:atemp>
            <ns3:hr>150</ns3:hr>
            <ns3:cad>84</ns3:cad>
          </ns3:TrackPointExtension>
        </extensions>
      </trkpt>
      <trkpt lat="25.8518015407025814056396484375" lon="119.57228436134755611419677734375">
        <ele>16.799999237060546875</ele>
        <time>2025-06-21T09:59:39.000Z</time>
        <extensions>
          <ns3:TrackPointExtension>
            <ns3:atemp>33.0</ns3:atemp>
            <ns3:hr>150</ns3:hr>
            <ns3:cad>84</ns3:cad>
          </ns3:TrackPointExtension>
        </extensions>
      </trkpt>
      <trkpt lat="25.85177396424114704132080078125" lon="119.5722846128046512603759765625">
        <ele>16.799999237060546875</ele>
        <time>2025-06-21T09:59:40.000Z</time>
        <extensions>
          <ns3:TrackPointExtension>
            <ns3:atemp>33.0</ns3:atemp>
            <ns3:hr>150</ns3:hr>
            <ns3:cad>84</ns3:cad>
          </ns3:TrackPointExtension>
        </extensions>
      </trkpt>
      <trkpt lat="25.85175317712128162384033203125" lon="119.57228654064238071441650390625">
        <ele>17</ele>
        <time>2025-06-21T09:59:41.000Z</time>
        <extensions>
          <ns3:TrackPointExtension>
            <ns3:atemp>33.0</ns3:atemp>
            <ns3:hr>150</ns3:hr>
            <ns3:cad>84</ns3:cad>
          </ns3:TrackPointExtension>
        </extensions>
      </trkpt>
      <trkpt lat="25.85173356346786022186279296875" lon="119.57228821702301502227783203125">
        <ele>17</ele>
        <time>2025-06-21T09:59:42.000Z</time>
        <extensions>
          <ns3:TrackPointExtension>
            <ns3:atemp>33.0</ns3:atemp>
            <ns3:hr>150</ns3:hr>
            <ns3:cad>84</ns3:cad>
          </ns3:TrackPointExtension>
        </extensions>
      </trkpt>
      <trkpt lat="25.85170648992061614990234375" lon="119.5722815953195095062255859375">
        <ele>17.200000762939453125</ele>
        <time>2025-06-21T09:59:43.000Z</time>
        <extensions>
          <ns3:TrackPointExtension>
            <ns3:atemp>33.0</ns3:atemp>
            <ns3:hr>150</ns3:hr>
            <ns3:cad>84</ns3:cad>
          </ns3:TrackPointExtension>
        </extensions>
      </trkpt>
      <trkpt lat="25.8516845293343067169189453125" lon="119.57228578627109527587890625">
        <ele>17.200000762939453125</ele>
        <time>2025-06-21T09:59:44.000Z</time>
        <extensions>
          <ns3:TrackPointExtension>
            <ns3:atemp>33.0</ns3:atemp>
            <ns3:hr>151</ns3:hr>
            <ns3:cad>84</ns3:cad>
          </ns3:TrackPointExtension>
        </extensions>
      </trkpt>
      <trkpt lat="25.85165527649223804473876953125" lon="119.5722815953195095062255859375">
        <ele>17.200000762939453125</ele>
        <time>2025-06-21T09:59:45.000Z</time>
        <extensions>
          <ns3:TrackPointExtension>
            <ns3:atemp>33.0</ns3:atemp>
            <ns3:hr>151</ns3:hr>
            <ns3:cad>84</ns3:cad>
          </ns3:TrackPointExtension>
        </extensions>
      </trkpt>
      <trkpt lat="25.85162929259240627288818359375" lon="119.57228335551917552947998046875">
        <ele>17</ele>
        <time>2025-06-21T09:59:46.000Z</time>
        <extensions>
          <ns3:TrackPointExtension>
            <ns3:atemp>33.0</ns3:atemp>
            <ns3:hr>151</ns3:hr>
            <ns3:cad>85</ns3:cad>
          </ns3:TrackPointExtension>
        </extensions>
      </trkpt>
      <trkpt lat="25.85160179995000362396240234375" lon="119.5722869597375392913818359375">
        <ele>17</ele>
        <time>2025-06-21T09:59:47.000Z</time>
        <extensions>
          <ns3:TrackPointExtension>
            <ns3:atemp>33.0</ns3:atemp>
            <ns3:hr>150</ns3:hr>
            <ns3:cad>85</ns3:cad>
          </ns3:TrackPointExtension>
        </extensions>
      </trkpt>
      <trkpt lat="25.8515762351453304290771484375" lon="119.57228201441466808319091796875">
        <ele>17</ele>
        <time>2025-06-21T09:59:48.000Z</time>
        <extensions>
          <ns3:TrackPointExtension>
            <ns3:atemp>33.0</ns3:atemp>
            <ns3:hr>151</ns3:hr>
            <ns3:cad>86</ns3:cad>
          </ns3:TrackPointExtension>
        </extensions>
      </trkpt>
      <trkpt lat="25.85155771113932132720947265625" lon="119.57229106687009334564208984375">
        <ele>16.799999237060546875</ele>
        <time>2025-06-21T09:59:49.000Z</time>
        <extensions>
          <ns3:TrackPointExtension>
            <ns3:atemp>33.0</ns3:atemp>
            <ns3:hr>151</ns3:hr>
            <ns3:cad>86</ns3:cad>
          </ns3:TrackPointExtension>
        </extensions>
      </trkpt>
      <trkpt lat="25.8515261113643646240234375" lon="119.5722886361181735992431640625">
        <ele>16.799999237060546875</ele>
        <time>2025-06-21T09:59:50.000Z</time>
        <extensions>
          <ns3:TrackPointExtension>
            <ns3:atemp>33.0</ns3:atemp>
            <ns3:hr>150</ns3:hr>
            <ns3:cad>85</ns3:cad>
          </ns3:TrackPointExtension>
        </extensions>
      </trkpt>
      <trkpt lat="25.8515024743974208831787109375" lon="119.57229249179363250732421875">
        <ele>16.799999237060546875</ele>
        <time>2025-06-21T09:59:51.000Z</time>
        <extensions>
          <ns3:TrackPointExtension>
            <ns3:atemp>33.0</ns3:atemp>
            <ns3:hr>151</ns3:hr>
            <ns3:cad>85</ns3:cad>
          </ns3:TrackPointExtension>
        </extensions>
      </trkpt>
      <trkpt lat="25.85147120989859104156494140625" lon="119.5722899772226810455322265625">
        <ele>16.799999237060546875</ele>
        <time>2025-06-21T09:59:52.000Z</time>
        <extensions>
          <ns3:TrackPointExtension>
            <ns3:atemp>33.0</ns3:atemp>
            <ns3:hr>151</ns3:hr>
            <ns3:cad>85</ns3:cad>
          </ns3:TrackPointExtension>
        </extensions>
      </trkpt>
      <trkpt lat="25.8514456450939178466796875" lon="119.5722866244614124298095703125">
        <ele>16.799999237060546875</ele>
        <time>2025-06-21T09:59:53.000Z</time>
        <extensions>
          <ns3:TrackPointExtension>
            <ns3:atemp>33.0</ns3:atemp>
            <ns3:hr>150</ns3:hr>
            <ns3:cad>85</ns3:cad>
          </ns3:TrackPointExtension>
        </extensions>
      </trkpt>
      <trkpt lat="25.85142619907855987548828125" lon="119.5722906477749347686767578125">
        <ele>16.799999237060546875</ele>
        <time>2025-06-21T09:59:54.000Z</time>
        <extensions>
          <ns3:TrackPointExtension>
            <ns3:atemp>33.0</ns3:atemp>
            <ns3:hr>151</ns3:hr>
            <ns3:cad>85</ns3:cad>
          </ns3:TrackPointExtension>
        </extensions>
      </trkpt>
      <trkpt lat="25.85139661096036434173583984375" lon="119.5722815953195095062255859375">
        <ele>16.799999237060546875</ele>
        <time>2025-06-21T09:59:55.000Z</time>
        <extensions>
          <ns3:TrackPointExtension>
            <ns3:atemp>33.0</ns3:atemp>
            <ns3:hr>151</ns3:hr>
            <ns3:cad>85</ns3:cad>
          </ns3:TrackPointExtension>
        </extensions>
      </trkpt>
      <trkpt lat="25.8513740636408329010009765625" lon="119.57227748818695545196533203125">
        <ele>17</ele>
        <time>2025-06-21T09:59:56.000Z</time>
        <extensions>
          <ns3:TrackPointExtension>
            <ns3:atemp>33.0</ns3:atemp>
            <ns3:hr>151</ns3:hr>
            <ns3:cad>84</ns3:cad>
          </ns3:TrackPointExtension>
        </extensions>
      </trkpt>
      <trkpt lat="25.85134799592196941375732421875" lon="119.57227229140698909759521484375">
        <ele>16.799999237060546875</ele>
        <time>2025-06-21T09:59:57.000Z</time>
        <extensions>
          <ns3:TrackPointExtension>
            <ns3:atemp>33.0</ns3:atemp>
            <ns3:hr>151</ns3:hr>
            <ns3:cad>84</ns3:cad>
          </ns3:TrackPointExtension>
        </extensions>
      </trkpt>
      <trkpt lat="25.8513234369456768035888671875" lon="119.5722641609609127044677734375">
        <ele>16.799999237060546875</ele>
        <time>2025-06-21T09:59:58.000Z</time>
        <extensions>
          <ns3:TrackPointExtension>
            <ns3:atemp>33.0</ns3:atemp>
            <ns3:hr>151</ns3:hr>
            <ns3:cad>84</ns3:cad>
          </ns3:TrackPointExtension>
        </extensions>
      </trkpt>
      <trkpt lat="25.8513023145496845245361328125" lon="119.5722675137221813201904296875">
        <ele>16.799999237060546875</ele>
        <time>2025-06-21T09:59:59.000Z</time>
        <extensions>
          <ns3:TrackPointExtension>
            <ns3:atemp>33.0</ns3:atemp>
            <ns3:hr>150</ns3:hr>
            <ns3:cad>83</ns3:cad>
          </ns3:TrackPointExtension>
        </extensions>
      </trkpt>
      <trkpt lat="25.851273648440837860107421875" lon="119.572250582277774810791015625">
        <ele>17</ele>
        <time>2025-06-21T10:00:00.000Z</time>
        <extensions>
          <ns3:TrackPointExtension>
            <ns3:atemp>33.0</ns3:atemp>
            <ns3:hr>151</ns3:hr>
            <ns3:cad>83</ns3:cad>
          </ns3:TrackPointExtension>
        </extensions>
      </trkpt>
      <trkpt lat="25.85125193931162357330322265625" lon="119.57224966026842594146728515625">
        <ele>17</ele>
        <time>2025-06-21T10:00:01.000Z</time>
        <extensions>
          <ns3:TrackPointExtension>
            <ns3:atemp>33.0</ns3:atemp>
            <ns3:hr>151</ns3:hr>
            <ns3:cad>83</ns3:cad>
          </ns3:TrackPointExtension>
        </extensions>
      </trkpt>
      <trkpt lat="25.8512245304882526397705078125" lon="119.57223876379430294036865234375">
        <ele>17</ele>
        <time>2025-06-21T10:00:02.000Z</time>
        <extensions>
          <ns3:TrackPointExtension>
            <ns3:atemp>33.0</ns3:atemp>
            <ns3:hr>151</ns3:hr>
            <ns3:cad>84</ns3:cad>
          </ns3:TrackPointExtension>
        </extensions>
      </trkpt>
      <trkpt lat="25.8512007258832454681396484375" lon="119.572231136262416839599609375">
        <ele>17</ele>
        <time>2025-06-21T10:00:03.000Z</time>
        <extensions>
          <ns3:TrackPointExtension>
            <ns3:atemp>33.0</ns3:atemp>
            <ns3:hr>151</ns3:hr>
            <ns3:cad>84</ns3:cad>
          </ns3:TrackPointExtension>
        </extensions>
      </trkpt>
      <trkpt lat="25.851177759468555450439453125" lon="119.5722235925495624542236328125">
        <ele>16.799999237060546875</ele>
        <time>2025-06-21T10:00:04.000Z</time>
        <extensions>
          <ns3:TrackPointExtension>
            <ns3:atemp>33.0</ns3:atemp>
            <ns3:hr>152</ns3:hr>
            <ns3:cad>85</ns3:cad>
          </ns3:TrackPointExtension>
        </extensions>
      </trkpt>
      <trkpt lat="25.8511537872254848480224609375" lon="119.5722024701535701751708984375">
        <ele>16.799999237060546875</ele>
        <time>2025-06-21T10:00:05.000Z</time>
        <extensions>
          <ns3:TrackPointExtension>
            <ns3:atemp>33.0</ns3:atemp>
            <ns3:hr>152</ns3:hr>
            <ns3:cad>85</ns3:cad>
          </ns3:TrackPointExtension>
        </extensions>
      </trkpt>
      <trkpt lat="25.85113710723817348480224609375" lon="119.57220104523003101348876953125">
        <ele>16.799999237060546875</ele>
        <time>2025-06-21T10:00:06.000Z</time>
        <extensions>
          <ns3:TrackPointExtension>
            <ns3:atemp>33.0</ns3:atemp>
            <ns3:hr>152</ns3:hr>
            <ns3:cad>85</ns3:cad>
          </ns3:TrackPointExtension>
        </extensions>
      </trkpt>
      <trkpt lat="25.85110911168158054351806640625" lon="119.5721863768994808197021484375">
        <ele>16.799999237060546875</ele>
        <time>2025-06-21T10:00:07.000Z</time>
        <extensions>
          <ns3:TrackPointExtension>
            <ns3:atemp>33.0</ns3:atemp>
            <ns3:hr>152</ns3:hr>
            <ns3:cad>84</ns3:cad>
          </ns3:TrackPointExtension>
        </extensions>
      </trkpt>
      <trkpt lat="25.85108916275203227996826171875" lon="119.57217724062502384185791015625">
        <ele>16.799999237060546875</ele>
        <time>2025-06-21T10:00:08.000Z</time>
        <extensions>
          <ns3:TrackPointExtension>
            <ns3:atemp>33.0</ns3:atemp>
            <ns3:hr>152</ns3:hr>
            <ns3:cad>84</ns3:cad>
          </ns3:TrackPointExtension>
        </extensions>
      </trkpt>
      <trkpt lat="25.85106653161346912384033203125" lon="119.57217221148312091827392578125">
        <ele>16.6000003814697265625</ele>
        <time>2025-06-21T10:00:09.000Z</time>
        <extensions>
          <ns3:TrackPointExtension>
            <ns3:atemp>33.0</ns3:atemp>
            <ns3:hr>152</ns3:hr>
            <ns3:cad>84</ns3:cad>
          </ns3:TrackPointExtension>
        </extensions>
      </trkpt>
      <trkpt lat="25.851040296256542205810546875" lon="119.57215175963938236236572265625">
        <ele>16.6000003814697265625</ele>
        <time>2025-06-21T10:00:10.000Z</time>
        <extensions>
          <ns3:TrackPointExtension>
            <ns3:atemp>33.0</ns3:atemp>
            <ns3:hr>152</ns3:hr>
            <ns3:cad>84</ns3:cad>
          </ns3:TrackPointExtension>
        </extensions>
      </trkpt>
      <trkpt lat="25.85102059878408908843994140625" lon="119.57215175963938236236572265625">
        <ele>16.6000003814697265625</ele>
        <time>2025-06-21T10:00:11.000Z</time>
        <extensions>
          <ns3:TrackPointExtension>
            <ns3:atemp>33.0</ns3:atemp>
            <ns3:hr>153</ns3:hr>
            <ns3:cad>84</ns3:cad>
          </ns3:TrackPointExtension>
        </extensions>
      </trkpt>
      <trkpt lat="25.85098790936172008514404296875" lon="119.5721360854804515838623046875">
        <ele>16.799999237060546875</ele>
        <time>2025-06-21T10:00:12.000Z</time>
        <extensions>
          <ns3:TrackPointExtension>
            <ns3:atemp>33.0</ns3:atemp>
            <ns3:hr>153</ns3:hr>
            <ns3:cad>84</ns3:cad>
          </ns3:TrackPointExtension>
        </extensions>
      </trkpt>
      <trkpt lat="25.8509682118892669677734375" lon="119.572133906185626983642578125">
        <ele>16.799999237060546875</ele>
        <time>2025-06-21T10:00:13.000Z</time>
        <extensions>
          <ns3:TrackPointExtension>
            <ns3:atemp>33.0</ns3:atemp>
            <ns3:hr>153</ns3:hr>
            <ns3:cad>84</ns3:cad>
          </ns3:TrackPointExtension>
        </extensions>
      </trkpt>
      <trkpt lat="25.85094398818910121917724609375" lon="119.57212678156793117523193359375">
        <ele>17</ele>
        <time>2025-06-21T10:00:14.000Z</time>
        <extensions>
          <ns3:TrackPointExtension>
            <ns3:atemp>33.0</ns3:atemp>
            <ns3:hr>154</ns3:hr>
            <ns3:cad>84</ns3:cad>
          </ns3:TrackPointExtension>
        </extensions>
      </trkpt>
      <trkpt lat="25.8509200997650623321533203125" lon="119.57211412489414215087890625">
        <ele>17.200000762939453125</ele>
        <time>2025-06-21T10:00:15.000Z</time>
        <extensions>
          <ns3:TrackPointExtension>
            <ns3:atemp>33.0</ns3:atemp>
            <ns3:hr>154</ns3:hr>
            <ns3:cad>84</ns3:cad>
          </ns3:TrackPointExtension>
        </extensions>
      </trkpt>
      <trkpt lat="25.85089780390262603759765625" lon="119.57210733555257320404052734375">
        <ele>17.3999996185302734375</ele>
        <time>2025-06-21T10:00:16.000Z</time>
        <extensions>
          <ns3:TrackPointExtension>
            <ns3:atemp>33.0</ns3:atemp>
            <ns3:hr>154</ns3:hr>
            <ns3:cad>85</ns3:cad>
          </ns3:TrackPointExtension>
        </extensions>
      </trkpt>
      <trkpt lat="25.85087022744119167327880859375" lon="119.57208856008946895599365234375">
        <ele>17.3999996185302734375</ele>
        <time>2025-06-21T10:00:17.000Z</time>
        <extensions>
          <ns3:TrackPointExtension>
            <ns3:atemp>33.0</ns3:atemp>
            <ns3:hr>153</ns3:hr>
            <ns3:cad>84</ns3:cad>
          </ns3:TrackPointExtension>
        </extensions>
      </trkpt>
      <trkpt lat="25.85084977559745311737060546875" lon="119.5720874704420566558837890625">
        <ele>17.6000003814697265625</ele>
        <time>2025-06-21T10:00:18.000Z</time>
        <extensions>
          <ns3:TrackPointExtension>
            <ns3:atemp>33.0</ns3:atemp>
            <ns3:hr>154</ns3:hr>
            <ns3:cad>84</ns3:cad>
          </ns3:TrackPointExtension>
        </extensions>
      </trkpt>
      <trkpt lat="25.85082362405955791473388671875" lon="119.572079591453075408935546875">
        <ele>17.6000003814697265625</ele>
        <time>2025-06-21T10:00:19.000Z</time>
        <extensions>
          <ns3:TrackPointExtension>
            <ns3:atemp>33.0</ns3:atemp>
            <ns3:hr>154</ns3:hr>
            <ns3:cad>84</ns3:cad>
          </ns3:TrackPointExtension>
        </extensions>
      </trkpt>
      <trkpt lat="25.850800573825836181640625" lon="119.57207011990249156951904296875">
        <ele>17.6000003814697265625</ele>
        <time>2025-06-21T10:00:20.000Z</time>
        <extensions>
          <ns3:TrackPointExtension>
            <ns3:atemp>33.0</ns3:atemp>
            <ns3:hr>153</ns3:hr>
            <ns3:cad>84</ns3:cad>
          </ns3:TrackPointExtension>
        </extensions>
      </trkpt>
      <trkpt lat="25.85078054107725620269775390625" lon="119.57206442020833492279052734375">
        <ele>17.3999996185302734375</ele>
        <time>2025-06-21T10:00:21.000Z</time>
        <extensions>
          <ns3:TrackPointExtension>
            <ns3:atemp>33.0</ns3:atemp>
            <ns3:hr>154</ns3:hr>
            <ns3:cad>84</ns3:cad>
          </ns3:TrackPointExtension>
        </extensions>
      </trkpt>
      <trkpt lat="25.85075120441615581512451171875" lon="119.57204530946910381317138671875">
        <ele>17.3999996185302734375</ele>
        <time>2025-06-21T10:00:22.000Z</time>
        <extensions>
          <ns3:TrackPointExtension>
            <ns3:atemp>33.0</ns3:atemp>
            <ns3:hr>154</ns3:hr>
            <ns3:cad>84</ns3:cad>
          </ns3:TrackPointExtension>
        </extensions>
      </trkpt>
      <trkpt lat="25.8507343567907810211181640625" lon="119.572044052183628082275390625">
        <ele>17.3999996185302734375</ele>
        <time>2025-06-21T10:00:23.000Z</time>
        <extensions>
          <ns3:TrackPointExtension>
            <ns3:atemp>33.0</ns3:atemp>
            <ns3:hr>153</ns3:hr>
            <ns3:cad>84</ns3:cad>
          </ns3:TrackPointExtension>
        </extensions>
      </trkpt>
      <trkpt lat="25.850707702338695526123046875" lon="119.57203307189047336578369140625">
        <ele>17.200000762939453125</ele>
        <time>2025-06-21T10:00:24.000Z</time>
        <extensions>
          <ns3:TrackPointExtension>
            <ns3:atemp>33.0</ns3:atemp>
            <ns3:hr>154</ns3:hr>
            <ns3:cad>84</ns3:cad>
          </ns3:TrackPointExtension>
        </extensions>
      </trkpt>
      <trkpt lat="25.850688256323337554931640625" lon="119.5720264501869678497314453125">
        <ele>17.200000762939453125</ele>
        <time>2025-06-21T10:00:25.000Z</time>
        <extensions>
          <ns3:TrackPointExtension>
            <ns3:atemp>33.0</ns3:atemp>
            <ns3:hr>154</ns3:hr>
            <ns3:cad>84</ns3:cad>
          </ns3:TrackPointExtension>
        </extensions>
      </trkpt>
      <trkpt lat="25.850668139755725860595703125" lon="119.57202049903571605682373046875">
        <ele>17.200000762939453125</ele>
        <time>2025-06-21T10:00:26.000Z</time>
        <extensions>
          <ns3:TrackPointExtension>
            <ns3:atemp>33.0</ns3:atemp>
            <ns3:hr>153</ns3:hr>
            <ns3:cad>84</ns3:cad>
          </ns3:TrackPointExtension>
        </extensions>
      </trkpt>
      <trkpt lat="25.850646682083606719970703125" lon="119.57200038246810436248779296875">
        <ele>17.3999996185302734375</ele>
        <time>2025-06-21T10:00:27.000Z</time>
        <extensions>
          <ns3:TrackPointExtension>
            <ns3:atemp>33.0</ns3:atemp>
            <ns3:hr>154</ns3:hr>
            <ns3:cad>84</ns3:cad>
          </ns3:TrackPointExtension>
        </extensions>
      </trkpt>
      <trkpt lat="25.85063000209629535675048828125" lon="119.57200172357261180877685546875">
        <ele>17.3999996185302734375</ele>
        <time>2025-06-21T10:00:28.000Z</time>
        <extensions>
          <ns3:TrackPointExtension>
            <ns3:atemp>33.0</ns3:atemp>
            <ns3:hr>154</ns3:hr>
            <ns3:cad>84</ns3:cad>
          </ns3:TrackPointExtension>
        </extensions>
      </trkpt>
      <trkpt lat="25.85059831850230693817138671875" lon="119.5719862170517444610595703125">
        <ele>17.3999996185302734375</ele>
        <time>2025-06-21T10:00:29.000Z</time>
        <extensions>
          <ns3:TrackPointExtension>
            <ns3:atemp>33.0</ns3:atemp>
            <ns3:hr>154</ns3:hr>
            <ns3:cad>84</ns3:cad>
          </ns3:TrackPointExtension>
        </extensions>
      </trkpt>
      <trkpt lat="25.85057870484888553619384765625" lon="119.5719811879098415374755859375">
        <ele>17.6000003814697265625</ele>
        <time>2025-06-21T10:00:30.000Z</time>
        <extensions>
          <ns3:TrackPointExtension>
            <ns3:atemp>33.0</ns3:atemp>
            <ns3:hr>153</ns3:hr>
            <ns3:cad>84</ns3:cad>
          </ns3:TrackPointExtension>
        </extensions>
      </trkpt>
      <trkpt lat="25.85055640898644924163818359375" lon="119.5719738118350505828857421875">
        <ele>17.6000003814697265625</ele>
        <time>2025-06-21T10:00:31.000Z</time>
        <extensions>
          <ns3:TrackPointExtension>
            <ns3:atemp>33.0</ns3:atemp>
            <ns3:hr>154</ns3:hr>
            <ns3:cad>84</ns3:cad>
          </ns3:TrackPointExtension>
        </extensions>
      </trkpt>
      <trkpt lat="25.8505362085998058319091796875" lon="119.571957550942897796630859375">
        <ele>17.6000003814697265625</ele>
        <time>2025-06-21T10:00:32.000Z</time>
        <extensions>
          <ns3:TrackPointExtension>
            <ns3:atemp>33.0</ns3:atemp>
            <ns3:hr>154</ns3:hr>
            <ns3:cad>84</ns3:cad>
          </ns3:TrackPointExtension>
        </extensions>
      </trkpt>
      <trkpt lat="25.85051667876541614532470703125" lon="119.5719560422003269195556640625">
        <ele>17.6000003814697265625</ele>
        <time>2025-06-21T10:00:33.000Z</time>
        <extensions>
          <ns3:TrackPointExtension>
            <ns3:atemp>33.0</ns3:atemp>
            <ns3:hr>154</ns3:hr>
            <ns3:cad>84</ns3:cad>
          </ns3:TrackPointExtension>
        </extensions>
      </trkpt>
      <trkpt lat="25.8504880964756011962890625" lon="119.571936428546905517578125">
        <ele>17.6000003814697265625</ele>
        <time>2025-06-21T10:00:34.000Z</time>
        <extensions>
          <ns3:TrackPointExtension>
            <ns3:atemp>33.0</ns3:atemp>
            <ns3:hr>153</ns3:hr>
            <ns3:cad>84</ns3:cad>
          </ns3:TrackPointExtension>
        </extensions>
      </trkpt>
      <trkpt lat="25.8504693210124969482421875" lon="119.5719342492520809173583984375">
        <ele>17.6000003814697265625</ele>
        <time>2025-06-21T10:00:35.000Z</time>
        <extensions>
          <ns3:TrackPointExtension>
            <ns3:atemp>33.0</ns3:atemp>
            <ns3:hr>154</ns3:hr>
            <ns3:cad>84</ns3:cad>
          </ns3:TrackPointExtension>
        </extensions>
      </trkpt>
      <trkpt lat="25.8504423312842845916748046875" lon="119.571927376091480255126953125">
        <ele>17.6000003814697265625</ele>
        <time>2025-06-21T10:00:36.000Z</time>
        <extensions>
          <ns3:TrackPointExtension>
            <ns3:atemp>33.0</ns3:atemp>
            <ns3:hr>154</ns3:hr>
            <ns3:cad>84</ns3:cad>
          </ns3:TrackPointExtension>
        </extensions>
      </trkpt>
      <trkpt lat="25.8504205383360385894775390625" lon="119.57191538996994495391845703125">
        <ele>17.6000003814697265625</ele>
        <time>2025-06-21T10:00:37.000Z</time>
        <extensions>
          <ns3:TrackPointExtension>
            <ns3:atemp>33.0</ns3:atemp>
            <ns3:hr>153</ns3:hr>
            <ns3:cad>85</ns3:cad>
          </ns3:TrackPointExtension>
        </extensions>
      </trkpt>
      <trkpt lat="25.850399248301982879638671875" lon="119.5719084329903125762939453125">
        <ele>17.3999996185302734375</ele>
        <time>2025-06-21T10:00:38.000Z</time>
        <extensions>
          <ns3:TrackPointExtension>
            <ns3:atemp>33.0</ns3:atemp>
            <ns3:hr>154</ns3:hr>
            <ns3:cad>85</ns3:cad>
          </ns3:TrackPointExtension>
        </extensions>
      </trkpt>
      <trkpt lat="25.85037603043019771575927734375" lon="119.5718894898891448974609375">
        <ele>17.200000762939453125</ele>
        <time>2025-06-21T10:00:39.000Z</time>
        <extensions>
          <ns3:TrackPointExtension>
            <ns3:atemp>33.0</ns3:atemp>
            <ns3:hr>154</ns3:hr>
            <ns3:cad>85</ns3:cad>
          </ns3:TrackPointExtension>
        </extensions>
      </trkpt>
      <trkpt lat="25.850358344614505767822265625" lon="119.57188613712787628173828125">
        <ele>17.200000762939453125</ele>
        <time>2025-06-21T10:00:40.000Z</time>
        <extensions>
          <ns3:TrackPointExtension>
            <ns3:atemp>33.0</ns3:atemp>
            <ns3:hr>153</ns3:hr>
            <ns3:cad>85</ns3:cad>
          </ns3:TrackPointExtension>
        </extensions>
      </trkpt>
      <trkpt lat="25.8503283374011516571044921875" lon="119.57187130115926265716552734375">
        <ele>17.200000762939453125</ele>
        <time>2025-06-21T10:00:41.000Z</time>
        <extensions>
          <ns3:TrackPointExtension>
            <ns3:atemp>33.0</ns3:atemp>
            <ns3:hr>154</ns3:hr>
            <ns3:cad>85</ns3:cad>
          </ns3:TrackPointExtension>
        </extensions>
      </trkpt>
      <trkpt lat="25.85030637681484222412109375" lon="119.57186392508447170257568359375">
        <ele>17.200000762939453125</ele>
        <time>2025-06-21T10:00:42.000Z</time>
        <extensions>
          <ns3:TrackPointExtension>
            <ns3:atemp>33.0</ns3:atemp>
            <ns3:hr>154</ns3:hr>
            <ns3:cad>85</ns3:cad>
          </ns3:TrackPointExtension>
        </extensions>
      </trkpt>
      <trkpt lat="25.85028416477143764495849609375" lon="119.571854956448078155517578125">
        <ele>17.200000762939453125</ele>
        <time>2025-06-21T10:00:43.000Z</time>
        <extensions>
          <ns3:TrackPointExtension>
            <ns3:atemp>33.0</ns3:atemp>
            <ns3:hr>153</ns3:hr>
            <ns3:cad>85</ns3:cad>
          </ns3:TrackPointExtension>
        </extensions>
      </trkpt>
      <trkpt lat="25.85026237182319164276123046875" lon="119.57184062339365482330322265625">
        <ele>17.200000762939453125</ele>
        <time>2025-06-21T10:00:44.000Z</time>
        <extensions>
          <ns3:TrackPointExtension>
            <ns3:atemp>33.0</ns3:atemp>
            <ns3:hr>154</ns3:hr>
            <ns3:cad>85</ns3:cad>
          </ns3:TrackPointExtension>
        </extensions>
      </trkpt>
      <trkpt lat="25.8502478711307048797607421875" lon="119.57184313796460628509521484375">
        <ele>17</ele>
        <time>2025-06-21T10:00:45.000Z</time>
        <extensions>
          <ns3:TrackPointExtension>
            <ns3:atemp>33.0</ns3:atemp>
            <ns3:hr>154</ns3:hr>
            <ns3:cad>85</ns3:cad>
          </ns3:TrackPointExtension>
        </extensions>
      </trkpt>
      <trkpt lat="25.85022096522152423858642578125" lon="119.5718283019959926605224609375">
        <ele>17</ele>
        <time>2025-06-21T10:00:46.000Z</time>
        <extensions>
          <ns3:TrackPointExtension>
            <ns3:atemp>33.0</ns3:atemp>
            <ns3:hr>153</ns3:hr>
            <ns3:cad>85</ns3:cad>
          </ns3:TrackPointExtension>
        </extensions>
      </trkpt>
      <trkpt lat="25.85020135156810283660888671875" lon="119.57182687707245349884033203125">
        <ele>17.200000762939453125</ele>
        <time>2025-06-21T10:00:47.000Z</time>
        <extensions>
          <ns3:TrackPointExtension>
            <ns3:atemp>33.0</ns3:atemp>
            <ns3:hr>154</ns3:hr>
            <ns3:cad>85</ns3:cad>
          </ns3:TrackPointExtension>
        </extensions>
      </trkpt>
      <trkpt lat="25.8501757867634296417236328125" lon="119.57181866280734539031982421875">
        <ele>17.200000762939453125</ele>
        <time>2025-06-21T10:00:48.000Z</time>
        <extensions>
          <ns3:TrackPointExtension>
            <ns3:atemp>33.0</ns3:atemp>
            <ns3:hr>153</ns3:hr>
            <ns3:cad>84</ns3:cad>
          </ns3:TrackPointExtension>
        </extensions>
      </trkpt>
      <trkpt lat="25.8501523174345493316650390625" lon="119.57180424593389034271240234375">
        <ele>17</ele>
        <time>2025-06-21T10:00:49.000Z</time>
        <extensions>
          <ns3:TrackPointExtension>
            <ns3:atemp>33.0</ns3:atemp>
            <ns3:hr>153</ns3:hr>
            <ns3:cad>84</ns3:cad>
          </ns3:TrackPointExtension>
        </extensions>
      </trkpt>
      <trkpt lat="25.85013605654239654541015625" lon="119.5718044973909854888916015625">
        <ele>17.200000762939453125</ele>
        <time>2025-06-21T10:00:50.000Z</time>
        <extensions>
          <ns3:TrackPointExtension>
            <ns3:atemp>33.0</ns3:atemp>
            <ns3:hr>153</ns3:hr>
            <ns3:cad>84</ns3:cad>
          </ns3:TrackPointExtension>
        </extensions>
      </trkpt>
      <trkpt lat="25.85010814480483531951904296875" lon="119.57179066725075244903564453125">
        <ele>17.200000762939453125</ele>
        <time>2025-06-21T10:00:51.000Z</time>
        <extensions>
          <ns3:TrackPointExtension>
            <ns3:atemp>33.0</ns3:atemp>
            <ns3:hr>153</ns3:hr>
            <ns3:cad>84</ns3:cad>
          </ns3:TrackPointExtension>
        </extensions>
      </trkpt>
      <trkpt lat="25.85008786059916019439697265625" lon="119.57179184071719646453857421875">
        <ele>17.3999996185302734375</ele>
        <time>2025-06-21T10:00:52.000Z</time>
        <extensions>
          <ns3:TrackPointExtension>
            <ns3:atemp>33.0</ns3:atemp>
            <ns3:hr>152</ns3:hr>
            <ns3:cad>84</ns3:cad>
          </ns3:TrackPointExtension>
        </extensions>
      </trkpt>
      <trkpt lat="25.85006070323288440704345703125" lon="119.57178161479532718658447265625">
        <ele>17.3999996185302734375</ele>
        <time>2025-06-21T10:00:53.000Z</time>
        <extensions>
          <ns3:TrackPointExtension>
            <ns3:atemp>33.0</ns3:atemp>
            <ns3:hr>152</ns3:hr>
            <ns3:cad>85</ns3:cad>
          </ns3:TrackPointExtension>
        </extensions>
      </trkpt>
      <trkpt lat="25.850040502846240997314453125" lon="119.5717713050544261932373046875">
        <ele>17.6000003814697265625</ele>
        <time>2025-06-21T10:00:54.000Z</time>
        <extensions>
          <ns3:TrackPointExtension>
            <ns3:atemp>33.0</ns3:atemp>
            <ns3:hr>152</ns3:hr>
            <ns3:cad>85</ns3:cad>
          </ns3:TrackPointExtension>
        </extensions>
      </trkpt>
      <trkpt lat="25.8500235714018344879150390625" lon="119.5717659406363964080810546875">
        <ele>17.6000003814697265625</ele>
        <time>2025-06-21T10:00:55.000Z</time>
        <extensions>
          <ns3:TrackPointExtension>
            <ns3:atemp>33.0</ns3:atemp>
            <ns3:hr>152</ns3:hr>
            <ns3:cad>85</ns3:cad>
          </ns3:TrackPointExtension>
        </extensions>
      </trkpt>
      <trkpt lat="25.84999817423522472381591796875" lon="119.57174859009683132171630859375">
        <ele>17.6000003814697265625</ele>
        <time>2025-06-21T10:00:56.000Z</time>
        <extensions>
          <ns3:TrackPointExtension>
            <ns3:atemp>33.0</ns3:atemp>
            <ns3:hr>153</ns3:hr>
            <ns3:cad>85</ns3:cad>
          </ns3:TrackPointExtension>
        </extensions>
      </trkpt>
      <trkpt lat="25.84997923113405704498291015625" lon="119.571743309497833251953125">
        <ele>17.6000003814697265625</ele>
        <time>2025-06-21T10:00:57.000Z</time>
        <extensions>
          <ns3:TrackPointExtension>
            <ns3:atemp>33.0</ns3:atemp>
            <ns3:hr>153</ns3:hr>
            <ns3:cad>85</ns3:cad>
          </ns3:TrackPointExtension>
        </extensions>
      </trkpt>
      <trkpt lat="25.849954672157764434814453125" lon="119.57173199392855167388916015625">
        <ele>17.6000003814697265625</ele>
        <time>2025-06-21T10:00:58.000Z</time>
        <extensions>
          <ns3:TrackPointExtension>
            <ns3:atemp>33.0</ns3:atemp>
            <ns3:hr>153</ns3:hr>
            <ns3:cad>84</ns3:cad>
          </ns3:TrackPointExtension>
        </extensions>
      </trkpt>
      <trkpt lat="25.84993162192404270172119140625" lon="119.5717233605682849884033203125">
        <ele>17.6000003814697265625</ele>
        <time>2025-06-21T10:00:59.000Z</time>
        <extensions>
          <ns3:TrackPointExtension>
            <ns3:atemp>33.0</ns3:atemp>
            <ns3:hr>153</ns3:hr>
            <ns3:cad>84</ns3:cad>
          </ns3:TrackPointExtension>
        </extensions>
      </trkpt>
      <trkpt lat="25.8499105833470821380615234375" lon="119.57171724177896976470947265625">
        <ele>17.3999996185302734375</ele>
        <time>2025-06-21T10:01:00.000Z</time>
        <extensions>
          <ns3:TrackPointExtension>
            <ns3:atemp>33.0</ns3:atemp>
            <ns3:hr>153</ns3:hr>
            <ns3:cad>84</ns3:cad>
          </ns3:TrackPointExtension>
        </extensions>
      </trkpt>
      <trkpt lat="25.84988870657980442047119140625" lon="119.57170316018164157867431640625">
        <ele>17.3999996185302734375</ele>
        <time>2025-06-21T10:01:01.000Z</time>
        <extensions>
          <ns3:TrackPointExtension>
            <ns3:atemp>33.0</ns3:atemp>
            <ns3:hr>154</ns3:hr>
            <ns3:cad>84</ns3:cad>
          </ns3:TrackPointExtension>
        </extensions>
      </trkpt>
      <trkpt lat="25.8498723618686199188232421875" lon="119.5717015676200389862060546875">
        <ele>17.6000003814697265625</ele>
        <time>2025-06-21T10:01:02.000Z</time>
        <extensions>
          <ns3:TrackPointExtension>
            <ns3:atemp>33.0</ns3:atemp>
            <ns3:hr>154</ns3:hr>
            <ns3:cad>85</ns3:cad>
          </ns3:TrackPointExtension>
        </extensions>
      </trkpt>
      <trkpt lat="25.84984595887362957000732421875" lon="119.5716841332614421844482421875">
        <ele>17.6000003814697265625</ele>
        <time>2025-06-21T10:01:03.000Z</time>
        <extensions>
          <ns3:TrackPointExtension>
            <ns3:atemp>33.0</ns3:atemp>
            <ns3:hr>154</ns3:hr>
            <ns3:cad>85</ns3:cad>
          </ns3:TrackPointExtension>
        </extensions>
      </trkpt>
      <trkpt lat="25.84982416592538356781005859375" lon="119.5716868154704570770263671875">
        <ele>17.6000003814697265625</ele>
        <time>2025-06-21T10:01:04.000Z</time>
        <extensions>
          <ns3:TrackPointExtension>
            <ns3:atemp>33.0</ns3:atemp>
            <ns3:hr>154</ns3:hr>
            <ns3:cad>85</ns3:cad>
          </ns3:TrackPointExtension>
        </extensions>
      </trkpt>
      <trkpt lat="25.849791057407855987548828125" lon="119.571677260100841522216796875">
        <ele>17.6000003814697265625</ele>
        <time>2025-06-21T10:01:05.000Z</time>
        <extensions>
          <ns3:TrackPointExtension>
            <ns3:atemp>33.0</ns3:atemp>
            <ns3:hr>153</ns3:hr>
            <ns3:cad>85</ns3:cad>
          </ns3:TrackPointExtension>
        </extensions>
      </trkpt>
      <trkpt lat="25.84976733662188053131103515625" lon="119.571668207645416259765625">
        <ele>17.799999237060546875</ele>
        <time>2025-06-21T10:01:06.000Z</time>
        <extensions>
          <ns3:TrackPointExtension>
            <ns3:atemp>33.0</ns3:atemp>
            <ns3:hr>154</ns3:hr>
            <ns3:cad>85</ns3:cad>
          </ns3:TrackPointExtension>
        </extensions>
      </trkpt>
      <trkpt lat="25.84974101744592189788818359375" lon="119.5716623403131961822509765625">
        <ele>17.799999237060546875</ele>
        <time>2025-06-21T10:01:07.000Z</time>
        <extensions>
          <ns3:TrackPointExtension>
            <ns3:atemp>33.0</ns3:atemp>
            <ns3:hr>153</ns3:hr>
            <ns3:cad>86</ns3:cad>
          </ns3:TrackPointExtension>
        </extensions>
      </trkpt>
      <trkpt lat="25.8497181348502635955810546875" lon="119.5716455765068531036376953125">
        <ele>17.799999237060546875</ele>
        <time>2025-06-21T10:01:08.000Z</time>
        <extensions>
          <ns3:TrackPointExtension>
            <ns3:atemp>33.0</ns3:atemp>
            <ns3:hr>153</ns3:hr>
            <ns3:cad>86</ns3:cad>
          </ns3:TrackPointExtension>
        </extensions>
      </trkpt>
      <trkpt lat="25.84970313124358654022216796875" lon="119.5716439001262187957763671875">
        <ele>17.799999237060546875</ele>
        <time>2025-06-21T10:01:09.000Z</time>
        <extensions>
          <ns3:TrackPointExtension>
            <ns3:atemp>33.0</ns3:atemp>
            <ns3:hr>153</ns3:hr>
            <ns3:cad>86</ns3:cad>
          </ns3:TrackPointExtension>
        </extensions>
      </trkpt>
      <trkpt lat="25.84967547096312046051025390625" lon="119.57162839360535144805908203125">
        <ele>17.799999237060546875</ele>
        <time>2025-06-21T10:01:10.000Z</time>
        <extensions>
          <ns3:TrackPointExtension>
            <ns3:atemp>33.0</ns3:atemp>
            <ns3:hr>154</ns3:hr>
            <ns3:cad>86</ns3:cad>
          </ns3:TrackPointExtension>
        </extensions>
      </trkpt>
      <trkpt lat="25.8496490679681301116943359375" lon="119.57162437029182910919189453125">
        <ele>17.799999237060546875</ele>
        <time>2025-06-21T10:01:11.000Z</time>
        <extensions>
          <ns3:TrackPointExtension>
            <ns3:atemp>33.0</ns3:atemp>
            <ns3:hr>153</ns3:hr>
            <ns3:cad>85</ns3:cad>
          </ns3:TrackPointExtension>
        </extensions>
      </trkpt>
      <trkpt lat="25.84962618537247180938720703125" lon="119.57161867059767246246337890625">
        <ele>17.799999237060546875</ele>
        <time>2025-06-21T10:01:12.000Z</time>
        <extensions>
          <ns3:TrackPointExtension>
            <ns3:atemp>33.0</ns3:atemp>
            <ns3:hr>153</ns3:hr>
            <ns3:cad>85</ns3:cad>
          </ns3:TrackPointExtension>
        </extensions>
      </trkpt>
      <trkpt lat="25.84960355423390865325927734375" lon="119.57160324789583683013916015625">
        <ele>17.799999237060546875</ele>
        <time>2025-06-21T10:01:13.000Z</time>
        <extensions>
          <ns3:TrackPointExtension>
            <ns3:atemp>33.0</ns3:atemp>
            <ns3:hr>153</ns3:hr>
            <ns3:cad>85</ns3:cad>
          </ns3:TrackPointExtension>
        </extensions>
      </trkpt>
      <trkpt lat="25.849582515656948089599609375" lon="119.57159419544041156768798828125">
        <ele>17.799999237060546875</ele>
        <time>2025-06-21T10:01:14.000Z</time>
        <extensions>
          <ns3:TrackPointExtension>
            <ns3:atemp>33.0</ns3:atemp>
            <ns3:hr>153</ns3:hr>
            <ns3:cad>84</ns3:cad>
          </ns3:TrackPointExtension>
        </extensions>
      </trkpt>
      <trkpt lat="25.849556364119052886962890625" lon="119.571573995053768157958984375">
        <ele>17.6000003814697265625</ele>
        <time>2025-06-21T10:01:15.000Z</time>
        <extensions>
          <ns3:TrackPointExtension>
            <ns3:atemp>33.0</ns3:atemp>
            <ns3:hr>154</ns3:hr>
            <ns3:cad>84</ns3:cad>
          </ns3:TrackPointExtension>
        </extensions>
      </trkpt>
      <trkpt lat="25.8495359122753143310546875" lon="119.5715617574751377105712890625">
        <ele>17.6000003814697265625</ele>
        <time>2025-06-21T10:01:16.000Z</time>
        <extensions>
          <ns3:TrackPointExtension>
            <ns3:atemp>33.0</ns3:atemp>
            <ns3:hr>153</ns3:hr>
            <ns3:cad>84</ns3:cad>
          </ns3:TrackPointExtension>
        </extensions>
      </trkpt>
      <trkpt lat="25.84951378405094146728515625" lon="119.57154951989650726318359375">
        <ele>17.6000003814697265625</ele>
        <time>2025-06-21T10:01:17.000Z</time>
        <extensions>
          <ns3:TrackPointExtension>
            <ns3:atemp>33.0</ns3:atemp>
            <ns3:hr>153</ns3:hr>
            <ns3:cad>84</ns3:cad>
          </ns3:TrackPointExtension>
        </extensions>
      </trkpt>
      <trkpt lat="25.84949375130236148834228515625" lon="119.571543820202350616455078125">
        <ele>17.6000003814697265625</ele>
        <time>2025-06-21T10:01:18.000Z</time>
        <extensions>
          <ns3:TrackPointExtension>
            <ns3:atemp>33.0</ns3:atemp>
            <ns3:hr>154</ns3:hr>
            <ns3:cad>85</ns3:cad>
          </ns3:TrackPointExtension>
        </extensions>
      </trkpt>
      <trkpt lat="25.8494715392589569091796875" lon="119.57153619267046451568603515625">
        <ele>17.3999996185302734375</ele>
        <time>2025-06-21T10:01:19.000Z</time>
        <extensions>
          <ns3:TrackPointExtension>
            <ns3:atemp>33.0</ns3:atemp>
            <ns3:hr>153</ns3:hr>
            <ns3:cad>85</ns3:cad>
          </ns3:TrackPointExtension>
        </extensions>
      </trkpt>
      <trkpt lat="25.84944999776780605316162109375" lon="119.57151842303574085235595703125">
        <ele>17.3999996185302734375</ele>
        <time>2025-06-21T10:01:20.000Z</time>
        <extensions>
          <ns3:TrackPointExtension>
            <ns3:atemp>33.0</ns3:atemp>
            <ns3:hr>153</ns3:hr>
            <ns3:cad>85</ns3:cad>
          </ns3:TrackPointExtension>
        </extensions>
      </trkpt>
      <trkpt lat="25.84943306632339954376220703125" lon="119.57152026705443859100341796875">
        <ele>17.3999996185302734375</ele>
        <time>2025-06-21T10:01:21.000Z</time>
        <extensions>
          <ns3:TrackPointExtension>
            <ns3:atemp>33.0</ns3:atemp>
            <ns3:hr>154</ns3:hr>
            <ns3:cad>85</ns3:cad>
          </ns3:TrackPointExtension>
        </extensions>
      </trkpt>
      <trkpt lat="25.8494044840335845947265625" lon="119.57150534726679325103759765625">
        <ele>17.6000003814697265625</ele>
        <time>2025-06-21T10:01:22.000Z</time>
        <extensions>
          <ns3:TrackPointExtension>
            <ns3:atemp>33.0</ns3:atemp>
            <ns3:hr>154</ns3:hr>
            <ns3:cad>85</ns3:cad>
          </ns3:TrackPointExtension>
        </extensions>
      </trkpt>
      <trkpt lat="25.84938478656113147735595703125" lon="119.5715071074664592742919921875">
        <ele>17.6000003814697265625</ele>
        <time>2025-06-21T10:01:23.000Z</time>
        <extensions>
          <ns3:TrackPointExtension>
            <ns3:atemp>33.0</ns3:atemp>
            <ns3:hr>153</ns3:hr>
            <ns3:cad>85</ns3:cad>
          </ns3:TrackPointExtension>
        </extensions>
      </trkpt>
      <trkpt lat="25.84936098195612430572509765625" lon="119.5715005695819854736328125">
        <ele>17.799999237060546875</ele>
        <time>2025-06-21T10:01:24.000Z</time>
        <extensions>
          <ns3:TrackPointExtension>
            <ns3:atemp>33.0</ns3:atemp>
            <ns3:hr>153</ns3:hr>
            <ns3:cad>85</ns3:cad>
          </ns3:TrackPointExtension>
        </extensions>
      </trkpt>
      <trkpt lat="25.84933969192206859588623046875" lon="119.571485817432403564453125">
        <ele>17.799999237060546875</ele>
        <time>2025-06-21T10:01:25.000Z</time>
        <extensions>
          <ns3:TrackPointExtension>
            <ns3:atemp>33.0</ns3:atemp>
            <ns3:hr>153</ns3:hr>
            <ns3:cad>85</ns3:cad>
          </ns3:TrackPointExtension>
        </extensions>
      </trkpt>
      <trkpt lat="25.849319659173488616943359375" lon="119.57148003391921520233154296875">
        <ele>18</ele>
        <time>2025-06-21T10:01:26.000Z</time>
        <extensions>
          <ns3:TrackPointExtension>
            <ns3:atemp>33.0</ns3:atemp>
            <ns3:hr>154</ns3:hr>
            <ns3:cad>85</ns3:cad>
          </ns3:TrackPointExtension>
        </extensions>
      </trkpt>
      <trkpt lat="25.84928940050303936004638671875" lon="119.57145773805677890777587890625">
        <ele>18</ele>
        <time>2025-06-21T10:01:27.000Z</time>
        <extensions>
          <ns3:TrackPointExtension>
            <ns3:atemp>33.0</ns3:atemp>
            <ns3:hr>153</ns3:hr>
            <ns3:cad>85</ns3:cad>
          </ns3:TrackPointExtension>
        </extensions>
      </trkpt>
      <trkpt lat="25.84926593117415904998779296875" lon="119.57145773805677890777587890625">
        <ele>17.799999237060546875</ele>
        <time>2025-06-21T10:01:28.000Z</time>
        <extensions>
          <ns3:TrackPointExtension>
            <ns3:atemp>33.0</ns3:atemp>
            <ns3:hr>154</ns3:hr>
            <ns3:cad>85</ns3:cad>
          </ns3:TrackPointExtension>
        </extensions>
      </trkpt>
      <trkpt lat="25.84923123009502887725830078125" lon="119.57144650630652904510498046875">
        <ele>17.799999237060546875</ele>
        <time>2025-06-21T10:01:29.000Z</time>
        <extensions>
          <ns3:TrackPointExtension>
            <ns3:atemp>33.0</ns3:atemp>
            <ns3:hr>154</ns3:hr>
            <ns3:cad>85</ns3:cad>
          </ns3:TrackPointExtension>
        </extensions>
      </trkpt>
      <trkpt lat="25.84920792840421199798583984375" lon="119.57143913023173809051513671875">
        <ele>17.799999237060546875</ele>
        <time>2025-06-21T10:01:30.000Z</time>
        <extensions>
          <ns3:TrackPointExtension>
            <ns3:atemp>33.0</ns3:atemp>
            <ns3:hr>154</ns3:hr>
            <ns3:cad>84</ns3:cad>
          </ns3:TrackPointExtension>
        </extensions>
      </trkpt>
      <trkpt lat="25.84918378852307796478271484375" lon="119.571435190737247467041015625">
        <ele>17.799999237060546875</ele>
        <time>2025-06-21T10:01:31.000Z</time>
        <extensions>
          <ns3:TrackPointExtension>
            <ns3:atemp>33.0</ns3:atemp>
            <ns3:hr>153</ns3:hr>
            <ns3:cad>84</ns3:cad>
          </ns3:TrackPointExtension>
        </extensions>
      </trkpt>
      <trkpt lat="25.8491568826138973236083984375" lon="119.5714206062257289886474609375">
        <ele>17.799999237060546875</ele>
        <time>2025-06-21T10:01:32.000Z</time>
        <extensions>
          <ns3:TrackPointExtension>
            <ns3:atemp>33.0</ns3:atemp>
            <ns3:hr>154</ns3:hr>
            <ns3:cad>85</ns3:cad>
          </ns3:TrackPointExtension>
        </extensions>
      </trkpt>
      <trkpt lat="25.849133245646953582763671875" lon="119.5714199356734752655029296875">
        <ele>17.799999237060546875</ele>
        <time>2025-06-21T10:01:33.000Z</time>
        <extensions>
          <ns3:TrackPointExtension>
            <ns3:atemp>33.0</ns3:atemp>
            <ns3:hr>154</ns3:hr>
            <ns3:cad>85</ns3:cad>
          </ns3:TrackPointExtension>
        </extensions>
      </trkpt>
      <trkpt lat="25.84910013712942600250244140625" lon="119.57140426151454448699951171875">
        <ele>17.799999237060546875</ele>
        <time>2025-06-21T10:01:34.000Z</time>
        <extensions>
          <ns3:TrackPointExtension>
            <ns3:atemp>33.0</ns3:atemp>
            <ns3:hr>154</ns3:hr>
            <ns3:cad>85</ns3:cad>
          </ns3:TrackPointExtension>
        </extensions>
      </trkpt>
      <trkpt lat="25.8490770868957042694091796875" lon="119.57140157930552959442138671875">
        <ele>17.799999237060546875</ele>
        <time>2025-06-21T10:01:35.000Z</time>
        <extensions>
          <ns3:TrackPointExtension>
            <ns3:atemp>33.0</ns3:atemp>
            <ns3:hr>154</ns3:hr>
            <ns3:cad>84</ns3:cad>
          </ns3:TrackPointExtension>
        </extensions>
      </trkpt>
      <trkpt lat="25.84905202500522136688232421875" lon="119.57139571197330951690673828125">
        <ele>18</ele>
        <time>2025-06-21T10:01:36.000Z</time>
        <extensions>
          <ns3:TrackPointExtension>
            <ns3:atemp>33.0</ns3:atemp>
            <ns3:hr>155</ns3:hr>
            <ns3:cad>84</ns3:cad>
          </ns3:TrackPointExtension>
        </extensions>
      </trkpt>
      <trkpt lat="25.84902956150472164154052734375" lon="119.5713766850531101226806640625">
        <ele>18</ele>
        <time>2025-06-21T10:01:37.000Z</time>
        <extensions>
          <ns3:TrackPointExtension>
            <ns3:atemp>33.0</ns3:atemp>
            <ns3:hr>155</ns3:hr>
            <ns3:cad>84</ns3:cad>
          </ns3:TrackPointExtension>
        </extensions>
      </trkpt>
      <trkpt lat="25.8490143902599811553955078125" lon="119.57137743942439556121826171875">
        <ele>18</ele>
        <time>2025-06-21T10:01:38.000Z</time>
        <extensions>
          <ns3:TrackPointExtension>
            <ns3:atemp>33.0</ns3:atemp>
            <ns3:hr>156</ns3:hr>
            <ns3:cad>84</ns3:cad>
          </ns3:TrackPointExtension>
        </extensions>
      </trkpt>
      <trkpt lat="25.8489858917891979217529296875" lon="119.571365453302860260009765625">
        <ele>18</ele>
        <time>2025-06-21T10:01:39.000Z</time>
        <extensions>
          <ns3:TrackPointExtension>
            <ns3:atemp>33.0</ns3:atemp>
            <ns3:hr>156</ns3:hr>
            <ns3:cad>84</ns3:cad>
          </ns3:TrackPointExtension>
        </extensions>
      </trkpt>
      <trkpt lat="25.848966278135776519775390625" lon="119.5713637769222259521484375">
        <ele>18.200000762939453125</ele>
        <time>2025-06-21T10:01:40.000Z</time>
        <extensions>
          <ns3:TrackPointExtension>
            <ns3:atemp>33.0</ns3:atemp>
            <ns3:hr>156</ns3:hr>
            <ns3:cad>84</ns3:cad>
          </ns3:TrackPointExtension>
        </extensions>
      </trkpt>
      <trkpt lat="25.84894205443561077117919921875" lon="119.57135648466646671295166015625">
        <ele>18.200000762939453125</ele>
        <time>2025-06-21T10:01:41.000Z</time>
        <extensions>
          <ns3:TrackPointExtension>
            <ns3:atemp>33.0</ns3:atemp>
            <ns3:hr>156</ns3:hr>
            <ns3:cad>84</ns3:cad>
          </ns3:TrackPointExtension>
        </extensions>
      </trkpt>
      <trkpt lat="25.848917663097381591796875" lon="119.57134642638266086578369140625">
        <ele>18.200000762939453125</ele>
        <time>2025-06-21T10:01:42.000Z</time>
        <extensions>
          <ns3:TrackPointExtension>
            <ns3:atemp>33.0</ns3:atemp>
            <ns3:hr>156</ns3:hr>
            <ns3:cad>84</ns3:cad>
          </ns3:TrackPointExtension>
        </extensions>
      </trkpt>
      <trkpt lat="25.848893187940120697021484375" lon="119.57133687101304531097412109375">
        <ele>18.200000762939453125</ele>
        <time>2025-06-21T10:01:43.000Z</time>
        <extensions>
          <ns3:TrackPointExtension>
            <ns3:atemp>33.0</ns3:atemp>
            <ns3:hr>156</ns3:hr>
            <ns3:cad>85</ns3:cad>
          </ns3:TrackPointExtension>
        </extensions>
      </trkpt>
      <trkpt lat="25.84886376745998859405517578125" lon="119.5713149942457675933837890625">
        <ele>18.200000762939453125</ele>
        <time>2025-06-21T10:01:44.000Z</time>
        <extensions>
          <ns3:TrackPointExtension>
            <ns3:atemp>33.0</ns3:atemp>
            <ns3:hr>157</ns3:hr>
            <ns3:cad>85</ns3:cad>
          </ns3:TrackPointExtension>
        </extensions>
      </trkpt>
      <trkpt lat="25.848842225968837738037109375" lon="119.57130854018032550811767578125">
        <ele>18.200000762939453125</ele>
        <time>2025-06-21T10:01:45.000Z</time>
        <extensions>
          <ns3:TrackPointExtension>
            <ns3:atemp>33.0</ns3:atemp>
            <ns3:hr>157</ns3:hr>
            <ns3:cad>85</ns3:cad>
          </ns3:TrackPointExtension>
        </extensions>
      </trkpt>
      <trkpt lat="25.84881506860256195068359375" lon="119.57129278220236301422119140625">
        <ele>18.3999996185302734375</ele>
        <time>2025-06-21T10:01:46.000Z</time>
        <extensions>
          <ns3:TrackPointExtension>
            <ns3:atemp>33.0</ns3:atemp>
            <ns3:hr>157</ns3:hr>
            <ns3:cad>85</ns3:cad>
          </ns3:TrackPointExtension>
        </extensions>
      </trkpt>
      <trkpt lat="25.84879470057785511016845703125" lon="119.571283645927906036376953125">
        <ele>18.6000003814697265625</ele>
        <time>2025-06-21T10:01:47.000Z</time>
        <extensions>
          <ns3:TrackPointExtension>
            <ns3:atemp>33.0</ns3:atemp>
            <ns3:hr>157</ns3:hr>
            <ns3:cad>84</ns3:cad>
          </ns3:TrackPointExtension>
        </extensions>
      </trkpt>
      <trkpt lat="25.84877458401024341583251953125" lon="119.57127727568149566650390625">
        <ele>18.6000003814697265625</ele>
        <time>2025-06-21T10:01:48.000Z</time>
        <extensions>
          <ns3:TrackPointExtension>
            <ns3:atemp>33.0</ns3:atemp>
            <ns3:hr>156</ns3:hr>
            <ns3:cad>84</ns3:cad>
          </ns3:TrackPointExtension>
        </extensions>
      </trkpt>
      <trkpt lat="25.848757065832614898681640625" lon="119.57126646302640438079833984375">
        <ele>18.6000003814697265625</ele>
        <time>2025-06-21T10:01:49.000Z</time>
        <extensions>
          <ns3:TrackPointExtension>
            <ns3:atemp>33.0</ns3:atemp>
            <ns3:hr>157</ns3:hr>
            <ns3:cad>84</ns3:cad>
          </ns3:TrackPointExtension>
        </extensions>
      </trkpt>
      <trkpt lat="25.84873602725565433502197265625" lon="119.5712680555880069732666015625">
        <ele>18.6000003814697265625</ele>
        <time>2025-06-21T10:01:50.000Z</time>
        <extensions>
          <ns3:TrackPointExtension>
            <ns3:atemp>33.0</ns3:atemp>
            <ns3:hr>157</ns3:hr>
            <ns3:cad>84</ns3:cad>
          </ns3:TrackPointExtension>
        </extensions>
      </trkpt>
      <trkpt lat="25.84870769642293453216552734375" lon="119.57125456072390079498291015625">
        <ele>18.3999996185302734375</ele>
        <time>2025-06-21T10:01:51.000Z</time>
        <extensions>
          <ns3:TrackPointExtension>
            <ns3:atemp>33.0</ns3:atemp>
            <ns3:hr>157</ns3:hr>
            <ns3:cad>86</ns3:cad>
          </ns3:TrackPointExtension>
        </extensions>
      </trkpt>
      <trkpt lat="25.848691351711750030517578125" lon="119.57126042805612087249755859375">
        <ele>18.3999996185302734375</ele>
        <time>2025-06-21T10:01:52.000Z</time>
        <extensions>
          <ns3:TrackPointExtension>
            <ns3:atemp>33.0</ns3:atemp>
            <ns3:hr>157</ns3:hr>
            <ns3:cad>87</ns3:cad>
          </ns3:TrackPointExtension>
        </extensions>
      </trkpt>
      <trkpt lat="25.84865924902260303497314453125" lon="119.571248106658458709716796875">
        <ele>18.3999996185302734375</ele>
        <time>2025-06-21T10:01:53.000Z</time>
        <extensions>
          <ns3:TrackPointExtension>
            <ns3:atemp>33.0</ns3:atemp>
            <ns3:hr>157</ns3:hr>
            <ns3:cad>87</ns3:cad>
          </ns3:TrackPointExtension>
        </extensions>
      </trkpt>
      <trkpt lat="25.8486402221024036407470703125" lon="119.57123863510787487030029296875">
        <ele>18.3999996185302734375</ele>
        <time>2025-06-21T10:01:54.000Z</time>
        <extensions>
          <ns3:TrackPointExtension>
            <ns3:atemp>33.0</ns3:atemp>
            <ns3:hr>157</ns3:hr>
            <ns3:cad>85</ns3:cad>
          </ns3:TrackPointExtension>
        </extensions>
      </trkpt>
      <trkpt lat="25.84861566312611103057861328125" lon="119.5712294988334178924560546875">
        <ele>18.3999996185302734375</ele>
        <time>2025-06-21T10:01:55.000Z</time>
        <extensions>
          <ns3:TrackPointExtension>
            <ns3:atemp>33.0</ns3:atemp>
            <ns3:hr>157</ns3:hr>
            <ns3:cad>85</ns3:cad>
          </ns3:TrackPointExtension>
        </extensions>
      </trkpt>
      <trkpt lat="25.848589427769184112548828125" lon="119.57121415995061397552490234375">
        <ele>18.3999996185302734375</ele>
        <time>2025-06-21T10:01:56.000Z</time>
        <extensions>
          <ns3:TrackPointExtension>
            <ns3:atemp>33.0</ns3:atemp>
            <ns3:hr>157</ns3:hr>
            <ns3:cad>85</ns3:cad>
          </ns3:TrackPointExtension>
        </extensions>
      </trkpt>
      <trkpt lat="25.84856989793479442596435546875" lon="119.5712070353329181671142578125">
        <ele>18.6000003814697265625</ele>
        <time>2025-06-21T10:01:57.000Z</time>
        <extensions>
          <ns3:TrackPointExtension>
            <ns3:atemp>33.0</ns3:atemp>
            <ns3:hr>157</ns3:hr>
            <ns3:cad>86</ns3:cad>
          </ns3:TrackPointExtension>
        </extensions>
      </trkpt>
      <trkpt lat="25.84854341112077236175537109375" lon="119.5711946301162242889404296875">
        <ele>18.3999996185302734375</ele>
        <time>2025-06-21T10:01:58.000Z</time>
        <extensions>
          <ns3:TrackPointExtension>
            <ns3:atemp>33.0</ns3:atemp>
            <ns3:hr>158</ns3:hr>
            <ns3:cad>86</ns3:cad>
          </ns3:TrackPointExtension>
        </extensions>
      </trkpt>
      <trkpt lat="25.848527736961841583251953125" lon="119.5711894333362579345703125">
        <ele>18.200000762939453125</ele>
        <time>2025-06-21T10:01:59.000Z</time>
        <extensions>
          <ns3:TrackPointExtension>
            <ns3:atemp>33.0</ns3:atemp>
            <ns3:hr>157</ns3:hr>
            <ns3:cad>86</ns3:cad>
          </ns3:TrackPointExtension>
        </extensions>
      </trkpt>
      <trkpt lat="25.8485017530620098114013671875" lon="119.57117007113993167877197265625">
        <ele>18</ele>
        <time>2025-06-21T10:02:00.000Z</time>
        <extensions>
          <ns3:TrackPointExtension>
            <ns3:atemp>33.0</ns3:atemp>
            <ns3:hr>157</ns3:hr>
            <ns3:cad>85</ns3:cad>
          </ns3:TrackPointExtension>
        </extensions>
      </trkpt>
      <trkpt lat="25.84847819991409778594970703125" lon="119.57116001285612583160400390625">
        <ele>17.799999237060546875</ele>
        <time>2025-06-21T10:02:01.000Z</time>
        <extensions>
          <ns3:TrackPointExtension>
            <ns3:atemp>33.0</ns3:atemp>
            <ns3:hr>157</ns3:hr>
            <ns3:cad>85</ns3:cad>
          </ns3:TrackPointExtension>
        </extensions>
      </trkpt>
      <trkpt lat="25.8484538085758686065673828125" lon="119.57115121185779571533203125">
        <ele>17.799999237060546875</ele>
        <time>2025-06-21T10:02:02.000Z</time>
        <extensions>
          <ns3:TrackPointExtension>
            <ns3:atemp>33.0</ns3:atemp>
            <ns3:hr>157</ns3:hr>
            <ns3:cad>85</ns3:cad>
          </ns3:TrackPointExtension>
        </extensions>
      </trkpt>
      <trkpt lat="25.84843142889440059661865234375" lon="119.57113570533692836761474609375">
        <ele>17.799999237060546875</ele>
        <time>2025-06-21T10:02:03.000Z</time>
        <extensions>
          <ns3:TrackPointExtension>
            <ns3:atemp>33.0</ns3:atemp>
            <ns3:hr>157</ns3:hr>
            <ns3:cad>85</ns3:cad>
          </ns3:TrackPointExtension>
        </extensions>
      </trkpt>
      <trkpt lat="25.8484142459928989410400390625" lon="119.5711322687566280364990234375">
        <ele>17.799999237060546875</ele>
        <time>2025-06-21T10:02:04.000Z</time>
        <extensions>
          <ns3:TrackPointExtension>
            <ns3:atemp>33.0</ns3:atemp>
            <ns3:hr>157</ns3:hr>
            <ns3:cad>85</ns3:cad>
          </ns3:TrackPointExtension>
        </extensions>
      </trkpt>
      <trkpt lat="25.8483850769698619842529296875" lon="119.57111424766480922698974609375">
        <ele>18.200000762939453125</ele>
        <time>2025-06-21T10:02:05.000Z</time>
        <extensions>
          <ns3:TrackPointExtension>
            <ns3:atemp>33.0</ns3:atemp>
            <ns3:hr>157</ns3:hr>
            <ns3:cad>85</ns3:cad>
          </ns3:TrackPointExtension>
        </extensions>
      </trkpt>
      <trkpt lat="25.848366804420948028564453125" lon="119.5711161755025386810302734375">
        <ele>18.200000762939453125</ele>
        <time>2025-06-21T10:02:06.000Z</time>
        <extensions>
          <ns3:TrackPointExtension>
            <ns3:atemp>33.0</ns3:atemp>
            <ns3:hr>156</ns3:hr>
            <ns3:cad>85</ns3:cad>
          </ns3:TrackPointExtension>
        </extensions>
      </trkpt>
      <trkpt lat="25.84833486936986446380615234375" lon="119.57110150717198848724365234375">
        <ele>18.3999996185302734375</ele>
        <time>2025-06-21T10:02:07.000Z</time>
        <extensions>
          <ns3:TrackPointExtension>
            <ns3:atemp>33.0</ns3:atemp>
            <ns3:hr>157</ns3:hr>
            <ns3:cad>86</ns3:cad>
          </ns3:TrackPointExtension>
        </extensions>
      </trkpt>
      <trkpt lat="25.8483123220503330230712890625" lon="119.5710920356214046478271484375">
        <ele>18.6000003814697265625</ele>
        <time>2025-06-21T10:02:08.000Z</time>
        <extensions>
          <ns3:TrackPointExtension>
            <ns3:atemp>33.0</ns3:atemp>
            <ns3:hr>157</ns3:hr>
            <ns3:cad>86</ns3:cad>
          </ns3:TrackPointExtension>
        </extensions>
      </trkpt>
      <trkpt lat="25.84829446859657764434814453125" lon="119.5710875093936920166015625">
        <ele>18.6000003814697265625</ele>
        <time>2025-06-21T10:02:09.000Z</time>
        <extensions>
          <ns3:TrackPointExtension>
            <ns3:atemp>33.0</ns3:atemp>
            <ns3:hr>156</ns3:hr>
            <ns3:cad>85</ns3:cad>
          </ns3:TrackPointExtension>
        </extensions>
      </trkpt>
      <trkpt lat="25.84827192127704620361328125" lon="119.571065716445446014404296875">
        <ele>18.799999237060546875</ele>
        <time>2025-06-21T10:02:10.000Z</time>
        <extensions>
          <ns3:TrackPointExtension>
            <ns3:atemp>33.0</ns3:atemp>
            <ns3:hr>157</ns3:hr>
            <ns3:cad>85</ns3:cad>
          </ns3:TrackPointExtension>
        </extensions>
      </trkpt>
      <trkpt lat="25.8482570014894008636474609375" lon="119.57106445915997028350830078125">
        <ele>19</ele>
        <time>2025-06-21T10:02:11.000Z</time>
        <extensions>
          <ns3:TrackPointExtension>
            <ns3:atemp>33.0</ns3:atemp>
            <ns3:hr>157</ns3:hr>
            <ns3:cad>85</ns3:cad>
          </ns3:TrackPointExtension>
        </extensions>
      </trkpt>
      <trkpt lat="25.8482358790934085845947265625" lon="119.57105758599936962127685546875">
        <ele>19</ele>
        <time>2025-06-21T10:02:12.000Z</time>
        <extensions>
          <ns3:TrackPointExtension>
            <ns3:atemp>33.0</ns3:atemp>
            <ns3:hr>156</ns3:hr>
            <ns3:cad>85</ns3:cad>
          </ns3:TrackPointExtension>
        </extensions>
      </trkpt>
      <trkpt lat="25.848215930163860321044921875" lon="119.57105104811489582061767578125">
        <ele>18.799999237060546875</ele>
        <time>2025-06-21T10:02:13.000Z</time>
        <extensions>
          <ns3:TrackPointExtension>
            <ns3:atemp>33.0</ns3:atemp>
            <ns3:hr>157</ns3:hr>
            <ns3:cad>85</ns3:cad>
          </ns3:TrackPointExtension>
        </extensions>
      </trkpt>
      <trkpt lat="25.84819137118756771087646484375" lon="119.571042917668819427490234375">
        <ele>18.799999237060546875</ele>
        <time>2025-06-21T10:02:14.000Z</time>
        <extensions>
          <ns3:TrackPointExtension>
            <ns3:atemp>33.0</ns3:atemp>
            <ns3:hr>157</ns3:hr>
            <ns3:cad>85</ns3:cad>
          </ns3:TrackPointExtension>
        </extensions>
      </trkpt>
      <trkpt lat="25.848166309297084808349609375" lon="119.57102590240538120269775390625">
        <ele>18.6000003814697265625</ele>
        <time>2025-06-21T10:02:15.000Z</time>
        <extensions>
          <ns3:TrackPointExtension>
            <ns3:atemp>33.0</ns3:atemp>
            <ns3:hr>157</ns3:hr>
            <ns3:cad>84</ns3:cad>
          </ns3:TrackPointExtension>
        </extensions>
      </trkpt>
      <trkpt lat="25.84814577363431453704833984375" lon="119.57102204672992229461669921875">
        <ele>18.6000003814697265625</ele>
        <time>2025-06-21T10:02:16.000Z</time>
        <extensions>
          <ns3:TrackPointExtension>
            <ns3:atemp>33.0</ns3:atemp>
            <ns3:hr>156</ns3:hr>
            <ns3:cad>84</ns3:cad>
          </ns3:TrackPointExtension>
        </extensions>
      </trkpt>
      <trkpt lat="25.848116017878055572509765625" lon="119.5710015110671520233154296875">
        <ele>18.3999996185302734375</ele>
        <time>2025-06-21T10:02:17.000Z</time>
        <extensions>
          <ns3:TrackPointExtension>
            <ns3:atemp>33.0</ns3:atemp>
            <ns3:hr>157</ns3:hr>
            <ns3:cad>84</ns3:cad>
          </ns3:TrackPointExtension>
        </extensions>
      </trkpt>
      <trkpt lat="25.8480933867394924163818359375" lon="119.57099673338234424591064453125">
        <ele>18.3999996185302734375</ele>
        <time>2025-06-21T10:02:18.000Z</time>
        <extensions>
          <ns3:TrackPointExtension>
            <ns3:atemp>33.0</ns3:atemp>
            <ns3:hr>157</ns3:hr>
            <ns3:cad>85</ns3:cad>
          </ns3:TrackPointExtension>
        </extensions>
      </trkpt>
      <trkpt lat="25.84806547500193119049072265625" lon="119.57099053077399730682373046875">
        <ele>18.6000003814697265625</ele>
        <time>2025-06-21T10:02:19.000Z</time>
        <extensions>
          <ns3:TrackPointExtension>
            <ns3:atemp>33.0</ns3:atemp>
            <ns3:hr>157</ns3:hr>
            <ns3:cad>85</ns3:cad>
          </ns3:TrackPointExtension>
        </extensions>
      </trkpt>
      <trkpt lat="25.8480451069772243499755859375" lon="119.57098365761339664459228515625">
        <ele>18.799999237060546875</ele>
        <time>2025-06-21T10:02:20.000Z</time>
        <extensions>
          <ns3:TrackPointExtension>
            <ns3:atemp>33.0</ns3:atemp>
            <ns3:hr>157</ns3:hr>
            <ns3:cad>85</ns3:cad>
          </ns3:TrackPointExtension>
        </extensions>
      </trkpt>
      <trkpt lat="25.8480259962379932403564453125" lon="119.570977203547954559326171875">
        <ele>19</ele>
        <time>2025-06-21T10:02:21.000Z</time>
        <extensions>
          <ns3:TrackPointExtension>
            <ns3:atemp>33.0</ns3:atemp>
            <ns3:hr>156</ns3:hr>
            <ns3:cad>85</ns3:cad>
          </ns3:TrackPointExtension>
        </extensions>
      </trkpt>
      <trkpt lat="25.848003365099430084228515625" lon="119.57095700316131114959716796875">
        <ele>19.200000762939453125</ele>
        <time>2025-06-21T10:02:22.000Z</time>
        <extensions>
          <ns3:TrackPointExtension>
            <ns3:atemp>33.0</ns3:atemp>
            <ns3:hr>157</ns3:hr>
            <ns3:cad>85</ns3:cad>
          </ns3:TrackPointExtension>
        </extensions>
      </trkpt>
      <trkpt lat="25.847989283502101898193359375" lon="119.5709582604467868804931640625">
        <ele>19.200000762939453125</ele>
        <time>2025-06-21T10:02:23.000Z</time>
        <extensions>
          <ns3:TrackPointExtension>
            <ns3:atemp>33.0</ns3:atemp>
            <ns3:hr>157</ns3:hr>
            <ns3:cad>85</ns3:cad>
          </ns3:TrackPointExtension>
        </extensions>
      </trkpt>
      <trkpt lat="25.84795835427939891815185546875" lon="119.5709445141255855560302734375">
        <ele>19</ele>
        <time>2025-06-21T10:02:24.000Z</time>
        <extensions>
          <ns3:TrackPointExtension>
            <ns3:atemp>33.0</ns3:atemp>
            <ns3:hr>156</ns3:hr>
            <ns3:cad>85</ns3:cad>
          </ns3:TrackPointExtension>
        </extensions>
      </trkpt>
      <trkpt lat="25.8479399979114532470703125" lon="119.57093873061239719390869140625">
        <ele>19</ele>
        <time>2025-06-21T10:02:25.000Z</time>
        <extensions>
          <ns3:TrackPointExtension>
            <ns3:atemp>33.0</ns3:atemp>
            <ns3:hr>157</ns3:hr>
            <ns3:cad>85</ns3:cad>
          </ns3:TrackPointExtension>
        </extensions>
      </trkpt>
      <trkpt lat="25.8479234017431735992431640625" lon="119.5709331147372722625732421875">
        <ele>19</ele>
        <time>2025-06-21T10:02:26.000Z</time>
        <extensions>
          <ns3:TrackPointExtension>
            <ns3:atemp>33.0</ns3:atemp>
            <ns3:hr>157</ns3:hr>
            <ns3:cad>85</ns3:cad>
          </ns3:TrackPointExtension>
        </extensions>
      </trkpt>
      <trkpt lat="25.84790370427072048187255859375" lon="119.570925571024417877197265625">
        <ele>18.799999237060546875</ele>
        <time>2025-06-21T10:02:27.000Z</time>
        <extensions>
          <ns3:TrackPointExtension>
            <ns3:atemp>33.0</ns3:atemp>
            <ns3:hr>156</ns3:hr>
            <ns3:cad>85</ns3:cad>
          </ns3:TrackPointExtension>
        </extensions>
      </trkpt>
      <trkpt lat="25.8478818275034427642822265625" lon="119.570922218263149261474609375">
        <ele>19</ele>
        <time>2025-06-21T10:02:28.000Z</time>
        <extensions>
          <ns3:TrackPointExtension>
            <ns3:atemp>33.0</ns3:atemp>
            <ns3:hr>157</ns3:hr>
            <ns3:cad>85</ns3:cad>
          </ns3:TrackPointExtension>
        </extensions>
      </trkpt>
      <trkpt lat="25.84785458631813526153564453125" lon="119.5709072984755039215087890625">
        <ele>19</ele>
        <time>2025-06-21T10:02:29.000Z</time>
        <extensions>
          <ns3:TrackPointExtension>
            <ns3:atemp>33.0</ns3:atemp>
            <ns3:hr>156</ns3:hr>
            <ns3:cad>85</ns3:cad>
          </ns3:TrackPointExtension>
        </extensions>
      </trkpt>
      <trkpt lat="25.84783329628407955169677734375" lon="119.57090939395129680633544921875">
        <ele>19</ele>
        <time>2025-06-21T10:02:30.000Z</time>
        <extensions>
          <ns3:TrackPointExtension>
            <ns3:atemp>33.0</ns3:atemp>
            <ns3:hr>156</ns3:hr>
            <ns3:cad>86</ns3:cad>
          </ns3:TrackPointExtension>
        </extensions>
      </trkpt>
      <trkpt lat="25.847802199423313140869140625" lon="119.57089749164879322052001953125">
        <ele>19</ele>
        <time>2025-06-21T10:02:31.000Z</time>
        <extensions>
          <ns3:TrackPointExtension>
            <ns3:atemp>33.0</ns3:atemp>
            <ns3:hr>156</ns3:hr>
            <ns3:cad>86</ns3:cad>
          </ns3:TrackPointExtension>
        </extensions>
      </trkpt>
      <trkpt lat="25.8477778919041156768798828125" lon="119.570892043411731719970703125">
        <ele>19.200000762939453125</ele>
        <time>2025-06-21T10:02:32.000Z</time>
        <extensions>
          <ns3:TrackPointExtension>
            <ns3:atemp>33.0</ns3:atemp>
            <ns3:hr>157</ns3:hr>
            <ns3:cad>86</ns3:cad>
          </ns3:TrackPointExtension>
        </extensions>
      </trkpt>
      <trkpt lat="25.847755260765552520751953125" lon="119.570883996784687042236328125">
        <ele>19.3999996185302734375</ele>
        <time>2025-06-21T10:02:33.000Z</time>
        <extensions>
          <ns3:TrackPointExtension>
            <ns3:atemp>33.0</ns3:atemp>
            <ns3:hr>157</ns3:hr>
            <ns3:cad>85</ns3:cad>
          </ns3:TrackPointExtension>
        </extensions>
      </trkpt>
      <trkpt lat="25.84773472510278224945068359375" lon="119.5708653889596462249755859375">
        <ele>19.3999996185302734375</ele>
        <time>2025-06-21T10:02:34.000Z</time>
        <extensions>
          <ns3:TrackPointExtension>
            <ns3:atemp>33.0</ns3:atemp>
            <ns3:hr>157</ns3:hr>
            <ns3:cad>85</ns3:cad>
          </ns3:TrackPointExtension>
        </extensions>
      </trkpt>
      <trkpt lat="25.8477165363729000091552734375" lon="119.57085474394261837005615234375">
        <ele>19.3999996185302734375</ele>
        <time>2025-06-21T10:02:35.000Z</time>
        <extensions>
          <ns3:TrackPointExtension>
            <ns3:atemp>33.0</ns3:atemp>
            <ns3:hr>156</ns3:hr>
            <ns3:cad>84</ns3:cad>
          </ns3:TrackPointExtension>
        </extensions>
      </trkpt>
      <trkpt lat="25.8476893790066242218017578125" lon="119.570838399231433868408203125">
        <ele>19.3999996185302734375</ele>
        <time>2025-06-21T10:02:36.000Z</time>
        <extensions>
          <ns3:TrackPointExtension>
            <ns3:atemp>33.0</ns3:atemp>
            <ns3:hr>157</ns3:hr>
            <ns3:cad>84</ns3:cad>
          </ns3:TrackPointExtension>
        </extensions>
      </trkpt>
      <trkpt lat="25.84766901098191738128662109375" lon="119.57082976587116718292236328125">
        <ele>19.200000762939453125</ele>
        <time>2025-06-21T10:02:37.000Z</time>
        <extensions>
          <ns3:TrackPointExtension>
            <ns3:atemp>33.0</ns3:atemp>
            <ns3:hr>157</ns3:hr>
            <ns3:cad>84</ns3:cad>
          </ns3:TrackPointExtension>
        </extensions>
      </trkpt>
      <trkpt lat="25.8476518280804157257080078125" lon="119.5708171091973781585693359375">
        <ele>19</ele>
        <time>2025-06-21T10:02:38.000Z</time>
        <extensions>
          <ns3:TrackPointExtension>
            <ns3:atemp>33.0</ns3:atemp>
            <ns3:hr>156</ns3:hr>
            <ns3:cad>84</ns3:cad>
          </ns3:TrackPointExtension>
        </extensions>
      </trkpt>
      <trkpt lat="25.84763816557824611663818359375" lon="119.570800848305225372314453125">
        <ele>18.799999237060546875</ele>
        <time>2025-06-21T10:02:39.000Z</time>
        <extensions>
          <ns3:TrackPointExtension>
            <ns3:atemp>33.0</ns3:atemp>
            <ns3:hr>157</ns3:hr>
            <ns3:cad>84</ns3:cad>
          </ns3:TrackPointExtension>
        </extensions>
      </trkpt>
      <trkpt lat="25.847629867494106292724609375" lon="119.5707906223833560943603515625">
        <ele>18.799999237060546875</ele>
        <time>2025-06-21T10:02:40.000Z</time>
        <extensions>
          <ns3:TrackPointExtension>
            <ns3:atemp>33.0</ns3:atemp>
            <ns3:hr>157</ns3:hr>
            <ns3:cad>84</ns3:cad>
          </ns3:TrackPointExtension>
        </extensions>
      </trkpt>
      <trkpt lat="25.84761721082031726837158203125" lon="119.570772349834442138671875">
        <ele>18.6000003814697265625</ele>
        <time>2025-06-21T10:02:41.000Z</time>
        <extensions>
          <ns3:TrackPointExtension>
            <ns3:atemp>33.0</ns3:atemp>
            <ns3:hr>156</ns3:hr>
            <ns3:cad>84</ns3:cad>
          </ns3:TrackPointExtension>
        </extensions>
      </trkpt>
      <trkpt lat="25.847609750926494598388671875" lon="119.5707530714571475982666015625">
        <ele>18.6000003814697265625</ele>
        <time>2025-06-21T10:02:42.000Z</time>
        <extensions>
          <ns3:TrackPointExtension>
            <ns3:atemp>33.0</ns3:atemp>
            <ns3:hr>156</ns3:hr>
            <ns3:cad>83</ns3:cad>
          </ns3:TrackPointExtension>
        </extensions>
      </trkpt>
      <trkpt lat="25.84760111756622791290283203125" lon="119.5707480423152446746826171875">
        <ele>18.3999996185302734375</ele>
        <time>2025-06-21T10:02:43.000Z</time>
        <extensions>
          <ns3:TrackPointExtension>
            <ns3:atemp>33.0</ns3:atemp>
            <ns3:hr>155</ns3:hr>
            <ns3:cad>83</ns3:cad>
          </ns3:TrackPointExtension>
        </extensions>
      </trkpt>
      <trkpt lat="25.84758100099861621856689453125" lon="119.57073354162275791168212890625">
        <ele>18.3999996185302734375</ele>
        <time>2025-06-21T10:02:44.000Z</time>
        <extensions>
          <ns3:TrackPointExtension>
            <ns3:atemp>33.0</ns3:atemp>
            <ns3:hr>155</ns3:hr>
            <ns3:cad>82</ns3:cad>
          </ns3:TrackPointExtension>
        </extensions>
      </trkpt>
      <trkpt lat="25.84755937568843364715576171875" lon="119.57072566263377666473388671875">
        <ele>18.6000003814697265625</ele>
        <time>2025-06-21T10:02:45.000Z</time>
        <extensions>
          <ns3:TrackPointExtension>
            <ns3:atemp>33.0</ns3:atemp>
            <ns3:hr>155</ns3:hr>
            <ns3:cad>81</ns3:cad>
          </ns3:TrackPointExtension>
        </extensions>
      </trkpt>
      <trkpt lat="25.847539007663726806640625" lon="119.57072868011891841888427734375">
        <ele>18.6000003814697265625</ele>
        <time>2025-06-21T10:02:46.000Z</time>
        <extensions>
          <ns3:TrackPointExtension>
            <ns3:atemp>33.0</ns3:atemp>
            <ns3:hr>155</ns3:hr>
            <ns3:cad>80</ns3:cad>
          </ns3:TrackPointExtension>
        </extensions>
      </trkpt>
      <trkpt lat="25.84751285612583160400390625" lon="119.57071476615965366363525390625">
        <ele>18.799999237060546875</ele>
        <time>2025-06-21T10:02:47.000Z</time>
        <extensions>
          <ns3:TrackPointExtension>
            <ns3:atemp>33.0</ns3:atemp>
            <ns3:hr>155</ns3:hr>
            <ns3:cad>80</ns3:cad>
          </ns3:TrackPointExtension>
        </extensions>
      </trkpt>
      <trkpt lat="25.84749667905271053314208984375" lon="119.57071174867451190948486328125">
        <ele>18.799999237060546875</ele>
        <time>2025-06-21T10:02:48.000Z</time>
        <extensions>
          <ns3:TrackPointExtension>
            <ns3:atemp>33.0</ns3:atemp>
            <ns3:hr>155</ns3:hr>
            <ns3:cad>81</ns3:cad>
          </ns3:TrackPointExtension>
        </extensions>
      </trkpt>
      <trkpt lat="25.84748226217925548553466796875" lon="119.570702947676181793212890625">
        <ele>18.6000003814697265625</ele>
        <time>2025-06-21T10:02:49.000Z</time>
        <extensions>
          <ns3:TrackPointExtension>
            <ns3:atemp>33.0</ns3:atemp>
            <ns3:hr>155</ns3:hr>
            <ns3:cad>82</ns3:cad>
          </ns3:TrackPointExtension>
        </extensions>
      </trkpt>
      <trkpt lat="25.84746457636356353759765625" lon="119.57068593241274356842041015625">
        <ele>18.6000003814697265625</ele>
        <time>2025-06-21T10:02:50.000Z</time>
        <extensions>
          <ns3:TrackPointExtension>
            <ns3:atemp>33.0</ns3:atemp>
            <ns3:hr>155</ns3:hr>
            <ns3:cad>83</ns3:cad>
          </ns3:TrackPointExtension>
        </extensions>
      </trkpt>
      <trkpt lat="25.84744554944336414337158203125" lon="119.5706762932240962982177734375">
        <ele>18.3999996185302734375</ele>
        <time>2025-06-21T10:02:51.000Z</time>
        <extensions>
          <ns3:TrackPointExtension>
            <ns3:atemp>33.0</ns3:atemp>
            <ns3:hr>155</ns3:hr>
            <ns3:cad>83</ns3:cad>
          </ns3:TrackPointExtension>
        </extensions>
      </trkpt>
      <trkpt lat="25.84741788916289806365966796875" lon="119.5706632174551486968994140625">
        <ele>18.200000762939453125</ele>
        <time>2025-06-21T10:02:52.000Z</time>
        <extensions>
          <ns3:TrackPointExtension>
            <ns3:atemp>33.0</ns3:atemp>
            <ns3:hr>155</ns3:hr>
            <ns3:cad>83</ns3:cad>
          </ns3:TrackPointExtension>
        </extensions>
      </trkpt>
      <trkpt lat="25.84740011952817440032958984375" lon="119.57066413946449756622314453125">
        <ele>18.200000762939453125</ele>
        <time>2025-06-21T10:02:53.000Z</time>
        <extensions>
          <ns3:TrackPointExtension>
            <ns3:atemp>33.0</ns3:atemp>
            <ns3:hr>155</ns3:hr>
            <ns3:cad>83</ns3:cad>
          </ns3:TrackPointExtension>
        </extensions>
      </trkpt>
      <trkpt lat="25.84737329743802547454833984375" lon="119.57065542228519916534423828125">
        <ele>18</ele>
        <time>2025-06-21T10:02:54.000Z</time>
        <extensions>
          <ns3:TrackPointExtension>
            <ns3:atemp>33.0</ns3:atemp>
            <ns3:hr>155</ns3:hr>
            <ns3:cad>83</ns3:cad>
          </ns3:TrackPointExtension>
        </extensions>
      </trkpt>
      <trkpt lat="25.8473517559468746185302734375" lon="119.57064838148653507232666015625">
        <ele>18</ele>
        <time>2025-06-21T10:02:55.000Z</time>
        <extensions>
          <ns3:TrackPointExtension>
            <ns3:atemp>33.0</ns3:atemp>
            <ns3:hr>155</ns3:hr>
            <ns3:cad>84</ns3:cad>
          </ns3:TrackPointExtension>
        </extensions>
      </trkpt>
      <trkpt lat="25.84733054973185062408447265625" lon="119.570645950734615325927734375">
        <ele>18</ele>
        <time>2025-06-21T10:02:56.000Z</time>
        <extensions>
          <ns3:TrackPointExtension>
            <ns3:atemp>33.0</ns3:atemp>
            <ns3:hr>155</ns3:hr>
            <ns3:cad>85</ns3:cad>
          </ns3:TrackPointExtension>
        </extensions>
      </trkpt>
      <trkpt lat="25.84730741567909717559814453125" lon="119.570633880794048309326171875">
        <ele>17.799999237060546875</ele>
        <time>2025-06-21T10:02:57.000Z</time>
        <extensions>
          <ns3:TrackPointExtension>
            <ns3:atemp>33.0</ns3:atemp>
            <ns3:hr>154</ns3:hr>
            <ns3:cad>85</ns3:cad>
          </ns3:TrackPointExtension>
        </extensions>
      </trkpt>
      <trkpt lat="25.847290568053722381591796875" lon="119.5706377364695072174072265625">
        <ele>17.799999237060546875</ele>
        <time>2025-06-21T10:02:58.000Z</time>
        <extensions>
          <ns3:TrackPointExtension>
            <ns3:atemp>33.0</ns3:atemp>
            <ns3:hr>154</ns3:hr>
            <ns3:cad>85</ns3:cad>
          </ns3:TrackPointExtension>
        </extensions>
      </trkpt>
      <trkpt lat="25.84725804626941680908203125" lon="119.5706303603947162628173828125">
        <ele>18</ele>
        <time>2025-06-21T10:02:59.000Z</time>
        <extensions>
          <ns3:TrackPointExtension>
            <ns3:atemp>33.0</ns3:atemp>
            <ns3:hr>155</ns3:hr>
            <ns3:cad>84</ns3:cad>
          </ns3:TrackPointExtension>
        </extensions>
      </trkpt>
      <trkpt lat="25.84723499603569507598876953125" lon="119.570624493062496185302734375">
        <ele>18</ele>
        <time>2025-06-21T10:03:00.000Z</time>
        <extensions>
          <ns3:TrackPointExtension>
            <ns3:atemp>33.0</ns3:atemp>
            <ns3:hr>155</ns3:hr>
            <ns3:cad>84</ns3:cad>
          </ns3:TrackPointExtension>
        </extensions>
      </trkpt>
      <trkpt lat="25.847210101783275604248046875" lon="119.5706208050251007080078125">
        <ele>18.200000762939453125</ele>
        <time>2025-06-21T10:03:01.000Z</time>
        <extensions>
          <ns3:TrackPointExtension>
            <ns3:atemp>33.0</ns3:atemp>
            <ns3:hr>155</ns3:hr>
            <ns3:cad>84</ns3:cad>
          </ns3:TrackPointExtension>
        </extensions>
      </trkpt>
      <trkpt lat="25.847187303006649017333984375" lon="119.57060898654162883758544921875">
        <ele>18.6000003814697265625</ele>
        <time>2025-06-21T10:03:02.000Z</time>
        <extensions>
          <ns3:TrackPointExtension>
            <ns3:atemp>33.0</ns3:atemp>
            <ns3:hr>154</ns3:hr>
            <ns3:cad>84</ns3:cad>
          </ns3:TrackPointExtension>
        </extensions>
      </trkpt>
      <trkpt lat="25.84717221558094024658203125" lon="119.5706119202077388763427734375">
        <ele>18.6000003814697265625</ele>
        <time>2025-06-21T10:03:03.000Z</time>
        <extensions>
          <ns3:TrackPointExtension>
            <ns3:atemp>33.0</ns3:atemp>
            <ns3:hr>155</ns3:hr>
            <ns3:cad>84</ns3:cad>
          </ns3:TrackPointExtension>
        </extensions>
      </trkpt>
      <trkpt lat="25.84714313037693500518798828125" lon="119.5706068910658359527587890625">
        <ele>18.799999237060546875</ele>
        <time>2025-06-21T10:03:04.000Z</time>
        <extensions>
          <ns3:TrackPointExtension>
            <ns3:atemp>33.0</ns3:atemp>
            <ns3:hr>155</ns3:hr>
            <ns3:cad>84</ns3:cad>
          </ns3:TrackPointExtension>
        </extensions>
      </trkpt>
      <trkpt lat="25.8471177332103252410888671875" lon="119.570595659315586090087890625">
        <ele>18.799999237060546875</ele>
        <time>2025-06-21T10:03:05.000Z</time>
        <extensions>
          <ns3:TrackPointExtension>
            <ns3:atemp>33.0</ns3:atemp>
            <ns3:hr>155</ns3:hr>
            <ns3:cad>84</ns3:cad>
          </ns3:TrackPointExtension>
        </extensions>
      </trkpt>
      <trkpt lat="25.84709535352885723114013671875" lon="119.5705926418304443359375">
        <ele>18.6000003814697265625</ele>
        <time>2025-06-21T10:03:06.000Z</time>
        <extensions>
          <ns3:TrackPointExtension>
            <ns3:atemp>33.0</ns3:atemp>
            <ns3:hr>155</ns3:hr>
            <ns3:cad>84</ns3:cad>
          </ns3:TrackPointExtension>
        </extensions>
      </trkpt>
      <trkpt lat="25.84706970490515232086181640625" lon="119.57058124244213104248046875">
        <ele>18.6000003814697265625</ele>
        <time>2025-06-21T10:03:07.000Z</time>
        <extensions>
          <ns3:TrackPointExtension>
            <ns3:atemp>33.0</ns3:atemp>
            <ns3:hr>155</ns3:hr>
            <ns3:cad>83</ns3:cad>
          </ns3:TrackPointExtension>
        </extensions>
      </trkpt>
      <trkpt lat="25.84704883396625518798828125" lon="119.57058417610824108123779296875">
        <ele>18.3999996185302734375</ele>
        <time>2025-06-21T10:03:08.000Z</time>
        <extensions>
          <ns3:TrackPointExtension>
            <ns3:atemp>33.0</ns3:atemp>
            <ns3:hr>155</ns3:hr>
            <ns3:cad>83</ns3:cad>
          </ns3:TrackPointExtension>
        </extensions>
      </trkpt>
      <trkpt lat="25.8470171503722667694091796875" lon="119.57057964988052845001220703125">
        <ele>18.200000762939453125</ele>
        <time>2025-06-21T10:03:09.000Z</time>
        <extensions>
          <ns3:TrackPointExtension>
            <ns3:atemp>33.0</ns3:atemp>
            <ns3:hr>155</ns3:hr>
            <ns3:cad>83</ns3:cad>
          </ns3:TrackPointExtension>
        </extensions>
      </trkpt>
      <trkpt lat="25.84699711762368679046630859375" lon="119.5705787278711795806884765625">
        <ele>18</ele>
        <time>2025-06-21T10:03:10.000Z</time>
        <extensions>
          <ns3:TrackPointExtension>
            <ns3:atemp>33.0</ns3:atemp>
            <ns3:hr>155</ns3:hr>
            <ns3:cad>84</ns3:cad>
          </ns3:TrackPointExtension>
        </extensions>
      </trkpt>
      <trkpt lat="25.8469725586473941802978515625" lon="119.5705763809382915496826171875">
        <ele>18</ele>
        <time>2025-06-21T10:03:11.000Z</time>
        <extensions>
          <ns3:TrackPointExtension>
            <ns3:atemp>33.0</ns3:atemp>
            <ns3:hr>155</ns3:hr>
            <ns3:cad>84</ns3:cad>
          </ns3:TrackPointExtension>
        </extensions>
      </trkpt>
      <trkpt lat="25.846947915852069854736328125" lon="119.5705639757215976715087890625">
        <ele>18</ele>
        <time>2025-06-21T10:03:12.000Z</time>
        <extensions>
          <ns3:TrackPointExtension>
            <ns3:atemp>33.0</ns3:atemp>
            <ns3:hr>155</ns3:hr>
            <ns3:cad>84</ns3:cad>
          </ns3:TrackPointExtension>
        </extensions>
      </trkpt>
      <trkpt lat="25.84692679345607757568359375" lon="119.5705679990351200103759765625">
        <ele>17.799999237060546875</ele>
        <time>2025-06-21T10:03:13.000Z</time>
        <extensions>
          <ns3:TrackPointExtension>
            <ns3:atemp>33.0</ns3:atemp>
            <ns3:hr>155</ns3:hr>
            <ns3:cad>84</ns3:cad>
          </ns3:TrackPointExtension>
        </extensions>
      </trkpt>
      <trkpt lat="25.84689854644238948822021484375" lon="119.5705617964267730712890625">
        <ele>18</ele>
        <time>2025-06-21T10:03:14.000Z</time>
        <extensions>
          <ns3:TrackPointExtension>
            <ns3:atemp>33.0</ns3:atemp>
            <ns3:hr>155</ns3:hr>
            <ns3:cad>84</ns3:cad>
          </ns3:TrackPointExtension>
        </extensions>
      </trkpt>
      <trkpt lat="25.84687826223671436309814453125" lon="119.570560455322265625">
        <ele>18.200000762939453125</ele>
        <time>2025-06-21T10:03:15.000Z</time>
        <extensions>
          <ns3:TrackPointExtension>
            <ns3:atemp>33.0</ns3:atemp>
            <ns3:hr>155</ns3:hr>
            <ns3:cad>84</ns3:cad>
          </ns3:TrackPointExtension>
        </extensions>
      </trkpt>
      <trkpt lat="25.846849344670772552490234375" lon="119.5705488882958889007568359375">
        <ele>18.200000762939453125</ele>
        <time>2025-06-21T10:03:16.000Z</time>
        <extensions>
          <ns3:TrackPointExtension>
            <ns3:atemp>33.0</ns3:atemp>
            <ns3:hr>156</ns3:hr>
            <ns3:cad>85</ns3:cad>
          </ns3:TrackPointExtension>
        </extensions>
      </trkpt>
      <trkpt lat="25.84682461805641651153564453125" lon="119.5705331303179264068603515625">
        <ele>18.200000762939453125</ele>
        <time>2025-06-21T10:03:17.000Z</time>
        <extensions>
          <ns3:TrackPointExtension>
            <ns3:atemp>33.0</ns3:atemp>
            <ns3:hr>155</ns3:hr>
            <ns3:cad>86</ns3:cad>
          </ns3:TrackPointExtension>
        </extensions>
      </trkpt>
      <trkpt lat="25.84680282510817050933837890625" lon="119.57052064128220081329345703125">
        <ele>18.200000762939453125</ele>
        <time>2025-06-21T10:03:18.000Z</time>
        <extensions>
          <ns3:TrackPointExtension>
            <ns3:atemp>33.0</ns3:atemp>
            <ns3:hr>155</ns3:hr>
            <ns3:cad>86</ns3:cad>
          </ns3:TrackPointExtension>
        </extensions>
      </trkpt>
      <trkpt lat="25.8467807807028293609619140625" lon="119.57050479948520660400390625">
        <ele>18.200000762939453125</ele>
        <time>2025-06-21T10:03:19.000Z</time>
        <extensions>
          <ns3:TrackPointExtension>
            <ns3:atemp>33.0</ns3:atemp>
            <ns3:hr>156</ns3:hr>
            <ns3:cad>85</ns3:cad>
          </ns3:TrackPointExtension>
        </extensions>
      </trkpt>
      <trkpt lat="25.84676141850650310516357421875" lon="119.57049666903913021087646484375">
        <ele>18.200000762939453125</ele>
        <time>2025-06-21T10:03:20.000Z</time>
        <extensions>
          <ns3:TrackPointExtension>
            <ns3:atemp>33.0</ns3:atemp>
            <ns3:hr>155</ns3:hr>
            <ns3:cad>85</ns3:cad>
          </ns3:TrackPointExtension>
        </extensions>
      </trkpt>
      <trkpt lat="25.8467348478734493255615234375" lon="119.570477306842803955078125">
        <ele>18</ele>
        <time>2025-06-21T10:03:21.000Z</time>
        <extensions>
          <ns3:TrackPointExtension>
            <ns3:atemp>33.0</ns3:atemp>
            <ns3:hr>155</ns3:hr>
            <ns3:cad>86</ns3:cad>
          </ns3:TrackPointExtension>
        </extensions>
      </trkpt>
      <trkpt lat="25.8467157371342182159423828125" lon="119.57047806121408939361572265625">
        <ele>18</ele>
        <time>2025-06-21T10:03:22.000Z</time>
        <extensions>
          <ns3:TrackPointExtension>
            <ns3:atemp>33.0</ns3:atemp>
            <ns3:hr>155</ns3:hr>
            <ns3:cad>86</ns3:cad>
          </ns3:TrackPointExtension>
        </extensions>
      </trkpt>
      <trkpt lat="25.8466815389692783355712890625" lon="119.5704657398164272308349609375">
        <ele>18</ele>
        <time>2025-06-21T10:03:23.000Z</time>
        <extensions>
          <ns3:TrackPointExtension>
            <ns3:atemp>33.0</ns3:atemp>
            <ns3:hr>155</ns3:hr>
            <ns3:cad>86</ns3:cad>
          </ns3:TrackPointExtension>
        </extensions>
      </trkpt>
      <trkpt lat="25.84665186703205108642578125" lon="119.57045844756066799163818359375">
        <ele>18</ele>
        <time>2025-06-21T10:03:24.000Z</time>
        <extensions>
          <ns3:TrackPointExtension>
            <ns3:atemp>33.0</ns3:atemp>
            <ns3:hr>156</ns3:hr>
            <ns3:cad>86</ns3:cad>
          </ns3:TrackPointExtension>
        </extensions>
      </trkpt>
      <trkpt lat="25.84662395529448986053466796875" lon="119.57045249640941619873046875">
        <ele>18</ele>
        <time>2025-06-21T10:03:25.000Z</time>
        <extensions>
          <ns3:TrackPointExtension>
            <ns3:atemp>33.0</ns3:atemp>
            <ns3:hr>155</ns3:hr>
            <ns3:cad>85</ns3:cad>
          </ns3:TrackPointExtension>
        </extensions>
      </trkpt>
      <trkpt lat="25.84659227170050144195556640625" lon="119.570432715117931365966796875">
        <ele>17.799999237060546875</ele>
        <time>2025-06-21T10:03:26.000Z</time>
        <extensions>
          <ns3:TrackPointExtension>
            <ns3:atemp>33.0</ns3:atemp>
            <ns3:hr>155</ns3:hr>
            <ns3:cad>85</ns3:cad>
          </ns3:TrackPointExtension>
        </extensions>
      </trkpt>
      <trkpt lat="25.84656930528581142425537109375" lon="119.57043229602277278900146484375">
        <ele>17.799999237060546875</ele>
        <time>2025-06-21T10:03:27.000Z</time>
        <extensions>
          <ns3:TrackPointExtension>
            <ns3:atemp>33.0</ns3:atemp>
            <ns3:hr>155</ns3:hr>
            <ns3:cad>84</ns3:cad>
          </ns3:TrackPointExtension>
        </extensions>
      </trkpt>
      <trkpt lat="25.8465286530554294586181640625" lon="119.57041720859706401824951171875">
        <ele>17.799999237060546875</ele>
        <time>2025-06-21T10:03:28.000Z</time>
        <extensions>
          <ns3:TrackPointExtension>
            <ns3:atemp>33.0</ns3:atemp>
            <ns3:hr>155</ns3:hr>
            <ns3:cad>84</ns3:cad>
          </ns3:TrackPointExtension>
        </extensions>
      </trkpt>
      <trkpt lat="25.84649898111820220947265625" lon="119.57041067071259021759033203125">
        <ele>17.799999237060546875</ele>
        <time>2025-06-21T10:03:29.000Z</time>
        <extensions>
          <ns3:TrackPointExtension>
            <ns3:atemp>33.0</ns3:atemp>
            <ns3:hr>155</ns3:hr>
            <ns3:cad>84</ns3:cad>
          </ns3:TrackPointExtension>
        </extensions>
      </trkpt>
      <trkpt lat="25.84646419622004032135009765625" lon="119.570402204990386962890625">
        <ele>17.799999237060546875</ele>
        <time>2025-06-21T10:03:30.000Z</time>
        <extensions>
          <ns3:TrackPointExtension>
            <ns3:atemp>33.0</ns3:atemp>
            <ns3:hr>155</ns3:hr>
            <ns3:cad>84</ns3:cad>
          </ns3:TrackPointExtension>
        </extensions>
      </trkpt>
      <trkpt lat="25.84643050096929073333740234375" lon="119.57038636319339275360107421875">
        <ele>18</ele>
        <time>2025-06-21T10:03:31.000Z</time>
        <extensions>
          <ns3:TrackPointExtension>
            <ns3:atemp>33.0</ns3:atemp>
            <ns3:hr>155</ns3:hr>
            <ns3:cad>85</ns3:cad>
          </ns3:TrackPointExtension>
        </extensions>
      </trkpt>
      <trkpt lat="25.846401415765285491943359375" lon="119.57037798129022121429443359375">
        <ele>18</ele>
        <time>2025-06-21T10:03:32.000Z</time>
        <extensions>
          <ns3:TrackPointExtension>
            <ns3:atemp>33.0</ns3:atemp>
            <ns3:hr>155</ns3:hr>
            <ns3:cad>85</ns3:cad>
          </ns3:TrackPointExtension>
        </extensions>
      </trkpt>
      <trkpt lat="25.84636528976261615753173828125" lon="119.570359624922275543212890625">
        <ele>18</ele>
        <time>2025-06-21T10:03:33.000Z</time>
        <extensions>
          <ns3:TrackPointExtension>
            <ns3:atemp>33.0</ns3:atemp>
            <ns3:hr>156</ns3:hr>
            <ns3:cad>85</ns3:cad>
          </ns3:TrackPointExtension>
        </extensions>
      </trkpt>
      <trkpt lat="25.8463385514914989471435546875" lon="119.5703577809035778045654296875">
        <ele>18</ele>
        <time>2025-06-21T10:03:34.000Z</time>
        <extensions>
          <ns3:TrackPointExtension>
            <ns3:atemp>33.0</ns3:atemp>
            <ns3:hr>156</ns3:hr>
            <ns3:cad>85</ns3:cad>
          </ns3:TrackPointExtension>
        </extensions>
      </trkpt>
      <trkpt lat="25.846298150718212127685546875" lon="119.57034579478204250335693359375">
        <ele>18</ele>
        <time>2025-06-21T10:03:35.000Z</time>
        <extensions>
          <ns3:TrackPointExtension>
            <ns3:atemp>33.0</ns3:atemp>
            <ns3:hr>156</ns3:hr>
            <ns3:cad>85</ns3:cad>
          </ns3:TrackPointExtension>
        </extensions>
      </trkpt>
      <trkpt lat="25.8462627790868282318115234375" lon="119.57032886333763599395751953125">
        <ele>17.799999237060546875</ele>
        <time>2025-06-21T10:03:36.000Z</time>
        <extensions>
          <ns3:TrackPointExtension>
            <ns3:atemp>33.0</ns3:atemp>
            <ns3:hr>157</ns3:hr>
            <ns3:cad>85</ns3:cad>
          </ns3:TrackPointExtension>
        </extensions>
      </trkpt>
      <trkpt lat="25.84623277187347412109375" lon="119.57032064907252788543701171875">
        <ele>17.6000003814697265625</ele>
        <time>2025-06-21T10:03:37.000Z</time>
        <extensions>
          <ns3:TrackPointExtension>
            <ns3:atemp>33.0</ns3:atemp>
            <ns3:hr>157</ns3:hr>
            <ns3:cad>84</ns3:cad>
          </ns3:TrackPointExtension>
        </extensions>
      </trkpt>
      <trkpt lat="25.8461990766227245330810546875" lon="119.57030053250491619110107421875">
        <ele>17.3999996185302734375</ele>
        <time>2025-06-21T10:03:38.000Z</time>
        <extensions>
          <ns3:TrackPointExtension>
            <ns3:atemp>33.0</ns3:atemp>
            <ns3:hr>157</ns3:hr>
            <ns3:cad>84</ns3:cad>
          </ns3:TrackPointExtension>
        </extensions>
      </trkpt>
      <trkpt lat="25.846171081066131591796875" lon="119.57029885612428188323974609375">
        <ele>17.3999996185302734375</ele>
        <time>2025-06-21T10:03:39.000Z</time>
        <extensions>
          <ns3:TrackPointExtension>
            <ns3:atemp>33.0</ns3:atemp>
            <ns3:hr>157</ns3:hr>
            <ns3:cad>84</ns3:cad>
          </ns3:TrackPointExtension>
        </extensions>
      </trkpt>
      <trkpt lat="25.8461333625018596649169921875" lon="119.57028217613697052001953125">
        <ele>17.3999996185302734375</ele>
        <time>2025-06-21T10:03:40.000Z</time>
        <extensions>
          <ns3:TrackPointExtension>
            <ns3:atemp>33.0</ns3:atemp>
            <ns3:hr>157</ns3:hr>
            <ns3:cad>84</ns3:cad>
          </ns3:TrackPointExtension>
        </extensions>
      </trkpt>
      <trkpt lat="25.84610964171588420867919921875" lon="119.5702773146331310272216796875">
        <ele>17.3999996185302734375</ele>
        <time>2025-06-21T10:03:41.000Z</time>
        <extensions>
          <ns3:TrackPointExtension>
            <ns3:atemp>33.0</ns3:atemp>
            <ns3:hr>158</ns3:hr>
            <ns3:cad>84</ns3:cad>
          </ns3:TrackPointExtension>
        </extensions>
      </trkpt>
      <trkpt lat="25.8460713364183902740478515625" lon="119.57026516087353229522705078125">
        <ele>18</ele>
        <time>2025-06-21T10:03:42.000Z</time>
        <extensions>
          <ns3:TrackPointExtension>
            <ns3:atemp>33.0</ns3:atemp>
            <ns3:hr>159</ns3:hr>
            <ns3:cad>85</ns3:cad>
          </ns3:TrackPointExtension>
        </extensions>
      </trkpt>
      <trkpt lat="25.8460441790521144866943359375" lon="119.5702525041997432708740234375">
        <ele>18</ele>
        <time>2025-06-21T10:03:43.000Z</time>
        <extensions>
          <ns3:TrackPointExtension>
            <ns3:atemp>33.0</ns3:atemp>
            <ns3:hr>159</ns3:hr>
            <ns3:cad>86</ns3:cad>
          </ns3:TrackPointExtension>
        </extensions>
      </trkpt>
      <trkpt lat="25.84601341746747493743896484375" lon="119.5702451281249523162841796875">
        <ele>18.3999996185302734375</ele>
        <time>2025-06-21T10:03:44.000Z</time>
        <extensions>
          <ns3:TrackPointExtension>
            <ns3:atemp>33.0</ns3:atemp>
            <ns3:hr>160</ns3:hr>
            <ns3:cad>86</ns3:cad>
          </ns3:TrackPointExtension>
        </extensions>
      </trkpt>
      <trkpt lat="25.84598106332123279571533203125" lon="119.57022274844348430633544921875">
        <ele>18.3999996185302734375</ele>
        <time>2025-06-21T10:03:45.000Z</time>
        <extensions>
          <ns3:TrackPointExtension>
            <ns3:atemp>33.0</ns3:atemp>
            <ns3:hr>160</ns3:hr>
            <ns3:cad>86</ns3:cad>
          </ns3:TrackPointExtension>
        </extensions>
      </trkpt>
      <trkpt lat="25.84595943801105022430419921875" lon="119.570214450359344482421875">
        <ele>18.200000762939453125</ele>
        <time>2025-06-21T10:03:46.000Z</time>
        <extensions>
          <ns3:TrackPointExtension>
            <ns3:atemp>33.0</ns3:atemp>
            <ns3:hr>160</ns3:hr>
            <ns3:cad>85</ns3:cad>
          </ns3:TrackPointExtension>
        </extensions>
      </trkpt>
      <trkpt lat="25.84592356346547603607177734375" lon="119.57020305097103118896484375">
        <ele>18</ele>
        <time>2025-06-21T10:03:47.000Z</time>
        <extensions>
          <ns3:TrackPointExtension>
            <ns3:atemp>33.0</ns3:atemp>
            <ns3:hr>161</ns3:hr>
            <ns3:cad>85</ns3:cad>
          </ns3:TrackPointExtension>
        </extensions>
      </trkpt>
      <trkpt lat="25.8458889462053775787353515625" lon="119.57018804736435413360595703125">
        <ele>18</ele>
        <time>2025-06-21T10:03:48.000Z</time>
        <extensions>
          <ns3:TrackPointExtension>
            <ns3:atemp>33.0</ns3:atemp>
            <ns3:hr>161</ns3:hr>
            <ns3:cad>84</ns3:cad>
          </ns3:TrackPointExtension>
        </extensions>
      </trkpt>
      <trkpt lat="25.84586120210587978363037109375" lon="119.57017798908054828643798828125">
        <ele>17.799999237060546875</ele>
        <time>2025-06-21T10:03:49.000Z</time>
        <extensions>
          <ns3:TrackPointExtension>
            <ns3:atemp>33.0</ns3:atemp>
            <ns3:hr>162</ns3:hr>
            <ns3:cad>84</ns3:cad>
          </ns3:TrackPointExtension>
        </extensions>
      </trkpt>
      <trkpt lat="25.84582507610321044921875" lon="119.57015485502779483795166015625">
        <ele>17.799999237060546875</ele>
        <time>2025-06-21T10:03:50.000Z</time>
        <extensions>
          <ns3:TrackPointExtension>
            <ns3:atemp>33.0</ns3:atemp>
            <ns3:hr>163</ns3:hr>
            <ns3:cad>84</ns3:cad>
          </ns3:TrackPointExtension>
        </extensions>
      </trkpt>
      <trkpt lat="25.845800600945949554443359375" lon="119.5701478980481624603271484375">
        <ele>17.6000003814697265625</ele>
        <time>2025-06-21T10:03:51.000Z</time>
        <extensions>
          <ns3:TrackPointExtension>
            <ns3:atemp>33.0</ns3:atemp>
            <ns3:hr>164</ns3:hr>
            <ns3:cad>84</ns3:cad>
          </ns3:TrackPointExtension>
        </extensions>
      </trkpt>
      <trkpt lat="25.845763720571994781494140625" lon="119.57012870348989963531494140625">
        <ele>17.799999237060546875</ele>
        <time>2025-06-21T10:03:52.000Z</time>
        <extensions>
          <ns3:TrackPointExtension>
            <ns3:atemp>33.0</ns3:atemp>
            <ns3:hr>164</ns3:hr>
            <ns3:cad>84</ns3:cad>
          </ns3:TrackPointExtension>
        </extensions>
      </trkpt>
      <trkpt lat="25.84573698230087757110595703125" lon="119.57012434490025043487548828125">
        <ele>17.799999237060546875</ele>
        <time>2025-06-21T10:03:53.000Z</time>
        <extensions>
          <ns3:TrackPointExtension>
            <ns3:atemp>33.0</ns3:atemp>
            <ns3:hr>164</ns3:hr>
            <ns3:cad>84</ns3:cad>
          </ns3:TrackPointExtension>
        </extensions>
      </trkpt>
      <trkpt lat="25.84570504724979400634765625" lon="119.57011747173964977264404296875">
        <ele>17.799999237060546875</ele>
        <time>2025-06-21T10:03:54.000Z</time>
        <extensions>
          <ns3:TrackPointExtension>
            <ns3:atemp>33.0</ns3:atemp>
            <ns3:hr>164</ns3:hr>
            <ns3:cad>84</ns3:cad>
          </ns3:TrackPointExtension>
        </extensions>
      </trkpt>
      <trkpt lat="25.8456735312938690185546875" lon="119.57009584642946720123291015625">
        <ele>18</ele>
        <time>2025-06-21T10:03:55.000Z</time>
        <extensions>
          <ns3:TrackPointExtension>
            <ns3:atemp>33.0</ns3:atemp>
            <ns3:hr>165</ns3:hr>
            <ns3:cad>84</ns3:cad>
          </ns3:TrackPointExtension>
        </extensions>
      </trkpt>
      <trkpt lat="25.8456462062895298004150390625" lon="119.57008947618305683135986328125">
        <ele>18</ele>
        <time>2025-06-21T10:03:56.000Z</time>
        <extensions>
          <ns3:TrackPointExtension>
            <ns3:atemp>33.0</ns3:atemp>
            <ns3:hr>164</ns3:hr>
            <ns3:cad>85</ns3:cad>
          </ns3:TrackPointExtension>
        </extensions>
      </trkpt>
      <trkpt lat="25.8456063084304332733154296875" lon="119.57006885670125484466552734375">
        <ele>18</ele>
        <time>2025-06-21T10:03:57.000Z</time>
        <extensions>
          <ns3:TrackPointExtension>
            <ns3:atemp>33.0</ns3:atemp>
            <ns3:hr>165</ns3:hr>
            <ns3:cad>85</ns3:cad>
          </ns3:TrackPointExtension>
        </extensions>
      </trkpt>
      <trkpt lat="25.845577307045459747314453125" lon="119.57006198354065418243408203125">
        <ele>18</ele>
        <time>2025-06-21T10:03:58.000Z</time>
        <extensions>
          <ns3:TrackPointExtension>
            <ns3:atemp>33.0</ns3:atemp>
            <ns3:hr>165</ns3:hr>
            <ns3:cad>84</ns3:cad>
          </ns3:TrackPointExtension>
        </extensions>
      </trkpt>
      <trkpt lat="25.8455447852611541748046875" lon="119.57005209289491176605224609375">
        <ele>17.799999237060546875</ele>
        <time>2025-06-21T10:03:59.000Z</time>
        <extensions>
          <ns3:TrackPointExtension>
            <ns3:atemp>33.0</ns3:atemp>
            <ns3:hr>165</ns3:hr>
            <ns3:cad>83</ns3:cad>
          </ns3:TrackPointExtension>
        </extensions>
      </trkpt>
      <trkpt lat="25.84551352076232433319091796875" lon="119.570030383765697479248046875">
        <ele>17.6000003814697265625</ele>
        <time>2025-06-21T10:04:00.000Z</time>
        <extensions>
          <ns3:TrackPointExtension>
            <ns3:atemp>33.0</ns3:atemp>
            <ns3:hr>165</ns3:hr>
            <ns3:cad>83</ns3:cad>
          </ns3:TrackPointExtension>
        </extensions>
      </trkpt>
      <trkpt lat="25.8454869501292705535888671875" lon="119.570025689899921417236328125">
        <ele>17.6000003814697265625</ele>
        <time>2025-06-21T10:04:01.000Z</time>
        <extensions>
          <ns3:TrackPointExtension>
            <ns3:atemp>33.0</ns3:atemp>
            <ns3:hr>166</ns3:hr>
            <ns3:cad>84</ns3:cad>
          </ns3:TrackPointExtension>
        </extensions>
      </trkpt>
      <trkpt lat="25.84545082412660121917724609375" lon="119.57000456750392913818359375">
        <ele>17.3999996185302734375</ele>
        <time>2025-06-21T10:04:02.000Z</time>
        <extensions>
          <ns3:TrackPointExtension>
            <ns3:atemp>33.0</ns3:atemp>
            <ns3:hr>166</ns3:hr>
            <ns3:cad>84</ns3:cad>
          </ns3:TrackPointExtension>
        </extensions>
      </trkpt>
      <trkpt lat="25.845421068370342254638671875" lon="119.56998981535434722900390625">
        <ele>17.3999996185302734375</ele>
        <time>2025-06-21T10:04:03.000Z</time>
        <extensions>
          <ns3:TrackPointExtension>
            <ns3:atemp>33.0</ns3:atemp>
            <ns3:hr>166</ns3:hr>
            <ns3:cad>84</ns3:cad>
          </ns3:TrackPointExtension>
        </extensions>
      </trkpt>
      <trkpt lat="25.845393240451812744140625" lon="119.56998218782246112823486328125">
        <ele>17.200000762939453125</ele>
        <time>2025-06-21T10:04:04.000Z</time>
        <extensions>
          <ns3:TrackPointExtension>
            <ns3:atemp>33.0</ns3:atemp>
            <ns3:hr>166</ns3:hr>
            <ns3:cad>83</ns3:cad>
          </ns3:TrackPointExtension>
        </extensions>
      </trkpt>
      <trkpt lat="25.84536516107618808746337890625" lon="119.56995653919875621795654296875">
        <ele>17.200000762939453125</ele>
        <time>2025-06-21T10:04:05.000Z</time>
        <extensions>
          <ns3:TrackPointExtension>
            <ns3:atemp>33.0</ns3:atemp>
            <ns3:hr>167</ns3:hr>
            <ns3:cad>83</ns3:cad>
          </ns3:TrackPointExtension>
        </extensions>
      </trkpt>
      <trkpt lat="25.84534638561308383941650390625" lon="119.56995285116136074066162109375">
        <ele>17.3999996185302734375</ele>
        <time>2025-06-21T10:04:06.000Z</time>
        <extensions>
          <ns3:TrackPointExtension>
            <ns3:atemp>33.0</ns3:atemp>
            <ns3:hr>167</ns3:hr>
            <ns3:cad>83</ns3:cad>
          </ns3:TrackPointExtension>
        </extensions>
      </trkpt>
      <trkpt lat="25.8453095890581607818603515625" lon="119.56993306986987590789794921875">
        <ele>17.799999237060546875</ele>
        <time>2025-06-21T10:04:07.000Z</time>
        <extensions>
          <ns3:TrackPointExtension>
            <ns3:atemp>33.0</ns3:atemp>
            <ns3:hr>167</ns3:hr>
            <ns3:cad>82</ns3:cad>
          </ns3:TrackPointExtension>
        </extensions>
      </trkpt>
      <trkpt lat="25.84528083913028240203857421875" lon="119.56992351450026035308837890625">
        <ele>17.799999237060546875</ele>
        <time>2025-06-21T10:04:08.000Z</time>
        <extensions>
          <ns3:TrackPointExtension>
            <ns3:atemp>33.0</ns3:atemp>
            <ns3:hr>166</ns3:hr>
            <ns3:cad>82</ns3:cad>
          </ns3:TrackPointExtension>
        </extensions>
      </trkpt>
      <trkpt lat="25.84525502286851406097412109375" lon="119.569915048778057098388671875">
        <ele>18</ele>
        <time>2025-06-21T10:04:09.000Z</time>
        <extensions>
          <ns3:TrackPointExtension>
            <ns3:atemp>33.0</ns3:atemp>
            <ns3:hr>166</ns3:hr>
            <ns3:cad>83</ns3:cad>
          </ns3:TrackPointExtension>
        </extensions>
      </trkpt>
      <trkpt lat="25.8452217467129230499267578125" lon="119.5698974467813968658447265625">
        <ele>18.200000762939453125</ele>
        <time>2025-06-21T10:04:10.000Z</time>
        <extensions>
          <ns3:TrackPointExtension>
            <ns3:atemp>33.0</ns3:atemp>
            <ns3:hr>166</ns3:hr>
            <ns3:cad>83</ns3:cad>
          </ns3:TrackPointExtension>
        </extensions>
      </trkpt>
      <trkpt lat="25.845197774469852447509765625" lon="119.56989451311528682708740234375">
        <ele>18.200000762939453125</ele>
        <time>2025-06-21T10:04:11.000Z</time>
        <extensions>
          <ns3:TrackPointExtension>
            <ns3:atemp>33.0</ns3:atemp>
            <ns3:hr>166</ns3:hr>
            <ns3:cad>83</ns3:cad>
          </ns3:TrackPointExtension>
        </extensions>
      </trkpt>
      <trkpt lat="25.84516265429556369781494140625" lon="119.56987707875669002532958984375">
        <ele>18.200000762939453125</ele>
        <time>2025-06-21T10:04:12.000Z</time>
        <extensions>
          <ns3:TrackPointExtension>
            <ns3:atemp>33.0</ns3:atemp>
            <ns3:hr>166</ns3:hr>
            <ns3:cad>83</ns3:cad>
          </ns3:TrackPointExtension>
        </extensions>
      </trkpt>
      <trkpt lat="25.84513214416801929473876953125" lon="119.56986417062580585479736328125">
        <ele>18</ele>
        <time>2025-06-21T10:04:13.000Z</time>
        <extensions>
          <ns3:TrackPointExtension>
            <ns3:atemp>33.0</ns3:atemp>
            <ns3:hr>168</ns3:hr>
            <ns3:cad>83</ns3:cad>
          </ns3:TrackPointExtension>
        </extensions>
      </trkpt>
      <trkpt lat="25.8451047353446483612060546875" lon="119.56985813565552234649658203125">
        <ele>18</ele>
        <time>2025-06-21T10:04:14.000Z</time>
        <extensions>
          <ns3:TrackPointExtension>
            <ns3:atemp>33.0</ns3:atemp>
            <ns3:hr>169</ns3:hr>
            <ns3:cad>83</ns3:cad>
          </ns3:TrackPointExtension>
        </extensions>
      </trkpt>
      <trkpt lat="25.8450755663216114044189453125" lon="119.5698350854218006134033203125">
        <ele>17.799999237060546875</ele>
        <time>2025-06-21T10:04:15.000Z</time>
        <extensions>
          <ns3:TrackPointExtension>
            <ns3:atemp>33.0</ns3:atemp>
            <ns3:hr>170</ns3:hr>
            <ns3:cad>84</ns3:cad>
          </ns3:TrackPointExtension>
        </extensions>
      </trkpt>
      <trkpt lat="25.845054946839809417724609375" lon="119.56983801908791065216064453125">
        <ele>17.799999237060546875</ele>
        <time>2025-06-21T10:04:16.000Z</time>
        <extensions>
          <ns3:TrackPointExtension>
            <ns3:atemp>33.0</ns3:atemp>
            <ns3:hr>170</ns3:hr>
            <ns3:cad>84</ns3:cad>
          </ns3:TrackPointExtension>
        </extensions>
      </trkpt>
      <trkpt lat="25.845019407570362091064453125" lon="119.56982712261378765106201171875">
        <ele>17.6000003814697265625</ele>
        <time>2025-06-21T10:04:17.000Z</time>
        <extensions>
          <ns3:TrackPointExtension>
            <ns3:atemp>33.0</ns3:atemp>
            <ns3:hr>170</ns3:hr>
            <ns3:cad>84</ns3:cad>
          </ns3:TrackPointExtension>
        </extensions>
      </trkpt>
      <trkpt lat="25.844995938241481781005859375" lon="119.56982209347188472747802734375">
        <ele>17.6000003814697265625</ele>
        <time>2025-06-21T10:04:18.000Z</time>
        <extensions>
          <ns3:TrackPointExtension>
            <ns3:atemp>33.0</ns3:atemp>
            <ns3:hr>171</ns3:hr>
            <ns3:cad>84</ns3:cad>
          </ns3:TrackPointExtension>
        </extensions>
      </trkpt>
      <trkpt lat="25.84497104398906230926513671875" lon="119.569814465939998626708984375">
        <ele>17.3999996185302734375</ele>
        <time>2025-06-21T10:04:19.000Z</time>
        <extensions>
          <ns3:TrackPointExtension>
            <ns3:atemp>33.0</ns3:atemp>
            <ns3:hr>170</ns3:hr>
            <ns3:cad>84</ns3:cad>
          </ns3:TrackPointExtension>
        </extensions>
      </trkpt>
      <trkpt lat="25.8449495024979114532470703125" lon="119.56979644484817981719970703125">
        <ele>17.3999996185302734375</ele>
        <time>2025-06-21T10:04:20.000Z</time>
        <extensions>
          <ns3:TrackPointExtension>
            <ns3:atemp>33.0</ns3:atemp>
            <ns3:hr>170</ns3:hr>
            <ns3:cad>84</ns3:cad>
          </ns3:TrackPointExtension>
        </extensions>
      </trkpt>
      <trkpt lat="25.84492779336869716644287109375" lon="119.56979057751595973968505859375">
        <ele>17.200000762939453125</ele>
        <time>2025-06-21T10:04:21.000Z</time>
        <extensions>
          <ns3:TrackPointExtension>
            <ns3:atemp>33.0</ns3:atemp>
            <ns3:hr>171</ns3:hr>
            <ns3:cad>84</ns3:cad>
          </ns3:TrackPointExtension>
        </extensions>
      </trkpt>
      <trkpt lat="25.8449015580117702484130859375" lon="119.569779597222805023193359375">
        <ele>17.200000762939453125</ele>
        <time>2025-06-21T10:04:22.000Z</time>
        <extensions>
          <ns3:TrackPointExtension>
            <ns3:atemp>33.0</ns3:atemp>
            <ns3:hr>171</ns3:hr>
            <ns3:cad>84</ns3:cad>
          </ns3:TrackPointExtension>
        </extensions>
      </trkpt>
      <trkpt lat="25.844885297119617462158203125" lon="119.56977666355669498443603515625">
        <ele>17.200000762939453125</ele>
        <time>2025-06-21T10:04:23.000Z</time>
        <extensions>
          <ns3:TrackPointExtension>
            <ns3:atemp>33.0</ns3:atemp>
            <ns3:hr>171</ns3:hr>
            <ns3:cad>84</ns3:cad>
          </ns3:TrackPointExtension>
        </extensions>
      </trkpt>
      <trkpt lat="25.84486057050526142120361328125" lon="119.5697717182338237762451171875">
        <ele>17.200000762939453125</ele>
        <time>2025-06-21T10:04:24.000Z</time>
        <extensions>
          <ns3:TrackPointExtension>
            <ns3:atemp>33.0</ns3:atemp>
            <ns3:hr>171</ns3:hr>
            <ns3:cad>84</ns3:cad>
          </ns3:TrackPointExtension>
        </extensions>
      </trkpt>
      <trkpt lat="25.8448395319283008575439453125" lon="119.569756798446178436279296875">
        <ele>17.200000762939453125</ele>
        <time>2025-06-21T10:04:25.000Z</time>
        <extensions>
          <ns3:TrackPointExtension>
            <ns3:atemp>33.0</ns3:atemp>
            <ns3:hr>171</ns3:hr>
            <ns3:cad>83</ns3:cad>
          </ns3:TrackPointExtension>
        </extensions>
      </trkpt>
      <trkpt lat="25.84481991827487945556640625" lon="119.5697492547333240509033203125">
        <ele>17.200000762939453125</ele>
        <time>2025-06-21T10:04:26.000Z</time>
        <extensions>
          <ns3:TrackPointExtension>
            <ns3:atemp>33.0</ns3:atemp>
            <ns3:hr>171</ns3:hr>
            <ns3:cad>83</ns3:cad>
          </ns3:TrackPointExtension>
        </extensions>
      </trkpt>
      <trkpt lat="25.84479016251862049102783203125" lon="119.56973341293632984161376953125">
        <ele>17</ele>
        <time>2025-06-21T10:04:27.000Z</time>
        <extensions>
          <ns3:TrackPointExtension>
            <ns3:atemp>33.0</ns3:atemp>
            <ns3:hr>171</ns3:hr>
            <ns3:cad>83</ns3:cad>
          </ns3:TrackPointExtension>
        </extensions>
      </trkpt>
      <trkpt lat="25.84476937539875507354736328125" lon="119.56972838379442691802978515625">
        <ele>17</ele>
        <time>2025-06-21T10:04:28.000Z</time>
        <extensions>
          <ns3:TrackPointExtension>
            <ns3:atemp>33.0</ns3:atemp>
            <ns3:hr>172</ns3:hr>
            <ns3:cad>83</ns3:cad>
          </ns3:TrackPointExtension>
        </extensions>
      </trkpt>
      <trkpt lat="25.84474322386085987091064453125" lon="119.569720588624477386474609375">
        <ele>16.799999237060546875</ele>
        <time>2025-06-21T10:04:29.000Z</time>
        <extensions>
          <ns3:TrackPointExtension>
            <ns3:atemp>33.0</ns3:atemp>
            <ns3:hr>171</ns3:hr>
            <ns3:cad>84</ns3:cad>
          </ns3:TrackPointExtension>
        </extensions>
      </trkpt>
      <trkpt lat="25.84471933543682098388671875" lon="119.56970625557005405426025390625">
        <ele>16.799999237060546875</ele>
        <time>2025-06-21T10:04:30.000Z</time>
        <extensions>
          <ns3:TrackPointExtension>
            <ns3:atemp>33.0</ns3:atemp>
            <ns3:hr>171</ns3:hr>
            <ns3:cad>84</ns3:cad>
          </ns3:TrackPointExtension>
        </extensions>
      </trkpt>
      <trkpt lat="25.8446980454027652740478515625" lon="119.56970524974167346954345703125">
        <ele>16.799999237060546875</ele>
        <time>2025-06-21T10:04:31.000Z</time>
        <extensions>
          <ns3:TrackPointExtension>
            <ns3:atemp>33.0</ns3:atemp>
            <ns3:hr>170</ns3:hr>
            <ns3:cad>84</ns3:cad>
          </ns3:TrackPointExtension>
        </extensions>
      </trkpt>
      <trkpt lat="25.84466996602714061737060546875" lon="119.56969049759209156036376953125">
        <ele>17</ele>
        <time>2025-06-21T10:04:32.000Z</time>
        <extensions>
          <ns3:TrackPointExtension>
            <ns3:atemp>33.0</ns3:atemp>
            <ns3:hr>168</ns3:hr>
            <ns3:cad>84</ns3:cad>
          </ns3:TrackPointExtension>
        </extensions>
      </trkpt>
      <trkpt lat="25.84465269930660724639892578125" lon="119.5696895755827426910400390625">
        <ele>17</ele>
        <time>2025-06-21T10:04:33.000Z</time>
        <extensions>
          <ns3:TrackPointExtension>
            <ns3:atemp>33.0</ns3:atemp>
            <ns3:hr>167</ns3:hr>
            <ns3:cad>84</ns3:cad>
          </ns3:TrackPointExtension>
        </extensions>
      </trkpt>
      <trkpt lat="25.84462604485452175140380859375" lon="119.5696785114705562591552734375">
        <ele>17.200000762939453125</ele>
        <time>2025-06-21T10:04:34.000Z</time>
        <extensions>
          <ns3:TrackPointExtension>
            <ns3:atemp>33.0</ns3:atemp>
            <ns3:hr>167</ns3:hr>
            <ns3:cad>84</ns3:cad>
          </ns3:TrackPointExtension>
        </extensions>
      </trkpt>
      <trkpt lat="25.844603665173053741455078125" lon="119.5696721412241458892822265625">
        <ele>17.200000762939453125</ele>
        <time>2025-06-21T10:04:35.000Z</time>
        <extensions>
          <ns3:TrackPointExtension>
            <ns3:atemp>33.0</ns3:atemp>
            <ns3:hr>167</ns3:hr>
            <ns3:cad>84</ns3:cad>
          </ns3:TrackPointExtension>
        </extensions>
      </trkpt>
      <trkpt lat="25.84458162076771259307861328125" lon="119.56967155449092388153076171875">
        <ele>17.3999996185302734375</ele>
        <time>2025-06-21T10:04:36.000Z</time>
        <extensions>
          <ns3:TrackPointExtension>
            <ns3:atemp>33.0</ns3:atemp>
            <ns3:hr>166</ns3:hr>
            <ns3:cad>84</ns3:cad>
          </ns3:TrackPointExtension>
        </extensions>
      </trkpt>
      <trkpt lat="25.84455714561045169830322265625" lon="119.56965185701847076416015625">
        <ele>17.200000762939453125</ele>
        <time>2025-06-21T10:04:37.000Z</time>
        <extensions>
          <ns3:TrackPointExtension>
            <ns3:atemp>33.0</ns3:atemp>
            <ns3:hr>166</ns3:hr>
            <ns3:cad>84</ns3:cad>
          </ns3:TrackPointExtension>
        </extensions>
      </trkpt>
      <trkpt lat="25.84454096853733062744140625" lon="119.5696503482758998870849609375">
        <ele>17.200000762939453125</ele>
        <time>2025-06-21T10:04:38.000Z</time>
        <extensions>
          <ns3:TrackPointExtension>
            <ns3:atemp>33.0</ns3:atemp>
            <ns3:hr>167</ns3:hr>
            <ns3:cad>84</ns3:cad>
          </ns3:TrackPointExtension>
        </extensions>
      </trkpt>
      <trkpt lat="25.8445106260478496551513671875" lon="119.5696352608501911163330078125">
        <ele>17.200000762939453125</ele>
        <time>2025-06-21T10:04:39.000Z</time>
        <extensions>
          <ns3:TrackPointExtension>
            <ns3:atemp>33.0</ns3:atemp>
            <ns3:hr>167</ns3:hr>
            <ns3:cad>84</ns3:cad>
          </ns3:TrackPointExtension>
        </extensions>
      </trkpt>
      <trkpt lat="25.84448573179543018341064453125" lon="119.569625370204448699951171875">
        <ele>17.200000762939453125</ele>
        <time>2025-06-21T10:04:40.000Z</time>
        <extensions>
          <ns3:TrackPointExtension>
            <ns3:atemp>33.0</ns3:atemp>
            <ns3:hr>167</ns3:hr>
            <ns3:cad>85</ns3:cad>
          </ns3:TrackPointExtension>
        </extensions>
      </trkpt>
      <trkpt lat="25.8444650284945964813232421875" lon="119.56962126307189464569091796875">
        <ele>17.200000762939453125</ele>
        <time>2025-06-21T10:04:41.000Z</time>
        <extensions>
          <ns3:TrackPointExtension>
            <ns3:atemp>33.0</ns3:atemp>
            <ns3:hr>167</ns3:hr>
            <ns3:cad>85</ns3:cad>
          </ns3:TrackPointExtension>
        </extensions>
      </trkpt>
      <trkpt lat="25.84443510510027408599853515625" lon="119.569608271121978759765625">
        <ele>17.3999996185302734375</ele>
        <time>2025-06-21T10:04:42.000Z</time>
        <extensions>
          <ns3:TrackPointExtension>
            <ns3:atemp>33.0</ns3:atemp>
            <ns3:hr>168</ns3:hr>
            <ns3:cad>85</ns3:cad>
          </ns3:TrackPointExtension>
        </extensions>
      </trkpt>
      <trkpt lat="25.84441448561847209930419921875" lon="119.56960366107523441314697265625">
        <ele>17.6000003814697265625</ele>
        <time>2025-06-21T10:04:43.000Z</time>
        <extensions>
          <ns3:TrackPointExtension>
            <ns3:atemp>33.0</ns3:atemp>
            <ns3:hr>167</ns3:hr>
            <ns3:cad>85</ns3:cad>
          </ns3:TrackPointExtension>
        </extensions>
      </trkpt>
      <trkpt lat="25.844390094280242919921875" lon="119.56958740018308162689208984375">
        <ele>17.6000003814697265625</ele>
        <time>2025-06-21T10:04:44.000Z</time>
        <extensions>
          <ns3:TrackPointExtension>
            <ns3:atemp>33.0</ns3:atemp>
            <ns3:hr>167</ns3:hr>
            <ns3:cad>85</ns3:cad>
          </ns3:TrackPointExtension>
        </extensions>
      </trkpt>
      <trkpt lat="25.84437198936939239501953125" lon="119.5695812813937664031982421875">
        <ele>17.799999237060546875</ele>
        <time>2025-06-21T10:04:45.000Z</time>
        <extensions>
          <ns3:TrackPointExtension>
            <ns3:atemp>33.0</ns3:atemp>
            <ns3:hr>168</ns3:hr>
            <ns3:cad>85</ns3:cad>
          </ns3:TrackPointExtension>
        </extensions>
      </trkpt>
      <trkpt lat="25.84434382617473602294921875" lon="119.56956963054835796356201171875">
        <ele>17.6000003814697265625</ele>
        <time>2025-06-21T10:04:46.000Z</time>
        <extensions>
          <ns3:TrackPointExtension>
            <ns3:atemp>33.0</ns3:atemp>
            <ns3:hr>167</ns3:hr>
            <ns3:cad>85</ns3:cad>
          </ns3:TrackPointExtension>
        </extensions>
      </trkpt>
      <trkpt lat="25.84432194940745830535888671875" lon="119.569563679397106170654296875">
        <ele>17.6000003814697265625</ele>
        <time>2025-06-21T10:04:47.000Z</time>
        <extensions>
          <ns3:TrackPointExtension>
            <ns3:atemp>33.0</ns3:atemp>
            <ns3:hr>167</ns3:hr>
            <ns3:cad>85</ns3:cad>
          </ns3:TrackPointExtension>
        </extensions>
      </trkpt>
      <trkpt lat="25.844300575554370880126953125" lon="119.56955957226455211639404296875">
        <ele>17.3999996185302734375</ele>
        <time>2025-06-21T10:04:48.000Z</time>
        <extensions>
          <ns3:TrackPointExtension>
            <ns3:atemp>32.0</ns3:atemp>
            <ns3:hr>167</ns3:hr>
            <ns3:cad>86</ns3:cad>
          </ns3:TrackPointExtension>
        </extensions>
      </trkpt>
      <trkpt lat="25.84427769295871257781982421875" lon="119.56954197026789188385009765625">
        <ele>17.200000762939453125</ele>
        <time>2025-06-21T10:04:49.000Z</time>
        <extensions>
          <ns3:TrackPointExtension>
            <ns3:atemp>33.0</ns3:atemp>
            <ns3:hr>167</ns3:hr>
            <ns3:cad>86</ns3:cad>
          </ns3:TrackPointExtension>
        </extensions>
      </trkpt>
      <trkpt lat="25.8442558161914348602294921875" lon="119.56953425891697406768798828125">
        <ele>17.200000762939453125</ele>
        <time>2025-06-21T10:04:50.000Z</time>
        <extensions>
          <ns3:TrackPointExtension>
            <ns3:atemp>33.0</ns3:atemp>
            <ns3:hr>166</ns3:hr>
            <ns3:cad>85</ns3:cad>
          </ns3:TrackPointExtension>
        </extensions>
      </trkpt>
      <trkpt lat="25.84422555752098560333251953125" lon="119.56952218897640705108642578125">
        <ele>17.200000762939453125</ele>
        <time>2025-06-21T10:04:51.000Z</time>
        <extensions>
          <ns3:TrackPointExtension>
            <ns3:atemp>32.0</ns3:atemp>
            <ns3:hr>166</ns3:hr>
            <ns3:cad>84</ns3:cad>
          </ns3:TrackPointExtension>
        </extensions>
      </trkpt>
      <trkpt lat="25.8442055247724056243896484375" lon="119.5695179142057895660400390625">
        <ele>17.200000762939453125</ele>
        <time>2025-06-21T10:04:52.000Z</time>
        <extensions>
          <ns3:TrackPointExtension>
            <ns3:atemp>33.0</ns3:atemp>
            <ns3:hr>166</ns3:hr>
            <ns3:cad>84</ns3:cad>
          </ns3:TrackPointExtension>
        </extensions>
      </trkpt>
      <trkpt lat="25.8441840671002864837646484375" lon="119.5695108734071254730224609375">
        <ele>17.3999996185302734375</ele>
        <time>2025-06-21T10:04:53.000Z</time>
        <extensions>
          <ns3:TrackPointExtension>
            <ns3:atemp>32.0</ns3:atemp>
            <ns3:hr>166</ns3:hr>
            <ns3:cad>84</ns3:cad>
          </ns3:TrackPointExtension>
        </extensions>
      </trkpt>
      <trkpt lat="25.8441622741520404815673828125" lon="119.5694951154291629791259765625">
        <ele>17.3999996185302734375</ele>
        <time>2025-06-21T10:04:54.000Z</time>
        <extensions>
          <ns3:TrackPointExtension>
            <ns3:atemp>33.0</ns3:atemp>
            <ns3:hr>166</ns3:hr>
            <ns3:cad>84</ns3:cad>
          </ns3:TrackPointExtension>
        </extensions>
      </trkpt>
      <trkpt lat="25.84414173848927021026611328125" lon="119.56949201412498950958251953125">
        <ele>17.3999996185302734375</ele>
        <time>2025-06-21T10:04:55.000Z</time>
        <extensions>
          <ns3:TrackPointExtension>
            <ns3:atemp>33.0</ns3:atemp>
            <ns3:hr>166</ns3:hr>
            <ns3:cad>84</ns3:cad>
          </ns3:TrackPointExtension>
        </extensions>
      </trkpt>
      <trkpt lat="25.8441119827330112457275390625" lon="119.56947877071797847747802734375">
        <ele>17.200000762939453125</ele>
        <time>2025-06-21T10:04:56.000Z</time>
        <extensions>
          <ns3:TrackPointExtension>
            <ns3:atemp>33.0</ns3:atemp>
            <ns3:hr>166</ns3:hr>
            <ns3:cad>84</ns3:cad>
          </ns3:TrackPointExtension>
        </extensions>
      </trkpt>
      <trkpt lat="25.8440937101840972900390625" lon="119.56947441212832927703857421875">
        <ele>17.200000762939453125</ele>
        <time>2025-06-21T10:04:57.000Z</time>
        <extensions>
          <ns3:TrackPointExtension>
            <ns3:atemp>33.0</ns3:atemp>
            <ns3:hr>166</ns3:hr>
            <ns3:cad>84</ns3:cad>
          </ns3:TrackPointExtension>
        </extensions>
      </trkpt>
      <trkpt lat="25.8440704084932804107666015625" lon="119.5694659464061260223388671875">
        <ele>17</ele>
        <time>2025-06-21T10:04:58.000Z</time>
        <extensions>
          <ns3:TrackPointExtension>
            <ns3:atemp>33.0</ns3:atemp>
            <ns3:hr>166</ns3:hr>
            <ns3:cad>84</ns3:cad>
          </ns3:TrackPointExtension>
        </extensions>
      </trkpt>
      <trkpt lat="25.8440486155450344085693359375" lon="119.5694518648087978363037109375">
        <ele>17</ele>
        <time>2025-06-21T10:04:59.000Z</time>
        <extensions>
          <ns3:TrackPointExtension>
            <ns3:atemp>33.0</ns3:atemp>
            <ns3:hr>166</ns3:hr>
            <ns3:cad>84</ns3:cad>
          </ns3:TrackPointExtension>
        </extensions>
      </trkpt>
      <trkpt lat="25.84402598440647125244140625" lon="119.56944876350462436676025390625">
        <ele>17</ele>
        <time>2025-06-21T10:05:00.000Z</time>
        <extensions>
          <ns3:TrackPointExtension>
            <ns3:atemp>33.0</ns3:atemp>
            <ns3:hr>165</ns3:hr>
            <ns3:cad>83</ns3:cad>
          </ns3:TrackPointExtension>
        </extensions>
      </trkpt>
      <trkpt lat="25.84399589337408542633056640625" lon="119.56943317316472530364990234375">
        <ele>17</ele>
        <time>2025-06-21T10:05:01.000Z</time>
        <extensions>
          <ns3:TrackPointExtension>
            <ns3:atemp>33.0</ns3:atemp>
            <ns3:hr>165</ns3:hr>
            <ns3:cad>83</ns3:cad>
          </ns3:TrackPointExtension>
        </extensions>
      </trkpt>
      <trkpt lat="25.84397678263485431671142578125" lon="119.56943233497440814971923828125">
        <ele>17</ele>
        <time>2025-06-21T10:05:02.000Z</time>
        <extensions>
          <ns3:TrackPointExtension>
            <ns3:atemp>33.0</ns3:atemp>
            <ns3:hr>165</ns3:hr>
            <ns3:cad>83</ns3:cad>
          </ns3:TrackPointExtension>
        </extensions>
      </trkpt>
      <trkpt lat="25.84394954144954681396484375" lon="119.56942864693701267242431640625">
        <ele>17</ele>
        <time>2025-06-21T10:05:03.000Z</time>
        <extensions>
          <ns3:TrackPointExtension>
            <ns3:atemp>33.0</ns3:atemp>
            <ns3:hr>165</ns3:hr>
            <ns3:cad>84</ns3:cad>
          </ns3:TrackPointExtension>
        </extensions>
      </trkpt>
      <trkpt lat="25.84392397664487361907958984375" lon="119.569415152072906494140625">
        <ele>17</ele>
        <time>2025-06-21T10:05:04.000Z</time>
        <extensions>
          <ns3:TrackPointExtension>
            <ns3:atemp>33.0</ns3:atemp>
            <ns3:hr>165</ns3:hr>
            <ns3:cad>84</ns3:cad>
          </ns3:TrackPointExtension>
        </extensions>
      </trkpt>
      <trkpt lat="25.8439005911350250244140625" lon="119.56940819509327411651611328125">
        <ele>17</ele>
        <time>2025-06-21T10:05:05.000Z</time>
        <extensions>
          <ns3:TrackPointExtension>
            <ns3:atemp>33.0</ns3:atemp>
            <ns3:hr>165</ns3:hr>
            <ns3:cad>84</ns3:cad>
          </ns3:TrackPointExtension>
        </extensions>
      </trkpt>
      <trkpt lat="25.8438746072351932525634765625" lon="119.56939310766756534576416015625">
        <ele>17</ele>
        <time>2025-06-21T10:05:06.000Z</time>
        <extensions>
          <ns3:TrackPointExtension>
            <ns3:atemp>33.0</ns3:atemp>
            <ns3:hr>165</ns3:hr>
            <ns3:cad>84</ns3:cad>
          </ns3:TrackPointExtension>
        </extensions>
      </trkpt>
      <trkpt lat="25.8438544906675815582275390625" lon="119.56939394585788249969482421875">
        <ele>17</ele>
        <time>2025-06-21T10:05:07.000Z</time>
        <extensions>
          <ns3:TrackPointExtension>
            <ns3:atemp>33.0</ns3:atemp>
            <ns3:hr>165</ns3:hr>
            <ns3:cad>84</ns3:cad>
          </ns3:TrackPointExtension>
        </extensions>
      </trkpt>
      <trkpt lat="25.8438281714916229248046875" lon="119.56938874907791614532470703125">
        <ele>16.799999237060546875</ele>
        <time>2025-06-21T10:05:08.000Z</time>
        <extensions>
          <ns3:TrackPointExtension>
            <ns3:atemp>33.0</ns3:atemp>
            <ns3:hr>166</ns3:hr>
            <ns3:cad>84</ns3:cad>
          </ns3:TrackPointExtension>
        </extensions>
      </trkpt>
      <trkpt lat="25.84380612708628177642822265625" lon="119.56937835551798343658447265625">
        <ele>16.799999237060546875</ele>
        <time>2025-06-21T10:05:09.000Z</time>
        <extensions>
          <ns3:TrackPointExtension>
            <ns3:atemp>33.0</ns3:atemp>
            <ns3:hr>166</ns3:hr>
            <ns3:cad>84</ns3:cad>
          </ns3:TrackPointExtension>
        </extensions>
      </trkpt>
      <trkpt lat="25.84378517232835292816162109375" lon="119.569372236728668212890625">
        <ele>16.6000003814697265625</ele>
        <time>2025-06-21T10:05:10.000Z</time>
        <extensions>
          <ns3:TrackPointExtension>
            <ns3:atemp>33.0</ns3:atemp>
            <ns3:hr>166</ns3:hr>
            <ns3:cad>84</ns3:cad>
          </ns3:TrackPointExtension>
        </extensions>
      </trkpt>
      <trkpt lat="25.84375985898077487945556640625" lon="119.56935740076005458831787109375">
        <ele>16.3999996185302734375</ele>
        <time>2025-06-21T10:05:11.000Z</time>
        <extensions>
          <ns3:TrackPointExtension>
            <ns3:atemp>33.0</ns3:atemp>
            <ns3:hr>166</ns3:hr>
            <ns3:cad>84</ns3:cad>
          </ns3:TrackPointExtension>
        </extensions>
      </trkpt>
      <trkpt lat="25.843740664422512054443359375" lon="119.56935673020780086517333984375">
        <ele>16.3999996185302734375</ele>
        <time>2025-06-21T10:05:12.000Z</time>
        <extensions>
          <ns3:TrackPointExtension>
            <ns3:atemp>33.0</ns3:atemp>
            <ns3:hr>166</ns3:hr>
            <ns3:cad>84</ns3:cad>
          </ns3:TrackPointExtension>
        </extensions>
      </trkpt>
      <trkpt lat="25.84371007047593593597412109375" lon="119.5693439058959484100341796875">
        <ele>16.3999996185302734375</ele>
        <time>2025-06-21T10:05:13.000Z</time>
        <extensions>
          <ns3:TrackPointExtension>
            <ns3:atemp>33.0</ns3:atemp>
            <ns3:hr>166</ns3:hr>
            <ns3:cad>84</ns3:cad>
          </ns3:TrackPointExtension>
        </extensions>
      </trkpt>
      <trkpt lat="25.84368827752768993377685546875" lon="119.56933267414569854736328125">
        <ele>16.6000003814697265625</ele>
        <time>2025-06-21T10:05:14.000Z</time>
        <extensions>
          <ns3:TrackPointExtension>
            <ns3:atemp>33.0</ns3:atemp>
            <ns3:hr>166</ns3:hr>
            <ns3:cad>83</ns3:cad>
          </ns3:TrackPointExtension>
        </extensions>
      </trkpt>
      <trkpt lat="25.84366866387426853179931640625" lon="119.56932806409895420074462890625">
        <ele>16.6000003814697265625</ele>
        <time>2025-06-21T10:05:15.000Z</time>
        <extensions>
          <ns3:TrackPointExtension>
            <ns3:atemp>33.0</ns3:atemp>
            <ns3:hr>166</ns3:hr>
            <ns3:cad>83</ns3:cad>
          </ns3:TrackPointExtension>
        </extensions>
      </trkpt>
      <trkpt lat="25.8436429314315319061279296875" lon="119.56931197084486484527587890625">
        <ele>16.799999237060546875</ele>
        <time>2025-06-21T10:05:16.000Z</time>
        <extensions>
          <ns3:TrackPointExtension>
            <ns3:atemp>33.0</ns3:atemp>
            <ns3:hr>166</ns3:hr>
            <ns3:cad>84</ns3:cad>
          </ns3:TrackPointExtension>
        </extensions>
      </trkpt>
      <trkpt lat="25.843626670539379119873046875" lon="119.56931523978710174560546875">
        <ele>16.799999237060546875</ele>
        <time>2025-06-21T10:05:17.000Z</time>
        <extensions>
          <ns3:TrackPointExtension>
            <ns3:atemp>33.0</ns3:atemp>
            <ns3:hr>165</ns3:hr>
            <ns3:cad>84</ns3:cad>
          </ns3:TrackPointExtension>
        </extensions>
      </trkpt>
      <trkpt lat="25.8435975015163421630859375" lon="119.56930459477007389068603515625">
        <ele>17</ele>
        <time>2025-06-21T10:05:18.000Z</time>
        <extensions>
          <ns3:TrackPointExtension>
            <ns3:atemp>33.0</ns3:atemp>
            <ns3:hr>164</ns3:hr>
            <ns3:cad>84</ns3:cad>
          </ns3:TrackPointExtension>
        </extensions>
      </trkpt>
      <trkpt lat="25.8435725234448909759521484375" lon="119.569297470152378082275390625">
        <ele>16.799999237060546875</ele>
        <time>2025-06-21T10:05:19.000Z</time>
        <extensions>
          <ns3:TrackPointExtension>
            <ns3:atemp>33.0</ns3:atemp>
            <ns3:hr>165</ns3:hr>
            <ns3:cad>84</ns3:cad>
          </ns3:TrackPointExtension>
        </extensions>
      </trkpt>
      <trkpt lat="25.84354746155440807342529296875" lon="119.5692926086485385894775390625">
        <ele>16.799999237060546875</ele>
        <time>2025-06-21T10:05:20.000Z</time>
        <extensions>
          <ns3:TrackPointExtension>
            <ns3:atemp>33.0</ns3:atemp>
            <ns3:hr>165</ns3:hr>
            <ns3:cad>84</ns3:cad>
          </ns3:TrackPointExtension>
        </extensions>
      </trkpt>
      <trkpt lat="25.84352172911167144775390625" lon="119.569278694689273834228515625">
        <ele>16.799999237060546875</ele>
        <time>2025-06-21T10:05:21.000Z</time>
        <extensions>
          <ns3:TrackPointExtension>
            <ns3:atemp>33.0</ns3:atemp>
            <ns3:hr>165</ns3:hr>
            <ns3:cad>84</ns3:cad>
          </ns3:TrackPointExtension>
        </extensions>
      </trkpt>
      <trkpt lat="25.8435022830963134765625" lon="119.56927760504186153411865234375">
        <ele>16.799999237060546875</ele>
        <time>2025-06-21T10:05:22.000Z</time>
        <extensions>
          <ns3:TrackPointExtension>
            <ns3:atemp>32.0</ns3:atemp>
            <ns3:hr>166</ns3:hr>
            <ns3:cad>84</ns3:cad>
          </ns3:TrackPointExtension>
        </extensions>
      </trkpt>
      <trkpt lat="25.843473114073276519775390625" lon="119.5692654512822628021240234375">
        <ele>16.799999237060546875</ele>
        <time>2025-06-21T10:05:23.000Z</time>
        <extensions>
          <ns3:TrackPointExtension>
            <ns3:atemp>32.0</ns3:atemp>
            <ns3:hr>166</ns3:hr>
            <ns3:cad>84</ns3:cad>
          </ns3:TrackPointExtension>
        </extensions>
      </trkpt>
      <trkpt lat="25.84345291368663311004638671875" lon="119.56926302053034305572509765625">
        <ele>16.799999237060546875</ele>
        <time>2025-06-21T10:05:24.000Z</time>
        <extensions>
          <ns3:TrackPointExtension>
            <ns3:atemp>32.0</ns3:atemp>
            <ns3:hr>166</ns3:hr>
            <ns3:cad>84</ns3:cad>
          </ns3:TrackPointExtension>
        </extensions>
      </trkpt>
      <trkpt lat="25.84342491813004016876220703125" lon="119.5692555606365203857421875">
        <ele>16.799999237060546875</ele>
        <time>2025-06-21T10:05:25.000Z</time>
        <extensions>
          <ns3:TrackPointExtension>
            <ns3:atemp>33.0</ns3:atemp>
            <ns3:hr>166</ns3:hr>
            <ns3:cad>84</ns3:cad>
          </ns3:TrackPointExtension>
        </extensions>
      </trkpt>
      <trkpt lat="25.8434042148292064666748046875" lon="119.56924273632466793060302734375">
        <ele>16.799999237060546875</ele>
        <time>2025-06-21T10:05:26.000Z</time>
        <extensions>
          <ns3:TrackPointExtension>
            <ns3:atemp>33.0</ns3:atemp>
            <ns3:hr>166</ns3:hr>
            <ns3:cad>85</ns3:cad>
          </ns3:TrackPointExtension>
        </extensions>
      </trkpt>
      <trkpt lat="25.843388624489307403564453125" lon="119.56923703663051128387451171875">
        <ele>16.799999237060546875</ele>
        <time>2025-06-21T10:05:27.000Z</time>
        <extensions>
          <ns3:TrackPointExtension>
            <ns3:atemp>33.0</ns3:atemp>
            <ns3:hr>166</ns3:hr>
            <ns3:cad>85</ns3:cad>
          </ns3:TrackPointExtension>
        </extensions>
      </trkpt>
      <trkpt lat="25.84336490370333194732666015625" lon="119.56921339966356754302978515625">
        <ele>16.799999237060546875</ele>
        <time>2025-06-21T10:05:28.000Z</time>
        <extensions>
          <ns3:TrackPointExtension>
            <ns3:atemp>33.0</ns3:atemp>
            <ns3:hr>167</ns3:hr>
            <ns3:cad>84</ns3:cad>
          </ns3:TrackPointExtension>
        </extensions>
      </trkpt>
      <trkpt lat="25.8433488942682743072509765625" lon="119.5692010782659053802490234375">
        <ele>16.6000003814697265625</ele>
        <time>2025-06-21T10:05:29.000Z</time>
        <extensions>
          <ns3:TrackPointExtension>
            <ns3:atemp>32.0</ns3:atemp>
            <ns3:hr>166</ns3:hr>
            <ns3:cad>84</ns3:cad>
          </ns3:TrackPointExtension>
        </extensions>
      </trkpt>
      <trkpt lat="25.84332651458680629730224609375" lon="119.569185487926006317138671875">
        <ele>16.3999996185302734375</ele>
        <time>2025-06-21T10:05:30.000Z</time>
        <extensions>
          <ns3:TrackPointExtension>
            <ns3:atemp>32.0</ns3:atemp>
            <ns3:hr>165</ns3:hr>
            <ns3:cad>84</ns3:cad>
          </ns3:TrackPointExtension>
        </extensions>
      </trkpt>
      <trkpt lat="25.84330924786627292633056640625" lon="119.56916830502450466156005859375">
        <ele>16.200000762939453125</ele>
        <time>2025-06-21T10:05:31.000Z</time>
        <extensions>
          <ns3:TrackPointExtension>
            <ns3:atemp>33.0</ns3:atemp>
            <ns3:hr>165</ns3:hr>
            <ns3:cad>84</ns3:cad>
          </ns3:TrackPointExtension>
        </extensions>
      </trkpt>
      <trkpt lat="25.8432885445654392242431640625" lon="119.56915992312133312225341796875">
        <ele>16.200000762939453125</ele>
        <time>2025-06-21T10:05:32.000Z</time>
        <extensions>
          <ns3:TrackPointExtension>
            <ns3:atemp>33.0</ns3:atemp>
            <ns3:hr>165</ns3:hr>
            <ns3:cad>84</ns3:cad>
          </ns3:TrackPointExtension>
        </extensions>
      </trkpt>
      <trkpt lat="25.84326314739882946014404296875" lon="119.569138549268245697021484375">
        <ele>16</ele>
        <time>2025-06-21T10:05:33.000Z</time>
        <extensions>
          <ns3:TrackPointExtension>
            <ns3:atemp>33.0</ns3:atemp>
            <ns3:hr>164</ns3:hr>
            <ns3:cad>84</ns3:cad>
          </ns3:TrackPointExtension>
        </extensions>
      </trkpt>
      <trkpt lat="25.84324487484991550445556640625" lon="119.5691335201263427734375">
        <ele>16.200000762939453125</ele>
        <time>2025-06-21T10:05:34.000Z</time>
        <extensions>
          <ns3:TrackPointExtension>
            <ns3:atemp>32.0</ns3:atemp>
            <ns3:hr>164</ns3:hr>
            <ns3:cad>84</ns3:cad>
          </ns3:TrackPointExtension>
        </extensions>
      </trkpt>
      <trkpt lat="25.8432201482355594635009765625" lon="119.56912337802350521087646484375">
        <ele>16.200000762939453125</ele>
        <time>2025-06-21T10:05:35.000Z</time>
        <extensions>
          <ns3:TrackPointExtension>
            <ns3:atemp>33.0</ns3:atemp>
            <ns3:hr>164</ns3:hr>
            <ns3:cad>84</ns3:cad>
          </ns3:TrackPointExtension>
        </extensions>
      </trkpt>
      <trkpt lat="25.84319827146828174591064453125" lon="119.56910778768360614776611328125">
        <ele>16.200000762939453125</ele>
        <time>2025-06-21T10:05:36.000Z</time>
        <extensions>
          <ns3:TrackPointExtension>
            <ns3:atemp>33.0</ns3:atemp>
            <ns3:hr>164</ns3:hr>
            <ns3:cad>84</ns3:cad>
          </ns3:TrackPointExtension>
        </extensions>
      </trkpt>
      <trkpt lat="25.843178071081638336181640625" lon="119.5691035129129886627197265625">
        <ele>16.200000762939453125</ele>
        <time>2025-06-21T10:05:37.000Z</time>
        <extensions>
          <ns3:TrackPointExtension>
            <ns3:atemp>33.0</ns3:atemp>
            <ns3:hr>165</ns3:hr>
            <ns3:cad>84</ns3:cad>
          </ns3:TrackPointExtension>
        </extensions>
      </trkpt>
      <trkpt lat="25.843151248991489410400390625" lon="119.5690864138305187225341796875">
        <ele>16.200000762939453125</ele>
        <time>2025-06-21T10:05:38.000Z</time>
        <extensions>
          <ns3:TrackPointExtension>
            <ns3:atemp>33.0</ns3:atemp>
            <ns3:hr>165</ns3:hr>
            <ns3:cad>84</ns3:cad>
          </ns3:TrackPointExtension>
        </extensions>
      </trkpt>
      <trkpt lat="25.8431346528232097625732421875" lon="119.56908683292567729949951171875">
        <ele>16.200000762939453125</ele>
        <time>2025-06-21T10:05:39.000Z</time>
        <extensions>
          <ns3:TrackPointExtension>
            <ns3:atemp>33.0</ns3:atemp>
            <ns3:hr>165</ns3:hr>
            <ns3:cad>84</ns3:cad>
          </ns3:TrackPointExtension>
        </extensions>
      </trkpt>
      <trkpt lat="25.843105316162109375" lon="119.56907451152801513671875">
        <ele>16.200000762939453125</ele>
        <time>2025-06-21T10:05:40.000Z</time>
        <extensions>
          <ns3:TrackPointExtension>
            <ns3:atemp>33.0</ns3:atemp>
            <ns3:hr>164</ns3:hr>
            <ns3:cad>84</ns3:cad>
          </ns3:TrackPointExtension>
        </extensions>
      </trkpt>
      <trkpt lat="25.84308243356645107269287109375" lon="119.56906386651098728179931640625">
        <ele>16.200000762939453125</ele>
        <time>2025-06-21T10:05:41.000Z</time>
        <extensions>
          <ns3:TrackPointExtension>
            <ns3:atemp>33.0</ns3:atemp>
            <ns3:hr>164</ns3:hr>
            <ns3:cad>84</ns3:cad>
          </ns3:TrackPointExtension>
        </extensions>
      </trkpt>
      <trkpt lat="25.8430585451424121856689453125" lon="119.56905548460781574249267578125">
        <ele>16.200000762939453125</ele>
        <time>2025-06-21T10:05:42.000Z</time>
        <extensions>
          <ns3:TrackPointExtension>
            <ns3:atemp>32.0</ns3:atemp>
            <ns3:hr>164</ns3:hr>
            <ns3:cad>85</ns3:cad>
          </ns3:TrackPointExtension>
        </extensions>
      </trkpt>
      <trkpt lat="25.84303356707096099853515625" lon="119.56904106773436069488525390625">
        <ele>16.3999996185302734375</ele>
        <time>2025-06-21T10:05:43.000Z</time>
        <extensions>
          <ns3:TrackPointExtension>
            <ns3:atemp>33.0</ns3:atemp>
            <ns3:hr>164</ns3:hr>
            <ns3:cad>85</ns3:cad>
          </ns3:TrackPointExtension>
        </extensions>
      </trkpt>
      <trkpt lat="25.84301772527396678924560546875" lon="119.5690394751727581024169921875">
        <ele>16.3999996185302734375</ele>
        <time>2025-06-21T10:05:44.000Z</time>
        <extensions>
          <ns3:TrackPointExtension>
            <ns3:atemp>33.0</ns3:atemp>
            <ns3:hr>164</ns3:hr>
            <ns3:cad>84</ns3:cad>
          </ns3:TrackPointExtension>
        </extensions>
      </trkpt>
      <trkpt lat="25.842989981174468994140625" lon="119.569021202623844146728515625">
        <ele>16.3999996185302734375</ele>
        <time>2025-06-21T10:05:45.000Z</time>
        <extensions>
          <ns3:TrackPointExtension>
            <ns3:atemp>33.0</ns3:atemp>
            <ns3:hr>164</ns3:hr>
            <ns3:cad>83</ns3:cad>
          </ns3:TrackPointExtension>
        </extensions>
      </trkpt>
      <trkpt lat="25.84297330118715763092041015625" lon="119.56901223398745059967041015625">
        <ele>16.3999996185302734375</ele>
        <time>2025-06-21T10:05:46.000Z</time>
        <extensions>
          <ns3:TrackPointExtension>
            <ns3:atemp>33.0</ns3:atemp>
            <ns3:hr>164</ns3:hr>
            <ns3:cad>83</ns3:cad>
          </ns3:TrackPointExtension>
        </extensions>
      </trkpt>
      <trkpt lat="25.84294782020151615142822265625" lon="119.56900284625589847564697265625">
        <ele>16.3999996185302734375</ele>
        <time>2025-06-21T10:05:47.000Z</time>
        <extensions>
          <ns3:TrackPointExtension>
            <ns3:atemp>32.0</ns3:atemp>
            <ns3:hr>164</ns3:hr>
            <ns3:cad>83</ns3:cad>
          </ns3:TrackPointExtension>
        </extensions>
      </trkpt>
      <trkpt lat="25.84292418323457241058349609375" lon="119.56899194978177547454833984375">
        <ele>16.200000762939453125</ele>
        <time>2025-06-21T10:05:48.000Z</time>
        <extensions>
          <ns3:TrackPointExtension>
            <ns3:atemp>33.0</ns3:atemp>
            <ns3:hr>164</ns3:hr>
            <ns3:cad>83</ns3:cad>
          </ns3:TrackPointExtension>
        </extensions>
      </trkpt>
      <trkpt lat="25.84290255792438983917236328125" lon="119.5689932070672512054443359375">
        <ele>16.3999996185302734375</ele>
        <time>2025-06-21T10:05:49.000Z</time>
        <extensions>
          <ns3:TrackPointExtension>
            <ns3:atemp>33.0</ns3:atemp>
            <ns3:hr>164</ns3:hr>
            <ns3:cad>83</ns3:cad>
          </ns3:TrackPointExtension>
        </extensions>
      </trkpt>
      <trkpt lat="25.84287456236779689788818359375" lon="119.56897887401282787322998046875">
        <ele>16.3999996185302734375</ele>
        <time>2025-06-21T10:05:50.000Z</time>
        <extensions>
          <ns3:TrackPointExtension>
            <ns3:atemp>32.0</ns3:atemp>
            <ns3:hr>164</ns3:hr>
            <ns3:cad>85</ns3:cad>
          </ns3:TrackPointExtension>
        </extensions>
      </trkpt>
      <trkpt lat="25.8428597263991832733154296875" lon="119.5689777843654155731201171875">
        <ele>16.3999996185302734375</ele>
        <time>2025-06-21T10:05:51.000Z</time>
        <extensions>
          <ns3:TrackPointExtension>
            <ns3:atemp>33.0</ns3:atemp>
            <ns3:hr>164</ns3:hr>
            <ns3:cad>85</ns3:cad>
          </ns3:TrackPointExtension>
        </extensions>
      </trkpt>
      <trkpt lat="25.84283483214676380157470703125" lon="119.5689663849771022796630859375">
        <ele>16.6000003814697265625</ele>
        <time>2025-06-21T10:05:52.000Z</time>
        <extensions>
          <ns3:TrackPointExtension>
            <ns3:atemp>32.0</ns3:atemp>
            <ns3:hr>164</ns3:hr>
            <ns3:cad>83</ns3:cad>
          </ns3:TrackPointExtension>
        </extensions>
      </trkpt>
      <trkpt lat="25.84281287156045436859130859375" lon="119.5689524710178375244140625">
        <ele>16.3999996185302734375</ele>
        <time>2025-06-21T10:05:53.000Z</time>
        <extensions>
          <ns3:TrackPointExtension>
            <ns3:atemp>32.0</ns3:atemp>
            <ns3:hr>163</ns3:hr>
            <ns3:cad>83</ns3:cad>
          </ns3:TrackPointExtension>
        </extensions>
      </trkpt>
      <trkpt lat="25.84279174916446208953857421875" lon="119.56894668750464916229248046875">
        <ele>16.200000762939453125</ele>
        <time>2025-06-21T10:05:54.000Z</time>
        <extensions>
          <ns3:TrackPointExtension>
            <ns3:atemp>33.0</ns3:atemp>
            <ns3:hr>163</ns3:hr>
            <ns3:cad>84</ns3:cad>
          </ns3:TrackPointExtension>
        </extensions>
      </trkpt>
      <trkpt lat="25.842767022550106048583984375" lon="119.56892590038478374481201171875">
        <ele>16</ele>
        <time>2025-06-21T10:05:55.000Z</time>
        <extensions>
          <ns3:TrackPointExtension>
            <ns3:atemp>33.0</ns3:atemp>
            <ns3:hr>163</ns3:hr>
            <ns3:cad>84</ns3:cad>
          </ns3:TrackPointExtension>
        </extensions>
      </trkpt>
      <trkpt lat="25.84275017492473125457763671875" lon="119.56892657093703746795654296875">
        <ele>15.80000019073486328125</ele>
        <time>2025-06-21T10:05:56.000Z</time>
        <extensions>
          <ns3:TrackPointExtension>
            <ns3:atemp>33.0</ns3:atemp>
            <ns3:hr>163</ns3:hr>
            <ns3:cad>85</ns3:cad>
          </ns3:TrackPointExtension>
        </extensions>
      </trkpt>
      <trkpt lat="25.84272050298750400543212890625" lon="119.568912573158740997314453125">
        <ele>15.80000019073486328125</ele>
        <time>2025-06-21T10:05:57.000Z</time>
        <extensions>
          <ns3:TrackPointExtension>
            <ns3:atemp>33.0</ns3:atemp>
            <ns3:hr>164</ns3:hr>
            <ns3:cad>85</ns3:cad>
          </ns3:TrackPointExtension>
        </extensions>
      </trkpt>
      <trkpt lat="25.84270097315311431884765625" lon="119.5689077116549015045166015625">
        <ele>16</ele>
        <time>2025-06-21T10:05:58.000Z</time>
        <extensions>
          <ns3:TrackPointExtension>
            <ns3:atemp>33.0</ns3:atemp>
            <ns3:hr>163</ns3:hr>
            <ns3:cad>85</ns3:cad>
          </ns3:TrackPointExtension>
        </extensions>
      </trkpt>
      <trkpt lat="25.8426786772906780242919921875" lon="119.5688974857330322265625">
        <ele>15.80000019073486328125</ele>
        <time>2025-06-21T10:05:59.000Z</time>
        <extensions>
          <ns3:TrackPointExtension>
            <ns3:atemp>32.0</ns3:atemp>
            <ns3:hr>163</ns3:hr>
            <ns3:cad>85</ns3:cad>
          </ns3:TrackPointExtension>
        </extensions>
      </trkpt>
      <trkpt lat="25.8426545374095439910888671875" lon="119.5688832364976406097412109375">
        <ele>16</ele>
        <time>2025-06-21T10:06:00.000Z</time>
        <extensions>
          <ns3:TrackPointExtension>
            <ns3:atemp>33.0</ns3:atemp>
            <ns3:hr>163</ns3:hr>
            <ns3:cad>85</ns3:cad>
          </ns3:TrackPointExtension>
        </extensions>
      </trkpt>
      <trkpt lat="25.84263534285128116607666015625" lon="119.5688842423260211944580078125">
        <ele>16</ele>
        <time>2025-06-21T10:06:01.000Z</time>
        <extensions>
          <ns3:TrackPointExtension>
            <ns3:atemp>32.0</ns3:atemp>
            <ns3:hr>163</ns3:hr>
            <ns3:cad>85</ns3:cad>
          </ns3:TrackPointExtension>
        </extensions>
      </trkpt>
      <trkpt lat="25.84260902367532253265380859375" lon="119.568867646157741546630859375">
        <ele>16</ele>
        <time>2025-06-21T10:06:02.000Z</time>
        <extensions>
          <ns3:TrackPointExtension>
            <ns3:atemp>33.0</ns3:atemp>
            <ns3:hr>163</ns3:hr>
            <ns3:cad>85</ns3:cad>
          </ns3:TrackPointExtension>
        </extensions>
      </trkpt>
      <trkpt lat="25.84259008057415485382080078125" lon="119.56886504776775836944580078125">
        <ele>16</ele>
        <time>2025-06-21T10:06:03.000Z</time>
        <extensions>
          <ns3:TrackPointExtension>
            <ns3:atemp>33.0</ns3:atemp>
            <ns3:hr>163</ns3:hr>
            <ns3:cad>85</ns3:cad>
          </ns3:TrackPointExtension>
        </extensions>
      </trkpt>
      <trkpt lat="25.84256275556981563568115234375" lon="119.5688523910939693450927734375">
        <ele>16</ele>
        <time>2025-06-21T10:06:04.000Z</time>
        <extensions>
          <ns3:TrackPointExtension>
            <ns3:atemp>33.0</ns3:atemp>
            <ns3:hr>163</ns3:hr>
            <ns3:cad>85</ns3:cad>
          </ns3:TrackPointExtension>
        </extensions>
      </trkpt>
      <trkpt lat="25.84253995679318904876708984375" lon="119.568840824067592620849609375">
        <ele>15.6000003814697265625</ele>
        <time>2025-06-21T10:06:05.000Z</time>
        <extensions>
          <ns3:TrackPointExtension>
            <ns3:atemp>33.0</ns3:atemp>
            <ns3:hr>162</ns3:hr>
            <ns3:cad>85</ns3:cad>
          </ns3:TrackPointExtension>
        </extensions>
      </trkpt>
      <trkpt lat="25.84252059459686279296875" lon="119.568836130201816558837890625">
        <ele>15.3999996185302734375</ele>
        <time>2025-06-21T10:06:06.000Z</time>
        <extensions>
          <ns3:TrackPointExtension>
            <ns3:atemp>33.0</ns3:atemp>
            <ns3:hr>162</ns3:hr>
            <ns3:cad>85</ns3:cad>
          </ns3:TrackPointExtension>
        </extensions>
      </trkpt>
      <trkpt lat="25.84249637089669704437255859375" lon="119.56881861202418804168701171875">
        <ele>15.3999996185302734375</ele>
        <time>2025-06-21T10:06:07.000Z</time>
        <extensions>
          <ns3:TrackPointExtension>
            <ns3:atemp>33.0</ns3:atemp>
            <ns3:hr>161</ns3:hr>
            <ns3:cad>85</ns3:cad>
          </ns3:TrackPointExtension>
        </extensions>
      </trkpt>
      <trkpt lat="25.84247767925262451171875" lon="119.56881894730031490325927734375">
        <ele>15.3999996185302734375</ele>
        <time>2025-06-21T10:06:08.000Z</time>
        <extensions>
          <ns3:TrackPointExtension>
            <ns3:atemp>33.0</ns3:atemp>
            <ns3:hr>161</ns3:hr>
            <ns3:cad>85</ns3:cad>
          </ns3:TrackPointExtension>
        </extensions>
      </trkpt>
      <trkpt lat="25.84245127625763416290283203125" lon="119.5688116550445556640625">
        <ele>15.6000003814697265625</ele>
        <time>2025-06-21T10:06:09.000Z</time>
        <extensions>
          <ns3:TrackPointExtension>
            <ns3:atemp>32.0</ns3:atemp>
            <ns3:hr>161</ns3:hr>
            <ns3:cad>85</ns3:cad>
          </ns3:TrackPointExtension>
        </extensions>
      </trkpt>
      <trkpt lat="25.842433758080005645751953125" lon="119.56880168057978153228759765625">
        <ele>16</ele>
        <time>2025-06-21T10:06:10.000Z</time>
        <extensions>
          <ns3:TrackPointExtension>
            <ns3:atemp>33.0</ns3:atemp>
            <ns3:hr>161</ns3:hr>
            <ns3:cad>84</ns3:cad>
          </ns3:TrackPointExtension>
        </extensions>
      </trkpt>
      <trkpt lat="25.84241288714110851287841796875" lon="119.56879380159080028533935546875">
        <ele>16</ele>
        <time>2025-06-21T10:06:11.000Z</time>
        <extensions>
          <ns3:TrackPointExtension>
            <ns3:atemp>32.0</ns3:atemp>
            <ns3:hr>161</ns3:hr>
            <ns3:cad>84</ns3:cad>
          </ns3:TrackPointExtension>
        </extensions>
      </trkpt>
      <trkpt lat="25.84238992072641849517822265625" lon="119.56877837888896465301513671875">
        <ele>16</ele>
        <time>2025-06-21T10:06:12.000Z</time>
        <extensions>
          <ns3:TrackPointExtension>
            <ns3:atemp>33.0</ns3:atemp>
            <ns3:hr>161</ns3:hr>
            <ns3:cad>84</ns3:cad>
          </ns3:TrackPointExtension>
        </extensions>
      </trkpt>
      <trkpt lat="25.8423745818436145782470703125" lon="119.56877653487026691436767578125">
        <ele>15.80000019073486328125</ele>
        <time>2025-06-21T10:06:13.000Z</time>
        <extensions>
          <ns3:TrackPointExtension>
            <ns3:atemp>33.0</ns3:atemp>
            <ns3:hr>161</ns3:hr>
            <ns3:cad>85</ns3:cad>
          </ns3:TrackPointExtension>
        </extensions>
      </trkpt>
      <trkpt lat="25.8423494361340999603271484375" lon="119.56876044161617755889892578125">
        <ele>15.6000003814697265625</ele>
        <time>2025-06-21T10:06:14.000Z</time>
        <extensions>
          <ns3:TrackPointExtension>
            <ns3:atemp>33.0</ns3:atemp>
            <ns3:hr>161</ns3:hr>
            <ns3:cad>85</ns3:cad>
          </ns3:TrackPointExtension>
        </extensions>
      </trkpt>
      <trkpt lat="25.8423309959471225738525390625" lon="119.568760357797145843505859375">
        <ele>15.6000003814697265625</ele>
        <time>2025-06-21T10:06:15.000Z</time>
        <extensions>
          <ns3:TrackPointExtension>
            <ns3:atemp>33.0</ns3:atemp>
            <ns3:hr>161</ns3:hr>
            <ns3:cad>85</ns3:cad>
          </ns3:TrackPointExtension>
        </extensions>
      </trkpt>
      <trkpt lat="25.84230425767600536346435546875" lon="119.56875189207494258880615234375">
        <ele>15.6000003814697265625</ele>
        <time>2025-06-21T10:06:16.000Z</time>
        <extensions>
          <ns3:TrackPointExtension>
            <ns3:atemp>33.0</ns3:atemp>
            <ns3:hr>160</ns3:hr>
            <ns3:cad>85</ns3:cad>
          </ns3:TrackPointExtension>
        </extensions>
      </trkpt>
      <trkpt lat="25.84228280000388622283935546875" lon="119.5687380619347095489501953125">
        <ele>15.3999996185302734375</ele>
        <time>2025-06-21T10:06:17.000Z</time>
        <extensions>
          <ns3:TrackPointExtension>
            <ns3:atemp>32.0</ns3:atemp>
            <ns3:hr>161</ns3:hr>
            <ns3:cad>85</ns3:cad>
          </ns3:TrackPointExtension>
        </extensions>
      </trkpt>
      <trkpt lat="25.84226821549236774444580078125" lon="119.568737559020519256591796875">
        <ele>15.6000003814697265625</ele>
        <time>2025-06-21T10:06:18.000Z</time>
        <extensions>
          <ns3:TrackPointExtension>
            <ns3:atemp>33.0</ns3:atemp>
            <ns3:hr>161</ns3:hr>
            <ns3:cad>85</ns3:cad>
          </ns3:TrackPointExtension>
        </extensions>
      </trkpt>
      <trkpt lat="25.84224223159253597259521484375" lon="119.56872322596609592437744140625">
        <ele>15.6000003814697265625</ele>
        <time>2025-06-21T10:06:19.000Z</time>
        <extensions>
          <ns3:TrackPointExtension>
            <ns3:atemp>33.0</ns3:atemp>
            <ns3:hr>161</ns3:hr>
            <ns3:cad>85</ns3:cad>
          </ns3:TrackPointExtension>
        </extensions>
      </trkpt>
      <trkpt lat="25.84222613833844661712646484375" lon="119.56872674636542797088623046875">
        <ele>15.6000003814697265625</ele>
        <time>2025-06-21T10:06:20.000Z</time>
        <extensions>
          <ns3:TrackPointExtension>
            <ns3:atemp>33.0</ns3:atemp>
            <ns3:hr>161</ns3:hr>
            <ns3:cad>84</ns3:cad>
          </ns3:TrackPointExtension>
        </extensions>
      </trkpt>
      <trkpt lat="25.84219881333410739898681640625" lon="119.5687166042625904083251953125">
        <ele>15.6000003814697265625</ele>
        <time>2025-06-21T10:06:21.000Z</time>
        <extensions>
          <ns3:TrackPointExtension>
            <ns3:atemp>33.0</ns3:atemp>
            <ns3:hr>161</ns3:hr>
            <ns3:cad>84</ns3:cad>
          </ns3:TrackPointExtension>
        </extensions>
      </trkpt>
      <trkpt lat="25.84217567928135395050048828125" lon="119.5687035284936428070068359375">
        <ele>15.6000003814697265625</ele>
        <time>2025-06-21T10:06:22.000Z</time>
        <extensions>
          <ns3:TrackPointExtension>
            <ns3:atemp>33.0</ns3:atemp>
            <ns3:hr>161</ns3:hr>
            <ns3:cad>84</ns3:cad>
          </ns3:TrackPointExtension>
        </extensions>
      </trkpt>
      <trkpt lat="25.84215355105698108673095703125" lon="119.56869590096175670623779296875">
        <ele>15.6000003814697265625</ele>
        <time>2025-06-21T10:06:23.000Z</time>
        <extensions>
          <ns3:TrackPointExtension>
            <ns3:atemp>33.0</ns3:atemp>
            <ns3:hr>161</ns3:hr>
            <ns3:cad>84</ns3:cad>
          </ns3:TrackPointExtension>
        </extensions>
      </trkpt>
      <trkpt lat="25.84212857298552989959716796875" lon="119.56868316046893596649169921875">
        <ele>15.3999996185302734375</ele>
        <time>2025-06-21T10:06:24.000Z</time>
        <extensions>
          <ns3:TrackPointExtension>
            <ns3:atemp>33.0</ns3:atemp>
            <ns3:hr>161</ns3:hr>
            <ns3:cad>84</ns3:cad>
          </ns3:TrackPointExtension>
        </extensions>
      </trkpt>
      <trkpt lat="25.84211046807467937469482421875" lon="119.5686757005751132965087890625">
        <ele>15.3999996185302734375</ele>
        <time>2025-06-21T10:06:25.000Z</time>
        <extensions>
          <ns3:TrackPointExtension>
            <ns3:atemp>32.0</ns3:atemp>
            <ns3:hr>161</ns3:hr>
            <ns3:cad>85</ns3:cad>
          </ns3:TrackPointExtension>
        </extensions>
      </trkpt>
      <trkpt lat="25.8420875854790210723876953125" lon="119.56866170279681682586669921875">
        <ele>15.6000003814697265625</ele>
        <time>2025-06-21T10:06:26.000Z</time>
        <extensions>
          <ns3:TrackPointExtension>
            <ns3:atemp>33.0</ns3:atemp>
            <ns3:hr>161</ns3:hr>
            <ns3:cad>85</ns3:cad>
          </ns3:TrackPointExtension>
        </extensions>
      </trkpt>
      <trkpt lat="25.8420698158442974090576171875" lon="119.5686572603881359100341796875">
        <ele>16</ele>
        <time>2025-06-21T10:06:27.000Z</time>
        <extensions>
          <ns3:TrackPointExtension>
            <ns3:atemp>32.0</ns3:atemp>
            <ns3:hr>161</ns3:hr>
            <ns3:cad>85</ns3:cad>
          </ns3:TrackPointExtension>
        </extensions>
      </trkpt>
      <trkpt lat="25.8420463465154170989990234375" lon="119.568647705018520355224609375">
        <ele>16.200000762939453125</ele>
        <time>2025-06-21T10:06:28.000Z</time>
        <extensions>
          <ns3:TrackPointExtension>
            <ns3:atemp>33.0</ns3:atemp>
            <ns3:hr>161</ns3:hr>
            <ns3:cad>85</ns3:cad>
          </ns3:TrackPointExtension>
        </extensions>
      </trkpt>
      <trkpt lat="25.84202614612877368927001953125" lon="119.56863756291568279266357421875">
        <ele>16.6000003814697265625</ele>
        <time>2025-06-21T10:06:29.000Z</time>
        <extensions>
          <ns3:TrackPointExtension>
            <ns3:atemp>32.0</ns3:atemp>
            <ns3:hr>160</ns3:hr>
            <ns3:cad>85</ns3:cad>
          </ns3:TrackPointExtension>
        </extensions>
      </trkpt>
      <trkpt lat="25.84200502373278141021728515625" lon="119.56863571889698505401611328125">
        <ele>17.200000762939453125</ele>
        <time>2025-06-21T10:06:30.000Z</time>
        <extensions>
          <ns3:TrackPointExtension>
            <ns3:atemp>33.0</ns3:atemp>
            <ns3:hr>160</ns3:hr>
            <ns3:cad>84</ns3:cad>
          </ns3:TrackPointExtension>
        </extensions>
      </trkpt>
      <trkpt lat="25.8419819734990596771240234375" lon="119.56861761398613452911376953125">
        <ele>17.6000003814697265625</ele>
        <time>2025-06-21T10:06:31.000Z</time>
        <extensions>
          <ns3:TrackPointExtension>
            <ns3:atemp>33.0</ns3:atemp>
            <ns3:hr>160</ns3:hr>
            <ns3:cad>84</ns3:cad>
          </ns3:TrackPointExtension>
        </extensions>
      </trkpt>
      <trkpt lat="25.84196202456951141357421875" lon="119.56860939972102642059326171875">
        <ele>17.6000003814697265625</ele>
        <time>2025-06-21T10:06:32.000Z</time>
        <extensions>
          <ns3:TrackPointExtension>
            <ns3:atemp>33.0</ns3:atemp>
            <ns3:hr>160</ns3:hr>
            <ns3:cad>86</ns3:cad>
          </ns3:TrackPointExtension>
        </extensions>
      </trkpt>
      <trkpt lat="25.84193344227969646453857421875" lon="119.56859297119081020355224609375">
        <ele>17.6000003814697265625</ele>
        <time>2025-06-21T10:06:33.000Z</time>
        <extensions>
          <ns3:TrackPointExtension>
            <ns3:atemp>32.0</ns3:atemp>
            <ns3:hr>160</ns3:hr>
            <ns3:cad>86</ns3:cad>
          </ns3:TrackPointExtension>
        </extensions>
      </trkpt>
      <trkpt lat="25.84191366098821163177490234375" lon="119.56859297119081020355224609375">
        <ele>17.3999996185302734375</ele>
        <time>2025-06-21T10:06:34.000Z</time>
        <extensions>
          <ns3:TrackPointExtension>
            <ns3:atemp>32.0</ns3:atemp>
            <ns3:hr>159</ns3:hr>
            <ns3:cad>86</ns3:cad>
          </ns3:TrackPointExtension>
        </extensions>
      </trkpt>
      <trkpt lat="25.84188482724130153656005859375" lon="119.5685834996402263641357421875">
        <ele>17</ele>
        <time>2025-06-21T10:06:35.000Z</time>
        <extensions>
          <ns3:TrackPointExtension>
            <ns3:atemp>33.0</ns3:atemp>
            <ns3:hr>160</ns3:hr>
            <ns3:cad>86</ns3:cad>
          </ns3:TrackPointExtension>
        </extensions>
      </trkpt>
      <trkpt lat="25.84186236374080181121826171875" lon="119.56857067532837390899658203125">
        <ele>16.799999237060546875</ele>
        <time>2025-06-21T10:06:36.000Z</time>
        <extensions>
          <ns3:TrackPointExtension>
            <ns3:atemp>33.0</ns3:atemp>
            <ns3:hr>160</ns3:hr>
            <ns3:cad>86</ns3:cad>
          </ns3:TrackPointExtension>
        </extensions>
      </trkpt>
      <trkpt lat="25.84183906204998493194580078125" lon="119.56856447272002696990966796875">
        <ele>16.3999996185302734375</ele>
        <time>2025-06-21T10:06:37.000Z</time>
        <extensions>
          <ns3:TrackPointExtension>
            <ns3:atemp>33.0</ns3:atemp>
            <ns3:hr>159</ns3:hr>
            <ns3:cad>86</ns3:cad>
          </ns3:TrackPointExtension>
        </extensions>
      </trkpt>
      <trkpt lat="25.84181441925466060638427734375" lon="119.56854636780917644500732421875">
        <ele>16</ele>
        <time>2025-06-21T10:06:38.000Z</time>
        <extensions>
          <ns3:TrackPointExtension>
            <ns3:atemp>32.0</ns3:atemp>
            <ns3:hr>160</ns3:hr>
            <ns3:cad>85</ns3:cad>
          </ns3:TrackPointExtension>
        </extensions>
      </trkpt>
      <trkpt lat="25.8417977392673492431640625" lon="119.56854879856109619140625">
        <ele>15.80000019073486328125</ele>
        <time>2025-06-21T10:06:39.000Z</time>
        <extensions>
          <ns3:TrackPointExtension>
            <ns3:atemp>33.0</ns3:atemp>
            <ns3:hr>160</ns3:hr>
            <ns3:cad>85</ns3:cad>
          </ns3:TrackPointExtension>
        </extensions>
      </trkpt>
      <trkpt lat="25.84176949225366115570068359375" lon="119.56853714771568775177001953125">
        <ele>15.6000003814697265625</ele>
        <time>2025-06-21T10:06:40.000Z</time>
        <extensions>
          <ns3:TrackPointExtension>
            <ns3:atemp>32.0</ns3:atemp>
            <ns3:hr>159</ns3:hr>
            <ns3:cad>85</ns3:cad>
          </ns3:TrackPointExtension>
        </extensions>
      </trkpt>
      <trkpt lat="25.8417509682476520538330078125" lon="119.568536393344402313232421875">
        <ele>15.3999996185302734375</ele>
        <time>2025-06-21T10:06:41.000Z</time>
        <extensions>
          <ns3:TrackPointExtension>
            <ns3:atemp>32.0</ns3:atemp>
            <ns3:hr>160</ns3:hr>
            <ns3:cad>85</ns3:cad>
          </ns3:TrackPointExtension>
        </extensions>
      </trkpt>
      <trkpt lat="25.8417280018329620361328125" lon="119.5685332082211971282958984375">
        <ele>15.6000003814697265625</ele>
        <time>2025-06-21T10:06:42.000Z</time>
        <extensions>
          <ns3:TrackPointExtension>
            <ns3:atemp>32.0</ns3:atemp>
            <ns3:hr>160</ns3:hr>
            <ns3:cad>85</ns3:cad>
          </ns3:TrackPointExtension>
        </extensions>
      </trkpt>
      <trkpt lat="25.84170746617019176483154296875" lon="119.56851669587194919586181640625">
        <ele>15.6000003814697265625</ele>
        <time>2025-06-21T10:06:43.000Z</time>
        <extensions>
          <ns3:TrackPointExtension>
            <ns3:atemp>33.0</ns3:atemp>
            <ns3:hr>160</ns3:hr>
            <ns3:cad>85</ns3:cad>
          </ns3:TrackPointExtension>
        </extensions>
      </trkpt>
      <trkpt lat="25.8416862599551677703857421875" lon="119.56850915215909481048583984375">
        <ele>15.80000019073486328125</ele>
        <time>2025-06-21T10:06:44.000Z</time>
        <extensions>
          <ns3:TrackPointExtension>
            <ns3:atemp>33.0</ns3:atemp>
            <ns3:hr>160</ns3:hr>
            <ns3:cad>85</ns3:cad>
          </ns3:TrackPointExtension>
        </extensions>
      </trkpt>
      <trkpt lat="25.84166555665433406829833984375" lon="119.568494148552417755126953125">
        <ele>15.80000019073486328125</ele>
        <time>2025-06-21T10:06:45.000Z</time>
        <extensions>
          <ns3:TrackPointExtension>
            <ns3:atemp>33.0</ns3:atemp>
            <ns3:hr>159</ns3:hr>
            <ns3:cad>84</ns3:cad>
          </ns3:TrackPointExtension>
        </extensions>
      </trkpt>
      <trkpt lat="25.8416520617902278900146484375" lon="119.56849037669599056243896484375">
        <ele>15.80000019073486328125</ele>
        <time>2025-06-21T10:06:46.000Z</time>
        <extensions>
          <ns3:TrackPointExtension>
            <ns3:atemp>33.0</ns3:atemp>
            <ns3:hr>160</ns3:hr>
            <ns3:cad>84</ns3:cad>
          </ns3:TrackPointExtension>
        </extensions>
      </trkpt>
      <trkpt lat="25.84162415005266666412353515625" lon="119.568476043641567230224609375">
        <ele>15.80000019073486328125</ele>
        <time>2025-06-21T10:06:47.000Z</time>
        <extensions>
          <ns3:TrackPointExtension>
            <ns3:atemp>33.0</ns3:atemp>
            <ns3:hr>160</ns3:hr>
            <ns3:cad>84</ns3:cad>
          </ns3:TrackPointExtension>
        </extensions>
      </trkpt>
      <trkpt lat="25.84160663187503814697265625" lon="119.5684725232422351837158203125">
        <ele>15.80000019073486328125</ele>
        <time>2025-06-21T10:06:48.000Z</time>
        <extensions>
          <ns3:TrackPointExtension>
            <ns3:atemp>32.0</ns3:atemp>
            <ns3:hr>159</ns3:hr>
            <ns3:cad>84</ns3:cad>
          </ns3:TrackPointExtension>
        </extensions>
      </trkpt>
      <trkpt lat="25.84158073179423809051513671875" lon="119.56846707500517368316650390625">
        <ele>15.80000019073486328125</ele>
        <time>2025-06-21T10:06:49.000Z</time>
        <extensions>
          <ns3:TrackPointExtension>
            <ns3:atemp>32.0</ns3:atemp>
            <ns3:hr>160</ns3:hr>
            <ns3:cad>83</ns3:cad>
          </ns3:TrackPointExtension>
        </extensions>
      </trkpt>
      <trkpt lat="25.84155826829373836517333984375" lon="119.56844930537045001983642578125">
        <ele>15.80000019073486328125</ele>
        <time>2025-06-21T10:06:50.000Z</time>
        <extensions>
          <ns3:TrackPointExtension>
            <ns3:atemp>33.0</ns3:atemp>
            <ns3:hr>160</ns3:hr>
            <ns3:cad>83</ns3:cad>
          </ns3:TrackPointExtension>
        </extensions>
      </trkpt>
      <trkpt lat="25.841538906097412109375" lon="119.568449892103672027587890625">
        <ele>15.80000019073486328125</ele>
        <time>2025-06-21T10:06:51.000Z</time>
        <extensions>
          <ns3:TrackPointExtension>
            <ns3:atemp>33.0</ns3:atemp>
            <ns3:hr>159</ns3:hr>
            <ns3:cad>84</ns3:cad>
          </ns3:TrackPointExtension>
        </extensions>
      </trkpt>
      <trkpt lat="25.841513089835643768310546875" lon="119.56843924708664417266845703125">
        <ele>16</ele>
        <time>2025-06-21T10:06:52.000Z</time>
        <extensions>
          <ns3:TrackPointExtension>
            <ns3:atemp>33.0</ns3:atemp>
            <ns3:hr>160</ns3:hr>
            <ns3:cad>85</ns3:cad>
          </ns3:TrackPointExtension>
        </extensions>
      </trkpt>
      <trkpt lat="25.84149037487804889678955078125" lon="119.56843254156410694122314453125">
        <ele>16</ele>
        <time>2025-06-21T10:06:53.000Z</time>
        <extensions>
          <ns3:TrackPointExtension>
            <ns3:atemp>32.0</ns3:atemp>
            <ns3:hr>160</ns3:hr>
            <ns3:cad>85</ns3:cad>
          </ns3:TrackPointExtension>
        </extensions>
      </trkpt>
      <trkpt lat="25.84146673791110515594482421875" lon="119.5684202201664447784423828125">
        <ele>16</ele>
        <time>2025-06-21T10:06:54.000Z</time>
        <extensions>
          <ns3:TrackPointExtension>
            <ns3:atemp>33.0</ns3:atemp>
            <ns3:hr>160</ns3:hr>
            <ns3:cad>85</ns3:cad>
          </ns3:TrackPointExtension>
        </extensions>
      </trkpt>
      <trkpt lat="25.84144444204866886138916015625" lon="119.56840940751135349273681640625">
        <ele>16</ele>
        <time>2025-06-21T10:06:55.000Z</time>
        <extensions>
          <ns3:TrackPointExtension>
            <ns3:atemp>32.0</ns3:atemp>
            <ns3:hr>160</ns3:hr>
            <ns3:cad>85</ns3:cad>
          </ns3:TrackPointExtension>
        </extensions>
      </trkpt>
      <trkpt lat="25.84142650477588176727294921875" lon="119.568403623998165130615234375">
        <ele>16.200000762939453125</ele>
        <time>2025-06-21T10:06:56.000Z</time>
        <extensions>
          <ns3:TrackPointExtension>
            <ns3:atemp>33.0</ns3:atemp>
            <ns3:hr>160</ns3:hr>
            <ns3:cad>85</ns3:cad>
          </ns3:TrackPointExtension>
        </extensions>
      </trkpt>
      <trkpt lat="25.84140068851411342620849609375" lon="119.56838627345860004425048828125">
        <ele>16.200000762939453125</ele>
        <time>2025-06-21T10:06:57.000Z</time>
        <extensions>
          <ns3:TrackPointExtension>
            <ns3:atemp>33.0</ns3:atemp>
            <ns3:hr>159</ns3:hr>
            <ns3:cad>85</ns3:cad>
          </ns3:TrackPointExtension>
        </extensions>
      </trkpt>
      <trkpt lat="25.8413845114409923553466796875" lon="119.56839130260050296783447265625">
        <ele>16.3999996185302734375</ele>
        <time>2025-06-21T10:06:58.000Z</time>
        <extensions>
          <ns3:TrackPointExtension>
            <ns3:atemp>33.0</ns3:atemp>
            <ns3:hr>160</ns3:hr>
            <ns3:cad>88</ns3:cad>
          </ns3:TrackPointExtension>
        </extensions>
      </trkpt>
      <trkpt lat="25.8413573540747165679931640625" lon="119.56838426180183887481689453125">
        <ele>17</ele>
        <time>2025-06-21T10:06:59.000Z</time>
        <extensions>
          <ns3:TrackPointExtension>
            <ns3:atemp>33.0</ns3:atemp>
            <ns3:hr>160</ns3:hr>
            <ns3:cad>88</ns3:cad>
          </ns3:TrackPointExtension>
        </extensions>
      </trkpt>
      <trkpt lat="25.8413365669548511505126953125" lon="119.56837336532771587371826171875">
        <ele>17</ele>
        <time>2025-06-21T10:07:00.000Z</time>
        <extensions>
          <ns3:TrackPointExtension>
            <ns3:atemp>33.0</ns3:atemp>
            <ns3:hr>159</ns3:hr>
            <ns3:cad>83</ns3:cad>
          </ns3:TrackPointExtension>
        </extensions>
      </trkpt>
      <trkpt lat="25.84131837822496891021728515625" lon="119.5683716051280498504638671875">
        <ele>17</ele>
        <time>2025-06-21T10:07:01.000Z</time>
        <extensions>
          <ns3:TrackPointExtension>
            <ns3:atemp>32.0</ns3:atemp>
            <ns3:hr>159</ns3:hr>
            <ns3:cad>83</ns3:cad>
          </ns3:TrackPointExtension>
        </extensions>
      </trkpt>
      <trkpt lat="25.84129390306770801544189453125" lon="119.568352662026882171630859375">
        <ele>17</ele>
        <time>2025-06-21T10:07:02.000Z</time>
        <extensions>
          <ns3:TrackPointExtension>
            <ns3:atemp>33.0</ns3:atemp>
            <ns3:hr>159</ns3:hr>
            <ns3:cad>83</ns3:cad>
          </ns3:TrackPointExtension>
        </extensions>
      </trkpt>
      <trkpt lat="25.8412785641849040985107421875" lon="119.56834721378982067108154296875">
        <ele>16.799999237060546875</ele>
        <time>2025-06-21T10:07:03.000Z</time>
        <extensions>
          <ns3:TrackPointExtension>
            <ns3:atemp>33.0</ns3:atemp>
            <ns3:hr>158</ns3:hr>
            <ns3:cad>83</ns3:cad>
          </ns3:TrackPointExtension>
        </extensions>
      </trkpt>
      <trkpt lat="25.84125199355185031890869140625" lon="119.56833329983055591583251953125">
        <ele>16.6000003814697265625</ele>
        <time>2025-06-21T10:07:04.000Z</time>
        <extensions>
          <ns3:TrackPointExtension>
            <ns3:atemp>33.0</ns3:atemp>
            <ns3:hr>159</ns3:hr>
            <ns3:cad>83</ns3:cad>
          </ns3:TrackPointExtension>
        </extensions>
      </trkpt>
      <trkpt lat="25.84123305045068264007568359375" lon="119.56832391209900379180908203125">
        <ele>16.200000762939453125</ele>
        <time>2025-06-21T10:07:05.000Z</time>
        <extensions>
          <ns3:TrackPointExtension>
            <ns3:atemp>33.0</ns3:atemp>
            <ns3:hr>159</ns3:hr>
            <ns3:cad>83</ns3:cad>
          </ns3:TrackPointExtension>
        </extensions>
      </trkpt>
      <trkpt lat="25.84121368825435638427734375" lon="119.5683239959180355072021484375">
        <ele>15.6000003814697265625</ele>
        <time>2025-06-21T10:07:06.000Z</time>
        <extensions>
          <ns3:TrackPointExtension>
            <ns3:atemp>32.0</ns3:atemp>
            <ns3:hr>158</ns3:hr>
            <ns3:cad>84</ns3:cad>
          </ns3:TrackPointExtension>
        </extensions>
      </trkpt>
      <trkpt lat="25.84119047038257122039794921875" lon="119.56830949522554874420166015625">
        <ele>15.3999996185302734375</ele>
        <time>2025-06-21T10:07:07.000Z</time>
        <extensions>
          <ns3:TrackPointExtension>
            <ns3:atemp>33.0</ns3:atemp>
            <ns3:hr>158</ns3:hr>
            <ns3:cad>84</ns3:cad>
          </ns3:TrackPointExtension>
        </extensions>
      </trkpt>
      <trkpt lat="25.84117504768073558807373046875" lon="119.56831217743456363677978515625">
        <ele>15.19999980926513671875</ele>
        <time>2025-06-21T10:07:08.000Z</time>
        <extensions>
          <ns3:TrackPointExtension>
            <ns3:atemp>33.0</ns3:atemp>
            <ns3:hr>158</ns3:hr>
            <ns3:cad>84</ns3:cad>
          </ns3:TrackPointExtension>
        </extensions>
      </trkpt>
      <trkpt lat="25.84114663302898406982421875" lon="119.568300358951091766357421875">
        <ele>15.3999996185302734375</ele>
        <time>2025-06-21T10:07:09.000Z</time>
        <extensions>
          <ns3:TrackPointExtension>
            <ns3:atemp>33.0</ns3:atemp>
            <ns3:hr>159</ns3:hr>
            <ns3:cad>84</ns3:cad>
          </ns3:TrackPointExtension>
        </extensions>
      </trkpt>
      <trkpt lat="25.84112727083265781402587890625" lon="119.56829373724758625030517578125">
        <ele>16</ele>
        <time>2025-06-21T10:07:10.000Z</time>
        <extensions>
          <ns3:TrackPointExtension>
            <ns3:atemp>33.0</ns3:atemp>
            <ns3:hr>159</ns3:hr>
            <ns3:cad>84</ns3:cad>
          </ns3:TrackPointExtension>
        </extensions>
      </trkpt>
      <trkpt lat="25.84110480733215808868408203125" lon="119.56828753463923931121826171875">
        <ele>16.3999996185302734375</ele>
        <time>2025-06-21T10:07:11.000Z</time>
        <extensions>
          <ns3:TrackPointExtension>
            <ns3:atemp>32.0</ns3:atemp>
            <ns3:hr>158</ns3:hr>
            <ns3:cad>84</ns3:cad>
          </ns3:TrackPointExtension>
        </extensions>
      </trkpt>
      <trkpt lat="25.84108217619359493255615234375" lon="119.56826917827129364013671875">
        <ele>16.6000003814697265625</ele>
        <time>2025-06-21T10:07:12.000Z</time>
        <extensions>
          <ns3:TrackPointExtension>
            <ns3:atemp>32.0</ns3:atemp>
            <ns3:hr>158</ns3:hr>
            <ns3:cad>84</ns3:cad>
          </ns3:TrackPointExtension>
        </extensions>
      </trkpt>
      <trkpt lat="25.8410646580159664154052734375" lon="119.56826607696712017059326171875">
        <ele>16.6000003814697265625</ele>
        <time>2025-06-21T10:07:13.000Z</time>
        <extensions>
          <ns3:TrackPointExtension>
            <ns3:atemp>32.0</ns3:atemp>
            <ns3:hr>158</ns3:hr>
            <ns3:cad>85</ns3:cad>
          </ns3:TrackPointExtension>
        </extensions>
      </trkpt>
      <trkpt lat="25.84103842265903949737548828125" lon="119.568246044218540191650390625">
        <ele>16.6000003814697265625</ele>
        <time>2025-06-21T10:07:14.000Z</time>
        <extensions>
          <ns3:TrackPointExtension>
            <ns3:atemp>32.0</ns3:atemp>
            <ns3:hr>158</ns3:hr>
            <ns3:cad>85</ns3:cad>
          </ns3:TrackPointExtension>
        </extensions>
      </trkpt>
      <trkpt lat="25.84101763553917407989501953125" lon="119.56824495457112789154052734375">
        <ele>16.6000003814697265625</ele>
        <time>2025-06-21T10:07:15.000Z</time>
        <extensions>
          <ns3:TrackPointExtension>
            <ns3:atemp>32.0</ns3:atemp>
            <ns3:hr>159</ns3:hr>
            <ns3:cad>85</ns3:cad>
          </ns3:TrackPointExtension>
        </extensions>
      </trkpt>
      <trkpt lat="25.840987376868724822998046875" lon="119.568235315382480621337890625">
        <ele>16.3999996185302734375</ele>
        <time>2025-06-21T10:07:16.000Z</time>
        <extensions>
          <ns3:TrackPointExtension>
            <ns3:atemp>33.0</ns3:atemp>
            <ns3:hr>158</ns3:hr>
            <ns3:cad>85</ns3:cad>
          </ns3:TrackPointExtension>
        </extensions>
      </trkpt>
      <trkpt lat="25.84096801467239856719970703125" lon="119.56821913830935955047607421875">
        <ele>16.200000762939453125</ele>
        <time>2025-06-21T10:07:17.000Z</time>
        <extensions>
          <ns3:TrackPointExtension>
            <ns3:atemp>33.0</ns3:atemp>
            <ns3:hr>158</ns3:hr>
            <ns3:cad>85</ns3:cad>
          </ns3:TrackPointExtension>
        </extensions>
      </trkpt>
      <trkpt lat="25.84094672463834285736083984375" lon="119.56821042113006114959716796875">
        <ele>16</ele>
        <time>2025-06-21T10:07:18.000Z</time>
        <extensions>
          <ns3:TrackPointExtension>
            <ns3:atemp>32.0</ns3:atemp>
            <ns3:hr>158</ns3:hr>
            <ns3:cad>85</ns3:cad>
          </ns3:TrackPointExtension>
        </extensions>
      </trkpt>
      <trkpt lat="25.84092761389911174774169921875" lon="119.56819474697113037109375">
        <ele>16</ele>
        <time>2025-06-21T10:07:19.000Z</time>
        <extensions>
          <ns3:TrackPointExtension>
            <ns3:atemp>33.0</ns3:atemp>
            <ns3:hr>158</ns3:hr>
            <ns3:cad>85</ns3:cad>
          </ns3:TrackPointExtension>
        </extensions>
      </trkpt>
      <trkpt lat="25.8409107662737369537353515625" lon="119.56819231621921062469482421875">
        <ele>15.80000019073486328125</ele>
        <time>2025-06-21T10:07:20.000Z</time>
        <extensions>
          <ns3:TrackPointExtension>
            <ns3:atemp>32.0</ns3:atemp>
            <ns3:hr>159</ns3:hr>
            <ns3:cad>85</ns3:cad>
          </ns3:TrackPointExtension>
        </extensions>
      </trkpt>
      <trkpt lat="25.84088235162198543548583984375" lon="119.5681774802505970001220703125">
        <ele>15.6000003814697265625</ele>
        <time>2025-06-21T10:07:21.000Z</time>
        <extensions>
          <ns3:TrackPointExtension>
            <ns3:atemp>33.0</ns3:atemp>
            <ns3:hr>158</ns3:hr>
            <ns3:cad>85</ns3:cad>
          </ns3:TrackPointExtension>
        </extensions>
      </trkpt>
      <trkpt lat="25.840861983597278594970703125" lon="119.56817488186061382293701171875">
        <ele>15.3999996185302734375</ele>
        <time>2025-06-21T10:07:22.000Z</time>
        <extensions>
          <ns3:TrackPointExtension>
            <ns3:atemp>32.0</ns3:atemp>
            <ns3:hr>158</ns3:hr>
            <ns3:cad>85</ns3:cad>
          </ns3:TrackPointExtension>
        </extensions>
      </trkpt>
      <trkpt lat="25.840843878686428070068359375" lon="119.5681657455861568450927734375">
        <ele>15.3999996185302734375</ele>
        <time>2025-06-21T10:07:23.000Z</time>
        <extensions>
          <ns3:TrackPointExtension>
            <ns3:atemp>32.0</ns3:atemp>
            <ns3:hr>158</ns3:hr>
            <ns3:cad>85</ns3:cad>
          </ns3:TrackPointExtension>
        </extensions>
      </trkpt>
      <trkpt lat="25.8408242650330066680908203125" lon="119.5681553520262241363525390625">
        <ele>15.19999980926513671875</ele>
        <time>2025-06-21T10:07:24.000Z</time>
        <extensions>
          <ns3:TrackPointExtension>
            <ns3:atemp>32.0</ns3:atemp>
            <ns3:hr>159</ns3:hr>
            <ns3:cad>85</ns3:cad>
          </ns3:TrackPointExtension>
        </extensions>
      </trkpt>
      <trkpt lat="25.8408026397228240966796875" lon="119.568152837455272674560546875">
        <ele>15.19999980926513671875</ele>
        <time>2025-06-21T10:07:25.000Z</time>
        <extensions>
          <ns3:TrackPointExtension>
            <ns3:atemp>33.0</ns3:atemp>
            <ns3:hr>158</ns3:hr>
            <ns3:cad>84</ns3:cad>
          </ns3:TrackPointExtension>
        </extensions>
      </trkpt>
      <trkpt lat="25.8407779969274997711181640625" lon="119.56813934259116649627685546875">
        <ele>15.19999980926513671875</ele>
        <time>2025-06-21T10:07:26.000Z</time>
        <extensions>
          <ns3:TrackPointExtension>
            <ns3:atemp>33.0</ns3:atemp>
            <ns3:hr>158</ns3:hr>
            <ns3:cad>84</ns3:cad>
          </ns3:TrackPointExtension>
        </extensions>
      </trkpt>
      <trkpt lat="25.84076081402599811553955078125" lon="119.5681335590779781341552734375">
        <ele>15.3999996185302734375</ele>
        <time>2025-06-21T10:07:27.000Z</time>
        <extensions>
          <ns3:TrackPointExtension>
            <ns3:atemp>33.0</ns3:atemp>
            <ns3:hr>158</ns3:hr>
            <ns3:cad>84</ns3:cad>
          </ns3:TrackPointExtension>
        </extensions>
      </trkpt>
      <trkpt lat="25.840736590325832366943359375" lon="119.56812542863190174102783203125">
        <ele>15.3999996185302734375</ele>
        <time>2025-06-21T10:07:28.000Z</time>
        <extensions>
          <ns3:TrackPointExtension>
            <ns3:atemp>32.0</ns3:atemp>
            <ns3:hr>158</ns3:hr>
            <ns3:cad>85</ns3:cad>
          </ns3:TrackPointExtension>
        </extensions>
      </trkpt>
      <trkpt lat="25.8407166413962841033935546875" lon="119.5681110955774784088134765625">
        <ele>15.19999980926513671875</ele>
        <time>2025-06-21T10:07:29.000Z</time>
        <extensions>
          <ns3:TrackPointExtension>
            <ns3:atemp>32.0</ns3:atemp>
            <ns3:hr>158</ns3:hr>
            <ns3:cad>85</ns3:cad>
          </ns3:TrackPointExtension>
        </extensions>
      </trkpt>
      <trkpt lat="25.8406982012093067169189453125" lon="119.568109251558780670166015625">
        <ele>15.19999980926513671875</ele>
        <time>2025-06-21T10:07:30.000Z</time>
        <extensions>
          <ns3:TrackPointExtension>
            <ns3:atemp>33.0</ns3:atemp>
            <ns3:hr>159</ns3:hr>
            <ns3:cad>84</ns3:cad>
          </ns3:TrackPointExtension>
        </extensions>
      </trkpt>
      <trkpt lat="25.84067347459495067596435546875" lon="119.568091817200183868408203125">
        <ele>15.3999996185302734375</ele>
        <time>2025-06-21T10:07:31.000Z</time>
        <extensions>
          <ns3:TrackPointExtension>
            <ns3:atemp>33.0</ns3:atemp>
            <ns3:hr>158</ns3:hr>
            <ns3:cad>83</ns3:cad>
          </ns3:TrackPointExtension>
        </extensions>
      </trkpt>
      <trkpt lat="25.8406536094844341278076171875" lon="119.56809525378048419952392578125">
        <ele>15.6000003814697265625</ele>
        <time>2025-06-21T10:07:32.000Z</time>
        <extensions>
          <ns3:TrackPointExtension>
            <ns3:atemp>33.0</ns3:atemp>
            <ns3:hr>158</ns3:hr>
            <ns3:cad>83</ns3:cad>
          </ns3:TrackPointExtension>
        </extensions>
      </trkpt>
      <trkpt lat="25.8406282961368560791015625" lon="119.56808771006762981414794921875">
        <ele>16</ele>
        <time>2025-06-21T10:07:33.000Z</time>
        <extensions>
          <ns3:TrackPointExtension>
            <ns3:atemp>33.0</ns3:atemp>
            <ns3:hr>158</ns3:hr>
            <ns3:cad>83</ns3:cad>
          </ns3:TrackPointExtension>
        </extensions>
      </trkpt>
      <trkpt lat="25.84060960449278354644775390625" lon="119.5680779032409191131591796875">
        <ele>16</ele>
        <time>2025-06-21T10:07:34.000Z</time>
        <extensions>
          <ns3:TrackPointExtension>
            <ns3:atemp>32.0</ns3:atemp>
            <ns3:hr>158</ns3:hr>
            <ns3:cad>85</ns3:cad>
          </ns3:TrackPointExtension>
        </extensions>
      </trkpt>
      <trkpt lat="25.8405895717442035675048828125" lon="119.56807262264192104339599609375">
        <ele>16.200000762939453125</ele>
        <time>2025-06-21T10:07:35.000Z</time>
        <extensions>
          <ns3:TrackPointExtension>
            <ns3:atemp>32.0</ns3:atemp>
            <ns3:hr>158</ns3:hr>
            <ns3:cad>85</ns3:cad>
          </ns3:TrackPointExtension>
        </extensions>
      </trkpt>
      <trkpt lat="25.84056702442467212677001953125" lon="119.56805770285427570343017578125">
        <ele>16.3999996185302734375</ele>
        <time>2025-06-21T10:07:36.000Z</time>
        <extensions>
          <ns3:TrackPointExtension>
            <ns3:atemp>32.0</ns3:atemp>
            <ns3:hr>158</ns3:hr>
            <ns3:cad>84</ns3:cad>
          </ns3:TrackPointExtension>
        </extensions>
      </trkpt>
      <trkpt lat="25.84055227227509021759033203125" lon="119.5680608041584491729736328125">
        <ele>16.6000003814697265625</ele>
        <time>2025-06-21T10:07:37.000Z</time>
        <extensions>
          <ns3:TrackPointExtension>
            <ns3:atemp>32.0</ns3:atemp>
            <ns3:hr>159</ns3:hr>
            <ns3:cad>84</ns3:cad>
          </ns3:TrackPointExtension>
        </extensions>
      </trkpt>
      <trkpt lat="25.840526707470417022705078125" lon="119.56805602647364139556884765625">
        <ele>16.6000003814697265625</ele>
        <time>2025-06-21T10:07:38.000Z</time>
        <extensions>
          <ns3:TrackPointExtension>
            <ns3:atemp>32.0</ns3:atemp>
            <ns3:hr>158</ns3:hr>
            <ns3:cad>84</ns3:cad>
          </ns3:TrackPointExtension>
        </extensions>
      </trkpt>
      <trkpt lat="25.8405064232647418975830078125" lon="119.568047225475311279296875">
        <ele>16.6000003814697265625</ele>
        <time>2025-06-21T10:07:39.000Z</time>
        <extensions>
          <ns3:TrackPointExtension>
            <ns3:atemp>32.0</ns3:atemp>
            <ns3:hr>158</ns3:hr>
            <ns3:cad>85</ns3:cad>
          </ns3:TrackPointExtension>
        </extensions>
      </trkpt>
      <trkpt lat="25.8404866419732570648193359375" lon="119.56804278306663036346435546875">
        <ele>16.799999237060546875</ele>
        <time>2025-06-21T10:07:40.000Z</time>
        <extensions>
          <ns3:TrackPointExtension>
            <ns3:atemp>32.0</ns3:atemp>
            <ns3:hr>159</ns3:hr>
            <ns3:cad>85</ns3:cad>
          </ns3:TrackPointExtension>
        </extensions>
      </trkpt>
      <trkpt lat="25.84046660922467708587646484375" lon="119.56802417524158954620361328125">
        <ele>16.6000003814697265625</ele>
        <time>2025-06-21T10:07:41.000Z</time>
        <extensions>
          <ns3:TrackPointExtension>
            <ns3:atemp>32.0</ns3:atemp>
            <ns3:hr>159</ns3:hr>
            <ns3:cad>84</ns3:cad>
          </ns3:TrackPointExtension>
        </extensions>
      </trkpt>
      <trkpt lat="25.8404552936553955078125" lon="119.56802736036479473114013671875">
        <ele>16.6000003814697265625</ele>
        <time>2025-06-21T10:07:42.000Z</time>
        <extensions>
          <ns3:TrackPointExtension>
            <ns3:atemp>32.0</ns3:atemp>
            <ns3:hr>159</ns3:hr>
            <ns3:cad>84</ns3:cad>
          </ns3:TrackPointExtension>
        </extensions>
      </trkpt>
      <trkpt lat="25.84042847156524658203125" lon="119.5680136978626251220703125">
        <ele>16.3999996185302734375</ele>
        <time>2025-06-21T10:07:43.000Z</time>
        <extensions>
          <ns3:TrackPointExtension>
            <ns3:atemp>32.0</ns3:atemp>
            <ns3:hr>158</ns3:hr>
            <ns3:cad>84</ns3:cad>
          </ns3:TrackPointExtension>
        </extensions>
      </trkpt>
      <trkpt lat="25.84041195921599864959716796875" lon="119.56800632178783416748046875">
        <ele>16.200000762939453125</ele>
        <time>2025-06-21T10:07:44.000Z</time>
        <extensions>
          <ns3:TrackPointExtension>
            <ns3:atemp>32.0</ns3:atemp>
            <ns3:hr>158</ns3:hr>
            <ns3:cad>84</ns3:cad>
          </ns3:TrackPointExtension>
        </extensions>
      </trkpt>
      <trkpt lat="25.84039025008678436279296875" lon="119.56799768842756748199462890625">
        <ele>15.80000019073486328125</ele>
        <time>2025-06-21T10:07:45.000Z</time>
        <extensions>
          <ns3:TrackPointExtension>
            <ns3:atemp>32.0</ns3:atemp>
            <ns3:hr>159</ns3:hr>
            <ns3:cad>84</ns3:cad>
          </ns3:TrackPointExtension>
        </extensions>
      </trkpt>
      <trkpt lat="25.8403656072914600372314453125" lon="119.56798260100185871124267578125">
        <ele>15.6000003814697265625</ele>
        <time>2025-06-21T10:07:46.000Z</time>
        <extensions>
          <ns3:TrackPointExtension>
            <ns3:atemp>32.0</ns3:atemp>
            <ns3:hr>159</ns3:hr>
            <ns3:cad>84</ns3:cad>
          </ns3:TrackPointExtension>
        </extensions>
      </trkpt>
      <trkpt lat="25.840345658361911773681640625" lon="119.56798410974442958831787109375">
        <ele>15.3999996185302734375</ele>
        <time>2025-06-21T10:07:47.000Z</time>
        <extensions>
          <ns3:TrackPointExtension>
            <ns3:atemp>32.0</ns3:atemp>
            <ns3:hr>159</ns3:hr>
            <ns3:cad>84</ns3:cad>
          </ns3:TrackPointExtension>
        </extensions>
      </trkpt>
      <trkpt lat="25.84031506441533565521240234375" lon="119.56796742975711822509765625">
        <ele>15.19999980926513671875</ele>
        <time>2025-06-21T10:07:48.000Z</time>
        <extensions>
          <ns3:TrackPointExtension>
            <ns3:atemp>32.0</ns3:atemp>
            <ns3:hr>159</ns3:hr>
            <ns3:cad>84</ns3:cad>
          </ns3:TrackPointExtension>
        </extensions>
      </trkpt>
      <trkpt lat="25.84029478020966053009033203125" lon="119.56796206533908843994140625">
        <ele>15.19999980926513671875</ele>
        <time>2025-06-21T10:07:49.000Z</time>
        <extensions>
          <ns3:TrackPointExtension>
            <ns3:atemp>32.0</ns3:atemp>
            <ns3:hr>158</ns3:hr>
            <ns3:cad>84</ns3:cad>
          </ns3:TrackPointExtension>
        </extensions>
      </trkpt>
      <trkpt lat="25.84027231670916080474853515625" lon="119.567955024540424346923828125">
        <ele>15.19999980926513671875</ele>
        <time>2025-06-21T10:07:50.000Z</time>
        <extensions>
          <ns3:TrackPointExtension>
            <ns3:atemp>32.0</ns3:atemp>
            <ns3:hr>158</ns3:hr>
            <ns3:cad>85</ns3:cad>
          </ns3:TrackPointExtension>
        </extensions>
      </trkpt>
      <trkpt lat="25.8402492664754390716552734375" lon="119.5679357461631298065185546875">
        <ele>15.19999980926513671875</ele>
        <time>2025-06-21T10:07:51.000Z</time>
        <extensions>
          <ns3:TrackPointExtension>
            <ns3:atemp>32.0</ns3:atemp>
            <ns3:hr>159</ns3:hr>
            <ns3:cad>85</ns3:cad>
          </ns3:TrackPointExtension>
        </extensions>
      </trkpt>
      <trkpt lat="25.84023308940231800079345703125" lon="119.56793616525828838348388671875">
        <ele>15.19999980926513671875</ele>
        <time>2025-06-21T10:07:52.000Z</time>
        <extensions>
          <ns3:TrackPointExtension>
            <ns3:atemp>32.0</ns3:atemp>
            <ns3:hr>159</ns3:hr>
            <ns3:cad>84</ns3:cad>
          </ns3:TrackPointExtension>
        </extensions>
      </trkpt>
      <trkpt lat="25.8402076922357082366943359375" lon="119.567922838032245635986328125">
        <ele>15</ele>
        <time>2025-06-21T10:07:53.000Z</time>
        <extensions>
          <ns3:TrackPointExtension>
            <ns3:atemp>32.0</ns3:atemp>
            <ns3:hr>159</ns3:hr>
            <ns3:cad>83</ns3:cad>
          </ns3:TrackPointExtension>
        </extensions>
      </trkpt>
      <trkpt lat="25.840188749134540557861328125" lon="119.5679193176329135894775390625">
        <ele>14.80000019073486328125</ele>
        <time>2025-06-21T10:07:54.000Z</time>
        <extensions>
          <ns3:TrackPointExtension>
            <ns3:atemp>32.0</ns3:atemp>
            <ns3:hr>159</ns3:hr>
            <ns3:cad>83</ns3:cad>
          </ns3:TrackPointExtension>
        </extensions>
      </trkpt>
      <trkpt lat="25.84016670472919940948486328125" lon="119.56791512668132781982421875">
        <ele>14.6000003814697265625</ele>
        <time>2025-06-21T10:07:55.000Z</time>
        <extensions>
          <ns3:TrackPointExtension>
            <ns3:atemp>32.0</ns3:atemp>
            <ns3:hr>159</ns3:hr>
            <ns3:cad>84</ns3:cad>
          </ns3:TrackPointExtension>
        </extensions>
      </trkpt>
      <trkpt lat="25.84014348685741424560546875" lon="119.567906074225902557373046875">
        <ele>14.6000003814697265625</ele>
        <time>2025-06-21T10:07:56.000Z</time>
        <extensions>
          <ns3:TrackPointExtension>
            <ns3:atemp>32.0</ns3:atemp>
            <ns3:hr>159</ns3:hr>
            <ns3:cad>84</ns3:cad>
          </ns3:TrackPointExtension>
        </extensions>
      </trkpt>
      <trkpt lat="25.8401285670697689056396484375" lon="119.56790850497782230377197265625">
        <ele>14.6000003814697265625</ele>
        <time>2025-06-21T10:07:57.000Z</time>
        <extensions>
          <ns3:TrackPointExtension>
            <ns3:atemp>32.0</ns3:atemp>
            <ns3:hr>159</ns3:hr>
            <ns3:cad>84</ns3:cad>
          </ns3:TrackPointExtension>
        </extensions>
      </trkpt>
      <trkpt lat="25.84009931422770023345947265625" lon="119.5679005421698093414306640625">
        <ele>14.3999996185302734375</ele>
        <time>2025-06-21T10:07:58.000Z</time>
        <extensions>
          <ns3:TrackPointExtension>
            <ns3:atemp>32.0</ns3:atemp>
            <ns3:hr>159</ns3:hr>
            <ns3:cad>84</ns3:cad>
          </ns3:TrackPointExtension>
        </extensions>
      </trkpt>
      <trkpt lat="25.84008104167878627777099609375" lon="119.56790531985461711883544921875">
        <ele>14.6000003814697265625</ele>
        <time>2025-06-21T10:07:59.000Z</time>
        <extensions>
          <ns3:TrackPointExtension>
            <ns3:atemp>32.0</ns3:atemp>
            <ns3:hr>159</ns3:hr>
            <ns3:cad>83</ns3:cad>
          </ns3:TrackPointExtension>
        </extensions>
      </trkpt>
      <trkpt lat="25.84005556069314479827880859375" lon="119.5678997039794921875">
        <ele>14.6000003814697265625</ele>
        <time>2025-06-21T10:08:00.000Z</time>
        <extensions>
          <ns3:TrackPointExtension>
            <ns3:atemp>32.0</ns3:atemp>
            <ns3:hr>160</ns3:hr>
            <ns3:cad>83</ns3:cad>
          </ns3:TrackPointExtension>
        </extensions>
      </trkpt>
      <trkpt lat="25.8400293253362178802490234375" lon="119.5678854547441005706787109375">
        <ele>14.6000003814697265625</ele>
        <time>2025-06-21T10:08:01.000Z</time>
        <extensions>
          <ns3:TrackPointExtension>
            <ns3:atemp>32.0</ns3:atemp>
            <ns3:hr>160</ns3:hr>
            <ns3:cad>83</ns3:cad>
          </ns3:TrackPointExtension>
        </extensions>
      </trkpt>
      <trkpt lat="25.84000577218830585479736328125" lon="119.56788361072540283203125">
        <ele>14.80000019073486328125</ele>
        <time>2025-06-21T10:08:02.000Z</time>
        <extensions>
          <ns3:TrackPointExtension>
            <ns3:atemp>32.0</ns3:atemp>
            <ns3:hr>160</ns3:hr>
            <ns3:cad>83</ns3:cad>
          </ns3:TrackPointExtension>
        </extensions>
      </trkpt>
      <trkpt lat="25.8399780280888080596923828125" lon="119.5678661763668060302734375">
        <ele>15</ele>
        <time>2025-06-21T10:08:03.000Z</time>
        <extensions>
          <ns3:TrackPointExtension>
            <ns3:atemp>32.0</ns3:atemp>
            <ns3:hr>159</ns3:hr>
            <ns3:cad>83</ns3:cad>
          </ns3:TrackPointExtension>
        </extensions>
      </trkpt>
      <trkpt lat="25.83995866589248180389404296875" lon="119.5678676851093769073486328125">
        <ele>15</ele>
        <time>2025-06-21T10:08:04.000Z</time>
        <extensions>
          <ns3:TrackPointExtension>
            <ns3:atemp>32.0</ns3:atemp>
            <ns3:hr>159</ns3:hr>
            <ns3:cad>84</ns3:cad>
          </ns3:TrackPointExtension>
        </extensions>
      </trkpt>
      <trkpt lat="25.83992480300366878509521484375" lon="119.567859806120395660400390625">
        <ele>15</ele>
        <time>2025-06-21T10:08:05.000Z</time>
        <extensions>
          <ns3:TrackPointExtension>
            <ns3:atemp>32.0</ns3:atemp>
            <ns3:hr>159</ns3:hr>
            <ns3:cad>84</ns3:cad>
          </ns3:TrackPointExtension>
        </extensions>
      </trkpt>
      <trkpt lat="25.8398999087512493133544921875" lon="119.56785838119685649871826171875">
        <ele>15</ele>
        <time>2025-06-21T10:08:06.000Z</time>
        <extensions>
          <ns3:TrackPointExtension>
            <ns3:atemp>32.0</ns3:atemp>
            <ns3:hr>158</ns3:hr>
            <ns3:cad>85</ns3:cad>
          </ns3:TrackPointExtension>
        </extensions>
      </trkpt>
      <trkpt lat="25.83987048827111721038818359375" lon="119.56785419024527072906494140625">
        <ele>15.19999980926513671875</ele>
        <time>2025-06-21T10:08:07.000Z</time>
        <extensions>
          <ns3:TrackPointExtension>
            <ns3:atemp>32.0</ns3:atemp>
            <ns3:hr>158</ns3:hr>
            <ns3:cad>85</ns3:cad>
          </ns3:TrackPointExtension>
        </extensions>
      </trkpt>
      <trkpt lat="25.8398442529141902923583984375" lon="119.5678388513624668121337890625">
        <ele>15.19999980926513671875</ele>
        <time>2025-06-21T10:08:08.000Z</time>
        <extensions>
          <ns3:TrackPointExtension>
            <ns3:atemp>32.0</ns3:atemp>
            <ns3:hr>158</ns3:hr>
            <ns3:cad>85</ns3:cad>
          </ns3:TrackPointExtension>
        </extensions>
      </trkpt>
      <trkpt lat="25.83981885574758052825927734375" lon="119.56783943809568881988525390625">
        <ele>15.19999980926513671875</ele>
        <time>2025-06-21T10:08:09.000Z</time>
        <extensions>
          <ns3:TrackPointExtension>
            <ns3:atemp>32.0</ns3:atemp>
            <ns3:hr>159</ns3:hr>
            <ns3:cad>85</ns3:cad>
          </ns3:TrackPointExtension>
        </extensions>
      </trkpt>
      <trkpt lat="25.83978884853422641754150390625" lon="119.56782636232674121856689453125">
        <ele>15</ele>
        <time>2025-06-21T10:08:10.000Z</time>
        <extensions>
          <ns3:TrackPointExtension>
            <ns3:atemp>32.0</ns3:atemp>
            <ns3:hr>159</ns3:hr>
            <ns3:cad>86</ns3:cad>
          </ns3:TrackPointExtension>
        </extensions>
      </trkpt>
      <trkpt lat="25.83977007307112216949462890625" lon="119.5678277872502803802490234375">
        <ele>15</ele>
        <time>2025-06-21T10:08:11.000Z</time>
        <extensions>
          <ns3:TrackPointExtension>
            <ns3:atemp>32.0</ns3:atemp>
            <ns3:hr>159</ns3:hr>
            <ns3:cad>86</ns3:cad>
          </ns3:TrackPointExtension>
        </extensions>
      </trkpt>
      <trkpt lat="25.83973671309649944305419921875" lon="119.567813873291015625">
        <ele>14.80000019073486328125</ele>
        <time>2025-06-21T10:08:12.000Z</time>
        <extensions>
          <ns3:TrackPointExtension>
            <ns3:atemp>32.0</ns3:atemp>
            <ns3:hr>160</ns3:hr>
            <ns3:cad>86</ns3:cad>
          </ns3:TrackPointExtension>
        </extensions>
      </trkpt>
      <trkpt lat="25.8397121541202068328857421875" lon="119.567813873291015625">
        <ele>14.6000003814697265625</ele>
        <time>2025-06-21T10:08:13.000Z</time>
        <extensions>
          <ns3:TrackPointExtension>
            <ns3:atemp>32.0</ns3:atemp>
            <ns3:hr>160</ns3:hr>
            <ns3:cad>87</ns3:cad>
          </ns3:TrackPointExtension>
        </extensions>
      </trkpt>
      <trkpt lat="25.83968055434525012969970703125" lon="119.567807503044605255126953125">
        <ele>14.6000003814697265625</ele>
        <time>2025-06-21T10:08:14.000Z</time>
        <extensions>
          <ns3:TrackPointExtension>
            <ns3:atemp>32.0</ns3:atemp>
            <ns3:hr>160</ns3:hr>
            <ns3:cad>87</ns3:cad>
          </ns3:TrackPointExtension>
        </extensions>
      </trkpt>
      <trkpt lat="25.83965423516929149627685546875" lon="119.5677949301898479461669921875">
        <ele>14.3999996185302734375</ele>
        <time>2025-06-21T10:08:15.000Z</time>
        <extensions>
          <ns3:TrackPointExtension>
            <ns3:atemp>32.0</ns3:atemp>
            <ns3:hr>160</ns3:hr>
            <ns3:cad>87</ns3:cad>
          </ns3:TrackPointExtension>
        </extensions>
      </trkpt>
      <trkpt lat="25.83963143639266490936279296875" lon="119.56779316999018192291259765625">
        <ele>14.19999980926513671875</ele>
        <time>2025-06-21T10:08:16.000Z</time>
        <extensions>
          <ns3:TrackPointExtension>
            <ns3:atemp>32.0</ns3:atemp>
            <ns3:hr>161</ns3:hr>
            <ns3:cad>87</ns3:cad>
          </ns3:TrackPointExtension>
        </extensions>
      </trkpt>
      <trkpt lat="25.83960494957864284515380859375" lon="119.5677778311073780059814453125">
        <ele>14.19999980926513671875</ele>
        <time>2025-06-21T10:08:17.000Z</time>
        <extensions>
          <ns3:TrackPointExtension>
            <ns3:atemp>32.0</ns3:atemp>
            <ns3:hr>161</ns3:hr>
            <ns3:cad>87</ns3:cad>
          </ns3:TrackPointExtension>
        </extensions>
      </trkpt>
      <trkpt lat="25.8395902812480926513671875" lon="119.567783363163471221923828125">
        <ele>14.3999996185302734375</ele>
        <time>2025-06-21T10:08:18.000Z</time>
        <extensions>
          <ns3:TrackPointExtension>
            <ns3:atemp>32.0</ns3:atemp>
            <ns3:hr>161</ns3:hr>
            <ns3:cad>86</ns3:cad>
          </ns3:TrackPointExtension>
        </extensions>
      </trkpt>
      <trkpt lat="25.83956186659634113311767578125" lon="119.56777640618383884429931640625">
        <ele>14.3999996185302734375</ele>
        <time>2025-06-21T10:08:19.000Z</time>
        <extensions>
          <ns3:TrackPointExtension>
            <ns3:atemp>32.0</ns3:atemp>
            <ns3:hr>162</ns3:hr>
            <ns3:cad>85</ns3:cad>
          </ns3:TrackPointExtension>
        </extensions>
      </trkpt>
      <trkpt lat="25.83953605033457279205322265625" lon="119.56777489744126796722412109375">
        <ele>14.3999996185302734375</ele>
        <time>2025-06-21T10:08:20.000Z</time>
        <extensions>
          <ns3:TrackPointExtension>
            <ns3:atemp>32.0</ns3:atemp>
            <ns3:hr>162</ns3:hr>
            <ns3:cad>85</ns3:cad>
          </ns3:TrackPointExtension>
        </extensions>
      </trkpt>
      <trkpt lat="25.83950537256896495819091796875" lon="119.5677697844803333282470703125">
        <ele>14.3999996185302734375</ele>
        <time>2025-06-21T10:08:21.000Z</time>
        <extensions>
          <ns3:TrackPointExtension>
            <ns3:atemp>32.0</ns3:atemp>
            <ns3:hr>163</ns3:hr>
            <ns3:cad>85</ns3:cad>
          </ns3:TrackPointExtension>
        </extensions>
      </trkpt>
      <trkpt lat="25.839480645954608917236328125" lon="119.5677553676068782806396484375">
        <ele>14.3999996185302734375</ele>
        <time>2025-06-21T10:08:22.000Z</time>
        <extensions>
          <ns3:TrackPointExtension>
            <ns3:atemp>32.0</ns3:atemp>
            <ns3:hr>162</ns3:hr>
            <ns3:cad>85</ns3:cad>
          </ns3:TrackPointExtension>
        </extensions>
      </trkpt>
      <trkpt lat="25.83945625461637973785400390625" lon="119.56775159575045108795166015625">
        <ele>14.6000003814697265625</ele>
        <time>2025-06-21T10:08:23.000Z</time>
        <extensions>
          <ns3:TrackPointExtension>
            <ns3:atemp>32.0</ns3:atemp>
            <ns3:hr>162</ns3:hr>
            <ns3:cad>85</ns3:cad>
          </ns3:TrackPointExtension>
        </extensions>
      </trkpt>
      <trkpt lat="25.8394288457930088043212890625" lon="119.567736424505710601806640625">
        <ele>14.80000019073486328125</ele>
        <time>2025-06-21T10:08:24.000Z</time>
        <extensions>
          <ns3:TrackPointExtension>
            <ns3:atemp>32.0</ns3:atemp>
            <ns3:hr>162</ns3:hr>
            <ns3:cad>85</ns3:cad>
          </ns3:TrackPointExtension>
        </extensions>
      </trkpt>
      <trkpt lat="25.839408896863460540771484375" lon="119.5677375979721546173095703125">
        <ele>14.80000019073486328125</ele>
        <time>2025-06-21T10:08:25.000Z</time>
        <extensions>
          <ns3:TrackPointExtension>
            <ns3:atemp>32.0</ns3:atemp>
            <ns3:hr>162</ns3:hr>
            <ns3:cad>86</ns3:cad>
          </ns3:TrackPointExtension>
        </extensions>
      </trkpt>
      <trkpt lat="25.83937696181237697601318359375" lon="119.56772007979452610015869140625">
        <ele>15</ele>
        <time>2025-06-21T10:08:26.000Z</time>
        <extensions>
          <ns3:TrackPointExtension>
            <ns3:atemp>32.0</ns3:atemp>
            <ns3:hr>163</ns3:hr>
            <ns3:cad>86</ns3:cad>
          </ns3:TrackPointExtension>
        </extensions>
      </trkpt>
      <trkpt lat="25.8393537439405918121337890625" lon="119.5677213370800018310546875">
        <ele>14.80000019073486328125</ele>
        <time>2025-06-21T10:08:27.000Z</time>
        <extensions>
          <ns3:TrackPointExtension>
            <ns3:atemp>32.0</ns3:atemp>
            <ns3:hr>163</ns3:hr>
            <ns3:cad>86</ns3:cad>
          </ns3:TrackPointExtension>
        </extensions>
      </trkpt>
      <trkpt lat="25.83932164125144481658935546875" lon="119.56771270371973514556884765625">
        <ele>14.80000019073486328125</ele>
        <time>2025-06-21T10:08:28.000Z</time>
        <extensions>
          <ns3:TrackPointExtension>
            <ns3:atemp>32.0</ns3:atemp>
            <ns3:hr>163</ns3:hr>
            <ns3:cad>86</ns3:cad>
          </ns3:TrackPointExtension>
        </extensions>
      </trkpt>
      <trkpt lat="25.83929783664643764495849609375" lon="119.56771018914878368377685546875">
        <ele>14.6000003814697265625</ele>
        <time>2025-06-21T10:08:29.000Z</time>
        <extensions>
          <ns3:TrackPointExtension>
            <ns3:atemp>32.0</ns3:atemp>
            <ns3:hr>163</ns3:hr>
            <ns3:cad>86</ns3:cad>
          </ns3:TrackPointExtension>
        </extensions>
      </trkpt>
      <trkpt lat="25.839265398681163787841796875" lon="119.5677030645310878753662109375">
        <ele>14.6000003814697265625</ele>
        <time>2025-06-21T10:08:30.000Z</time>
        <extensions>
          <ns3:TrackPointExtension>
            <ns3:atemp>32.0</ns3:atemp>
            <ns3:hr>162</ns3:hr>
            <ns3:cad>86</ns3:cad>
          </ns3:TrackPointExtension>
        </extensions>
      </trkpt>
      <trkpt lat="25.8392410911619663238525390625" lon="119.56769250333309173583984375">
        <ele>14.6000003814697265625</ele>
        <time>2025-06-21T10:08:31.000Z</time>
        <extensions>
          <ns3:TrackPointExtension>
            <ns3:atemp>32.0</ns3:atemp>
            <ns3:hr>163</ns3:hr>
            <ns3:cad>86</ns3:cad>
          </ns3:TrackPointExtension>
        </extensions>
      </trkpt>
      <trkpt lat="25.83921544253826141357421875" lon="119.56768822856247425079345703125">
        <ele>14.3999996185302734375</ele>
        <time>2025-06-21T10:08:32.000Z</time>
        <extensions>
          <ns3:TrackPointExtension>
            <ns3:atemp>32.0</ns3:atemp>
            <ns3:hr>163</ns3:hr>
            <ns3:cad>86</ns3:cad>
          </ns3:TrackPointExtension>
        </extensions>
      </trkpt>
      <trkpt lat="25.83919021300971508026123046875" lon="119.56767800264060497283935546875">
        <ele>14.3999996185302734375</ele>
        <time>2025-06-21T10:08:33.000Z</time>
        <extensions>
          <ns3:TrackPointExtension>
            <ns3:atemp>32.0</ns3:atemp>
            <ns3:hr>162</ns3:hr>
            <ns3:cad>87</ns3:cad>
          </ns3:TrackPointExtension>
        </extensions>
      </trkpt>
      <trkpt lat="25.8391676656901836395263671875" lon="119.5676745660603046417236328125">
        <ele>14.3999996185302734375</ele>
        <time>2025-06-21T10:08:34.000Z</time>
        <extensions>
          <ns3:TrackPointExtension>
            <ns3:atemp>32.0</ns3:atemp>
            <ns3:hr>162</ns3:hr>
            <ns3:cad>87</ns3:cad>
          </ns3:TrackPointExtension>
        </extensions>
      </trkpt>
      <trkpt lat="25.8391398377716541290283203125" lon="119.56765788607299327850341796875">
        <ele>14.19999980926513671875</ele>
        <time>2025-06-21T10:08:35.000Z</time>
        <extensions>
          <ns3:TrackPointExtension>
            <ns3:atemp>32.0</ns3:atemp>
            <ns3:hr>163</ns3:hr>
            <ns3:cad>87</ns3:cad>
          </ns3:TrackPointExtension>
        </extensions>
      </trkpt>
      <trkpt lat="25.8391208946704864501953125" lon="119.567644894123077392578125">
        <ele>14.19999980926513671875</ele>
        <time>2025-06-21T10:08:36.000Z</time>
        <extensions>
          <ns3:TrackPointExtension>
            <ns3:atemp>32.0</ns3:atemp>
            <ns3:hr>163</ns3:hr>
            <ns3:cad>87</ns3:cad>
          </ns3:TrackPointExtension>
        </extensions>
      </trkpt>
      <trkpt lat="25.83908669650554656982421875" lon="119.567628800868988037109375">
        <ele>14.19999980926513671875</ele>
        <time>2025-06-21T10:08:37.000Z</time>
        <extensions>
          <ns3:TrackPointExtension>
            <ns3:atemp>32.0</ns3:atemp>
            <ns3:hr>163</ns3:hr>
            <ns3:cad>87</ns3:cad>
          </ns3:TrackPointExtension>
        </extensions>
      </trkpt>
      <trkpt lat="25.83906515501439571380615234375" lon="119.567627795040607452392578125">
        <ele>14.19999980926513671875</ele>
        <time>2025-06-21T10:08:38.000Z</time>
        <extensions>
          <ns3:TrackPointExtension>
            <ns3:atemp>32.0</ns3:atemp>
            <ns3:hr>162</ns3:hr>
            <ns3:cad>87</ns3:cad>
          </ns3:TrackPointExtension>
        </extensions>
      </trkpt>
      <trkpt lat="25.839032717049121856689453125" lon="119.56762687303125858306884765625">
        <ele>14.19999980926513671875</ele>
        <time>2025-06-21T10:08:39.000Z</time>
        <extensions>
          <ns3:TrackPointExtension>
            <ns3:atemp>33.0</ns3:atemp>
            <ns3:hr>163</ns3:hr>
            <ns3:cad>87</ns3:cad>
          </ns3:TrackPointExtension>
        </extensions>
      </trkpt>
      <trkpt lat="25.8390050567686557769775390625" lon="119.567619077861309051513671875">
        <ele>14.19999980926513671875</ele>
        <time>2025-06-21T10:08:40.000Z</time>
        <extensions>
          <ns3:TrackPointExtension>
            <ns3:atemp>32.0</ns3:atemp>
            <ns3:hr>163</ns3:hr>
            <ns3:cad>86</ns3:cad>
          </ns3:TrackPointExtension>
        </extensions>
      </trkpt>
      <trkpt lat="25.83898074924945831298828125" lon="119.56761329434812068939208984375">
        <ele>14.19999980926513671875</ele>
        <time>2025-06-21T10:08:41.000Z</time>
        <extensions>
          <ns3:TrackPointExtension>
            <ns3:atemp>32.0</ns3:atemp>
            <ns3:hr>162</ns3:hr>
            <ns3:cad>85</ns3:cad>
          </ns3:TrackPointExtension>
        </extensions>
      </trkpt>
      <trkpt lat="25.83895283751189708709716796875" lon="119.56759988330304622650146484375">
        <ele>14.3999996185302734375</ele>
        <time>2025-06-21T10:08:42.000Z</time>
        <extensions>
          <ns3:TrackPointExtension>
            <ns3:atemp>32.0</ns3:atemp>
            <ns3:hr>162</ns3:hr>
            <ns3:cad>85</ns3:cad>
          </ns3:TrackPointExtension>
        </extensions>
      </trkpt>
      <trkpt lat="25.838930122554302215576171875" lon="119.56759502179920673370361328125">
        <ele>14.6000003814697265625</ele>
        <time>2025-06-21T10:08:43.000Z</time>
        <extensions>
          <ns3:TrackPointExtension>
            <ns3:atemp>32.0</ns3:atemp>
            <ns3:hr>161</ns3:hr>
            <ns3:cad>85</ns3:cad>
          </ns3:TrackPointExtension>
        </extensions>
      </trkpt>
      <trkpt lat="25.8389036357402801513671875" lon="119.56758697517216205596923828125">
        <ele>14.6000003814697265625</ele>
        <time>2025-06-21T10:08:44.000Z</time>
        <extensions>
          <ns3:TrackPointExtension>
            <ns3:atemp>32.0</ns3:atemp>
            <ns3:hr>162</ns3:hr>
            <ns3:cad>85</ns3:cad>
          </ns3:TrackPointExtension>
        </extensions>
      </trkpt>
      <trkpt lat="25.83887941204011440277099609375" lon="119.56757850944995880126953125">
        <ele>14.6000003814697265625</ele>
        <time>2025-06-21T10:08:45.000Z</time>
        <extensions>
          <ns3:TrackPointExtension>
            <ns3:atemp>32.0</ns3:atemp>
            <ns3:hr>162</ns3:hr>
            <ns3:cad>85</ns3:cad>
          </ns3:TrackPointExtension>
        </extensions>
      </trkpt>
      <trkpt lat="25.8388531766831874847412109375" lon="119.5675716362893581390380859375">
        <ele>14.6000003814697265625</ele>
        <time>2025-06-21T10:08:46.000Z</time>
        <extensions>
          <ns3:TrackPointExtension>
            <ns3:atemp>32.0</ns3:atemp>
            <ns3:hr>162</ns3:hr>
            <ns3:cad>85</ns3:cad>
          </ns3:TrackPointExtension>
        </extensions>
      </trkpt>
      <trkpt lat="25.83882727660238742828369140625" lon="119.56755814142525196075439453125">
        <ele>14.6000003814697265625</ele>
        <time>2025-06-21T10:08:47.000Z</time>
        <extensions>
          <ns3:TrackPointExtension>
            <ns3:atemp>33.0</ns3:atemp>
            <ns3:hr>162</ns3:hr>
            <ns3:cad>85</ns3:cad>
          </ns3:TrackPointExtension>
        </extensions>
      </trkpt>
      <trkpt lat="25.83880104124546051025390625" lon="119.56755897961556911468505859375">
        <ele>14.6000003814697265625</ele>
        <time>2025-06-21T10:08:48.000Z</time>
        <extensions>
          <ns3:TrackPointExtension>
            <ns3:atemp>32.0</ns3:atemp>
            <ns3:hr>163</ns3:hr>
            <ns3:cad>85</ns3:cad>
          </ns3:TrackPointExtension>
        </extensions>
      </trkpt>
      <trkpt lat="25.83877279423177242279052734375" lon="119.56755034625530242919921875">
        <ele>14.80000019073486328125</ele>
        <time>2025-06-21T10:08:49.000Z</time>
        <extensions>
          <ns3:TrackPointExtension>
            <ns3:atemp>32.0</ns3:atemp>
            <ns3:hr>163</ns3:hr>
            <ns3:cad>85</ns3:cad>
          </ns3:TrackPointExtension>
        </extensions>
      </trkpt>
      <trkpt lat="25.83875251002609729766845703125" lon="119.5675511844456195831298828125">
        <ele>14.80000019073486328125</ele>
        <time>2025-06-21T10:08:50.000Z</time>
        <extensions>
          <ns3:TrackPointExtension>
            <ns3:atemp>32.0</ns3:atemp>
            <ns3:hr>163</ns3:hr>
            <ns3:cad>85</ns3:cad>
          </ns3:TrackPointExtension>
        </extensions>
      </trkpt>
      <trkpt lat="25.83872468210756778717041015625" lon="119.56755311228334903717041015625">
        <ele>14.80000019073486328125</ele>
        <time>2025-06-21T10:08:51.000Z</time>
        <extensions>
          <ns3:TrackPointExtension>
            <ns3:atemp>32.0</ns3:atemp>
            <ns3:hr>163</ns3:hr>
            <ns3:cad>84</ns3:cad>
          </ns3:TrackPointExtension>
        </extensions>
      </trkpt>
      <trkpt lat="25.8387009613215923309326171875" lon="119.567544646561145782470703125">
        <ele>14.80000019073486328125</ele>
        <time>2025-06-21T10:08:52.000Z</time>
        <extensions>
          <ns3:TrackPointExtension>
            <ns3:atemp>32.0</ns3:atemp>
            <ns3:hr>162</ns3:hr>
            <ns3:cad>84</ns3:cad>
          </ns3:TrackPointExtension>
        </extensions>
      </trkpt>
      <trkpt lat="25.83868126384913921356201171875" lon="119.5675478316843509674072265625">
        <ele>14.80000019073486328125</ele>
        <time>2025-06-21T10:08:53.000Z</time>
        <extensions>
          <ns3:TrackPointExtension>
            <ns3:atemp>32.0</ns3:atemp>
            <ns3:hr>163</ns3:hr>
            <ns3:cad>84</ns3:cad>
          </ns3:TrackPointExtension>
        </extensions>
      </trkpt>
      <trkpt lat="25.83865243010222911834716796875" lon="119.5675391145050525665283203125">
        <ele>14.6000003814697265625</ele>
        <time>2025-06-21T10:08:54.000Z</time>
        <extensions>
          <ns3:TrackPointExtension>
            <ns3:atemp>32.0</ns3:atemp>
            <ns3:hr>163</ns3:hr>
            <ns3:cad>84</ns3:cad>
          </ns3:TrackPointExtension>
        </extensions>
      </trkpt>
      <trkpt lat="25.838629715144634246826171875" lon="119.56753366626799106597900390625">
        <ele>14.6000003814697265625</ele>
        <time>2025-06-21T10:08:55.000Z</time>
        <extensions>
          <ns3:TrackPointExtension>
            <ns3:atemp>33.0</ns3:atemp>
            <ns3:hr>164</ns3:hr>
            <ns3:cad>84</ns3:cad>
          </ns3:TrackPointExtension>
        </extensions>
      </trkpt>
      <trkpt lat="25.8386044017970561981201171875" lon="119.56753366626799106597900390625">
        <ele>14.6000003814697265625</ele>
        <time>2025-06-21T10:08:56.000Z</time>
        <extensions>
          <ns3:TrackPointExtension>
            <ns3:atemp>32.0</ns3:atemp>
            <ns3:hr>164</ns3:hr>
            <ns3:cad>83</ns3:cad>
          </ns3:TrackPointExtension>
        </extensions>
      </trkpt>
      <trkpt lat="25.83858135156333446502685546875" lon="119.56752126105129718780517578125">
        <ele>14.80000019073486328125</ele>
        <time>2025-06-21T10:08:57.000Z</time>
        <extensions>
          <ns3:TrackPointExtension>
            <ns3:atemp>32.0</ns3:atemp>
            <ns3:hr>164</ns3:hr>
            <ns3:cad>83</ns3:cad>
          </ns3:TrackPointExtension>
        </extensions>
      </trkpt>
      <trkpt lat="25.83856291137635707855224609375" lon="119.56752084195613861083984375">
        <ele>14.80000019073486328125</ele>
        <time>2025-06-21T10:08:58.000Z</time>
        <extensions>
          <ns3:TrackPointExtension>
            <ns3:atemp>32.0</ns3:atemp>
            <ns3:hr>164</ns3:hr>
            <ns3:cad>83</ns3:cad>
          </ns3:TrackPointExtension>
        </extensions>
      </trkpt>
      <trkpt lat="25.83853055723011493682861328125" lon="119.5675347559154033660888671875">
        <ele>15</ele>
        <time>2025-06-21T10:08:59.000Z</time>
        <extensions>
          <ns3:TrackPointExtension>
            <ns3:atemp>32.0</ns3:atemp>
            <ns3:hr>164</ns3:hr>
            <ns3:cad>84</ns3:cad>
          </ns3:TrackPointExtension>
        </extensions>
      </trkpt>
      <trkpt lat="25.83850423805415630340576171875" lon="119.5675458200275897979736328125">
        <ele>15</ele>
        <time>2025-06-21T10:09:00.000Z</time>
        <extensions>
          <ns3:TrackPointExtension>
            <ns3:atemp>32.0</ns3:atemp>
            <ns3:hr>164</ns3:hr>
            <ns3:cad>84</ns3:cad>
          </ns3:TrackPointExtension>
        </extensions>
      </trkpt>
      <trkpt lat="25.83847624249756336212158203125" lon="119.56755973398685455322265625">
        <ele>15</ele>
        <time>2025-06-21T10:09:01.000Z</time>
        <extensions>
          <ns3:TrackPointExtension>
            <ns3:atemp>32.0</ns3:atemp>
            <ns3:hr>163</ns3:hr>
            <ns3:cad>84</ns3:cad>
          </ns3:TrackPointExtension>
        </extensions>
      </trkpt>
      <trkpt lat="25.8384481631219387054443359375" lon="119.56756769679486751556396484375">
        <ele>14.80000019073486328125</ele>
        <time>2025-06-21T10:09:02.000Z</time>
        <extensions>
          <ns3:TrackPointExtension>
            <ns3:atemp>32.0</ns3:atemp>
            <ns3:hr>162</ns3:hr>
            <ns3:cad>84</ns3:cad>
          </ns3:TrackPointExtension>
        </extensions>
      </trkpt>
      <trkpt lat="25.8384367637336254119873046875" lon="119.56758387386798858642578125">
        <ele>14.6000003814697265625</ele>
        <time>2025-06-21T10:09:03.000Z</time>
        <extensions>
          <ns3:TrackPointExtension>
            <ns3:atemp>32.0</ns3:atemp>
            <ns3:hr>162</ns3:hr>
            <ns3:cad>84</ns3:cad>
          </ns3:TrackPointExtension>
        </extensions>
      </trkpt>
      <trkpt lat="25.83842419087886810302734375" lon="119.5675977878272533416748046875">
        <ele>14.6000003814697265625</ele>
        <time>2025-06-21T10:09:04.000Z</time>
        <extensions>
          <ns3:TrackPointExtension>
            <ns3:atemp>32.0</ns3:atemp>
            <ns3:hr>162</ns3:hr>
            <ns3:cad>85</ns3:cad>
          </ns3:TrackPointExtension>
        </extensions>
      </trkpt>
      <trkpt lat="25.8384216763079166412353515625" lon="119.56760306842625141143798828125">
        <ele>14.6000003814697265625</ele>
        <time>2025-06-21T10:09:05.000Z</time>
        <extensions>
          <ns3:TrackPointExtension>
            <ns3:atemp>32.0</ns3:atemp>
            <ns3:hr>161</ns3:hr>
            <ns3:cad>85</ns3:cad>
          </ns3:TrackPointExtension>
        </extensions>
      </trkpt>
      <trkpt lat="25.83841740153729915618896484375" lon="119.56760826520621776580810546875">
        <ele>14.6000003814697265625</ele>
        <time>2025-06-21T10:09:06.000Z</time>
        <extensions>
          <ns3:TrackPointExtension>
            <ns3:atemp>32.0</ns3:atemp>
            <ns3:hr>160</ns3:hr>
            <ns3:cad>85</ns3:cad>
          </ns3:TrackPointExtension>
        </extensions>
      </trkpt>
      <trkpt lat="25.8384193293750286102294921875" lon="119.56761740148067474365234375">
        <ele>14.6000003814697265625</ele>
        <time>2025-06-21T10:09:07.000Z</time>
        <extensions>
          <ns3:TrackPointExtension>
            <ns3:atemp>33.0</ns3:atemp>
            <ns3:hr>160</ns3:hr>
            <ns3:cad>85</ns3:cad>
          </ns3:TrackPointExtension>
        </extensions>
      </trkpt>
      <trkpt lat="25.8384330756962299346923828125" lon="119.56764715723693370819091796875">
        <ele>14.6000003814697265625</ele>
        <time>2025-06-21T10:09:08.000Z</time>
        <extensions>
          <ns3:TrackPointExtension>
            <ns3:atemp>33.0</ns3:atemp>
            <ns3:hr>161</ns3:hr>
            <ns3:cad>83</ns3:cad>
          </ns3:TrackPointExtension>
        </extensions>
      </trkpt>
      <trkpt lat="25.83844564855098724365234375" lon="119.5676614902913570404052734375">
        <ele>14.6000003814697265625</ele>
        <time>2025-06-21T10:09:09.000Z</time>
        <extensions>
          <ns3:TrackPointExtension>
            <ns3:atemp>32.0</ns3:atemp>
            <ns3:hr>161</ns3:hr>
            <ns3:cad>83</ns3:cad>
          </ns3:TrackPointExtension>
        </extensions>
      </trkpt>
      <trkpt lat="25.8384699560701847076416015625" lon="119.56768202595412731170654296875">
        <ele>14.3999996185302734375</ele>
        <time>2025-06-21T10:09:10.000Z</time>
        <extensions>
          <ns3:TrackPointExtension>
            <ns3:atemp>32.0</ns3:atemp>
            <ns3:hr>161</ns3:hr>
            <ns3:cad>83</ns3:cad>
          </ns3:TrackPointExtension>
        </extensions>
      </trkpt>
      <trkpt lat="25.83849585615098476409912109375" lon="119.56770113669335842132568359375">
        <ele>14.19999980926513671875</ele>
        <time>2025-06-21T10:09:11.000Z</time>
        <extensions>
          <ns3:TrackPointExtension>
            <ns3:atemp>32.0</ns3:atemp>
            <ns3:hr>161</ns3:hr>
            <ns3:cad>85</ns3:cad>
          </ns3:TrackPointExtension>
        </extensions>
      </trkpt>
      <trkpt lat="25.83852351643145084381103515625" lon="119.56771186552941799163818359375">
        <ele>14.19999980926513671875</ele>
        <time>2025-06-21T10:09:12.000Z</time>
        <extensions>
          <ns3:TrackPointExtension>
            <ns3:atemp>32.0</ns3:atemp>
            <ns3:hr>161</ns3:hr>
            <ns3:cad>85</ns3:cad>
          </ns3:TrackPointExtension>
        </extensions>
      </trkpt>
      <trkpt lat="25.83856022916734218597412109375" lon="119.56773407757282257080078125">
        <ele>14.19999980926513671875</ele>
        <time>2025-06-21T10:09:13.000Z</time>
        <extensions>
          <ns3:TrackPointExtension>
            <ns3:atemp>32.0</ns3:atemp>
            <ns3:hr>161</ns3:hr>
            <ns3:cad>85</ns3:cad>
          </ns3:TrackPointExtension>
        </extensions>
      </trkpt>
      <trkpt lat="25.83858587779104709625244140625" lon="119.56773810088634490966796875">
        <ele>14.19999980926513671875</ele>
        <time>2025-06-21T10:09:14.000Z</time>
        <extensions>
          <ns3:TrackPointExtension>
            <ns3:atemp>33.0</ns3:atemp>
            <ns3:hr>161</ns3:hr>
            <ns3:cad>85</ns3:cad>
          </ns3:TrackPointExtension>
        </extensions>
      </trkpt>
      <trkpt lat="25.838631726801395416259765625" lon="119.56774807535111904144287109375">
        <ele>14.19999980926513671875</ele>
        <time>2025-06-21T10:09:15.000Z</time>
        <extensions>
          <ns3:TrackPointExtension>
            <ns3:atemp>33.0</ns3:atemp>
            <ns3:hr>161</ns3:hr>
            <ns3:cad>85</ns3:cad>
          </ns3:TrackPointExtension>
        </extensions>
      </trkpt>
      <trkpt lat="25.83866156637668609619140625" lon="119.56775176338851451873779296875">
        <ele>14.19999980926513671875</ele>
        <time>2025-06-21T10:09:16.000Z</time>
        <extensions>
          <ns3:TrackPointExtension>
            <ns3:atemp>32.0</ns3:atemp>
            <ns3:hr>161</ns3:hr>
            <ns3:cad>85</ns3:cad>
          </ns3:TrackPointExtension>
        </extensions>
      </trkpt>
      <trkpt lat="25.83869040012359619140625" lon="119.56775260157883167266845703125">
        <ele>14.19999980926513671875</ele>
        <time>2025-06-21T10:09:17.000Z</time>
        <extensions>
          <ns3:TrackPointExtension>
            <ns3:atemp>33.0</ns3:atemp>
            <ns3:hr>161</ns3:hr>
            <ns3:cad>85</ns3:cad>
          </ns3:TrackPointExtension>
        </extensions>
      </trkpt>
      <trkpt lat="25.838719569146633148193359375" lon="119.56776768900454044342041015625">
        <ele>14.19999980926513671875</ele>
        <time>2025-06-21T10:09:18.000Z</time>
        <extensions>
          <ns3:TrackPointExtension>
            <ns3:atemp>33.0</ns3:atemp>
            <ns3:hr>162</ns3:hr>
            <ns3:cad>85</ns3:cad>
          </ns3:TrackPointExtension>
        </extensions>
      </trkpt>
      <trkpt lat="25.83874144591391086578369140625" lon="119.5677714608609676361083984375">
        <ele>14.19999980926513671875</ele>
        <time>2025-06-21T10:09:19.000Z</time>
        <extensions>
          <ns3:TrackPointExtension>
            <ns3:atemp>33.0</ns3:atemp>
            <ns3:hr>162</ns3:hr>
            <ns3:cad>85</ns3:cad>
          </ns3:TrackPointExtension>
        </extensions>
      </trkpt>
      <trkpt lat="25.8387815952301025390625" lon="119.5677831955254077911376953125">
        <ele>14</ele>
        <time>2025-06-21T10:09:20.000Z</time>
        <extensions>
          <ns3:TrackPointExtension>
            <ns3:atemp>33.0</ns3:atemp>
            <ns3:hr>163</ns3:hr>
            <ns3:cad>84</ns3:cad>
          </ns3:TrackPointExtension>
        </extensions>
      </trkpt>
      <trkpt lat="25.83880506455898284912109375" lon="119.56779233179986476898193359375">
        <ele>14</ele>
        <time>2025-06-21T10:09:21.000Z</time>
        <extensions>
          <ns3:TrackPointExtension>
            <ns3:atemp>32.0</ns3:atemp>
            <ns3:hr>164</ns3:hr>
            <ns3:cad>85</ns3:cad>
          </ns3:TrackPointExtension>
        </extensions>
      </trkpt>
      <trkpt lat="25.8388354070484638214111328125" lon="119.56779451109468936920166015625">
        <ele>14</ele>
        <time>2025-06-21T10:09:22.000Z</time>
        <extensions>
          <ns3:TrackPointExtension>
            <ns3:atemp>33.0</ns3:atemp>
            <ns3:hr>164</ns3:hr>
            <ns3:cad>85</ns3:cad>
          </ns3:TrackPointExtension>
        </extensions>
      </trkpt>
      <trkpt lat="25.83886365406215190887451171875" lon="119.56780423410236835479736328125">
        <ele>14.19999980926513671875</ele>
        <time>2025-06-21T10:09:23.000Z</time>
        <extensions>
          <ns3:TrackPointExtension>
            <ns3:atemp>33.0</ns3:atemp>
            <ns3:hr>165</ns3:hr>
            <ns3:cad>85</ns3:cad>
          </ns3:TrackPointExtension>
        </extensions>
      </trkpt>
      <trkpt lat="25.83888712339103221893310546875" lon="119.5677982829511165618896484375">
        <ele>14.19999980926513671875</ele>
        <time>2025-06-21T10:09:24.000Z</time>
        <extensions>
          <ns3:TrackPointExtension>
            <ns3:atemp>33.0</ns3:atemp>
            <ns3:hr>166</ns3:hr>
            <ns3:cad>85</ns3:cad>
          </ns3:TrackPointExtension>
        </extensions>
      </trkpt>
      <trkpt lat="25.83891863934695720672607421875" lon="119.567808844149112701416015625">
        <ele>14.3999996185302734375</ele>
        <time>2025-06-21T10:09:25.000Z</time>
        <extensions>
          <ns3:TrackPointExtension>
            <ns3:atemp>32.0</ns3:atemp>
            <ns3:hr>167</ns3:hr>
            <ns3:cad>85</ns3:cad>
          </ns3:TrackPointExtension>
        </extensions>
      </trkpt>
      <trkpt lat="25.83894093520939350128173828125" lon="119.56781588494777679443359375">
        <ele>14.3999996185302734375</ele>
        <time>2025-06-21T10:09:26.000Z</time>
        <extensions>
          <ns3:TrackPointExtension>
            <ns3:atemp>33.0</ns3:atemp>
            <ns3:hr>167</ns3:hr>
            <ns3:cad>84</ns3:cad>
          </ns3:TrackPointExtension>
        </extensions>
      </trkpt>
      <trkpt lat="25.8389748819172382354736328125" lon="119.56782233901321887969970703125">
        <ele>14.3999996185302734375</ele>
        <time>2025-06-21T10:09:27.000Z</time>
        <extensions>
          <ns3:TrackPointExtension>
            <ns3:atemp>33.0</ns3:atemp>
            <ns3:hr>167</ns3:hr>
            <ns3:cad>84</ns3:cad>
          </ns3:TrackPointExtension>
        </extensions>
      </trkpt>
      <trkpt lat="25.839001871645450592041015625" lon="119.56783331930637359619140625">
        <ele>14.3999996185302734375</ele>
        <time>2025-06-21T10:09:28.000Z</time>
        <extensions>
          <ns3:TrackPointExtension>
            <ns3:atemp>33.0</ns3:atemp>
            <ns3:hr>167</ns3:hr>
            <ns3:cad>84</ns3:cad>
          </ns3:TrackPointExtension>
        </extensions>
      </trkpt>
      <trkpt lat="25.8390315435826778411865234375" lon="119.56783558242022991180419921875">
        <ele>14.3999996185302734375</ele>
        <time>2025-06-21T10:09:29.000Z</time>
        <extensions>
          <ns3:TrackPointExtension>
            <ns3:atemp>32.0</ns3:atemp>
            <ns3:hr>168</ns3:hr>
            <ns3:cad>84</ns3:cad>
          </ns3:TrackPointExtension>
        </extensions>
      </trkpt>
      <trkpt lat="25.8390633948147296905517578125" lon="119.56785209476947784423828125">
        <ele>14.3999996185302734375</ele>
        <time>2025-06-21T10:09:30.000Z</time>
        <extensions>
          <ns3:TrackPointExtension>
            <ns3:atemp>33.0</ns3:atemp>
            <ns3:hr>167</ns3:hr>
            <ns3:cad>85</ns3:cad>
          </ns3:TrackPointExtension>
        </extensions>
      </trkpt>
      <trkpt lat="25.83908493630588054656982421875" lon="119.567849077284336090087890625">
        <ele>14.3999996185302734375</ele>
        <time>2025-06-21T10:09:31.000Z</time>
        <extensions>
          <ns3:TrackPointExtension>
            <ns3:atemp>32.0</ns3:atemp>
            <ns3:hr>167</ns3:hr>
            <ns3:cad>85</ns3:cad>
          </ns3:TrackPointExtension>
        </extensions>
      </trkpt>
      <trkpt lat="25.83911544643342494964599609375" lon="119.56785519607365131378173828125">
        <ele>14.3999996185302734375</ele>
        <time>2025-06-21T10:09:32.000Z</time>
        <extensions>
          <ns3:TrackPointExtension>
            <ns3:atemp>33.0</ns3:atemp>
            <ns3:hr>167</ns3:hr>
            <ns3:cad>85</ns3:cad>
          </ns3:TrackPointExtension>
        </extensions>
      </trkpt>
      <trkpt lat="25.839143358170986175537109375" lon="119.56786282360553741455078125">
        <ele>14.19999980926513671875</ele>
        <time>2025-06-21T10:09:33.000Z</time>
        <extensions>
          <ns3:TrackPointExtension>
            <ns3:atemp>33.0</ns3:atemp>
            <ns3:hr>168</ns3:hr>
            <ns3:cad>85</ns3:cad>
          </ns3:TrackPointExtension>
        </extensions>
      </trkpt>
      <trkpt lat="25.83916255272924900054931640625" lon="119.567863829433917999267578125">
        <ele>14.19999980926513671875</ele>
        <time>2025-06-21T10:09:34.000Z</time>
        <extensions>
          <ns3:TrackPointExtension>
            <ns3:atemp>33.0</ns3:atemp>
            <ns3:hr>167</ns3:hr>
            <ns3:cad>84</ns3:cad>
          </ns3:TrackPointExtension>
        </extensions>
      </trkpt>
      <trkpt lat="25.839197002351284027099609375" lon="119.5678780786693096160888671875">
        <ele>14.19999980926513671875</ele>
        <time>2025-06-21T10:09:35.000Z</time>
        <extensions>
          <ns3:TrackPointExtension>
            <ns3:atemp>33.0</ns3:atemp>
            <ns3:hr>167</ns3:hr>
            <ns3:cad>84</ns3:cad>
          </ns3:TrackPointExtension>
        </extensions>
      </trkpt>
      <trkpt lat="25.8392233215272426605224609375" lon="119.56788000650703907012939453125">
        <ele>14.19999980926513671875</ele>
        <time>2025-06-21T10:09:36.000Z</time>
        <extensions>
          <ns3:TrackPointExtension>
            <ns3:atemp>33.0</ns3:atemp>
            <ns3:hr>167</ns3:hr>
            <ns3:cad>84</ns3:cad>
          </ns3:TrackPointExtension>
        </extensions>
      </trkpt>
      <trkpt lat="25.8392511494457721710205078125" lon="119.56789107061922550201416015625">
        <ele>14.19999980926513671875</ele>
        <time>2025-06-21T10:09:37.000Z</time>
        <extensions>
          <ns3:TrackPointExtension>
            <ns3:atemp>33.0</ns3:atemp>
            <ns3:hr>167</ns3:hr>
            <ns3:cad>84</ns3:cad>
          </ns3:TrackPointExtension>
        </extensions>
      </trkpt>
      <trkpt lat="25.83927134983241558074951171875" lon="119.56790062598884105682373046875">
        <ele>14.19999980926513671875</ele>
        <time>2025-06-21T10:09:38.000Z</time>
        <extensions>
          <ns3:TrackPointExtension>
            <ns3:atemp>33.0</ns3:atemp>
            <ns3:hr>166</ns3:hr>
            <ns3:cad>84</ns3:cad>
          </ns3:TrackPointExtension>
        </extensions>
      </trkpt>
      <trkpt lat="25.83929582498967647552490234375" lon="119.56790716387331485748291015625">
        <ele>14.19999980926513671875</ele>
        <time>2025-06-21T10:09:39.000Z</time>
        <extensions>
          <ns3:TrackPointExtension>
            <ns3:atemp>33.0</ns3:atemp>
            <ns3:hr>166</ns3:hr>
            <ns3:cad>84</ns3:cad>
          </ns3:TrackPointExtension>
        </extensions>
      </trkpt>
      <trkpt lat="25.83931795321404933929443359375" lon="119.5679189823567867279052734375">
        <ele>14.3999996185302734375</ele>
        <time>2025-06-21T10:09:40.000Z</time>
        <extensions>
          <ns3:TrackPointExtension>
            <ns3:atemp>33.0</ns3:atemp>
            <ns3:hr>166</ns3:hr>
            <ns3:cad>84</ns3:cad>
          </ns3:TrackPointExtension>
        </extensions>
      </trkpt>
      <trkpt lat="25.8393416740000247955322265625" lon="119.56791789270937442779541015625">
        <ele>14.3999996185302734375</ele>
        <time>2025-06-21T10:09:41.000Z</time>
        <extensions>
          <ns3:TrackPointExtension>
            <ns3:atemp>33.0</ns3:atemp>
            <ns3:hr>167</ns3:hr>
            <ns3:cad>85</ns3:cad>
          </ns3:TrackPointExtension>
        </extensions>
      </trkpt>
      <trkpt lat="25.83937444724142551422119140625" lon="119.56793247722089290618896484375">
        <ele>14.6000003814697265625</ele>
        <time>2025-06-21T10:09:42.000Z</time>
        <extensions>
          <ns3:TrackPointExtension>
            <ns3:atemp>33.0</ns3:atemp>
            <ns3:hr>167</ns3:hr>
            <ns3:cad>85</ns3:cad>
          </ns3:TrackPointExtension>
        </extensions>
      </trkpt>
      <trkpt lat="25.8393929712474346160888671875" lon="119.56793901510536670684814453125">
        <ele>14.3999996185302734375</ele>
        <time>2025-06-21T10:09:43.000Z</time>
        <extensions>
          <ns3:TrackPointExtension>
            <ns3:atemp>33.0</ns3:atemp>
            <ns3:hr>167</ns3:hr>
            <ns3:cad>85</ns3:cad>
          </ns3:TrackPointExtension>
        </extensions>
      </trkpt>
      <trkpt lat="25.83941568620502948760986328125" lon="119.56794136203825473785400390625">
        <ele>14.6000003814697265625</ele>
        <time>2025-06-21T10:09:44.000Z</time>
        <extensions>
          <ns3:TrackPointExtension>
            <ns3:atemp>33.0</ns3:atemp>
            <ns3:hr>167</ns3:hr>
            <ns3:cad>83</ns3:cad>
          </ns3:TrackPointExtension>
        </extensions>
      </trkpt>
      <trkpt lat="25.8394415862858295440673828125" lon="119.5679528452455997467041015625">
        <ele>14.6000003814697265625</ele>
        <time>2025-06-21T10:09:45.000Z</time>
        <extensions>
          <ns3:TrackPointExtension>
            <ns3:atemp>33.0</ns3:atemp>
            <ns3:hr>167</ns3:hr>
            <ns3:cad>83</ns3:cad>
          </ns3:TrackPointExtension>
        </extensions>
      </trkpt>
      <trkpt lat="25.83946044556796550750732421875" lon="119.5679548569023609161376953125">
        <ele>14.6000003814697265625</ele>
        <time>2025-06-21T10:09:46.000Z</time>
        <extensions>
          <ns3:TrackPointExtension>
            <ns3:atemp>33.0</ns3:atemp>
            <ns3:hr>168</ns3:hr>
            <ns3:cad>83</ns3:cad>
          </ns3:TrackPointExtension>
        </extensions>
      </trkpt>
      <trkpt lat="25.83949246443808078765869140625" lon="119.56796164624392986297607421875">
        <ele>14.6000003814697265625</ele>
        <time>2025-06-21T10:09:47.000Z</time>
        <extensions>
          <ns3:TrackPointExtension>
            <ns3:atemp>33.0</ns3:atemp>
            <ns3:hr>167</ns3:hr>
            <ns3:cad>83</ns3:cad>
          </ns3:TrackPointExtension>
        </extensions>
      </trkpt>
      <trkpt lat="25.83951308391988277435302734375" lon="119.56796416081488132476806640625">
        <ele>14.6000003814697265625</ele>
        <time>2025-06-21T10:09:48.000Z</time>
        <extensions>
          <ns3:TrackPointExtension>
            <ns3:atemp>33.0</ns3:atemp>
            <ns3:hr>167</ns3:hr>
            <ns3:cad>83</ns3:cad>
          </ns3:TrackPointExtension>
        </extensions>
      </trkpt>
      <trkpt lat="25.8395384810864925384521484375" lon="119.56796600483357906341552734375">
        <ele>14.6000003814697265625</ele>
        <time>2025-06-21T10:09:49.000Z</time>
        <extensions>
          <ns3:TrackPointExtension>
            <ns3:atemp>33.0</ns3:atemp>
            <ns3:hr>167</ns3:hr>
            <ns3:cad>84</ns3:cad>
          </ns3:TrackPointExtension>
        </extensions>
      </trkpt>
      <trkpt lat="25.83956488408148288726806640625" lon="119.5679793320596218109130859375">
        <ele>14.6000003814697265625</ele>
        <time>2025-06-21T10:09:50.000Z</time>
        <extensions>
          <ns3:TrackPointExtension>
            <ns3:atemp>33.0</ns3:atemp>
            <ns3:hr>167</ns3:hr>
            <ns3:cad>84</ns3:cad>
          </ns3:TrackPointExtension>
        </extensions>
      </trkpt>
      <trkpt lat="25.83959170617163181304931640625" lon="119.56797841005027294158935546875">
        <ele>14.3999996185302734375</ele>
        <time>2025-06-21T10:09:51.000Z</time>
        <extensions>
          <ns3:TrackPointExtension>
            <ns3:atemp>33.0</ns3:atemp>
            <ns3:hr>167</ns3:hr>
            <ns3:cad>84</ns3:cad>
          </ns3:TrackPointExtension>
        </extensions>
      </trkpt>
      <trkpt lat="25.8396300114691257476806640625" lon="119.5679934136569499969482421875">
        <ele>14.3999996185302734375</ele>
        <time>2025-06-21T10:09:52.000Z</time>
        <extensions>
          <ns3:TrackPointExtension>
            <ns3:atemp>33.0</ns3:atemp>
            <ns3:hr>167</ns3:hr>
            <ns3:cad>84</ns3:cad>
          </ns3:TrackPointExtension>
        </extensions>
      </trkpt>
      <trkpt lat="25.8396546542644500732421875" lon="119.56800363957881927490234375">
        <ele>14.3999996185302734375</ele>
        <time>2025-06-21T10:09:53.000Z</time>
        <extensions>
          <ns3:TrackPointExtension>
            <ns3:atemp>33.0</ns3:atemp>
            <ns3:hr>167</ns3:hr>
            <ns3:cad>83</ns3:cad>
          </ns3:TrackPointExtension>
        </extensions>
      </trkpt>
      <trkpt lat="25.83968055434525012969970703125" lon="119.56800506450235843658447265625">
        <ele>14.3999996185302734375</ele>
        <time>2025-06-21T10:09:54.000Z</time>
        <extensions>
          <ns3:TrackPointExtension>
            <ns3:atemp>33.0</ns3:atemp>
            <ns3:hr>166</ns3:hr>
            <ns3:cad>83</ns3:cad>
          </ns3:TrackPointExtension>
        </extensions>
      </trkpt>
      <trkpt lat="25.8397094719111919403076171875" lon="119.56801847554743289947509765625">
        <ele>14.3999996185302734375</ele>
        <time>2025-06-21T10:09:55.000Z</time>
        <extensions>
          <ns3:TrackPointExtension>
            <ns3:atemp>33.0</ns3:atemp>
            <ns3:hr>166</ns3:hr>
            <ns3:cad>84</ns3:cad>
          </ns3:TrackPointExtension>
        </extensions>
      </trkpt>
      <trkpt lat="25.8397282473742961883544921875" lon="119.568018056452274322509765625">
        <ele>14.3999996185302734375</ele>
        <time>2025-06-21T10:09:56.000Z</time>
        <extensions>
          <ns3:TrackPointExtension>
            <ns3:atemp>33.0</ns3:atemp>
            <ns3:hr>166</ns3:hr>
            <ns3:cad>84</ns3:cad>
          </ns3:TrackPointExtension>
        </extensions>
      </trkpt>
      <trkpt lat="25.83976319991052150726318359375" lon="119.56802836619317531585693359375">
        <ele>14.3999996185302734375</ele>
        <time>2025-06-21T10:09:57.000Z</time>
        <extensions>
          <ns3:TrackPointExtension>
            <ns3:atemp>33.0</ns3:atemp>
            <ns3:hr>166</ns3:hr>
            <ns3:cad>84</ns3:cad>
          </ns3:TrackPointExtension>
        </extensions>
      </trkpt>
      <trkpt lat="25.8397862501442432403564453125" lon="119.5680324733257293701171875">
        <ele>14.3999996185302734375</ele>
        <time>2025-06-21T10:09:58.000Z</time>
        <extensions>
          <ns3:TrackPointExtension>
            <ns3:atemp>33.0</ns3:atemp>
            <ns3:hr>166</ns3:hr>
            <ns3:cad>84</ns3:cad>
          </ns3:TrackPointExtension>
        </extensions>
      </trkpt>
      <trkpt lat="25.8398137427866458892822265625" lon="119.56803205423057079315185546875">
        <ele>14.6000003814697265625</ele>
        <time>2025-06-21T10:09:59.000Z</time>
        <extensions>
          <ns3:TrackPointExtension>
            <ns3:atemp>33.0</ns3:atemp>
            <ns3:hr>165</ns3:hr>
            <ns3:cad>84</ns3:cad>
          </ns3:TrackPointExtension>
        </extensions>
      </trkpt>
      <trkpt lat="25.83983846940100193023681640625" lon="119.5680447109043598175048828125">
        <ele>14.6000003814697265625</ele>
        <time>2025-06-21T10:10:00.000Z</time>
        <extensions>
          <ns3:TrackPointExtension>
            <ns3:atemp>33.0</ns3:atemp>
            <ns3:hr>166</ns3:hr>
            <ns3:cad>84</ns3:cad>
          </ns3:TrackPointExtension>
        </extensions>
      </trkpt>
      <trkpt lat="25.83986051380634307861328125" lon="119.568047225475311279296875">
        <ele>14.3999996185302734375</ele>
        <time>2025-06-21T10:10:01.000Z</time>
        <extensions>
          <ns3:TrackPointExtension>
            <ns3:atemp>33.0</ns3:atemp>
            <ns3:hr>166</ns3:hr>
            <ns3:cad>84</ns3:cad>
          </ns3:TrackPointExtension>
        </extensions>
      </trkpt>
      <trkpt lat="25.83989311940968036651611328125" lon="119.56805552355945110321044921875">
        <ele>14.3999996185302734375</ele>
        <time>2025-06-21T10:10:02.000Z</time>
        <extensions>
          <ns3:TrackPointExtension>
            <ns3:atemp>33.0</ns3:atemp>
            <ns3:hr>166</ns3:hr>
            <ns3:cad>84</ns3:cad>
          </ns3:TrackPointExtension>
        </extensions>
      </trkpt>
      <trkpt lat="25.8399156667292118072509765625" lon="119.56806541420519351959228515625">
        <ele>14.3999996185302734375</ele>
        <time>2025-06-21T10:10:03.000Z</time>
        <extensions>
          <ns3:TrackPointExtension>
            <ns3:atemp>33.0</ns3:atemp>
            <ns3:hr>166</ns3:hr>
            <ns3:cad>84</ns3:cad>
          </ns3:TrackPointExtension>
        </extensions>
      </trkpt>
      <trkpt lat="25.83994374610483646392822265625" lon="119.56806935369968414306640625">
        <ele>14.3999996185302734375</ele>
        <time>2025-06-21T10:10:04.000Z</time>
        <extensions>
          <ns3:TrackPointExtension>
            <ns3:atemp>33.0</ns3:atemp>
            <ns3:hr>166</ns3:hr>
            <ns3:cad>83</ns3:cad>
          </ns3:TrackPointExtension>
        </extensions>
      </trkpt>
      <trkpt lat="25.83996973000466823577880859375" lon="119.5680795796215534210205078125">
        <ele>14.3999996185302734375</ele>
        <time>2025-06-21T10:10:05.000Z</time>
        <extensions>
          <ns3:TrackPointExtension>
            <ns3:atemp>33.0</ns3:atemp>
            <ns3:hr>166</ns3:hr>
            <ns3:cad>83</ns3:cad>
          </ns3:TrackPointExtension>
        </extensions>
      </trkpt>
      <trkpt lat="25.83999286405742168426513671875" lon="119.56808201037347316741943359375">
        <ele>14.3999996185302734375</ele>
        <time>2025-06-21T10:10:06.000Z</time>
        <extensions>
          <ns3:TrackPointExtension>
            <ns3:atemp>33.0</ns3:atemp>
            <ns3:hr>166</ns3:hr>
            <ns3:cad>83</ns3:cad>
          </ns3:TrackPointExtension>
        </extensions>
      </trkpt>
      <trkpt lat="25.84002681076526641845703125" lon="119.56809709779918193817138671875">
        <ele>14.6000003814697265625</ele>
        <time>2025-06-21T10:10:07.000Z</time>
        <extensions>
          <ns3:TrackPointExtension>
            <ns3:atemp>33.0</ns3:atemp>
            <ns3:hr>167</ns3:hr>
            <ns3:cad>84</ns3:cad>
          </ns3:TrackPointExtension>
        </extensions>
      </trkpt>
      <trkpt lat="25.84004734642803668975830078125" lon="119.5680950023233890533447265625">
        <ele>14.80000019073486328125</ele>
        <time>2025-06-21T10:10:08.000Z</time>
        <extensions>
          <ns3:TrackPointExtension>
            <ns3:atemp>33.0</ns3:atemp>
            <ns3:hr>167</ns3:hr>
            <ns3:cad>84</ns3:cad>
          </ns3:TrackPointExtension>
        </extensions>
      </trkpt>
      <trkpt lat="25.8400836400687694549560546875" lon="119.5681053958833217620849609375">
        <ele>15</ele>
        <time>2025-06-21T10:10:09.000Z</time>
        <extensions>
          <ns3:TrackPointExtension>
            <ns3:atemp>33.0</ns3:atemp>
            <ns3:hr>167</ns3:hr>
            <ns3:cad>85</ns3:cad>
          </ns3:TrackPointExtension>
        </extensions>
      </trkpt>
      <trkpt lat="25.8401024155318737030029296875" lon="119.56810665316879749298095703125">
        <ele>15</ele>
        <time>2025-06-21T10:10:10.000Z</time>
        <extensions>
          <ns3:TrackPointExtension>
            <ns3:atemp>33.0</ns3:atemp>
            <ns3:hr>167</ns3:hr>
            <ns3:cad>85</ns3:cad>
          </ns3:TrackPointExtension>
        </extensions>
      </trkpt>
      <trkpt lat="25.8401268906891345977783203125" lon="119.568106569349765777587890625">
        <ele>15</ele>
        <time>2025-06-21T10:10:11.000Z</time>
        <extensions>
          <ns3:TrackPointExtension>
            <ns3:atemp>33.0</ns3:atemp>
            <ns3:hr>167</ns3:hr>
            <ns3:cad>85</ns3:cad>
          </ns3:TrackPointExtension>
        </extensions>
      </trkpt>
      <trkpt lat="25.840152204036712646484375" lon="119.568116962909698486328125">
        <ele>15.19999980926513671875</ele>
        <time>2025-06-21T10:10:12.000Z</time>
        <extensions>
          <ns3:TrackPointExtension>
            <ns3:atemp>33.0</ns3:atemp>
            <ns3:hr>167</ns3:hr>
            <ns3:cad>85</ns3:cad>
          </ns3:TrackPointExtension>
        </extensions>
      </trkpt>
      <trkpt lat="25.8401751704514026641845703125" lon="119.5681224949657917022705078125">
        <ele>15.19999980926513671875</ele>
        <time>2025-06-21T10:10:13.000Z</time>
        <extensions>
          <ns3:TrackPointExtension>
            <ns3:atemp>33.0</ns3:atemp>
            <ns3:hr>168</ns3:hr>
            <ns3:cad>85</ns3:cad>
          </ns3:TrackPointExtension>
        </extensions>
      </trkpt>
      <trkpt lat="25.84020811133086681365966796875" lon="119.56813582219183444976806640625">
        <ele>15</ele>
        <time>2025-06-21T10:10:14.000Z</time>
        <extensions>
          <ns3:TrackPointExtension>
            <ns3:atemp>33.0</ns3:atemp>
            <ns3:hr>168</ns3:hr>
            <ns3:cad>85</ns3:cad>
          </ns3:TrackPointExtension>
        </extensions>
      </trkpt>
      <trkpt lat="25.84022621624171733856201171875" lon="119.5681462995707988739013671875">
        <ele>15</ele>
        <time>2025-06-21T10:10:15.000Z</time>
        <extensions>
          <ns3:TrackPointExtension>
            <ns3:atemp>33.0</ns3:atemp>
            <ns3:hr>168</ns3:hr>
            <ns3:cad>85</ns3:cad>
          </ns3:TrackPointExtension>
        </extensions>
      </trkpt>
      <trkpt lat="25.8402499370276927947998046875" lon="119.5681478083133697509765625">
        <ele>15</ele>
        <time>2025-06-21T10:10:16.000Z</time>
        <extensions>
          <ns3:TrackPointExtension>
            <ns3:atemp>33.0</ns3:atemp>
            <ns3:hr>167</ns3:hr>
            <ns3:cad>85</ns3:cad>
          </ns3:TrackPointExtension>
        </extensions>
      </trkpt>
      <trkpt lat="25.84027231670916080474853515625" lon="119.56816649995744228363037109375">
        <ele>15</ele>
        <time>2025-06-21T10:10:17.000Z</time>
        <extensions>
          <ns3:TrackPointExtension>
            <ns3:atemp>33.0</ns3:atemp>
            <ns3:hr>167</ns3:hr>
            <ns3:cad>85</ns3:cad>
          </ns3:TrackPointExtension>
        </extensions>
      </trkpt>
      <trkpt lat="25.84029578603804111480712890625" lon="119.56817018799483776092529296875">
        <ele>15</ele>
        <time>2025-06-21T10:10:18.000Z</time>
        <extensions>
          <ns3:TrackPointExtension>
            <ns3:atemp>33.0</ns3:atemp>
            <ns3:hr>167</ns3:hr>
            <ns3:cad>85</ns3:cad>
          </ns3:TrackPointExtension>
        </extensions>
      </trkpt>
      <trkpt lat="25.84030282683670520782470703125" lon="119.56815862096846103668212890625">
        <ele>15</ele>
        <time>2025-06-21T10:10:19.000Z</time>
        <extensions>
          <ns3:TrackPointExtension>
            <ns3:atemp>33.0</ns3:atemp>
            <ns3:hr>167</ns3:hr>
            <ns3:cad>84</ns3:cad>
          </ns3:TrackPointExtension>
        </extensions>
      </trkpt>
      <trkpt lat="25.8403096161782741546630859375" lon="119.5681473053991794586181640625">
        <ele>15.19999980926513671875</ele>
        <time>2025-06-21T10:10:20.000Z</time>
        <extensions>
          <ns3:TrackPointExtension>
            <ns3:atemp>33.0</ns3:atemp>
            <ns3:hr>168</ns3:hr>
            <ns3:cad>84</ns3:cad>
          </ns3:TrackPointExtension>
        </extensions>
      </trkpt>
      <trkpt lat="25.8403210155665874481201171875" lon="119.56814311444759368896484375">
        <ele>15.3999996185302734375</ele>
        <time>2025-06-21T10:10:21.000Z</time>
        <extensions>
          <ns3:TrackPointExtension>
            <ns3:atemp>33.0</ns3:atemp>
            <ns3:hr>168</ns3:hr>
            <ns3:cad>84</ns3:cad>
          </ns3:TrackPointExtension>
        </extensions>
      </trkpt>
      <trkpt lat="25.84033283405005931854248046875" lon="119.5681499876081943511962890625">
        <ele>15.3999996185302734375</ele>
        <time>2025-06-21T10:10:22.000Z</time>
        <extensions>
          <ns3:TrackPointExtension>
            <ns3:atemp>33.0</ns3:atemp>
            <ns3:hr>168</ns3:hr>
            <ns3:cad>84</ns3:cad>
          </ns3:TrackPointExtension>
        </extensions>
      </trkpt>
      <trkpt lat="25.8403407968580722808837890625" lon="119.5681620575487613677978515625">
        <ele>15.6000003814697265625</ele>
        <time>2025-06-21T10:10:23.000Z</time>
        <extensions>
          <ns3:TrackPointExtension>
            <ns3:atemp>33.0</ns3:atemp>
            <ns3:hr>168</ns3:hr>
            <ns3:cad>84</ns3:cad>
          </ns3:TrackPointExtension>
        </extensions>
      </trkpt>
      <trkpt lat="25.8403659425675868988037109375" lon="119.56818192265927791595458984375">
        <ele>15.6000003814697265625</ele>
        <time>2025-06-21T10:10:24.000Z</time>
        <extensions>
          <ns3:TrackPointExtension>
            <ns3:atemp>33.0</ns3:atemp>
            <ns3:hr>168</ns3:hr>
            <ns3:cad>0</ns3:cad>
          </ns3:TrackPointExtension>
        </extensions>
      </trkpt>
      <trkpt lat="25.84037658758461475372314453125" lon="119.5681935735046863555908203125">
        <ele>15.6000003814697265625</ele>
        <time>2025-06-21T10:10:25.000Z</time>
        <extensions>
          <ns3:TrackPointExtension>
            <ns3:atemp>33.0</ns3:atemp>
            <ns3:hr>169</ns3:hr>
            <ns3:cad>0</ns3:cad>
          </ns3:TrackPointExtension>
        </extensions>
      </trkpt>
      <trkpt lat="25.84038480184972286224365234375" lon="119.56821151077747344970703125">
        <ele>15.6000003814697265625</ele>
        <time>2025-06-21T10:10:26.000Z</time>
        <extensions>
          <ns3:TrackPointExtension>
            <ns3:atemp>33.0</ns3:atemp>
            <ns3:hr>168</ns3:hr>
            <ns3:cad>0</ns3:cad>
          </ns3:TrackPointExtension>
        </extensions>
      </trkpt>
      <trkpt lat="25.84038664586842060089111328125" lon="119.5682170428335666656494140625">
        <ele>15.6000003814697265625</ele>
        <time>2025-06-21T10:10:27.000Z</time>
        <extensions>
          <ns3:TrackPointExtension>
            <ns3:atemp>33.0</ns3:atemp>
            <ns3:hr>167</ns3:hr>
            <ns3:cad>0</ns3:cad>
          </ns3:TrackPointExtension>
        </extensions>
      </trkpt>
    </trkseg>
  </trk>
</gpx>
