<?xml version="1.0" encoding="UTF-8"?>
<gpx creator="Garmin Connect" version="1.1"
  xsi:schemaLocation="http://www.topografix.com/GPX/1/1 http://www.topografix.com/GPX/11.xsd"
  xmlns:ns3="http://www.garmin.com/xmlschemas/TrackPointExtension/v1"
  xmlns="http://www.topografix.com/GPX/1/1"
  xmlns:xsi="http://www.w3.org/2001/XMLSchema-instance" xmlns:ns2="http://www.garmin.com/xmlschemas/GpxExtensions/v3">
  <metadata>
    <link href="connect.garmin.com">
      <text>Garmin Connect</text>
    </link>
    <time>2026-05-09T05:53:36.000Z</time>
  </metadata>
  <trk>
    <name>福州市 跑步</name>
    <type>running</type>
    <trkseg>
      <trkpt lat="25.864014141261577606201171875" lon="119.5709156803786754608154296875">
        <ele>15.6000003814697265625</ele>
        <time>2026-05-09T05:53:50.000Z</time>
        <extensions>
          <ns3:TrackPointExtension>
            <ns3:atemp>24.0</ns3:atemp>
            <ns3:hr>110</ns3:hr>
            <ns3:cad>61</ns3:cad>
          </ns3:TrackPointExtension>
        </extensions>
      </trkpt>
      <trkpt lat="25.864016152918338775634765625" lon="119.5708702504634857177734375">
        <ele>15.6000003814697265625</ele>
        <time>2026-05-09T05:53:51.000Z</time>
        <extensions>
          <ns3:TrackPointExtension>
            <ns3:atemp>24.0</ns3:atemp>
            <ns3:hr>110</ns3:hr>
            <ns3:cad>61</ns3:cad>
          </ns3:TrackPointExtension>
        </extensions>
      </trkpt>
      <trkpt lat="25.86400165222585201263427734375" lon="119.57093127071857452392578125">
        <ele>15.6000003814697265625</ele>
        <time>2026-05-09T05:53:52.000Z</time>
        <extensions>
          <ns3:TrackPointExtension>
            <ns3:atemp>24.0</ns3:atemp>
            <ns3:hr>110</ns3:hr>
            <ns3:cad>61</ns3:cad>
          </ns3:TrackPointExtension>
        </extensions>
      </trkpt>
      <trkpt lat="25.86398027837276458740234375" lon="119.57091626711189746856689453125">
        <ele>15.3999996185302734375</ele>
        <time>2026-05-09T05:53:53.000Z</time>
        <extensions>
          <ns3:TrackPointExtension>
            <ns3:atemp>24.0</ns3:atemp>
            <ns3:hr>111</ns3:hr>
            <ns3:cad>61</ns3:cad>
          </ns3:TrackPointExtension>
        </extensions>
      </trkpt>
      <trkpt lat="25.86396628059446811676025390625" lon="119.57092456519603729248046875">
        <ele>15.6000003814697265625</ele>
        <time>2026-05-09T05:53:54.000Z</time>
        <extensions>
          <ns3:TrackPointExtension>
            <ns3:atemp>24.0</ns3:atemp>
            <ns3:hr>111</ns3:hr>
            <ns3:cad>61</ns3:cad>
          </ns3:TrackPointExtension>
        </extensions>
      </trkpt>
      <trkpt lat="25.86395588703453540802001953125" lon="119.57091693766415119171142578125">
        <ele>15.6000003814697265625</ele>
        <time>2026-05-09T05:53:55.000Z</time>
        <extensions>
          <ns3:TrackPointExtension>
            <ns3:atemp>24.0</ns3:atemp>
            <ns3:hr>111</ns3:hr>
            <ns3:cad>61</ns3:cad>
          </ns3:TrackPointExtension>
        </extensions>
      </trkpt>
      <trkpt lat="25.863945074379444122314453125" lon="119.57092900760471820831298828125">
        <ele>15.6000003814697265625</ele>
        <time>2026-05-09T05:53:56.000Z</time>
        <extensions>
          <ns3:TrackPointExtension>
            <ns3:atemp>24.0</ns3:atemp>
            <ns3:hr>111</ns3:hr>
            <ns3:cad>61</ns3:cad>
          </ns3:TrackPointExtension>
        </extensions>
      </trkpt>
      <trkpt lat="25.86393929086625576019287109375" lon="119.57093822769820690155029296875">
        <ele>15.3999996185302734375</ele>
        <time>2026-05-09T05:53:57.000Z</time>
        <extensions>
          <ns3:TrackPointExtension>
            <ns3:atemp>24.0</ns3:atemp>
            <ns3:hr>111</ns3:hr>
            <ns3:cad>61</ns3:cad>
          </ns3:TrackPointExtension>
        </extensions>
      </trkpt>
      <trkpt lat="25.86393065750598907470703125" lon="119.570951052010059356689453125">
        <ele>15.3999996185302734375</ele>
        <time>2026-05-09T05:53:58.000Z</time>
        <extensions>
          <ns3:TrackPointExtension>
            <ns3:atemp>24.0</ns3:atemp>
            <ns3:hr>111</ns3:hr>
            <ns3:cad>61</ns3:cad>
          </ns3:TrackPointExtension>
        </extensions>
      </trkpt>
      <trkpt lat="25.8639214374125003814697265625" lon="119.57096421159803867340087890625">
        <ele>15.3999996185302734375</ele>
        <time>2026-05-09T05:53:59.000Z</time>
        <extensions>
          <ns3:TrackPointExtension>
            <ns3:atemp>24.0</ns3:atemp>
            <ns3:hr>111</ns3:hr>
            <ns3:cad>61</ns3:cad>
          </ns3:TrackPointExtension>
        </extensions>
      </trkpt>
      <trkpt lat="25.86390919983386993408203125" lon="119.57097829319536685943603515625">
        <ele>15.3999996185302734375</ele>
        <time>2026-05-09T05:54:00.000Z</time>
        <extensions>
          <ns3:TrackPointExtension>
            <ns3:atemp>24.0</ns3:atemp>
            <ns3:hr>111</ns3:hr>
            <ns3:cad>61</ns3:cad>
          </ns3:TrackPointExtension>
        </extensions>
      </trkpt>
      <trkpt lat="25.8639009855687618255615234375" lon="119.57099086605012416839599609375">
        <ele>15.19999980926513671875</ele>
        <time>2026-05-09T05:54:01.000Z</time>
        <extensions>
          <ns3:TrackPointExtension>
            <ns3:atemp>24.0</ns3:atemp>
            <ns3:hr>111</ns3:hr>
            <ns3:cad>61</ns3:cad>
          </ns3:TrackPointExtension>
        </extensions>
      </trkpt>
      <trkpt lat="25.863896794617176055908203125" lon="119.5710048638284206390380859375">
        <ele>15.19999980926513671875</ele>
        <time>2026-05-09T05:54:02.000Z</time>
        <extensions>
          <ns3:TrackPointExtension>
            <ns3:atemp>24.0</ns3:atemp>
            <ns3:hr>111</ns3:hr>
            <ns3:cad>62</ns3:cad>
          </ns3:TrackPointExtension>
        </extensions>
      </trkpt>
      <trkpt lat="25.86389251984655857086181640625" lon="119.57101332955062389373779296875">
        <ele>15.19999980926513671875</ele>
        <time>2026-05-09T05:54:03.000Z</time>
        <extensions>
          <ns3:TrackPointExtension>
            <ns3:atemp>24.0</ns3:atemp>
            <ns3:hr>111</ns3:hr>
            <ns3:cad>61</ns3:cad>
          </ns3:TrackPointExtension>
        </extensions>
      </trkpt>
      <trkpt lat="25.86388598196208477020263671875" lon="119.57102539949119091033935546875">
        <ele>15.19999980926513671875</ele>
        <time>2026-05-09T05:54:04.000Z</time>
        <extensions>
          <ns3:TrackPointExtension>
            <ns3:atemp>24.0</ns3:atemp>
            <ns3:hr>112</ns3:hr>
            <ns3:cad>61</ns3:cad>
          </ns3:TrackPointExtension>
        </extensions>
      </trkpt>
      <trkpt lat="25.863876678049564361572265625" lon="119.5710397325456142425537109375">
        <ele>15.19999980926513671875</ele>
        <time>2026-05-09T05:54:05.000Z</time>
        <extensions>
          <ns3:TrackPointExtension>
            <ns3:atemp>24.0</ns3:atemp>
            <ns3:hr>112</ns3:hr>
            <ns3:cad>60</ns3:cad>
          </ns3:TrackPointExtension>
        </extensions>
      </trkpt>
      <trkpt lat="25.8638691343367099761962890625" lon="119.57104861736297607421875">
        <ele>15.19999980926513671875</ele>
        <time>2026-05-09T05:54:06.000Z</time>
        <extensions>
          <ns3:TrackPointExtension>
            <ns3:atemp>24.0</ns3:atemp>
            <ns3:hr>113</ns3:hr>
            <ns3:cad>59</ns3:cad>
          </ns3:TrackPointExtension>
        </extensions>
      </trkpt>
      <trkpt lat="25.86386033333837985992431640625" lon="119.5710580050945281982421875">
        <ele>15.19999980926513671875</ele>
        <time>2026-05-09T05:54:07.000Z</time>
        <extensions>
          <ns3:TrackPointExtension>
            <ns3:atemp>24.0</ns3:atemp>
            <ns3:hr>112</ns3:hr>
            <ns3:cad>59</ns3:cad>
          </ns3:TrackPointExtension>
        </extensions>
      </trkpt>
      <trkpt lat="25.86385178379714488983154296875" lon="119.57106496207416057586669921875">
        <ele>15.19999980926513671875</ele>
        <time>2026-05-09T05:54:08.000Z</time>
        <extensions>
          <ns3:TrackPointExtension>
            <ns3:atemp>24.0</ns3:atemp>
            <ns3:hr>112</ns3:hr>
            <ns3:cad>59</ns3:cad>
          </ns3:TrackPointExtension>
        </extensions>
      </trkpt>
      <trkpt lat="25.8638436533510684967041015625" lon="119.57107166759669780731201171875">
        <ele>15.19999980926513671875</ele>
        <time>2026-05-09T05:54:09.000Z</time>
        <extensions>
          <ns3:TrackPointExtension>
            <ns3:atemp>24.0</ns3:atemp>
            <ns3:hr>111</ns3:hr>
            <ns3:cad>60</ns3:cad>
          </ns3:TrackPointExtension>
        </extensions>
      </trkpt>
      <trkpt lat="25.86383451707661151885986328125" lon="119.57107988186180591583251953125">
        <ele>15.19999980926513671875</ele>
        <time>2026-05-09T05:54:10.000Z</time>
        <extensions>
          <ns3:TrackPointExtension>
            <ns3:atemp>24.0</ns3:atemp>
            <ns3:hr>110</ns3:hr>
            <ns3:cad>60</ns3:cad>
          </ns3:TrackPointExtension>
        </extensions>
      </trkpt>
      <trkpt lat="25.863825045526027679443359375" lon="119.57108826376497745513916015625">
        <ele>15.19999980926513671875</ele>
        <time>2026-05-09T05:54:11.000Z</time>
        <extensions>
          <ns3:TrackPointExtension>
            <ns3:atemp>24.0</ns3:atemp>
            <ns3:hr>110</ns3:hr>
            <ns3:cad>60</ns3:cad>
          </ns3:TrackPointExtension>
        </extensions>
      </trkpt>
      <trkpt lat="25.8638168312609195709228515625" lon="119.5710950531065464019775390625">
        <ele>15.19999980926513671875</ele>
        <time>2026-05-09T05:54:12.000Z</time>
        <extensions>
          <ns3:TrackPointExtension>
            <ns3:atemp>24.0</ns3:atemp>
            <ns3:hr>110</ns3:hr>
            <ns3:cad>60</ns3:cad>
          </ns3:TrackPointExtension>
        </extensions>
      </trkpt>
      <trkpt lat="25.8638084493577480316162109375" lon="119.57110234536230564117431640625">
        <ele>15.3999996185302734375</ele>
        <time>2026-05-09T05:54:13.000Z</time>
        <extensions>
          <ns3:TrackPointExtension>
            <ns3:atemp>24.0</ns3:atemp>
            <ns3:hr>110</ns3:hr>
            <ns3:cad>60</ns3:cad>
          </ns3:TrackPointExtension>
        </extensions>
      </trkpt>
      <trkpt lat="25.86379847489297389984130859375" lon="119.57111173309385776519775390625">
        <ele>15.3999996185302734375</ele>
        <time>2026-05-09T05:54:14.000Z</time>
        <extensions>
          <ns3:TrackPointExtension>
            <ns3:atemp>24.0</ns3:atemp>
            <ns3:hr>108</ns3:hr>
            <ns3:cad>59</ns3:cad>
          </ns3:TrackPointExtension>
        </extensions>
      </trkpt>
      <trkpt lat="25.86378841660916805267333984375" lon="119.5711218751966953277587890625">
        <ele>15.3999996185302734375</ele>
        <time>2026-05-09T05:54:15.000Z</time>
        <extensions>
          <ns3:TrackPointExtension>
            <ns3:atemp>24.0</ns3:atemp>
            <ns3:hr>108</ns3:hr>
            <ns3:cad>59</ns3:cad>
          </ns3:TrackPointExtension>
        </extensions>
      </trkpt>
      <trkpt lat="25.86377986706793308258056640625" lon="119.571130760014057159423828125">
        <ele>15.19999980926513671875</ele>
        <time>2026-05-09T05:54:16.000Z</time>
        <extensions>
          <ns3:TrackPointExtension>
            <ns3:atemp>24.0</ns3:atemp>
            <ns3:hr>107</ns3:hr>
            <ns3:cad>59</ns3:cad>
          </ns3:TrackPointExtension>
        </extensions>
      </trkpt>
      <trkpt lat="25.8637729100883007049560546875" lon="119.5711396448314189910888671875">
        <ele>15.19999980926513671875</ele>
        <time>2026-05-09T05:54:17.000Z</time>
        <extensions>
          <ns3:TrackPointExtension>
            <ns3:atemp>24.0</ns3:atemp>
            <ns3:hr>107</ns3:hr>
            <ns3:cad>58</ns3:cad>
          </ns3:TrackPointExtension>
        </extensions>
      </trkpt>
      <trkpt lat="25.8637662045657634735107421875" lon="119.57115096040070056915283203125">
        <ele>15</ele>
        <time>2026-05-09T05:54:18.000Z</time>
        <extensions>
          <ns3:TrackPointExtension>
            <ns3:atemp>24.0</ns3:atemp>
            <ns3:hr>106</ns3:hr>
            <ns3:cad>58</ns3:cad>
          </ns3:TrackPointExtension>
        </extensions>
      </trkpt>
      <trkpt lat="25.86375824175775051116943359375" lon="119.57116059958934783935546875">
        <ele>15</ele>
        <time>2026-05-09T05:54:19.000Z</time>
        <extensions>
          <ns3:TrackPointExtension>
            <ns3:atemp>24.0</ns3:atemp>
            <ns3:hr>106</ns3:hr>
            <ns3:cad>58</ns3:cad>
          </ns3:TrackPointExtension>
        </extensions>
      </trkpt>
      <trkpt lat="25.86374818347394466400146484375" lon="119.57117141224443912506103515625">
        <ele>14.80000019073486328125</ele>
        <time>2026-05-09T05:54:20.000Z</time>
        <extensions>
          <ns3:TrackPointExtension>
            <ns3:atemp>24.0</ns3:atemp>
            <ns3:hr>105</ns3:hr>
            <ns3:cad>59</ns3:cad>
          </ns3:TrackPointExtension>
        </extensions>
      </trkpt>
      <trkpt lat="25.86373862810432910919189453125" lon="119.57118130289018154144287109375">
        <ele>14.6000003814697265625</ele>
        <time>2026-05-09T05:54:21.000Z</time>
        <extensions>
          <ns3:TrackPointExtension>
            <ns3:atemp>24.0</ns3:atemp>
            <ns3:hr>105</ns3:hr>
            <ns3:cad>59</ns3:cad>
          </ns3:TrackPointExtension>
        </extensions>
      </trkpt>
      <trkpt lat="25.8637279830873012542724609375" lon="119.57119337283074855804443359375">
        <ele>14.6000003814697265625</ele>
        <time>2026-05-09T05:54:22.000Z</time>
        <extensions>
          <ns3:TrackPointExtension>
            <ns3:atemp>24.0</ns3:atemp>
            <ns3:hr>105</ns3:hr>
            <ns3:cad>59</ns3:cad>
          </ns3:TrackPointExtension>
        </extensions>
      </trkpt>
      <trkpt lat="25.86372002027928829193115234375" lon="119.5712023414671421051025390625">
        <ele>14.3999996185302734375</ele>
        <time>2026-05-09T05:54:23.000Z</time>
        <extensions>
          <ns3:TrackPointExtension>
            <ns3:atemp>24.0</ns3:atemp>
            <ns3:hr>105</ns3:hr>
            <ns3:cad>57</ns3:cad>
          </ns3:TrackPointExtension>
        </extensions>
      </trkpt>
      <trkpt lat="25.86371348239481449127197265625" lon="119.57121156156063079833984375">
        <ele>14.3999996185302734375</ele>
        <time>2026-05-09T05:54:24.000Z</time>
        <extensions>
          <ns3:TrackPointExtension>
            <ns3:atemp>24.0</ns3:atemp>
            <ns3:hr>105</ns3:hr>
            <ns3:cad>58</ns3:cad>
          </ns3:TrackPointExtension>
        </extensions>
      </trkpt>
      <trkpt lat="25.86370627395808696746826171875" lon="119.57121960818767547607421875">
        <ele>14.3999996185302734375</ele>
        <time>2026-05-09T05:54:25.000Z</time>
        <extensions>
          <ns3:TrackPointExtension>
            <ns3:atemp>24.0</ns3:atemp>
            <ns3:hr>105</ns3:hr>
            <ns3:cad>58</ns3:cad>
          </ns3:TrackPointExtension>
        </extensions>
      </trkpt>
      <trkpt lat="25.8636981435120105743408203125" lon="119.57122690044343471527099609375">
        <ele>14.3999996185302734375</ele>
        <time>2026-05-09T05:54:26.000Z</time>
        <extensions>
          <ns3:TrackPointExtension>
            <ns3:atemp>24.0</ns3:atemp>
            <ns3:hr>105</ns3:hr>
            <ns3:cad>58</ns3:cad>
          </ns3:TrackPointExtension>
        </extensions>
      </trkpt>
      <trkpt lat="25.86368833668529987335205078125" lon="119.5712350308895111083984375">
        <ele>14.3999996185302734375</ele>
        <time>2026-05-09T05:54:27.000Z</time>
        <extensions>
          <ns3:TrackPointExtension>
            <ns3:atemp>24.0</ns3:atemp>
            <ns3:hr>105</ns3:hr>
            <ns3:cad>58</ns3:cad>
          </ns3:TrackPointExtension>
        </extensions>
      </trkpt>
      <trkpt lat="25.86367777548730373382568359375" lon="119.5712445862591266632080078125">
        <ele>14.3999996185302734375</ele>
        <time>2026-05-09T05:54:28.000Z</time>
        <extensions>
          <ns3:TrackPointExtension>
            <ns3:atemp>24.0</ns3:atemp>
            <ns3:hr>104</ns3:hr>
            <ns3:cad>58</ns3:cad>
          </ns3:TrackPointExtension>
        </extensions>
      </trkpt>
      <trkpt lat="25.863668136298656463623046875" lon="119.57125171087682247161865234375">
        <ele>14.3999996185302734375</ele>
        <time>2026-05-09T05:54:29.000Z</time>
        <extensions>
          <ns3:TrackPointExtension>
            <ns3:atemp>24.0</ns3:atemp>
            <ns3:hr>104</ns3:hr>
            <ns3:cad>58</ns3:cad>
          </ns3:TrackPointExtension>
        </extensions>
      </trkpt>
      <trkpt lat="25.86365967057645320892333984375" lon="119.57125774584710597991943359375">
        <ele>14.3999996185302734375</ele>
        <time>2026-05-09T05:54:30.000Z</time>
        <extensions>
          <ns3:TrackPointExtension>
            <ns3:atemp>24.0</ns3:atemp>
            <ns3:hr>105</ns3:hr>
            <ns3:cad>57</ns3:cad>
          </ns3:TrackPointExtension>
        </extensions>
      </trkpt>
      <trkpt lat="25.86364961229264736175537109375" lon="119.57126495428383350372314453125">
        <ele>14.3999996185302734375</ele>
        <time>2026-05-09T05:54:31.000Z</time>
        <extensions>
          <ns3:TrackPointExtension>
            <ns3:atemp>24.0</ns3:atemp>
            <ns3:hr>104</ns3:hr>
            <ns3:cad>57</ns3:cad>
          </ns3:TrackPointExtension>
        </extensions>
      </trkpt>
      <trkpt lat="25.86363720707595348358154296875" lon="119.57127467729151248931884765625">
        <ele>14.3999996185302734375</ele>
        <time>2026-05-09T05:54:32.000Z</time>
        <extensions>
          <ns3:TrackPointExtension>
            <ns3:atemp>24.0</ns3:atemp>
            <ns3:hr>104</ns3:hr>
            <ns3:cad>57</ns3:cad>
          </ns3:TrackPointExtension>
        </extensions>
      </trkpt>
      <trkpt lat="25.863628573715686798095703125" lon="119.571282975375652313232421875">
        <ele>14.3999996185302734375</ele>
        <time>2026-05-09T05:54:33.000Z</time>
        <extensions>
          <ns3:TrackPointExtension>
            <ns3:atemp>24.0</ns3:atemp>
            <ns3:hr>104</ns3:hr>
            <ns3:cad>58</ns3:cad>
          </ns3:TrackPointExtension>
        </extensions>
      </trkpt>
      <trkpt lat="25.86362220346927642822265625" lon="119.57128842361271381378173828125">
        <ele>14.3999996185302734375</ele>
        <time>2026-05-09T05:54:34.000Z</time>
        <extensions>
          <ns3:TrackPointExtension>
            <ns3:atemp>24.0</ns3:atemp>
            <ns3:hr>104</ns3:hr>
            <ns3:cad>58</ns3:cad>
          </ns3:TrackPointExtension>
        </extensions>
      </trkpt>
      <trkpt lat="25.86361574940383434295654296875" lon="119.5712962187826633453369140625">
        <ele>14.3999996185302734375</ele>
        <time>2026-05-09T05:54:35.000Z</time>
        <extensions>
          <ns3:TrackPointExtension>
            <ns3:atemp>24.0</ns3:atemp>
            <ns3:hr>105</ns3:hr>
            <ns3:cad>58</ns3:cad>
          </ns3:TrackPointExtension>
        </extensions>
      </trkpt>
      <trkpt lat="25.86360753513872623443603515625" lon="119.57130610942840576171875">
        <ele>14.3999996185302734375</ele>
        <time>2026-05-09T05:54:36.000Z</time>
        <extensions>
          <ns3:TrackPointExtension>
            <ns3:atemp>24.0</ns3:atemp>
            <ns3:hr>104</ns3:hr>
            <ns3:cad>58</ns3:cad>
          </ns3:TrackPointExtension>
        </extensions>
      </trkpt>
      <trkpt lat="25.8636005781590938568115234375" lon="119.5713154971599578857421875">
        <ele>14.3999996185302734375</ele>
        <time>2026-05-09T05:54:37.000Z</time>
        <extensions>
          <ns3:TrackPointExtension>
            <ns3:atemp>24.0</ns3:atemp>
            <ns3:hr>104</ns3:hr>
            <ns3:cad>58</ns3:cad>
          </ns3:TrackPointExtension>
        </extensions>
      </trkpt>
      <trkpt lat="25.86359378881752490997314453125" lon="119.57132547162473201751708984375">
        <ele>14.19999980926513671875</ele>
        <time>2026-05-09T05:54:38.000Z</time>
        <extensions>
          <ns3:TrackPointExtension>
            <ns3:atemp>24.0</ns3:atemp>
            <ns3:hr>104</ns3:hr>
            <ns3:cad>58</ns3:cad>
          </ns3:TrackPointExtension>
        </extensions>
      </trkpt>
      <trkpt lat="25.86358473636209964752197265625" lon="119.571335278451442718505859375">
        <ele>14</ele>
        <time>2026-05-09T05:54:39.000Z</time>
        <extensions>
          <ns3:TrackPointExtension>
            <ns3:atemp>24.0</ns3:atemp>
            <ns3:hr>103</ns3:hr>
            <ns3:cad>58</ns3:cad>
          </ns3:TrackPointExtension>
        </extensions>
      </trkpt>
      <trkpt lat="25.8635771088302135467529296875" lon="119.57134407944977283477783203125">
        <ele>14</ele>
        <time>2026-05-09T05:54:40.000Z</time>
        <extensions>
          <ns3:TrackPointExtension>
            <ns3:atemp>24.0</ns3:atemp>
            <ns3:hr>103</ns3:hr>
            <ns3:cad>58</ns3:cad>
          </ns3:TrackPointExtension>
        </extensions>
      </trkpt>
      <trkpt lat="25.863572247326374053955078125" lon="119.5713501982390880584716796875">
        <ele>13.80000019073486328125</ele>
        <time>2026-05-09T05:54:41.000Z</time>
        <extensions>
          <ns3:TrackPointExtension>
            <ns3:atemp>24.0</ns3:atemp>
            <ns3:hr>103</ns3:hr>
            <ns3:cad>58</ns3:cad>
          </ns3:TrackPointExtension>
        </extensions>
      </trkpt>
      <trkpt lat="25.8635724149644374847412109375" lon="119.57135614939033985137939453125">
        <ele>13.6000003814697265625</ele>
        <time>2026-05-09T05:54:42.000Z</time>
        <extensions>
          <ns3:TrackPointExtension>
            <ns3:atemp>24.0</ns3:atemp>
            <ns3:hr>103</ns3:hr>
            <ns3:cad>58</ns3:cad>
          </ns3:TrackPointExtension>
        </extensions>
      </trkpt>
      <trkpt lat="25.86357350461184978485107421875" lon="119.5713585801422595977783203125">
        <ele>13.3999996185302734375</ele>
        <time>2026-05-09T05:54:43.000Z</time>
        <extensions>
          <ns3:TrackPointExtension>
            <ns3:atemp>24.0</ns3:atemp>
            <ns3:hr>104</ns3:hr>
            <ns3:cad>58</ns3:cad>
          </ns3:TrackPointExtension>
        </extensions>
      </trkpt>
      <trkpt lat="25.863571576774120330810546875" lon="119.57136268727481365203857421875">
        <ele>13.3999996185302734375</ele>
        <time>2026-05-09T05:54:44.000Z</time>
        <extensions>
          <ns3:TrackPointExtension>
            <ns3:atemp>24.0</ns3:atemp>
            <ns3:hr>104</ns3:hr>
            <ns3:cad>58</ns3:cad>
          </ns3:TrackPointExtension>
        </extensions>
      </trkpt>
      <trkpt lat="25.86356763727962970733642578125" lon="119.57136981189250946044921875">
        <ele>13.19999980926513671875</ele>
        <time>2026-05-09T05:54:45.000Z</time>
        <extensions>
          <ns3:TrackPointExtension>
            <ns3:atemp>24.0</ns3:atemp>
            <ns3:hr>104</ns3:hr>
            <ns3:cad>58</ns3:cad>
          </ns3:TrackPointExtension>
        </extensions>
      </trkpt>
      <trkpt lat="25.86356260813772678375244140625" lon="119.5713780261576175689697265625">
        <ele>13</ele>
        <time>2026-05-09T05:54:46.000Z</time>
        <extensions>
          <ns3:TrackPointExtension>
            <ns3:atemp>24.0</ns3:atemp>
            <ns3:hr>104</ns3:hr>
            <ns3:cad>58</ns3:cad>
          </ns3:TrackPointExtension>
        </extensions>
      </trkpt>
      <trkpt lat="25.8635593391954898834228515625" lon="119.5713880844414234161376953125">
        <ele>12.80000019073486328125</ele>
        <time>2026-05-09T05:54:47.000Z</time>
        <extensions>
          <ns3:TrackPointExtension>
            <ns3:atemp>24.0</ns3:atemp>
            <ns3:hr>104</ns3:hr>
            <ns3:cad>58</ns3:cad>
          </ns3:TrackPointExtension>
        </extensions>
      </trkpt>
      <trkpt lat="25.86355120874941349029541015625" lon="119.57139755599200725555419921875">
        <ele>12.80000019073486328125</ele>
        <time>2026-05-09T05:54:48.000Z</time>
        <extensions>
          <ns3:TrackPointExtension>
            <ns3:atemp>24.0</ns3:atemp>
            <ns3:hr>104</ns3:hr>
            <ns3:cad>58</ns3:cad>
          </ns3:TrackPointExtension>
        </extensions>
      </trkpt>
      <trkpt lat="25.8635415695607662200927734375" lon="119.57140794955193996429443359375">
        <ele>12.6000003814697265625</ele>
        <time>2026-05-09T05:54:49.000Z</time>
        <extensions>
          <ns3:TrackPointExtension>
            <ns3:atemp>24.0</ns3:atemp>
            <ns3:hr>104</ns3:hr>
            <ns3:cad>58</ns3:cad>
          </ns3:TrackPointExtension>
        </extensions>
      </trkpt>
      <trkpt lat="25.8635321818292140960693359375" lon="119.57141716964542865753173828125">
        <ele>12.6000003814697265625</ele>
        <time>2026-05-09T05:54:50.000Z</time>
        <extensions>
          <ns3:TrackPointExtension>
            <ns3:atemp>24.0</ns3:atemp>
            <ns3:hr>105</ns3:hr>
            <ns3:cad>58</ns3:cad>
          </ns3:TrackPointExtension>
        </extensions>
      </trkpt>
      <trkpt lat="25.86352296173572540283203125" lon="119.57142488099634647369384765625">
        <ele>12.3999996185302734375</ele>
        <time>2026-05-09T05:54:51.000Z</time>
        <extensions>
          <ns3:TrackPointExtension>
            <ns3:atemp>24.0</ns3:atemp>
            <ns3:hr>105</ns3:hr>
            <ns3:cad>58</ns3:cad>
          </ns3:TrackPointExtension>
        </extensions>
      </trkpt>
      <trkpt lat="25.8635155856609344482421875" lon="119.57143309526145458221435546875">
        <ele>12.3999996185302734375</ele>
        <time>2026-05-09T05:54:52.000Z</time>
        <extensions>
          <ns3:TrackPointExtension>
            <ns3:atemp>24.0</ns3:atemp>
            <ns3:hr>105</ns3:hr>
            <ns3:cad>59</ns3:cad>
          </ns3:TrackPointExtension>
        </extensions>
      </trkpt>
      <trkpt lat="25.8635087125003337860107421875" lon="119.57144198007881641387939453125">
        <ele>12.3999996185302734375</ele>
        <time>2026-05-09T05:54:53.000Z</time>
        <extensions>
          <ns3:TrackPointExtension>
            <ns3:atemp>24.0</ns3:atemp>
            <ns3:hr>105</ns3:hr>
            <ns3:cad>59</ns3:cad>
          </ns3:TrackPointExtension>
        </extensions>
      </trkpt>
      <trkpt lat="25.8635030128061771392822265625" lon="119.57144918851554393768310546875">
        <ele>12.19999980926513671875</ele>
        <time>2026-05-09T05:54:54.000Z</time>
        <extensions>
          <ns3:TrackPointExtension>
            <ns3:atemp>24.0</ns3:atemp>
            <ns3:hr>105</ns3:hr>
            <ns3:cad>58</ns3:cad>
          </ns3:TrackPointExtension>
        </extensions>
      </trkpt>
      <trkpt lat="25.86349454708397388458251953125" lon="119.57145773805677890777587890625">
        <ele>12.19999980926513671875</ele>
        <time>2026-05-09T05:54:55.000Z</time>
        <extensions>
          <ns3:TrackPointExtension>
            <ns3:atemp>24.0</ns3:atemp>
            <ns3:hr>105</ns3:hr>
            <ns3:cad>58</ns3:cad>
          </ns3:TrackPointExtension>
        </extensions>
      </trkpt>
      <trkpt lat="25.863485746085643768310546875" lon="119.57146704196929931640625">
        <ele>12.19999980926513671875</ele>
        <time>2026-05-09T05:54:56.000Z</time>
        <extensions>
          <ns3:TrackPointExtension>
            <ns3:atemp>24.0</ns3:atemp>
            <ns3:hr>105</ns3:hr>
            <ns3:cad>58</ns3:cad>
          </ns3:TrackPointExtension>
        </extensions>
      </trkpt>
      <trkpt lat="25.86347728036344051361083984375" lon="119.57147441804409027099609375">
        <ele>12.19999980926513671875</ele>
        <time>2026-05-09T05:54:57.000Z</time>
        <extensions>
          <ns3:TrackPointExtension>
            <ns3:atemp>24.0</ns3:atemp>
            <ns3:hr>104</ns3:hr>
            <ns3:cad>57</ns3:cad>
          </ns3:TrackPointExtension>
        </extensions>
      </trkpt>
      <trkpt lat="25.8634674735367298126220703125" lon="119.5714844763278961181640625">
        <ele>12</ele>
        <time>2026-05-09T05:54:58.000Z</time>
        <extensions>
          <ns3:TrackPointExtension>
            <ns3:atemp>24.0</ns3:atemp>
            <ns3:hr>104</ns3:hr>
            <ns3:cad>57</ns3:cad>
          </ns3:TrackPointExtension>
        </extensions>
      </trkpt>
      <trkpt lat="25.8634577505290508270263671875" lon="119.57149495370686054229736328125">
        <ele>12</ele>
        <time>2026-05-09T05:54:59.000Z</time>
        <extensions>
          <ns3:TrackPointExtension>
            <ns3:atemp>24.0</ns3:atemp>
            <ns3:hr>103</ns3:hr>
            <ns3:cad>57</ns3:cad>
          </ns3:TrackPointExtension>
        </extensions>
      </trkpt>
      <trkpt lat="25.8634473569691181182861328125" lon="119.57150517962872982025146484375">
        <ele>12.19999980926513671875</ele>
        <time>2026-05-09T05:55:00.000Z</time>
        <extensions>
          <ns3:TrackPointExtension>
            <ns3:atemp>24.0</ns3:atemp>
            <ns3:hr>103</ns3:hr>
            <ns3:cad>57</ns3:cad>
          </ns3:TrackPointExtension>
        </extensions>
      </trkpt>
      <trkpt lat="25.8634372986853122711181640625" lon="119.5715124718844890594482421875">
        <ele>12.19999980926513671875</ele>
        <time>2026-05-09T05:55:01.000Z</time>
        <extensions>
          <ns3:TrackPointExtension>
            <ns3:atemp>24.0</ns3:atemp>
            <ns3:hr>102</ns3:hr>
            <ns3:cad>57</ns3:cad>
          </ns3:TrackPointExtension>
        </extensions>
      </trkpt>
      <trkpt lat="25.86342799477279186248779296875" lon="119.5715164951980113983154296875">
        <ele>12.3999996185302734375</ele>
        <time>2026-05-09T05:55:02.000Z</time>
        <extensions>
          <ns3:TrackPointExtension>
            <ns3:atemp>24.0</ns3:atemp>
            <ns3:hr>102</ns3:hr>
            <ns3:cad>57</ns3:cad>
          </ns3:TrackPointExtension>
        </extensions>
      </trkpt>
      <trkpt lat="25.86341743357479572296142578125" lon="119.57152546383440494537353515625">
        <ele>12.6000003814697265625</ele>
        <time>2026-05-09T05:55:03.000Z</time>
        <extensions>
          <ns3:TrackPointExtension>
            <ns3:atemp>24.0</ns3:atemp>
            <ns3:hr>103</ns3:hr>
            <ns3:cad>59</ns3:cad>
          </ns3:TrackPointExtension>
        </extensions>
      </trkpt>
      <trkpt lat="25.8634041063487529754638671875" lon="119.5715376175940036773681640625">
        <ele>12.80000019073486328125</ele>
        <time>2026-05-09T05:55:04.000Z</time>
        <extensions>
          <ns3:TrackPointExtension>
            <ns3:atemp>24.0</ns3:atemp>
            <ns3:hr>103</ns3:hr>
            <ns3:cad>59</ns3:cad>
          </ns3:TrackPointExtension>
        </extensions>
      </trkpt>
      <trkpt lat="25.86339379660785198211669921875" lon="119.57154951989650726318359375">
        <ele>12.80000019073486328125</ele>
        <time>2026-05-09T05:55:05.000Z</time>
        <extensions>
          <ns3:TrackPointExtension>
            <ns3:atemp>24.0</ns3:atemp>
            <ns3:hr>102</ns3:hr>
            <ns3:cad>59</ns3:cad>
          </ns3:TrackPointExtension>
        </extensions>
      </trkpt>
      <trkpt lat="25.863371752202510833740234375" lon="119.57156904973089694976806640625">
        <ele>12.80000019073486328125</ele>
        <time>2026-05-09T05:55:06.000Z</time>
        <extensions>
          <ns3:TrackPointExtension>
            <ns3:atemp>24.0</ns3:atemp>
            <ns3:hr>102</ns3:hr>
            <ns3:cad>62</ns3:cad>
          </ns3:TrackPointExtension>
        </extensions>
      </trkpt>
      <trkpt lat="25.863353647291660308837890625" lon="119.5715862326323986053466796875">
        <ele>13</ele>
        <time>2026-05-09T05:55:07.000Z</time>
        <extensions>
          <ns3:TrackPointExtension>
            <ns3:atemp>24.0</ns3:atemp>
            <ns3:hr>102</ns3:hr>
            <ns3:cad>0</ns3:cad>
          </ns3:TrackPointExtension>
        </extensions>
      </trkpt>
      <trkpt lat="25.86332975886762142181396484375" lon="119.571610204875469207763671875">
        <ele>13</ele>
        <time>2026-05-09T05:55:08.000Z</time>
        <extensions>
          <ns3:TrackPointExtension>
            <ns3:atemp>24.0</ns3:atemp>
            <ns3:hr>102</ns3:hr>
            <ns3:cad>0</ns3:cad>
          </ns3:TrackPointExtension>
        </extensions>
      </trkpt>
      <trkpt lat="25.86331240832805633544921875" lon="119.5716294832527637481689453125">
        <ele>13.19999980926513671875</ele>
        <time>2026-05-09T05:55:09.000Z</time>
        <extensions>
          <ns3:TrackPointExtension>
            <ns3:atemp>24.0</ns3:atemp>
            <ns3:hr>102</ns3:hr>
            <ns3:cad>86</ns3:cad>
          </ns3:TrackPointExtension>
        </extensions>
      </trkpt>
      <trkpt lat="25.863288603723049163818359375" lon="119.57165219821035861968994140625">
        <ele>13.3999996185302734375</ele>
        <time>2026-05-09T05:55:10.000Z</time>
        <extensions>
          <ns3:TrackPointExtension>
            <ns3:atemp>24.0</ns3:atemp>
            <ns3:hr>102</ns3:hr>
            <ns3:cad>86</ns3:cad>
          </ns3:TrackPointExtension>
        </extensions>
      </trkpt>
      <trkpt lat="25.86326739750802516937255859375" lon="119.571669884026050567626953125">
        <ele>13.3999996185302734375</ele>
        <time>2026-05-09T05:55:11.000Z</time>
        <extensions>
          <ns3:TrackPointExtension>
            <ns3:atemp>24.0</ns3:atemp>
            <ns3:hr>103</ns3:hr>
            <ns3:cad>86</ns3:cad>
          </ns3:TrackPointExtension>
        </extensions>
      </trkpt>
      <trkpt lat="25.86325381882488727569580078125" lon="119.5716936886310577392578125">
        <ele>13.3999996185302734375</ele>
        <time>2026-05-09T05:55:12.000Z</time>
        <extensions>
          <ns3:TrackPointExtension>
            <ns3:atemp>24.0</ns3:atemp>
            <ns3:hr>104</ns3:hr>
            <ns3:cad>86</ns3:cad>
          </ns3:TrackPointExtension>
        </extensions>
      </trkpt>
      <trkpt lat="25.86323051713407039642333984375" lon="119.57171715795993804931640625">
        <ele>13.3999996185302734375</ele>
        <time>2026-05-09T05:55:13.000Z</time>
        <extensions>
          <ns3:TrackPointExtension>
            <ns3:atemp>24.0</ns3:atemp>
            <ns3:hr>105</ns3:hr>
            <ns3:cad>86</ns3:cad>
          </ns3:TrackPointExtension>
        </extensions>
      </trkpt>
      <trkpt lat="25.86321718990802764892578125" lon="119.5717330835759639739990234375">
        <ele>13.19999980926513671875</ele>
        <time>2026-05-09T05:55:14.000Z</time>
        <extensions>
          <ns3:TrackPointExtension>
            <ns3:atemp>24.0</ns3:atemp>
            <ns3:hr>106</ns3:hr>
            <ns3:cad>86</ns3:cad>
          </ns3:TrackPointExtension>
        </extensions>
      </trkpt>
      <trkpt lat="25.86319497786462306976318359375" lon="119.57175831310451030731201171875">
        <ele>13.19999980926513671875</ele>
        <time>2026-05-09T05:55:15.000Z</time>
        <extensions>
          <ns3:TrackPointExtension>
            <ns3:atemp>24.0</ns3:atemp>
            <ns3:hr>108</ns3:hr>
            <ns3:cad>86</ns3:cad>
          </ns3:TrackPointExtension>
        </extensions>
      </trkpt>
      <trkpt lat="25.86318190209567546844482421875" lon="119.571774490177631378173828125">
        <ele>13.19999980926513671875</ele>
        <time>2026-05-09T05:55:16.000Z</time>
        <extensions>
          <ns3:TrackPointExtension>
            <ns3:atemp>24.0</ns3:atemp>
            <ns3:hr>109</ns3:hr>
            <ns3:cad>86</ns3:cad>
          </ns3:TrackPointExtension>
        </extensions>
      </trkpt>
      <trkpt lat="25.8631583489477634429931640625" lon="119.57179837860167026519775390625">
        <ele>13.19999980926513671875</ele>
        <time>2026-05-09T05:55:17.000Z</time>
        <extensions>
          <ns3:TrackPointExtension>
            <ns3:atemp>24.0</ns3:atemp>
            <ns3:hr>110</ns3:hr>
            <ns3:cad>86</ns3:cad>
          </ns3:TrackPointExtension>
        </extensions>
      </trkpt>
      <trkpt lat="25.8631368912756443023681640625" lon="119.5718145556747913360595703125">
        <ele>13.19999980926513671875</ele>
        <time>2026-05-09T05:55:18.000Z</time>
        <extensions>
          <ns3:TrackPointExtension>
            <ns3:atemp>24.0</ns3:atemp>
            <ns3:hr>111</ns3:hr>
            <ns3:cad>86</ns3:cad>
          </ns3:TrackPointExtension>
        </extensions>
      </trkpt>
      <trkpt lat="25.8631191216409206390380859375" lon="119.57183458842337131500244140625">
        <ele>13.19999980926513671875</ele>
        <time>2026-05-09T05:55:19.000Z</time>
        <extensions>
          <ns3:TrackPointExtension>
            <ns3:atemp>24.0</ns3:atemp>
            <ns3:hr>112</ns3:hr>
            <ns3:cad>86</ns3:cad>
          </ns3:TrackPointExtension>
        </extensions>
      </trkpt>
      <trkpt lat="25.86309255100786685943603515625" lon="119.57185470499098300933837890625">
        <ele>13.19999980926513671875</ele>
        <time>2026-05-09T05:55:20.000Z</time>
        <extensions>
          <ns3:TrackPointExtension>
            <ns3:atemp>24.0</ns3:atemp>
            <ns3:hr>113</ns3:hr>
            <ns3:cad>86</ns3:cad>
          </ns3:TrackPointExtension>
        </extensions>
      </trkpt>
      <trkpt lat="25.863078050315380096435546875" lon="119.57187515683472156524658203125">
        <ele>13.19999980926513671875</ele>
        <time>2026-05-09T05:55:21.000Z</time>
        <extensions>
          <ns3:TrackPointExtension>
            <ns3:atemp>24.0</ns3:atemp>
            <ns3:hr>114</ns3:hr>
            <ns3:cad>86</ns3:cad>
          </ns3:TrackPointExtension>
        </extensions>
      </trkpt>
      <trkpt lat="25.8630497194826602935791015625" lon="119.5718940161168575286865234375">
        <ele>13.19999980926513671875</ele>
        <time>2026-05-09T05:55:22.000Z</time>
        <extensions>
          <ns3:TrackPointExtension>
            <ns3:atemp>24.0</ns3:atemp>
            <ns3:hr>115</ns3:hr>
            <ns3:cad>86</ns3:cad>
          </ns3:TrackPointExtension>
        </extensions>
      </trkpt>
      <trkpt lat="25.8630353026092052459716796875" lon="119.57190759479999542236328125">
        <ele>13.19999980926513671875</ele>
        <time>2026-05-09T05:55:23.000Z</time>
        <extensions>
          <ns3:TrackPointExtension>
            <ns3:atemp>24.0</ns3:atemp>
            <ns3:hr>116</ns3:hr>
            <ns3:cad>86</ns3:cad>
          </ns3:TrackPointExtension>
        </extensions>
      </trkpt>
      <trkpt lat="25.863012336194515228271484375" lon="119.5719272084534168243408203125">
        <ele>13.19999980926513671875</ele>
        <time>2026-05-09T05:55:24.000Z</time>
        <extensions>
          <ns3:TrackPointExtension>
            <ns3:atemp>24.0</ns3:atemp>
            <ns3:hr>117</ns3:hr>
            <ns3:cad>86</ns3:cad>
          </ns3:TrackPointExtension>
        </extensions>
      </trkpt>
      <trkpt lat="25.862989537417888641357421875" lon="119.57193668000400066375732421875">
        <ele>13.19999980926513671875</ele>
        <time>2026-05-09T05:55:25.000Z</time>
        <extensions>
          <ns3:TrackPointExtension>
            <ns3:atemp>24.0</ns3:atemp>
            <ns3:hr>118</ns3:hr>
            <ns3:cad>86</ns3:cad>
          </ns3:TrackPointExtension>
        </extensions>
      </trkpt>
      <trkpt lat="25.86297570727765560150146484375" lon="119.5719538629055023193359375">
        <ele>13</ele>
        <time>2026-05-09T05:55:26.000Z</time>
        <extensions>
          <ns3:TrackPointExtension>
            <ns3:atemp>24.0</ns3:atemp>
            <ns3:hr>119</ns3:hr>
            <ns3:cad>86</ns3:cad>
          </ns3:TrackPointExtension>
        </extensions>
      </trkpt>
      <trkpt lat="25.86294804699718952178955078125" lon="119.57197255454957485198974609375">
        <ele>13</ele>
        <time>2026-05-09T05:55:27.000Z</time>
        <extensions>
          <ns3:TrackPointExtension>
            <ns3:atemp>24.0</ns3:atemp>
            <ns3:hr>120</ns3:hr>
            <ns3:cad>86</ns3:cad>
          </ns3:TrackPointExtension>
        </extensions>
      </trkpt>
      <trkpt lat="25.862935893237590789794921875" lon="119.5719888992607593536376953125">
        <ele>12.80000019073486328125</ele>
        <time>2026-05-09T05:55:28.000Z</time>
        <extensions>
          <ns3:TrackPointExtension>
            <ns3:atemp>24.0</ns3:atemp>
            <ns3:hr>121</ns3:hr>
            <ns3:cad>86</ns3:cad>
          </ns3:TrackPointExtension>
        </extensions>
      </trkpt>
      <trkpt lat="25.862911753356456756591796875" lon="119.57200390286743640899658203125">
        <ele>12.80000019073486328125</ele>
        <time>2026-05-09T05:55:29.000Z</time>
        <extensions>
          <ns3:TrackPointExtension>
            <ns3:atemp>24.0</ns3:atemp>
            <ns3:hr>121</ns3:hr>
            <ns3:cad>86</ns3:cad>
          </ns3:TrackPointExtension>
        </extensions>
      </trkpt>
      <trkpt lat="25.86288954131305217742919921875" lon="119.57202116958796977996826171875">
        <ele>12.80000019073486328125</ele>
        <time>2026-05-09T05:55:30.000Z</time>
        <extensions>
          <ns3:TrackPointExtension>
            <ns3:atemp>24.0</ns3:atemp>
            <ns3:hr>122</ns3:hr>
            <ns3:cad>85</ns3:cad>
          </ns3:TrackPointExtension>
        </extensions>
      </trkpt>
      <trkpt lat="25.86286355741322040557861328125" lon="119.57204296253621578216552734375">
        <ele>12.80000019073486328125</ele>
        <time>2026-05-09T05:55:31.000Z</time>
        <extensions>
          <ns3:TrackPointExtension>
            <ns3:atemp>24.0</ns3:atemp>
            <ns3:hr>122</ns3:hr>
            <ns3:cad>85</ns3:cad>
          </ns3:TrackPointExtension>
        </extensions>
      </trkpt>
      <trkpt lat="25.86284293793141841888427734375" lon="119.572054445743560791015625">
        <ele>12.80000019073486328125</ele>
        <time>2026-05-09T05:55:32.000Z</time>
        <extensions>
          <ns3:TrackPointExtension>
            <ns3:atemp>24.0</ns3:atemp>
            <ns3:hr>123</ns3:hr>
            <ns3:cad>85</ns3:cad>
          </ns3:TrackPointExtension>
        </extensions>
      </trkpt>
      <trkpt lat="25.86282785050570964813232421875" lon="119.57207389175891876220703125">
        <ele>12.80000019073486328125</ele>
        <time>2026-05-09T05:55:33.000Z</time>
        <extensions>
          <ns3:TrackPointExtension>
            <ns3:atemp>24.0</ns3:atemp>
            <ns3:hr>123</ns3:hr>
            <ns3:cad>85</ns3:cad>
          </ns3:TrackPointExtension>
        </extensions>
      </trkpt>
      <trkpt lat="25.8628021180629730224609375" lon="119.5720867998898029327392578125">
        <ele>12.80000019073486328125</ele>
        <time>2026-05-09T05:55:34.000Z</time>
        <extensions>
          <ns3:TrackPointExtension>
            <ns3:atemp>24.0</ns3:atemp>
            <ns3:hr>124</ns3:hr>
            <ns3:cad>87</ns3:cad>
          </ns3:TrackPointExtension>
        </extensions>
      </trkpt>
      <trkpt lat="25.8627871982753276824951171875" lon="119.5721035636961460113525390625">
        <ele>12.80000019073486328125</ele>
        <time>2026-05-09T05:55:35.000Z</time>
        <extensions>
          <ns3:TrackPointExtension>
            <ns3:atemp>24.0</ns3:atemp>
            <ns3:hr>124</ns3:hr>
            <ns3:cad>87</ns3:cad>
          </ns3:TrackPointExtension>
        </extensions>
      </trkpt>
      <trkpt lat="25.86275693960487842559814453125" lon="119.57211605273187160491943359375">
        <ele>12.80000019073486328125</ele>
        <time>2026-05-09T05:55:36.000Z</time>
        <extensions>
          <ns3:TrackPointExtension>
            <ns3:atemp>25.0</ns3:atemp>
            <ns3:hr>124</ns3:hr>
            <ns3:cad>87</ns3:cad>
          </ns3:TrackPointExtension>
        </extensions>
      </trkpt>
      <trkpt lat="25.8627345599234104156494140625" lon="119.57212611101567745208740234375">
        <ele>12.80000019073486328125</ele>
        <time>2026-05-09T05:55:37.000Z</time>
        <extensions>
          <ns3:TrackPointExtension>
            <ns3:atemp>24.0</ns3:atemp>
            <ns3:hr>125</ns3:hr>
            <ns3:cad>85</ns3:cad>
          </ns3:TrackPointExtension>
        </extensions>
      </trkpt>
      <trkpt lat="25.86271159350872039794921875" lon="119.57214287482202053070068359375">
        <ele>12.80000019073486328125</ele>
        <time>2026-05-09T05:55:38.000Z</time>
        <extensions>
          <ns3:TrackPointExtension>
            <ns3:atemp>24.0</ns3:atemp>
            <ns3:hr>126</ns3:hr>
            <ns3:cad>85</ns3:cad>
          </ns3:TrackPointExtension>
        </extensions>
      </trkpt>
      <trkpt lat="25.86268351413309574127197265625" lon="119.57215611822903156280517578125">
        <ele>12.80000019073486328125</ele>
        <time>2026-05-09T05:55:39.000Z</time>
        <extensions>
          <ns3:TrackPointExtension>
            <ns3:atemp>24.0</ns3:atemp>
            <ns3:hr>126</ns3:hr>
            <ns3:cad>85</ns3:cad>
          </ns3:TrackPointExtension>
        </extensions>
      </trkpt>
      <trkpt lat="25.8626685105264186859130859375" lon="119.5721719600260257720947265625">
        <ele>12.80000019073486328125</ele>
        <time>2026-05-09T05:55:40.000Z</time>
        <extensions>
          <ns3:TrackPointExtension>
            <ns3:atemp>24.0</ns3:atemp>
            <ns3:hr>127</ns3:hr>
            <ns3:cad>85</ns3:cad>
          </ns3:TrackPointExtension>
        </extensions>
      </trkpt>
      <trkpt lat="25.86263992823660373687744140625" lon="119.57218520343303680419921875">
        <ele>12.6000003814697265625</ele>
        <time>2026-05-09T05:55:41.000Z</time>
        <extensions>
          <ns3:TrackPointExtension>
            <ns3:atemp>24.0</ns3:atemp>
            <ns3:hr>127</ns3:hr>
            <ns3:cad>85</ns3:cad>
          </ns3:TrackPointExtension>
        </extensions>
      </trkpt>
      <trkpt lat="25.862620733678340911865234375" lon="119.57219635136425495147705078125">
        <ele>12.6000003814697265625</ele>
        <time>2026-05-09T05:55:42.000Z</time>
        <extensions>
          <ns3:TrackPointExtension>
            <ns3:atemp>24.0</ns3:atemp>
            <ns3:hr>127</ns3:hr>
            <ns3:cad>85</ns3:cad>
          </ns3:TrackPointExtension>
        </extensions>
      </trkpt>
      <trkpt lat="25.862595252692699432373046875" lon="119.5722071640193462371826171875">
        <ele>12.3999996185302734375</ele>
        <time>2026-05-09T05:55:43.000Z</time>
        <extensions>
          <ns3:TrackPointExtension>
            <ns3:atemp>25.0</ns3:atemp>
            <ns3:hr>128</ns3:hr>
            <ns3:cad>84</ns3:cad>
          </ns3:TrackPointExtension>
        </extensions>
      </trkpt>
      <trkpt lat="25.8625766448676586151123046875" lon="119.572221077978610992431640625">
        <ele>12.3999996185302734375</ele>
        <time>2026-05-09T05:55:44.000Z</time>
        <extensions>
          <ns3:TrackPointExtension>
            <ns3:atemp>24.0</ns3:atemp>
            <ns3:hr>128</ns3:hr>
            <ns3:cad>84</ns3:cad>
          </ns3:TrackPointExtension>
        </extensions>
      </trkpt>
      <trkpt lat="25.8625622279942035675048828125" lon="119.5722316391766071319580078125">
        <ele>12.3999996185302734375</ele>
        <time>2026-05-09T05:55:45.000Z</time>
        <extensions>
          <ns3:TrackPointExtension>
            <ns3:atemp>25.0</ns3:atemp>
            <ns3:hr>129</ns3:hr>
            <ns3:cad>84</ns3:cad>
          </ns3:TrackPointExtension>
        </extensions>
      </trkpt>
      <trkpt lat="25.86253699846565723419189453125" lon="119.5722416974604129791259765625">
        <ele>12.3999996185302734375</ele>
        <time>2026-05-09T05:55:46.000Z</time>
        <extensions>
          <ns3:TrackPointExtension>
            <ns3:atemp>24.0</ns3:atemp>
            <ns3:hr>129</ns3:hr>
            <ns3:cad>84</ns3:cad>
          </ns3:TrackPointExtension>
        </extensions>
      </trkpt>
      <trkpt lat="25.86252241395413875579833984375" lon="119.57225720398128032684326171875">
        <ele>12.3999996185302734375</ele>
        <time>2026-05-09T05:55:47.000Z</time>
        <extensions>
          <ns3:TrackPointExtension>
            <ns3:atemp>25.0</ns3:atemp>
            <ns3:hr>129</ns3:hr>
            <ns3:cad>85</ns3:cad>
          </ns3:TrackPointExtension>
        </extensions>
      </trkpt>
      <trkpt lat="25.862491317093372344970703125" lon="119.57227312959730625152587890625">
        <ele>12.3999996185302734375</ele>
        <time>2026-05-09T05:55:48.000Z</time>
        <extensions>
          <ns3:TrackPointExtension>
            <ns3:atemp>24.0</ns3:atemp>
            <ns3:hr>130</ns3:hr>
            <ns3:cad>85</ns3:cad>
          </ns3:TrackPointExtension>
        </extensions>
      </trkpt>
      <trkpt lat="25.86247229017317295074462890625" lon="119.5722836069762706756591796875">
        <ele>12.3999996185302734375</ele>
        <time>2026-05-09T05:55:49.000Z</time>
        <extensions>
          <ns3:TrackPointExtension>
            <ns3:atemp>25.0</ns3:atemp>
            <ns3:hr>130</ns3:hr>
            <ns3:cad>85</ns3:cad>
          </ns3:TrackPointExtension>
        </extensions>
      </trkpt>
      <trkpt lat="25.8624432049691677093505859375" lon="119.57229626365005970001220703125">
        <ele>12.19999980926513671875</ele>
        <time>2026-05-09T05:55:50.000Z</time>
        <extensions>
          <ns3:TrackPointExtension>
            <ns3:atemp>24.0</ns3:atemp>
            <ns3:hr>130</ns3:hr>
            <ns3:cad>86</ns3:cad>
          </ns3:TrackPointExtension>
        </extensions>
      </trkpt>
      <trkpt lat="25.86241948418319225311279296875" lon="119.57229777239263057708740234375">
        <ele>12</ele>
        <time>2026-05-09T05:55:51.000Z</time>
        <extensions>
          <ns3:TrackPointExtension>
            <ns3:atemp>25.0</ns3:atemp>
            <ns3:hr>130</ns3:hr>
            <ns3:cad>86</ns3:cad>
          </ns3:TrackPointExtension>
        </extensions>
      </trkpt>
      <trkpt lat="25.86239718832075595855712890625" lon="119.5723117701709270477294921875">
        <ele>11.80000019073486328125</ele>
        <time>2026-05-09T05:55:52.000Z</time>
        <extensions>
          <ns3:TrackPointExtension>
            <ns3:atemp>24.0</ns3:atemp>
            <ns3:hr>131</ns3:hr>
            <ns3:cad>86</ns3:cad>
          </ns3:TrackPointExtension>
        </extensions>
      </trkpt>
      <trkpt lat="25.862369947135448455810546875" lon="119.57231663167476654052734375">
        <ele>11.80000019073486328125</ele>
        <time>2026-05-09T05:55:53.000Z</time>
        <extensions>
          <ns3:TrackPointExtension>
            <ns3:atemp>24.0</ns3:atemp>
            <ns3:hr>131</ns3:hr>
            <ns3:cad>87</ns3:cad>
          </ns3:TrackPointExtension>
        </extensions>
      </trkpt>
      <trkpt lat="25.862353853881359100341796875" lon="119.57232979126274585723876953125">
        <ele>11.80000019073486328125</ele>
        <time>2026-05-09T05:55:54.000Z</time>
        <extensions>
          <ns3:TrackPointExtension>
            <ns3:atemp>25.0</ns3:atemp>
            <ns3:hr>131</ns3:hr>
            <ns3:cad>87</ns3:cad>
          </ns3:TrackPointExtension>
        </extensions>
      </trkpt>
      <trkpt lat="25.8623225055634975433349609375" lon="119.5723481476306915283203125">
        <ele>11.80000019073486328125</ele>
        <time>2026-05-09T05:55:55.000Z</time>
        <extensions>
          <ns3:TrackPointExtension>
            <ns3:atemp>25.0</ns3:atemp>
            <ns3:hr>132</ns3:hr>
            <ns3:cad>86</ns3:cad>
          </ns3:TrackPointExtension>
        </extensions>
      </trkpt>
      <trkpt lat="25.8623003773391246795654296875" lon="119.57235560752451419830322265625">
        <ele>11.80000019073486328125</ele>
        <time>2026-05-09T05:55:56.000Z</time>
        <extensions>
          <ns3:TrackPointExtension>
            <ns3:atemp>24.0</ns3:atemp>
            <ns3:hr>132</ns3:hr>
            <ns3:cad>86</ns3:cad>
          </ns3:TrackPointExtension>
        </extensions>
      </trkpt>
      <trkpt lat="25.86226592771708965301513671875" lon="119.5723680965602397918701171875">
        <ele>11.80000019073486328125</ele>
        <time>2026-05-09T05:55:57.000Z</time>
        <extensions>
          <ns3:TrackPointExtension>
            <ns3:atemp>24.0</ns3:atemp>
            <ns3:hr>132</ns3:hr>
            <ns3:cad>86</ns3:cad>
          </ns3:TrackPointExtension>
        </extensions>
      </trkpt>
      <trkpt lat="25.86223809979856014251708984375" lon="119.5723721198737621307373046875">
        <ele>12.19999980926513671875</ele>
        <time>2026-05-09T05:55:58.000Z</time>
        <extensions>
          <ns3:TrackPointExtension>
            <ns3:atemp>25.0</ns3:atemp>
            <ns3:hr>132</ns3:hr>
            <ns3:cad>85</ns3:cad>
          </ns3:TrackPointExtension>
        </extensions>
      </trkpt>
      <trkpt lat="25.8622172288596630096435546875" lon="119.5723838545382022857666015625">
        <ele>12.3999996185302734375</ele>
        <time>2026-05-09T05:55:59.000Z</time>
        <extensions>
          <ns3:TrackPointExtension>
            <ns3:atemp>24.0</ns3:atemp>
            <ns3:hr>133</ns3:hr>
            <ns3:cad>85</ns3:cad>
          </ns3:TrackPointExtension>
        </extensions>
      </trkpt>
      <trkpt lat="25.86218127049505710601806640625" lon="119.57238980568945407867431640625">
        <ele>12.3999996185302734375</ele>
        <time>2026-05-09T05:56:00.000Z</time>
        <extensions>
          <ns3:TrackPointExtension>
            <ns3:atemp>24.0</ns3:atemp>
            <ns3:hr>133</ns3:hr>
            <ns3:cad>85</ns3:cad>
          </ns3:TrackPointExtension>
        </extensions>
      </trkpt>
      <trkpt lat="25.862162075936794281005859375" lon="119.57240380346775054931640625">
        <ele>12.6000003814697265625</ele>
        <time>2026-05-09T05:56:01.000Z</time>
        <extensions>
          <ns3:TrackPointExtension>
            <ns3:atemp>24.0</ns3:atemp>
            <ns3:hr>133</ns3:hr>
            <ns3:cad>85</ns3:cad>
          </ns3:TrackPointExtension>
        </extensions>
      </trkpt>
      <trkpt lat="25.86213223636150360107421875" lon="119.57241528667509555816650390625">
        <ele>12.6000003814697265625</ele>
        <time>2026-05-09T05:56:02.000Z</time>
        <extensions>
          <ns3:TrackPointExtension>
            <ns3:atemp>24.0</ns3:atemp>
            <ns3:hr>133</ns3:hr>
            <ns3:cad>86</ns3:cad>
          </ns3:TrackPointExtension>
        </extensions>
      </trkpt>
      <trkpt lat="25.862114131450653076171875" lon="119.57242316566407680511474609375">
        <ele>12.3999996185302734375</ele>
        <time>2026-05-09T05:56:03.000Z</time>
        <extensions>
          <ns3:TrackPointExtension>
            <ns3:atemp>24.0</ns3:atemp>
            <ns3:hr>134</ns3:hr>
            <ns3:cad>86</ns3:cad>
          </ns3:TrackPointExtension>
        </extensions>
      </trkpt>
      <trkpt lat="25.86208554916083812713623046875" lon="119.572419561445713043212890625">
        <ele>12.19999980926513671875</ele>
        <time>2026-05-09T05:56:04.000Z</time>
        <extensions>
          <ns3:TrackPointExtension>
            <ns3:atemp>25.0</ns3:atemp>
            <ns3:hr>134</ns3:hr>
            <ns3:cad>86</ns3:cad>
          </ns3:TrackPointExtension>
        </extensions>
      </trkpt>
      <trkpt lat="25.862059481441974639892578125" lon="119.57241847179830074310302734375">
        <ele>12.19999980926513671875</ele>
        <time>2026-05-09T05:56:05.000Z</time>
        <extensions>
          <ns3:TrackPointExtension>
            <ns3:atemp>24.0</ns3:atemp>
            <ns3:hr>134</ns3:hr>
            <ns3:cad>86</ns3:cad>
          </ns3:TrackPointExtension>
        </extensions>
      </trkpt>
      <trkpt lat="25.8620314858853816986083984375" lon="119.57241847179830074310302734375">
        <ele>12.19999980926513671875</ele>
        <time>2026-05-09T05:56:06.000Z</time>
        <extensions>
          <ns3:TrackPointExtension>
            <ns3:atemp>24.0</ns3:atemp>
            <ns3:hr>135</ns3:hr>
            <ns3:cad>86</ns3:cad>
          </ns3:TrackPointExtension>
        </extensions>
      </trkpt>
      <trkpt lat="25.862000472843647003173828125" lon="119.57240640185773372650146484375">
        <ele>12.19999980926513671875</ele>
        <time>2026-05-09T05:56:07.000Z</time>
        <extensions>
          <ns3:TrackPointExtension>
            <ns3:atemp>24.0</ns3:atemp>
            <ns3:hr>135</ns3:hr>
            <ns3:cad>86</ns3:cad>
          </ns3:TrackPointExtension>
        </extensions>
      </trkpt>
      <trkpt lat="25.86198027245700359344482421875" lon="119.5724098384380340576171875">
        <ele>12.3999996185302734375</ele>
        <time>2026-05-09T05:56:08.000Z</time>
        <extensions>
          <ns3:TrackPointExtension>
            <ns3:atemp>24.0</ns3:atemp>
            <ns3:hr>135</ns3:hr>
            <ns3:cad>87</ns3:cad>
          </ns3:TrackPointExtension>
        </extensions>
      </trkpt>
      <trkpt lat="25.8619503490626811981201171875" lon="119.572408832609653472900390625">
        <ele>12.3999996185302734375</ele>
        <time>2026-05-09T05:56:09.000Z</time>
        <extensions>
          <ns3:TrackPointExtension>
            <ns3:atemp>24.0</ns3:atemp>
            <ns3:hr>136</ns3:hr>
            <ns3:cad>87</ns3:cad>
          </ns3:TrackPointExtension>
        </extensions>
      </trkpt>
      <trkpt lat="25.86192998103797435760498046875" lon="119.57241444848477840423583984375">
        <ele>12.19999980926513671875</ele>
        <time>2026-05-09T05:56:10.000Z</time>
        <extensions>
          <ns3:TrackPointExtension>
            <ns3:atemp>24.0</ns3:atemp>
            <ns3:hr>136</ns3:hr>
            <ns3:cad>87</ns3:cad>
          </ns3:TrackPointExtension>
        </extensions>
      </trkpt>
      <trkpt lat="25.86189796216785907745361328125" lon="119.5724157057702541351318359375">
        <ele>12.19999980926513671875</ele>
        <time>2026-05-09T05:56:11.000Z</time>
        <extensions>
          <ns3:TrackPointExtension>
            <ns3:atemp>24.0</ns3:atemp>
            <ns3:hr>137</ns3:hr>
            <ns3:cad>86</ns3:cad>
          </ns3:TrackPointExtension>
        </extensions>
      </trkpt>
      <trkpt lat="25.861869715154170989990234375" lon="119.57241076044738292694091796875">
        <ele>12</ele>
        <time>2026-05-09T05:56:12.000Z</time>
        <extensions>
          <ns3:TrackPointExtension>
            <ns3:atemp>24.0</ns3:atemp>
            <ns3:hr>137</ns3:hr>
            <ns3:cad>86</ns3:cad>
          </ns3:TrackPointExtension>
        </extensions>
      </trkpt>
      <trkpt lat="25.8618457429111003875732421875" lon="119.5724090002477169036865234375">
        <ele>12</ele>
        <time>2026-05-09T05:56:13.000Z</time>
        <extensions>
          <ns3:TrackPointExtension>
            <ns3:atemp>25.0</ns3:atemp>
            <ns3:hr>138</ns3:hr>
            <ns3:cad>86</ns3:cad>
          </ns3:TrackPointExtension>
        </extensions>
      </trkpt>
      <trkpt lat="25.8618142269551753997802734375" lon="119.57240271382033824920654296875">
        <ele>12</ele>
        <time>2026-05-09T05:56:14.000Z</time>
        <extensions>
          <ns3:TrackPointExtension>
            <ns3:atemp>24.0</ns3:atemp>
            <ns3:hr>138</ns3:hr>
            <ns3:cad>85</ns3:cad>
          </ns3:TrackPointExtension>
        </extensions>
      </trkpt>
      <trkpt lat="25.86179285310208797454833984375" lon="119.57241260446608066558837890625">
        <ele>12.19999980926513671875</ele>
        <time>2026-05-09T05:56:15.000Z</time>
        <extensions>
          <ns3:TrackPointExtension>
            <ns3:atemp>24.0</ns3:atemp>
            <ns3:hr>138</ns3:hr>
            <ns3:cad>85</ns3:cad>
          </ns3:TrackPointExtension>
        </extensions>
      </trkpt>
      <trkpt lat="25.86176435463130474090576171875" lon="119.57240891642868518829345703125">
        <ele>12.19999980926513671875</ele>
        <time>2026-05-09T05:56:16.000Z</time>
        <extensions>
          <ns3:TrackPointExtension>
            <ns3:atemp>24.0</ns3:atemp>
            <ns3:hr>138</ns3:hr>
            <ns3:cad>85</ns3:cad>
          </ns3:TrackPointExtension>
        </extensions>
      </trkpt>
      <trkpt lat="25.8617387898266315460205078125" lon="119.5724076591432094573974609375">
        <ele>12.3999996185302734375</ele>
        <time>2026-05-09T05:56:17.000Z</time>
        <extensions>
          <ns3:TrackPointExtension>
            <ns3:atemp>24.0</ns3:atemp>
            <ns3:hr>138</ns3:hr>
            <ns3:cad>85</ns3:cad>
          </ns3:TrackPointExtension>
        </extensions>
      </trkpt>
      <trkpt lat="25.86171247065067291259765625" lon="119.5724043063819408416748046875">
        <ele>12.3999996185302734375</ele>
        <time>2026-05-09T05:56:18.000Z</time>
        <extensions>
          <ns3:TrackPointExtension>
            <ns3:atemp>24.0</ns3:atemp>
            <ns3:hr>138</ns3:hr>
            <ns3:cad>84</ns3:cad>
          </ns3:TrackPointExtension>
        </extensions>
      </trkpt>
      <trkpt lat="25.86168372072279453277587890625" lon="119.57239575684070587158203125">
        <ele>12.3999996185302734375</ele>
        <time>2026-05-09T05:56:19.000Z</time>
        <extensions>
          <ns3:TrackPointExtension>
            <ns3:atemp>24.0</ns3:atemp>
            <ns3:hr>137</ns3:hr>
            <ns3:cad>84</ns3:cad>
          </ns3:TrackPointExtension>
        </extensions>
      </trkpt>
      <trkpt lat="25.86166477762162685394287109375" lon="119.572398774325847625732421875">
        <ele>12.3999996185302734375</ele>
        <time>2026-05-09T05:56:20.000Z</time>
        <extensions>
          <ns3:TrackPointExtension>
            <ns3:atemp>24.0</ns3:atemp>
            <ns3:hr>136</ns3:hr>
            <ns3:cad>84</ns3:cad>
          </ns3:TrackPointExtension>
        </extensions>
      </trkpt>
      <trkpt lat="25.861632339656352996826171875" lon="119.5723905600607395172119140625">
        <ele>12.3999996185302734375</ele>
        <time>2026-05-09T05:56:21.000Z</time>
        <extensions>
          <ns3:TrackPointExtension>
            <ns3:atemp>24.0</ns3:atemp>
            <ns3:hr>136</ns3:hr>
            <ns3:cad>84</ns3:cad>
          </ns3:TrackPointExtension>
        </extensions>
      </trkpt>
      <trkpt lat="25.8616117201745510101318359375" lon="119.57238997332751750946044921875">
        <ele>12.6000003814697265625</ele>
        <time>2026-05-09T05:56:22.000Z</time>
        <extensions>
          <ns3:TrackPointExtension>
            <ns3:atemp>24.0</ns3:atemp>
            <ns3:hr>135</ns3:hr>
            <ns3:cad>84</ns3:cad>
          </ns3:TrackPointExtension>
        </extensions>
      </trkpt>
      <trkpt lat="25.8615872450172901153564453125" lon="119.5723803341388702392578125">
        <ele>12.3999996185302734375</ele>
        <time>2026-05-09T05:56:23.000Z</time>
        <extensions>
          <ns3:TrackPointExtension>
            <ns3:atemp>24.0</ns3:atemp>
            <ns3:hr>135</ns3:hr>
            <ns3:cad>84</ns3:cad>
          </ns3:TrackPointExtension>
        </extensions>
      </trkpt>
      <trkpt lat="25.86156092584133148193359375" lon="119.5723634026944637298583984375">
        <ele>12.3999996185302734375</ele>
        <time>2026-05-09T05:56:24.000Z</time>
        <extensions>
          <ns3:TrackPointExtension>
            <ns3:atemp>24.0</ns3:atemp>
            <ns3:hr>135</ns3:hr>
            <ns3:cad>84</ns3:cad>
          </ns3:TrackPointExtension>
        </extensions>
      </trkpt>
      <trkpt lat="25.86154223419725894927978515625" lon="119.57236281596124172210693359375">
        <ele>12.19999980926513671875</ele>
        <time>2026-05-09T05:56:25.000Z</time>
        <extensions>
          <ns3:TrackPointExtension>
            <ns3:atemp>24.0</ns3:atemp>
            <ns3:hr>135</ns3:hr>
            <ns3:cad>85</ns3:cad>
          </ns3:TrackPointExtension>
        </extensions>
      </trkpt>
      <trkpt lat="25.86151557974517345428466796875" lon="119.57235342822968959808349609375">
        <ele>12</ele>
        <time>2026-05-09T05:56:26.000Z</time>
        <extensions>
          <ns3:TrackPointExtension>
            <ns3:atemp>24.0</ns3:atemp>
            <ns3:hr>135</ns3:hr>
            <ns3:cad>85</ns3:cad>
          </ns3:TrackPointExtension>
        </extensions>
      </trkpt>
      <trkpt lat="25.86149646900594234466552734375" lon="119.57235611043870449066162109375">
        <ele>11.80000019073486328125</ele>
        <time>2026-05-09T05:56:27.000Z</time>
        <extensions>
          <ns3:TrackPointExtension>
            <ns3:atemp>24.0</ns3:atemp>
            <ns3:hr>135</ns3:hr>
            <ns3:cad>85</ns3:cad>
          </ns3:TrackPointExtension>
        </extensions>
      </trkpt>
      <trkpt lat="25.86147132329642772674560546875" lon="119.57234487868845462799072265625">
        <ele>11.6000003814697265625</ele>
        <time>2026-05-09T05:56:28.000Z</time>
        <extensions>
          <ns3:TrackPointExtension>
            <ns3:atemp>24.0</ns3:atemp>
            <ns3:hr>134</ns3:hr>
            <ns3:cad>85</ns3:cad>
          </ns3:TrackPointExtension>
        </extensions>
      </trkpt>
      <trkpt lat="25.8614487759768962860107421875" lon="119.57233817316591739654541015625">
        <ele>11.6000003814697265625</ele>
        <time>2026-05-09T05:56:29.000Z</time>
        <extensions>
          <ns3:TrackPointExtension>
            <ns3:atemp>24.0</ns3:atemp>
            <ns3:hr>135</ns3:hr>
            <ns3:cad>85</ns3:cad>
          </ns3:TrackPointExtension>
        </extensions>
      </trkpt>
      <trkpt lat="25.86143192835152149200439453125" lon="119.572333395481109619140625">
        <ele>11.3999996185302734375</ele>
        <time>2026-05-09T05:56:30.000Z</time>
        <extensions>
          <ns3:TrackPointExtension>
            <ns3:atemp>24.0</ns3:atemp>
            <ns3:hr>135</ns3:hr>
            <ns3:cad>85</ns3:cad>
          </ns3:TrackPointExtension>
        </extensions>
      </trkpt>
      <trkpt lat="25.8614031784236431121826171875" lon="119.57231537438929080963134765625">
        <ele>11</ele>
        <time>2026-05-09T05:56:31.000Z</time>
        <extensions>
          <ns3:TrackPointExtension>
            <ns3:atemp>24.0</ns3:atemp>
            <ns3:hr>134</ns3:hr>
            <ns3:cad>85</ns3:cad>
          </ns3:TrackPointExtension>
        </extensions>
      </trkpt>
      <trkpt lat="25.8613857440650463104248046875" lon="119.57231462001800537109375">
        <ele>10.80000019073486328125</ele>
        <time>2026-05-09T05:56:32.000Z</time>
        <extensions>
          <ns3:TrackPointExtension>
            <ns3:atemp>24.0</ns3:atemp>
            <ns3:hr>135</ns3:hr>
            <ns3:cad>84</ns3:cad>
          </ns3:TrackPointExtension>
        </extensions>
      </trkpt>
      <trkpt lat="25.86135573685169219970703125" lon="119.572298191487789154052734375">
        <ele>10.80000019073486328125</ele>
        <time>2026-05-09T05:56:33.000Z</time>
        <extensions>
          <ns3:TrackPointExtension>
            <ns3:atemp>24.0</ns3:atemp>
            <ns3:hr>135</ns3:hr>
            <ns3:cad>84</ns3:cad>
          </ns3:TrackPointExtension>
        </extensions>
      </trkpt>
      <trkpt lat="25.86133084259927272796630859375" lon="119.572285115718841552734375">
        <ele>10.6000003814697265625</ele>
        <time>2026-05-09T05:56:34.000Z</time>
        <extensions>
          <ns3:TrackPointExtension>
            <ns3:atemp>24.0</ns3:atemp>
            <ns3:hr>135</ns3:hr>
            <ns3:cad>84</ns3:cad>
          </ns3:TrackPointExtension>
        </extensions>
      </trkpt>
      <trkpt lat="25.86130879819393157958984375" lon="119.57227949984371662139892578125">
        <ele>10.3999996185302734375</ele>
        <time>2026-05-09T05:56:35.000Z</time>
        <extensions>
          <ns3:TrackPointExtension>
            <ns3:atemp>24.0</ns3:atemp>
            <ns3:hr>135</ns3:hr>
            <ns3:cad>85</ns3:cad>
          </ns3:TrackPointExtension>
        </extensions>
      </trkpt>
      <trkpt lat="25.86127937771379947662353515625" lon="119.5722624845802783966064453125">
        <ele>10.3999996185302734375</ele>
        <time>2026-05-09T05:56:36.000Z</time>
        <extensions>
          <ns3:TrackPointExtension>
            <ns3:atemp>24.0</ns3:atemp>
            <ns3:hr>136</ns3:hr>
            <ns3:cad>85</ns3:cad>
          </ns3:TrackPointExtension>
        </extensions>
      </trkpt>
      <trkpt lat="25.8612598478794097900390625" lon="119.57226374186575412750244140625">
        <ele>10.19999980926513671875</ele>
        <time>2026-05-09T05:56:37.000Z</time>
        <extensions>
          <ns3:TrackPointExtension>
            <ns3:atemp>24.0</ns3:atemp>
            <ns3:hr>136</ns3:hr>
            <ns3:cad>85</ns3:cad>
          </ns3:TrackPointExtension>
        </extensions>
      </trkpt>
      <trkpt lat="25.86122833192348480224609375" lon="119.57224915735423564910888671875">
        <ele>10.19999980926513671875</ele>
        <time>2026-05-09T05:56:38.000Z</time>
        <extensions>
          <ns3:TrackPointExtension>
            <ns3:atemp>24.0</ns3:atemp>
            <ns3:hr>136</ns3:hr>
            <ns3:cad>83</ns3:cad>
          </ns3:TrackPointExtension>
        </extensions>
      </trkpt>
      <trkpt lat="25.86120829917490482330322265625" lon="119.57222753204405307769775390625">
        <ele>10</ele>
        <time>2026-05-09T05:56:39.000Z</time>
        <extensions>
          <ns3:TrackPointExtension>
            <ns3:atemp>24.0</ns3:atemp>
            <ns3:hr>136</ns3:hr>
            <ns3:cad>83</ns3:cad>
          </ns3:TrackPointExtension>
        </extensions>
      </trkpt>
      <trkpt lat="25.86118684150278568267822265625" lon="119.57222007215023040771484375">
        <ele>10</ele>
        <time>2026-05-09T05:56:40.000Z</time>
        <extensions>
          <ns3:TrackPointExtension>
            <ns3:atemp>24.0</ns3:atemp>
            <ns3:hr>137</ns3:hr>
            <ns3:cad>83</ns3:cad>
          </ns3:TrackPointExtension>
        </extensions>
      </trkpt>
      <trkpt lat="25.8611580915749073028564453125" lon="119.57220205105841159820556640625">
        <ele>10</ele>
        <time>2026-05-09T05:56:41.000Z</time>
        <extensions>
          <ns3:TrackPointExtension>
            <ns3:atemp>24.0</ns3:atemp>
            <ns3:hr>137</ns3:hr>
            <ns3:cad>84</ns3:cad>
          </ns3:TrackPointExtension>
        </extensions>
      </trkpt>
      <trkpt lat="25.861140824854373931884765625" lon="119.5722019672393798828125">
        <ele>10.19999980926513671875</ele>
        <time>2026-05-09T05:56:42.000Z</time>
        <extensions>
          <ns3:TrackPointExtension>
            <ns3:atemp>24.0</ns3:atemp>
            <ns3:hr>137</ns3:hr>
            <ns3:cad>84</ns3:cad>
          </ns3:TrackPointExtension>
        </extensions>
      </trkpt>
      <trkpt lat="25.8611145056784152984619140625" lon="119.5721863768994808197021484375">
        <ele>10.19999980926513671875</ele>
        <time>2026-05-09T05:56:43.000Z</time>
        <extensions>
          <ns3:TrackPointExtension>
            <ns3:atemp>24.0</ns3:atemp>
            <ns3:hr>137</ns3:hr>
            <ns3:cad>84</ns3:cad>
          </ns3:TrackPointExtension>
        </extensions>
      </trkpt>
      <trkpt lat="25.861095227301120758056640625" lon="119.5721729658544063568115234375">
        <ele>10.19999980926513671875</ele>
        <time>2026-05-09T05:56:44.000Z</time>
        <extensions>
          <ns3:TrackPointExtension>
            <ns3:atemp>24.0</ns3:atemp>
            <ns3:hr>138</ns3:hr>
            <ns3:cad>83</ns3:cad>
          </ns3:TrackPointExtension>
        </extensions>
      </trkpt>
      <trkpt lat="25.861078463494777679443359375" lon="119.57216718234121799468994140625">
        <ele>10.19999980926513671875</ele>
        <time>2026-05-09T05:56:45.000Z</time>
        <extensions>
          <ns3:TrackPointExtension>
            <ns3:atemp>24.0</ns3:atemp>
            <ns3:hr>138</ns3:hr>
            <ns3:cad>83</ns3:cad>
          </ns3:TrackPointExtension>
        </extensions>
      </trkpt>
      <trkpt lat="25.86105222813785076141357421875" lon="119.5721448026597499847412109375">
        <ele>10.19999980926513671875</ele>
        <time>2026-05-09T05:56:46.000Z</time>
        <extensions>
          <ns3:TrackPointExtension>
            <ns3:atemp>24.0</ns3:atemp>
            <ns3:hr>138</ns3:hr>
            <ns3:cad>83</ns3:cad>
          </ns3:TrackPointExtension>
        </extensions>
      </trkpt>
      <trkpt lat="25.86103362031280994415283203125" lon="119.57213365472853183746337890625">
        <ele>10.19999980926513671875</ele>
        <time>2026-05-09T05:56:47.000Z</time>
        <extensions>
          <ns3:TrackPointExtension>
            <ns3:atemp>24.0</ns3:atemp>
            <ns3:hr>139</ns3:hr>
            <ns3:cad>83</ns3:cad>
          </ns3:TrackPointExtension>
        </extensions>
      </trkpt>
      <trkpt lat="25.86100864224135875701904296875" lon="119.5721220038831233978271484375">
        <ele>10</ele>
        <time>2026-05-09T05:56:48.000Z</time>
        <extensions>
          <ns3:TrackPointExtension>
            <ns3:atemp>24.0</ns3:atemp>
            <ns3:hr>139</ns3:hr>
            <ns3:cad>83</ns3:cad>
          </ns3:TrackPointExtension>
        </extensions>
      </trkpt>
      <trkpt lat="25.86098500527441501617431640625" lon="119.57210482098162174224853515625">
        <ele>10</ele>
        <time>2026-05-09T05:56:49.000Z</time>
        <extensions>
          <ns3:TrackPointExtension>
            <ns3:atemp>24.0</ns3:atemp>
            <ns3:hr>139</ns3:hr>
            <ns3:cad>83</ns3:cad>
          </ns3:TrackPointExtension>
        </extensions>
      </trkpt>
      <trkpt lat="25.86096388287842273712158203125" lon="119.57209945656359195709228515625">
        <ele>10</ele>
        <time>2026-05-09T05:56:50.000Z</time>
        <extensions>
          <ns3:TrackPointExtension>
            <ns3:atemp>24.0</ns3:atemp>
            <ns3:hr>139</ns3:hr>
            <ns3:cad>83</ns3:cad>
          </ns3:TrackPointExtension>
        </extensions>
      </trkpt>
      <trkpt lat="25.860932953655719757080078125" lon="119.57207615487277507781982421875">
        <ele>10</ele>
        <time>2026-05-09T05:56:51.000Z</time>
        <extensions>
          <ns3:TrackPointExtension>
            <ns3:atemp>24.0</ns3:atemp>
            <ns3:hr>139</ns3:hr>
            <ns3:cad>83</ns3:cad>
          </ns3:TrackPointExtension>
        </extensions>
      </trkpt>
      <trkpt lat="25.8609111607074737548828125" lon="119.57205620594322681427001953125">
        <ele>10</ele>
        <time>2026-05-09T05:56:52.000Z</time>
        <extensions>
          <ns3:TrackPointExtension>
            <ns3:atemp>24.0</ns3:atemp>
            <ns3:hr>139</ns3:hr>
            <ns3:cad>83</ns3:cad>
          </ns3:TrackPointExtension>
        </extensions>
      </trkpt>
      <trkpt lat="25.86088911630213260650634765625" lon="119.57204396836459636688232421875">
        <ele>10.19999980926513671875</ele>
        <time>2026-05-09T05:56:53.000Z</time>
        <extensions>
          <ns3:TrackPointExtension>
            <ns3:atemp>24.0</ns3:atemp>
            <ns3:hr>140</ns3:hr>
            <ns3:cad>83</ns3:cad>
          </ns3:TrackPointExtension>
        </extensions>
      </trkpt>
      <trkpt lat="25.8608643896877765655517578125" lon="119.57202217541635036468505859375">
        <ele>10</ele>
        <time>2026-05-09T05:56:54.000Z</time>
        <extensions>
          <ns3:TrackPointExtension>
            <ns3:atemp>24.0</ns3:atemp>
            <ns3:hr>140</ns3:hr>
            <ns3:cad>82</ns3:cad>
          </ns3:TrackPointExtension>
        </extensions>
      </trkpt>
      <trkpt lat="25.86084536276757717132568359375" lon="119.5720157213509082794189453125">
        <ele>10</ele>
        <time>2026-05-09T05:56:55.000Z</time>
        <extensions>
          <ns3:TrackPointExtension>
            <ns3:atemp>24.0</ns3:atemp>
            <ns3:hr>140</ns3:hr>
            <ns3:cad>82</ns3:cad>
          </ns3:TrackPointExtension>
        </extensions>
      </trkpt>
      <trkpt lat="25.8608177863061428070068359375" lon="119.5719952695071697235107421875">
        <ele>10</ele>
        <time>2026-05-09T05:56:56.000Z</time>
        <extensions>
          <ns3:TrackPointExtension>
            <ns3:atemp>24.0</ns3:atemp>
            <ns3:hr>140</ns3:hr>
            <ns3:cad>82</ns3:cad>
          </ns3:TrackPointExtension>
        </extensions>
      </trkpt>
      <trkpt lat="25.86079909466207027435302734375" lon="119.571976996958255767822265625">
        <ele>10</ele>
        <time>2026-05-09T05:56:57.000Z</time>
        <extensions>
          <ns3:TrackPointExtension>
            <ns3:atemp>24.0</ns3:atemp>
            <ns3:hr>140</ns3:hr>
            <ns3:cad>83</ns3:cad>
          </ns3:TrackPointExtension>
        </extensions>
      </trkpt>
      <trkpt lat="25.86078551597893238067626953125" lon="119.57197456620633602142333984375">
        <ele>10</ele>
        <time>2026-05-09T05:56:58.000Z</time>
        <extensions>
          <ns3:TrackPointExtension>
            <ns3:atemp>24.0</ns3:atemp>
            <ns3:hr>140</ns3:hr>
            <ns3:cad>83</ns3:cad>
          </ns3:TrackPointExtension>
        </extensions>
      </trkpt>
      <trkpt lat="25.86075819097459316253662109375" lon="119.57195411436259746551513671875">
        <ele>10</ele>
        <time>2026-05-09T05:56:59.000Z</time>
        <extensions>
          <ns3:TrackPointExtension>
            <ns3:atemp>24.0</ns3:atemp>
            <ns3:hr>140</ns3:hr>
            <ns3:cad>83</ns3:cad>
          </ns3:TrackPointExtension>
        </extensions>
      </trkpt>
      <trkpt lat="25.86073815822601318359375" lon="119.5719503425061702728271484375">
        <ele>10.19999980926513671875</ele>
        <time>2026-05-09T05:57:00.000Z</time>
        <extensions>
          <ns3:TrackPointExtension>
            <ns3:atemp>24.0</ns3:atemp>
            <ns3:hr>140</ns3:hr>
            <ns3:cad>83</ns3:cad>
          </ns3:TrackPointExtension>
        </extensions>
      </trkpt>
      <trkpt lat="25.86071460507810115814208984375" lon="119.5719399489462375640869140625">
        <ele>10.19999980926513671875</ele>
        <time>2026-05-09T05:57:01.000Z</time>
        <extensions>
          <ns3:TrackPointExtension>
            <ns3:atemp>24.0</ns3:atemp>
            <ns3:hr>141</ns3:hr>
            <ns3:cad>83</ns3:cad>
          </ns3:TrackPointExtension>
        </extensions>
      </trkpt>
      <trkpt lat="25.86068945936858654022216796875" lon="119.5719285495579242706298828125">
        <ele>10.19999980926513671875</ele>
        <time>2026-05-09T05:57:02.000Z</time>
        <extensions>
          <ns3:TrackPointExtension>
            <ns3:atemp>24.0</ns3:atemp>
            <ns3:hr>140</ns3:hr>
            <ns3:cad>83</ns3:cad>
          </ns3:TrackPointExtension>
        </extensions>
      </trkpt>
      <trkpt lat="25.86066733114421367645263671875" lon="119.57192880101501941680908203125">
        <ele>10.19999980926513671875</ele>
        <time>2026-05-09T05:57:03.000Z</time>
        <extensions>
          <ns3:TrackPointExtension>
            <ns3:atemp>24.0</ns3:atemp>
            <ns3:hr>141</ns3:hr>
            <ns3:cad>83</ns3:cad>
          </ns3:TrackPointExtension>
        </extensions>
      </trkpt>
      <trkpt lat="25.8606397546827793121337890625" lon="119.5719074271619319915771484375">
        <ele>10.19999980926513671875</ele>
        <time>2026-05-09T05:57:04.000Z</time>
        <extensions>
          <ns3:TrackPointExtension>
            <ns3:atemp>24.0</ns3:atemp>
            <ns3:hr>141</ns3:hr>
            <ns3:cad>83</ns3:cad>
          </ns3:TrackPointExtension>
        </extensions>
      </trkpt>
      <trkpt lat="25.86062215268611907958984375" lon="119.571891836822032928466796875">
        <ele>10.3999996185302734375</ele>
        <time>2026-05-09T05:57:05.000Z</time>
        <extensions>
          <ns3:TrackPointExtension>
            <ns3:atemp>24.0</ns3:atemp>
            <ns3:hr>141</ns3:hr>
            <ns3:cad>83</ns3:cad>
          </ns3:TrackPointExtension>
        </extensions>
      </trkpt>
      <trkpt lat="25.860601700842380523681640625" lon="119.57187733612954616546630859375">
        <ele>10.3999996185302734375</ele>
        <time>2026-05-09T05:57:06.000Z</time>
        <extensions>
          <ns3:TrackPointExtension>
            <ns3:atemp>24.0</ns3:atemp>
            <ns3:hr>141</ns3:hr>
            <ns3:cad>83</ns3:cad>
          </ns3:TrackPointExtension>
        </extensions>
      </trkpt>
      <trkpt lat="25.8605820871889591217041015625" lon="119.5718584768474102020263671875">
        <ele>10.3999996185302734375</ele>
        <time>2026-05-09T05:57:07.000Z</time>
        <extensions>
          <ns3:TrackPointExtension>
            <ns3:atemp>24.0</ns3:atemp>
            <ns3:hr>142</ns3:hr>
            <ns3:cad>83</ns3:cad>
          </ns3:TrackPointExtension>
        </extensions>
      </trkpt>
      <trkpt lat="25.86056272499263286590576171875" lon="119.5718464069068431854248046875">
        <ele>10.3999996185302734375</ele>
        <time>2026-05-09T05:57:08.000Z</time>
        <extensions>
          <ns3:TrackPointExtension>
            <ns3:atemp>24.0</ns3:atemp>
            <ns3:hr>142</ns3:hr>
            <ns3:cad>83</ns3:cad>
          </ns3:TrackPointExtension>
        </extensions>
      </trkpt>
      <trkpt lat="25.86053824983537197113037109375" lon="119.57182486541569232940673828125">
        <ele>10.3999996185302734375</ele>
        <time>2026-05-09T05:57:09.000Z</time>
        <extensions>
          <ns3:TrackPointExtension>
            <ns3:atemp>24.0</ns3:atemp>
            <ns3:hr>142</ns3:hr>
            <ns3:cad>83</ns3:cad>
          </ns3:TrackPointExtension>
        </extensions>
      </trkpt>
      <trkpt lat="25.8605177141726016998291015625" lon="119.57180893979966640472412109375">
        <ele>10.3999996185302734375</ele>
        <time>2026-05-09T05:57:10.000Z</time>
        <extensions>
          <ns3:TrackPointExtension>
            <ns3:atemp>24.0</ns3:atemp>
            <ns3:hr>142</ns3:hr>
            <ns3:cad>83</ns3:cad>
          </ns3:TrackPointExtension>
        </extensions>
      </trkpt>
      <trkpt lat="25.86049868725240230560302734375" lon="119.57180290482938289642333984375">
        <ele>10.3999996185302734375</ele>
        <time>2026-05-09T05:57:11.000Z</time>
        <extensions>
          <ns3:TrackPointExtension>
            <ns3:atemp>24.0</ns3:atemp>
            <ns3:hr>142</ns3:hr>
            <ns3:cad>83</ns3:cad>
          </ns3:TrackPointExtension>
        </extensions>
      </trkpt>
      <trkpt lat="25.86047303862869739532470703125" lon="119.571783877909183502197265625">
        <ele>10.19999980926513671875</ele>
        <time>2026-05-09T05:57:12.000Z</time>
        <extensions>
          <ns3:TrackPointExtension>
            <ns3:atemp>24.0</ns3:atemp>
            <ns3:hr>142</ns3:hr>
            <ns3:cad>83</ns3:cad>
          </ns3:TrackPointExtension>
        </extensions>
      </trkpt>
      <trkpt lat="25.86045476607978343963623046875" lon="119.57177423872053623199462890625">
        <ele>10.19999980926513671875</ele>
        <time>2026-05-09T05:57:13.000Z</time>
        <extensions>
          <ns3:TrackPointExtension>
            <ns3:atemp>24.0</ns3:atemp>
            <ns3:hr>143</ns3:hr>
            <ns3:cad>83</ns3:cad>
          </ns3:TrackPointExtension>
        </extensions>
      </trkpt>
      <trkpt lat="25.860433392226696014404296875" lon="119.57176066003739833831787109375">
        <ele>10</ele>
        <time>2026-05-09T05:57:14.000Z</time>
        <extensions>
          <ns3:TrackPointExtension>
            <ns3:atemp>24.0</ns3:atemp>
            <ns3:hr>143</ns3:hr>
            <ns3:cad>83</ns3:cad>
          </ns3:TrackPointExtension>
        </extensions>
      </trkpt>
      <trkpt lat="25.86040950380265712738037109375" lon="119.571743309497833251953125">
        <ele>10</ele>
        <time>2026-05-09T05:57:15.000Z</time>
        <extensions>
          <ns3:TrackPointExtension>
            <ns3:atemp>24.0</ns3:atemp>
            <ns3:hr>144</ns3:hr>
            <ns3:cad>82</ns3:cad>
          </ns3:TrackPointExtension>
        </extensions>
      </trkpt>
      <trkpt lat="25.86039374582469463348388671875" lon="119.571743644773960113525390625">
        <ele>10</ele>
        <time>2026-05-09T05:57:16.000Z</time>
        <extensions>
          <ns3:TrackPointExtension>
            <ns3:atemp>24.0</ns3:atemp>
            <ns3:hr>144</ns3:hr>
            <ns3:cad>82</ns3:cad>
          </ns3:TrackPointExtension>
        </extensions>
      </trkpt>
      <trkpt lat="25.86037178523838520050048828125" lon="119.57172252237796783447265625">
        <ele>10</ele>
        <time>2026-05-09T05:57:17.000Z</time>
        <extensions>
          <ns3:TrackPointExtension>
            <ns3:atemp>24.0</ns3:atemp>
            <ns3:hr>143</ns3:hr>
            <ns3:cad>82</ns3:cad>
          </ns3:TrackPointExtension>
        </extensions>
      </trkpt>
      <trkpt lat="25.86035602726042270660400390625" lon="119.57170642912387847900390625">
        <ele>10.19999980926513671875</ele>
        <time>2026-05-09T05:57:18.000Z</time>
        <extensions>
          <ns3:TrackPointExtension>
            <ns3:atemp>24.0</ns3:atemp>
            <ns3:hr>143</ns3:hr>
            <ns3:cad>82</ns3:cad>
          </ns3:TrackPointExtension>
        </extensions>
      </trkpt>
      <trkpt lat="25.86034328676760196685791015625" lon="119.57169930450618267059326171875">
        <ele>10.19999980926513671875</ele>
        <time>2026-05-09T05:57:19.000Z</time>
        <extensions>
          <ns3:TrackPointExtension>
            <ns3:atemp>24.0</ns3:atemp>
            <ns3:hr>143</ns3:hr>
            <ns3:cad>83</ns3:cad>
          </ns3:TrackPointExtension>
        </extensions>
      </trkpt>
      <trkpt lat="25.86031948216259479522705078125" lon="119.57167985849082469940185546875">
        <ele>10.19999980926513671875</ele>
        <time>2026-05-09T05:57:20.000Z</time>
        <extensions>
          <ns3:TrackPointExtension>
            <ns3:atemp>24.0</ns3:atemp>
            <ns3:hr>143</ns3:hr>
            <ns3:cad>83</ns3:cad>
          </ns3:TrackPointExtension>
        </extensions>
      </trkpt>
      <trkpt lat="25.8603048138320446014404296875" lon="119.57167147658765316009521484375">
        <ele>10.19999980926513671875</ele>
        <time>2026-05-09T05:57:21.000Z</time>
        <extensions>
          <ns3:TrackPointExtension>
            <ns3:atemp>24.0</ns3:atemp>
            <ns3:hr>143</ns3:hr>
            <ns3:cad>82</ns3:cad>
          </ns3:TrackPointExtension>
        </extensions>
      </trkpt>
      <trkpt lat="25.8602803386747837066650390625" lon="119.57165689207613468170166015625">
        <ele>10.19999980926513671875</ele>
        <time>2026-05-09T05:57:22.000Z</time>
        <extensions>
          <ns3:TrackPointExtension>
            <ns3:atemp>24.0</ns3:atemp>
            <ns3:hr>144</ns3:hr>
            <ns3:cad>82</ns3:cad>
          </ns3:TrackPointExtension>
        </extensions>
      </trkpt>
      <trkpt lat="25.860256366431713104248046875" lon="119.57164415158331394195556640625">
        <ele>10.19999980926513671875</ele>
        <time>2026-05-09T05:57:23.000Z</time>
        <extensions>
          <ns3:TrackPointExtension>
            <ns3:atemp>24.0</ns3:atemp>
            <ns3:hr>144</ns3:hr>
            <ns3:cad>82</ns3:cad>
          </ns3:TrackPointExtension>
        </extensions>
      </trkpt>
      <trkpt lat="25.86023951880633831024169921875" lon="119.5716385357081890106201171875">
        <ele>10</ele>
        <time>2026-05-09T05:57:24.000Z</time>
        <extensions>
          <ns3:TrackPointExtension>
            <ns3:atemp>24.0</ns3:atemp>
            <ns3:hr>144</ns3:hr>
            <ns3:cad>82</ns3:cad>
          </ns3:TrackPointExtension>
        </extensions>
      </trkpt>
      <trkpt lat="25.86021152324974536895751953125" lon="119.57162135280668735504150390625">
        <ele>10</ele>
        <time>2026-05-09T05:57:25.000Z</time>
        <extensions>
          <ns3:TrackPointExtension>
            <ns3:atemp>24.0</ns3:atemp>
            <ns3:hr>144</ns3:hr>
            <ns3:cad>82</ns3:cad>
          </ns3:TrackPointExtension>
        </extensions>
      </trkpt>
      <trkpt lat="25.86019291542470455169677734375" lon="119.57160643301904201507568359375">
        <ele>9.80000019073486328125</ele>
        <time>2026-05-09T05:57:26.000Z</time>
        <extensions>
          <ns3:TrackPointExtension>
            <ns3:atemp>24.0</ns3:atemp>
            <ns3:hr>144</ns3:hr>
            <ns3:cad>82</ns3:cad>
          </ns3:TrackPointExtension>
        </extensions>
      </trkpt>
      <trkpt lat="25.86017690598964691162109375" lon="119.5715899206697940826416015625">
        <ele>9.6000003814697265625</ele>
        <time>2026-05-09T05:57:27.000Z</time>
        <extensions>
          <ns3:TrackPointExtension>
            <ns3:atemp>24.0</ns3:atemp>
            <ns3:hr>143</ns3:hr>
            <ns3:cad>82</ns3:cad>
          </ns3:TrackPointExtension>
        </extensions>
      </trkpt>
      <trkpt lat="25.860155113041400909423828125" lon="119.57157307304441928863525390625">
        <ele>9.6000003814697265625</ele>
        <time>2026-05-09T05:57:28.000Z</time>
        <extensions>
          <ns3:TrackPointExtension>
            <ns3:atemp>24.0</ns3:atemp>
            <ns3:hr>144</ns3:hr>
            <ns3:cad>82</ns3:cad>
          </ns3:TrackPointExtension>
        </extensions>
      </trkpt>
      <trkpt lat="25.86013893596827983856201171875" lon="119.57156267948448657989501953125">
        <ele>9.80000019073486328125</ele>
        <time>2026-05-09T05:57:29.000Z</time>
        <extensions>
          <ns3:TrackPointExtension>
            <ns3:atemp>24.0</ns3:atemp>
            <ns3:hr>144</ns3:hr>
            <ns3:cad>82</ns3:cad>
          </ns3:TrackPointExtension>
        </extensions>
      </trkpt>
      <trkpt lat="25.86011789739131927490234375" lon="119.571548514068126678466796875">
        <ele>9.80000019073486328125</ele>
        <time>2026-05-09T05:57:30.000Z</time>
        <extensions>
          <ns3:TrackPointExtension>
            <ns3:atemp>24.0</ns3:atemp>
            <ns3:hr>144</ns3:hr>
            <ns3:cad>82</ns3:cad>
          </ns3:TrackPointExtension>
        </extensions>
      </trkpt>
      <trkpt lat="25.8601006306707859039306640625" lon="119.5715335942804813385009765625">
        <ele>9.80000019073486328125</ele>
        <time>2026-05-09T05:57:31.000Z</time>
        <extensions>
          <ns3:TrackPointExtension>
            <ns3:atemp>24.0</ns3:atemp>
            <ns3:hr>143</ns3:hr>
            <ns3:cad>82</ns3:cad>
          </ns3:TrackPointExtension>
        </extensions>
      </trkpt>
      <trkpt lat="25.86008369922637939453125" lon="119.571527726948261260986328125">
        <ele>9.80000019073486328125</ele>
        <time>2026-05-09T05:57:32.000Z</time>
        <extensions>
          <ns3:TrackPointExtension>
            <ns3:atemp>24.0</ns3:atemp>
            <ns3:hr>144</ns3:hr>
            <ns3:cad>82</ns3:cad>
          </ns3:TrackPointExtension>
        </extensions>
      </trkpt>
      <trkpt lat="25.86005486547946929931640625" lon="119.57150794565677642822265625">
        <ele>9.80000019073486328125</ele>
        <time>2026-05-09T05:57:33.000Z</time>
        <extensions>
          <ns3:TrackPointExtension>
            <ns3:atemp>24.0</ns3:atemp>
            <ns3:hr>144</ns3:hr>
            <ns3:cad>82</ns3:cad>
          </ns3:TrackPointExtension>
        </extensions>
      </trkpt>
      <trkpt lat="25.8600335754454135894775390625" lon="119.5714936964213848114013671875">
        <ele>9.80000019073486328125</ele>
        <time>2026-05-09T05:57:34.000Z</time>
        <extensions>
          <ns3:TrackPointExtension>
            <ns3:atemp>24.0</ns3:atemp>
            <ns3:hr>143</ns3:hr>
            <ns3:cad>82</ns3:cad>
          </ns3:TrackPointExtension>
        </extensions>
      </trkpt>
      <trkpt lat="25.86000734008848667144775390625" lon="119.571478776633739471435546875">
        <ele>9.80000019073486328125</ele>
        <time>2026-05-09T05:57:35.000Z</time>
        <extensions>
          <ns3:TrackPointExtension>
            <ns3:atemp>24.0</ns3:atemp>
            <ns3:hr>144</ns3:hr>
            <ns3:cad>82</ns3:cad>
          </ns3:TrackPointExtension>
        </extensions>
      </trkpt>
      <trkpt lat="25.859985463321208953857421875" lon="119.5714657008647918701171875">
        <ele>9.80000019073486328125</ele>
        <time>2026-05-09T05:57:36.000Z</time>
        <extensions>
          <ns3:TrackPointExtension>
            <ns3:atemp>24.0</ns3:atemp>
            <ns3:hr>144</ns3:hr>
            <ns3:cad>82</ns3:cad>
          </ns3:TrackPointExtension>
        </extensions>
      </trkpt>
      <trkpt lat="25.85996693931519985198974609375" lon="119.5714554749429225921630859375">
        <ele>9.80000019073486328125</ele>
        <time>2026-05-09T05:57:37.000Z</time>
        <extensions>
          <ns3:TrackPointExtension>
            <ns3:atemp>24.0</ns3:atemp>
            <ns3:hr>145</ns3:hr>
            <ns3:cad>83</ns3:cad>
          </ns3:TrackPointExtension>
        </extensions>
      </trkpt>
      <trkpt lat="25.8599390275776386260986328125" lon="119.57143644802272319793701171875">
        <ele>9.80000019073486328125</ele>
        <time>2026-05-09T05:57:38.000Z</time>
        <extensions>
          <ns3:TrackPointExtension>
            <ns3:atemp>24.0</ns3:atemp>
            <ns3:hr>145</ns3:hr>
            <ns3:cad>83</ns3:cad>
          </ns3:TrackPointExtension>
        </extensions>
      </trkpt>
      <trkpt lat="25.859913714230060577392578125" lon="119.571432508528232574462890625">
        <ele>9.80000019073486328125</ele>
        <time>2026-05-09T05:57:39.000Z</time>
        <extensions>
          <ns3:TrackPointExtension>
            <ns3:atemp>24.0</ns3:atemp>
            <ns3:hr>146</ns3:hr>
            <ns3:cad>82</ns3:cad>
          </ns3:TrackPointExtension>
        </extensions>
      </trkpt>
      <trkpt lat="25.85989150218665599822998046875" lon="119.57142571918666362762451171875">
        <ele>9.6000003814697265625</ele>
        <time>2026-05-09T05:57:40.000Z</time>
        <extensions>
          <ns3:TrackPointExtension>
            <ns3:atemp>24.0</ns3:atemp>
            <ns3:hr>146</ns3:hr>
            <ns3:cad>82</ns3:cad>
          </ns3:TrackPointExtension>
        </extensions>
      </trkpt>
      <trkpt lat="25.85986685939133167266845703125" lon="119.57140409387648105621337890625">
        <ele>9.19999980926513671875</ele>
        <time>2026-05-09T05:57:41.000Z</time>
        <extensions>
          <ns3:TrackPointExtension>
            <ns3:atemp>24.0</ns3:atemp>
            <ns3:hr>146</ns3:hr>
            <ns3:cad>82</ns3:cad>
          </ns3:TrackPointExtension>
        </extensions>
      </trkpt>
      <trkpt lat="25.85984422825276851654052734375" lon="119.571401663124561309814453125">
        <ele>9</ele>
        <time>2026-05-09T05:57:42.000Z</time>
        <extensions>
          <ns3:TrackPointExtension>
            <ns3:atemp>24.0</ns3:atemp>
            <ns3:hr>147</ns3:hr>
            <ns3:cad>81</ns3:cad>
          </ns3:TrackPointExtension>
        </extensions>
      </trkpt>
      <trkpt lat="25.85982344113290309906005859375" lon="119.57139722071588039398193359375">
        <ele>8.80000019073486328125</ele>
        <time>2026-05-09T05:57:43.000Z</time>
        <extensions>
          <ns3:TrackPointExtension>
            <ns3:atemp>24.0</ns3:atemp>
            <ns3:hr>147</ns3:hr>
            <ns3:cad>81</ns3:cad>
          </ns3:TrackPointExtension>
        </extensions>
      </trkpt>
      <trkpt lat="25.85979997180402278900146484375" lon="119.57138129509985446929931640625">
        <ele>8.80000019073486328125</ele>
        <time>2026-05-09T05:57:44.000Z</time>
        <extensions>
          <ns3:TrackPointExtension>
            <ns3:atemp>24.0</ns3:atemp>
            <ns3:hr>147</ns3:hr>
            <ns3:cad>81</ns3:cad>
          </ns3:TrackPointExtension>
        </extensions>
      </trkpt>
      <trkpt lat="25.85978270508348941802978515625" lon="119.57137760706245899200439453125">
        <ele>8.6000003814697265625</ele>
        <time>2026-05-09T05:57:45.000Z</time>
        <extensions>
          <ns3:TrackPointExtension>
            <ns3:atemp>24.0</ns3:atemp>
            <ns3:hr>147</ns3:hr>
            <ns3:cad>81</ns3:cad>
          </ns3:TrackPointExtension>
        </extensions>
      </trkpt>
      <trkpt lat="25.85975856520235538482666015625" lon="119.57136268727481365203857421875">
        <ele>8.6000003814697265625</ele>
        <time>2026-05-09T05:57:46.000Z</time>
        <extensions>
          <ns3:TrackPointExtension>
            <ns3:atemp>24.0</ns3:atemp>
            <ns3:hr>147</ns3:hr>
            <ns3:cad>81</ns3:cad>
          </ns3:TrackPointExtension>
        </extensions>
      </trkpt>
      <trkpt lat="25.85973895154893398284912109375" lon="119.57134558819234371185302734375">
        <ele>8.80000019073486328125</ele>
        <time>2026-05-09T05:57:47.000Z</time>
        <extensions>
          <ns3:TrackPointExtension>
            <ns3:atemp>24.0</ns3:atemp>
            <ns3:hr>147</ns3:hr>
            <ns3:cad>81</ns3:cad>
          </ns3:TrackPointExtension>
        </extensions>
      </trkpt>
      <trkpt lat="25.85972084663808345794677734375" lon="119.57134089432656764984130859375">
        <ele>8.80000019073486328125</ele>
        <time>2026-05-09T05:57:48.000Z</time>
        <extensions>
          <ns3:TrackPointExtension>
            <ns3:atemp>24.0</ns3:atemp>
            <ns3:hr>147</ns3:hr>
            <ns3:cad>81</ns3:cad>
          </ns3:TrackPointExtension>
        </extensions>
      </trkpt>
      <trkpt lat="25.859694443643093109130859375" lon="119.57131893374025821685791015625">
        <ele>8.80000019073486328125</ele>
        <time>2026-05-09T05:57:49.000Z</time>
        <extensions>
          <ns3:TrackPointExtension>
            <ns3:atemp>24.0</ns3:atemp>
            <ns3:hr>147</ns3:hr>
            <ns3:cad>82</ns3:cad>
          </ns3:TrackPointExtension>
        </extensions>
      </trkpt>
      <trkpt lat="25.859675668179988861083984375" lon="119.57130904309451580047607421875">
        <ele>8.80000019073486328125</ele>
        <time>2026-05-09T05:57:50.000Z</time>
        <extensions>
          <ns3:TrackPointExtension>
            <ns3:atemp>24.0</ns3:atemp>
            <ns3:hr>147</ns3:hr>
            <ns3:cad>82</ns3:cad>
          </ns3:TrackPointExtension>
        </extensions>
      </trkpt>
      <trkpt lat="25.859660245478153228759765625" lon="119.571307785809040069580078125">
        <ele>8.80000019073486328125</ele>
        <time>2026-05-09T05:57:51.000Z</time>
        <extensions>
          <ns3:TrackPointExtension>
            <ns3:atemp>24.0</ns3:atemp>
            <ns3:hr>147</ns3:hr>
            <ns3:cad>82</ns3:cad>
          </ns3:TrackPointExtension>
        </extensions>
      </trkpt>
      <trkpt lat="25.85963685996830463409423828125" lon="119.57129068672657012939453125">
        <ele>8.80000019073486328125</ele>
        <time>2026-05-09T05:57:52.000Z</time>
        <extensions>
          <ns3:TrackPointExtension>
            <ns3:atemp>24.0</ns3:atemp>
            <ns3:hr>147</ns3:hr>
            <ns3:cad>82</ns3:cad>
          </ns3:TrackPointExtension>
        </extensions>
      </trkpt>
      <trkpt lat="25.85961766541004180908203125" lon="119.57127853296697139739990234375">
        <ele>8.80000019073486328125</ele>
        <time>2026-05-09T05:57:53.000Z</time>
        <extensions>
          <ns3:TrackPointExtension>
            <ns3:atemp>24.0</ns3:atemp>
            <ns3:hr>147</ns3:hr>
            <ns3:cad>82</ns3:cad>
          </ns3:TrackPointExtension>
        </extensions>
      </trkpt>
      <trkpt lat="25.859598219394683837890625" lon="119.571268893778324127197265625">
        <ele>8.6000003814697265625</ele>
        <time>2026-05-09T05:57:54.000Z</time>
        <extensions>
          <ns3:TrackPointExtension>
            <ns3:atemp>24.0</ns3:atemp>
            <ns3:hr>147</ns3:hr>
            <ns3:cad>81</ns3:cad>
          </ns3:TrackPointExtension>
        </extensions>
      </trkpt>
      <trkpt lat="25.8595729060471057891845703125" lon="119.57125707529485225677490234375">
        <ele>8.6000003814697265625</ele>
        <time>2026-05-09T05:57:55.000Z</time>
        <extensions>
          <ns3:TrackPointExtension>
            <ns3:atemp>24.0</ns3:atemp>
            <ns3:hr>147</ns3:hr>
            <ns3:cad>81</ns3:cad>
          </ns3:TrackPointExtension>
        </extensions>
      </trkpt>
      <trkpt lat="25.85955463349819183349609375" lon="119.57125355489552021026611328125">
        <ele>8.6000003814697265625</ele>
        <time>2026-05-09T05:57:56.000Z</time>
        <extensions>
          <ns3:TrackPointExtension>
            <ns3:atemp>24.0</ns3:atemp>
            <ns3:hr>147</ns3:hr>
            <ns3:cad>81</ns3:cad>
          </ns3:TrackPointExtension>
        </extensions>
      </trkpt>
      <trkpt lat="25.859528146684169769287109375" lon="119.5712363719940185546875">
        <ele>8.6000003814697265625</ele>
        <time>2026-05-09T05:57:57.000Z</time>
        <extensions>
          <ns3:TrackPointExtension>
            <ns3:atemp>24.0</ns3:atemp>
            <ns3:hr>147</ns3:hr>
            <ns3:cad>81</ns3:cad>
          </ns3:TrackPointExtension>
        </extensions>
      </trkpt>
      <trkpt lat="25.85951029323041439056396484375" lon="119.57122421823441982269287109375">
        <ele>8.6000003814697265625</ele>
        <time>2026-05-09T05:57:58.000Z</time>
        <extensions>
          <ns3:TrackPointExtension>
            <ns3:atemp>24.0</ns3:atemp>
            <ns3:hr>147</ns3:hr>
            <ns3:cad>82</ns3:cad>
          </ns3:TrackPointExtension>
        </extensions>
      </trkpt>
      <trkpt lat="25.85949285887181758880615234375" lon="119.57122120074927806854248046875">
        <ele>8.6000003814697265625</ele>
        <time>2026-05-09T05:57:59.000Z</time>
        <extensions>
          <ns3:TrackPointExtension>
            <ns3:atemp>24.0</ns3:atemp>
            <ns3:hr>147</ns3:hr>
            <ns3:cad>82</ns3:cad>
          </ns3:TrackPointExtension>
        </extensions>
      </trkpt>
      <trkpt lat="25.85946553386747837066650390625" lon="119.5712060295045375823974609375">
        <ele>8.6000003814697265625</ele>
        <time>2026-05-09T05:58:00.000Z</time>
        <extensions>
          <ns3:TrackPointExtension>
            <ns3:atemp>24.0</ns3:atemp>
            <ns3:hr>147</ns3:hr>
            <ns3:cad>82</ns3:cad>
          </ns3:TrackPointExtension>
        </extensions>
      </trkpt>
      <trkpt lat="25.85944868624210357666015625" lon="119.57119169645011425018310546875">
        <ele>8.6000003814697265625</ele>
        <time>2026-05-09T05:58:01.000Z</time>
        <extensions>
          <ns3:TrackPointExtension>
            <ns3:atemp>24.0</ns3:atemp>
            <ns3:hr>146</ns3:hr>
            <ns3:cad>82</ns3:cad>
          </ns3:TrackPointExtension>
        </extensions>
      </trkpt>
      <trkpt lat="25.85943167097866535186767578125" lon="119.5711818896234035491943359375">
        <ele>8.6000003814697265625</ele>
        <time>2026-05-09T05:58:02.000Z</time>
        <extensions>
          <ns3:TrackPointExtension>
            <ns3:atemp>24.0</ns3:atemp>
            <ns3:hr>147</ns3:hr>
            <ns3:cad>82</ns3:cad>
          </ns3:TrackPointExtension>
        </extensions>
      </trkpt>
      <trkpt lat="25.85940719582140445709228515625" lon="119.57116462290287017822265625">
        <ele>8.3999996185302734375</ele>
        <time>2026-05-09T05:58:03.000Z</time>
        <extensions>
          <ns3:TrackPointExtension>
            <ns3:atemp>24.0</ns3:atemp>
            <ns3:hr>147</ns3:hr>
            <ns3:cad>81</ns3:cad>
          </ns3:TrackPointExtension>
        </extensions>
      </trkpt>
      <trkpt lat="25.85938892327249050140380859375" lon="119.5711594261229038238525390625">
        <ele>8.3999996185302734375</ele>
        <time>2026-05-09T05:58:04.000Z</time>
        <extensions>
          <ns3:TrackPointExtension>
            <ns3:atemp>24.0</ns3:atemp>
            <ns3:hr>146</ns3:hr>
            <ns3:cad>81</ns3:cad>
          </ns3:TrackPointExtension>
        </extensions>
      </trkpt>
      <trkpt lat="25.859367549419403076171875" lon="119.57114676944911479949951171875">
        <ele>8.3999996185302734375</ele>
        <time>2026-05-09T05:58:05.000Z</time>
        <extensions>
          <ns3:TrackPointExtension>
            <ns3:atemp>24.0</ns3:atemp>
            <ns3:hr>147</ns3:hr>
            <ns3:cad>81</ns3:cad>
          </ns3:TrackPointExtension>
        </extensions>
      </trkpt>
      <trkpt lat="25.85934835486114025115966796875" lon="119.57112975418567657470703125">
        <ele>8.3999996185302734375</ele>
        <time>2026-05-09T05:58:06.000Z</time>
        <extensions>
          <ns3:TrackPointExtension>
            <ns3:atemp>24.0</ns3:atemp>
            <ns3:hr>147</ns3:hr>
            <ns3:cad>81</ns3:cad>
          </ns3:TrackPointExtension>
        </extensions>
      </trkpt>
      <trkpt lat="25.859333015978336334228515625" lon="119.57112162373960018157958984375">
        <ele>8.3999996185302734375</ele>
        <time>2026-05-09T05:58:07.000Z</time>
        <extensions>
          <ns3:TrackPointExtension>
            <ns3:atemp>24.0</ns3:atemp>
            <ns3:hr>147</ns3:hr>
            <ns3:cad>81</ns3:cad>
          </ns3:TrackPointExtension>
        </extensions>
      </trkpt>
      <trkpt lat="25.85931113921105861663818359375" lon="119.57110402174293994903564453125">
        <ele>8.3999996185302734375</ele>
        <time>2026-05-09T05:58:08.000Z</time>
        <extensions>
          <ns3:TrackPointExtension>
            <ns3:atemp>24.0</ns3:atemp>
            <ns3:hr>147</ns3:hr>
            <ns3:cad>81</ns3:cad>
          </ns3:TrackPointExtension>
        </extensions>
      </trkpt>
      <trkpt lat="25.85929253138601779937744140625" lon="119.5710903592407703399658203125">
        <ele>8.3999996185302734375</ele>
        <time>2026-05-09T05:58:09.000Z</time>
        <extensions>
          <ns3:TrackPointExtension>
            <ns3:atemp>24.0</ns3:atemp>
            <ns3:hr>146</ns3:hr>
            <ns3:cad>82</ns3:cad>
          </ns3:TrackPointExtension>
        </extensions>
      </trkpt>
      <trkpt lat="25.8592805452644824981689453125" lon="119.57108943723142147064208984375">
        <ele>8.3999996185302734375</ele>
        <time>2026-05-09T05:58:10.000Z</time>
        <extensions>
          <ns3:TrackPointExtension>
            <ns3:atemp>24.0</ns3:atemp>
            <ns3:hr>147</ns3:hr>
            <ns3:cad>82</ns3:cad>
          </ns3:TrackPointExtension>
        </extensions>
      </trkpt>
      <trkpt lat="25.85926101543009281158447265625" lon="119.57107745110988616943359375">
        <ele>8.3999996185302734375</ele>
        <time>2026-05-09T05:58:11.000Z</time>
        <extensions>
          <ns3:TrackPointExtension>
            <ns3:atemp>24.0</ns3:atemp>
            <ns3:hr>147</ns3:hr>
            <ns3:cad>81</ns3:cad>
          </ns3:TrackPointExtension>
        </extensions>
      </trkpt>
      <trkpt lat="25.8592466823756694793701171875" lon="119.5710658840835094451904296875">
        <ele>8.3999996185302734375</ele>
        <time>2026-05-09T05:58:12.000Z</time>
        <extensions>
          <ns3:TrackPointExtension>
            <ns3:atemp>24.0</ns3:atemp>
            <ns3:hr>147</ns3:hr>
            <ns3:cad>81</ns3:cad>
          </ns3:TrackPointExtension>
        </extensions>
      </trkpt>
      <trkpt lat="25.85923276841640472412109375" lon="119.57106177695095539093017578125">
        <ele>8.3999996185302734375</ele>
        <time>2026-05-09T05:58:13.000Z</time>
        <extensions>
          <ns3:TrackPointExtension>
            <ns3:atemp>24.0</ns3:atemp>
            <ns3:hr>146</ns3:hr>
            <ns3:cad>81</ns3:cad>
          </ns3:TrackPointExtension>
        </extensions>
      </trkpt>
      <trkpt lat="25.85921105928719043731689453125" lon="119.5710424147546291351318359375">
        <ele>8.19999980926513671875</ele>
        <time>2026-05-09T05:58:14.000Z</time>
        <extensions>
          <ns3:TrackPointExtension>
            <ns3:atemp>24.0</ns3:atemp>
            <ns3:hr>147</ns3:hr>
            <ns3:cad>81</ns3:cad>
          </ns3:TrackPointExtension>
        </extensions>
      </trkpt>
      <trkpt lat="25.85919521749019622802734375" lon="119.57103461958467960357666015625">
        <ele>8.19999980926513671875</ele>
        <time>2026-05-09T05:58:15.000Z</time>
        <extensions>
          <ns3:TrackPointExtension>
            <ns3:atemp>24.0</ns3:atemp>
            <ns3:hr>147</ns3:hr>
            <ns3:cad>81</ns3:cad>
          </ns3:TrackPointExtension>
        </extensions>
      </trkpt>
      <trkpt lat="25.85917920805513858795166015625" lon="119.571022801101207733154296875">
        <ele>8</ele>
        <time>2026-05-09T05:58:16.000Z</time>
        <extensions>
          <ns3:TrackPointExtension>
            <ns3:atemp>24.0</ns3:atemp>
            <ns3:hr>146</ns3:hr>
            <ns3:cad>78</ns3:cad>
          </ns3:TrackPointExtension>
        </extensions>
      </trkpt>
      <trkpt lat="25.85915842093527317047119140625" lon="119.5710058696568012237548828125">
        <ele>7.80000019073486328125</ele>
        <time>2026-05-09T05:58:17.000Z</time>
        <extensions>
          <ns3:TrackPointExtension>
            <ns3:atemp>24.0</ns3:atemp>
            <ns3:hr>146</ns3:hr>
            <ns3:cad>78</ns3:cad>
          </ns3:TrackPointExtension>
        </extensions>
      </trkpt>
      <trkpt lat="25.8591447584331035614013671875" lon="119.57100628875195980072021484375">
        <ele>7.80000019073486328125</ele>
        <time>2026-05-09T05:58:18.000Z</time>
        <extensions>
          <ns3:TrackPointExtension>
            <ns3:atemp>24.0</ns3:atemp>
            <ns3:hr>146</ns3:hr>
            <ns3:cad>78</ns3:cad>
          </ns3:TrackPointExtension>
        </extensions>
      </trkpt>
      <trkpt lat="25.85911952890455722808837890625" lon="119.57098893821239471435546875">
        <ele>7.80000019073486328125</ele>
        <time>2026-05-09T05:58:19.000Z</time>
        <extensions>
          <ns3:TrackPointExtension>
            <ns3:atemp>24.0</ns3:atemp>
            <ns3:hr>146</ns3:hr>
            <ns3:cad>81</ns3:cad>
          </ns3:TrackPointExtension>
        </extensions>
      </trkpt>
      <trkpt lat="25.8591001667082309722900390625" lon="119.57097510807216167449951171875">
        <ele>7.80000019073486328125</ele>
        <time>2026-05-09T05:58:20.000Z</time>
        <extensions>
          <ns3:TrackPointExtension>
            <ns3:atemp>24.0</ns3:atemp>
            <ns3:hr>146</ns3:hr>
            <ns3:cad>81</ns3:cad>
          </ns3:TrackPointExtension>
        </extensions>
      </trkpt>
      <trkpt lat="25.85907963104546070098876953125" lon="119.57096907310187816619873046875">
        <ele>7.80000019073486328125</ele>
        <time>2026-05-09T05:58:21.000Z</time>
        <extensions>
          <ns3:TrackPointExtension>
            <ns3:atemp>24.0</ns3:atemp>
            <ns3:hr>146</ns3:hr>
            <ns3:cad>81</ns3:cad>
          </ns3:TrackPointExtension>
        </extensions>
      </trkpt>
      <trkpt lat="25.85905800573527812957763671875" lon="119.5709549076855182647705078125">
        <ele>7.80000019073486328125</ele>
        <time>2026-05-09T05:58:22.000Z</time>
        <extensions>
          <ns3:TrackPointExtension>
            <ns3:atemp>24.0</ns3:atemp>
            <ns3:hr>145</ns3:hr>
            <ns3:cad>82</ns3:cad>
          </ns3:TrackPointExtension>
        </extensions>
      </trkpt>
      <trkpt lat="25.85904409177601337432861328125" lon="119.57095348276197910308837890625">
        <ele>7.80000019073486328125</ele>
        <time>2026-05-09T05:58:23.000Z</time>
        <extensions>
          <ns3:TrackPointExtension>
            <ns3:atemp>24.0</ns3:atemp>
            <ns3:hr>146</ns3:hr>
            <ns3:cad>83</ns3:cad>
          </ns3:TrackPointExtension>
        </extensions>
      </trkpt>
      <trkpt lat="25.85902246646583080291748046875" lon="119.57093806006014347076416015625">
        <ele>7.80000019073486328125</ele>
        <time>2026-05-09T05:58:24.000Z</time>
        <extensions>
          <ns3:TrackPointExtension>
            <ns3:atemp>24.0</ns3:atemp>
            <ns3:hr>146</ns3:hr>
            <ns3:cad>83</ns3:cad>
          </ns3:TrackPointExtension>
        </extensions>
      </trkpt>
      <trkpt lat="25.85900612175464630126953125" lon="119.57092054188251495361328125">
        <ele>7.80000019073486328125</ele>
        <time>2026-05-09T05:58:25.000Z</time>
        <extensions>
          <ns3:TrackPointExtension>
            <ns3:atemp>24.0</ns3:atemp>
            <ns3:hr>145</ns3:hr>
            <ns3:cad>83</ns3:cad>
          </ns3:TrackPointExtension>
        </extensions>
      </trkpt>
      <trkpt lat="25.8589933812618255615234375" lon="119.5709185302257537841796875">
        <ele>7.80000019073486328125</ele>
        <time>2026-05-09T05:58:26.000Z</time>
        <extensions>
          <ns3:TrackPointExtension>
            <ns3:atemp>24.0</ns3:atemp>
            <ns3:hr>145</ns3:hr>
            <ns3:cad>83</ns3:cad>
          </ns3:TrackPointExtension>
        </extensions>
      </trkpt>
      <trkpt lat="25.85897804237902164459228515625" lon="119.57090637646615505218505859375">
        <ele>7.80000019073486328125</ele>
        <time>2026-05-09T05:58:27.000Z</time>
        <extensions>
          <ns3:TrackPointExtension>
            <ns3:atemp>24.0</ns3:atemp>
            <ns3:hr>145</ns3:hr>
            <ns3:cad>83</ns3:cad>
          </ns3:TrackPointExtension>
        </extensions>
      </trkpt>
      <trkpt lat="25.8589623682200908660888671875" lon="119.5708890259265899658203125">
        <ele>8</ele>
        <time>2026-05-09T05:58:28.000Z</time>
        <extensions>
          <ns3:TrackPointExtension>
            <ns3:atemp>24.0</ns3:atemp>
            <ns3:hr>145</ns3:hr>
            <ns3:cad>82</ns3:cad>
          </ns3:TrackPointExtension>
        </extensions>
      </trkpt>
      <trkpt lat="25.85894937627017498016357421875" lon="119.57088768482208251953125">
        <ele>8</ele>
        <time>2026-05-09T05:58:29.000Z</time>
        <extensions>
          <ns3:TrackPointExtension>
            <ns3:atemp>24.0</ns3:atemp>
            <ns3:hr>144</ns3:hr>
            <ns3:cad>81</ns3:cad>
          </ns3:TrackPointExtension>
        </extensions>
      </trkpt>
      <trkpt lat="25.858928002417087554931640625" lon="119.57087804563343524932861328125">
        <ele>8</ele>
        <time>2026-05-09T05:58:30.000Z</time>
        <extensions>
          <ns3:TrackPointExtension>
            <ns3:atemp>24.0</ns3:atemp>
            <ns3:hr>144</ns3:hr>
            <ns3:cad>81</ns3:cad>
          </ns3:TrackPointExtension>
        </extensions>
      </trkpt>
      <trkpt lat="25.8589088916778564453125" lon="119.57086396403610706329345703125">
        <ele>8</ele>
        <time>2026-05-09T05:58:31.000Z</time>
        <extensions>
          <ns3:TrackPointExtension>
            <ns3:atemp>24.0</ns3:atemp>
            <ns3:hr>143</ns3:hr>
            <ns3:cad>79</ns3:cad>
          </ns3:TrackPointExtension>
        </extensions>
      </trkpt>
      <trkpt lat="25.85889020003378391265869140625" lon="119.5708630420267581939697265625">
        <ele>8</ele>
        <time>2026-05-09T05:58:32.000Z</time>
        <extensions>
          <ns3:TrackPointExtension>
            <ns3:atemp>24.0</ns3:atemp>
            <ns3:hr>143</ns3:hr>
            <ns3:cad>79</ns3:cad>
          </ns3:TrackPointExtension>
        </extensions>
      </trkpt>
      <trkpt lat="25.8588646352291107177734375" lon="119.57085055299103260040283203125">
        <ele>7.80000019073486328125</ele>
        <time>2026-05-09T05:58:33.000Z</time>
        <extensions>
          <ns3:TrackPointExtension>
            <ns3:atemp>24.0</ns3:atemp>
            <ns3:hr>143</ns3:hr>
            <ns3:cad>79</ns3:cad>
          </ns3:TrackPointExtension>
        </extensions>
      </trkpt>
      <trkpt lat="25.85884845815598964691162109375" lon="119.57083781249821186065673828125">
        <ele>8</ele>
        <time>2026-05-09T05:58:34.000Z</time>
        <extensions>
          <ns3:TrackPointExtension>
            <ns3:atemp>24.0</ns3:atemp>
            <ns3:hr>144</ns3:hr>
            <ns3:cad>80</ns3:cad>
          </ns3:TrackPointExtension>
        </extensions>
      </trkpt>
      <trkpt lat="25.8588295988738536834716796875" lon="119.5708338730037212371826171875">
        <ele>8</ele>
        <time>2026-05-09T05:58:35.000Z</time>
        <extensions>
          <ns3:TrackPointExtension>
            <ns3:atemp>24.0</ns3:atemp>
            <ns3:hr>145</ns3:hr>
            <ns3:cad>81</ns3:cad>
          </ns3:TrackPointExtension>
        </extensions>
      </trkpt>
      <trkpt lat="25.8588054589927196502685546875" lon="119.570815265178680419921875">
        <ele>8</ele>
        <time>2026-05-09T05:58:36.000Z</time>
        <extensions>
          <ns3:TrackPointExtension>
            <ns3:atemp>24.0</ns3:atemp>
            <ns3:hr>145</ns3:hr>
            <ns3:cad>81</ns3:cad>
          </ns3:TrackPointExtension>
        </extensions>
      </trkpt>
      <trkpt lat="25.85878693498671054840087890625" lon="119.57080445252358913421630859375">
        <ele>7.80000019073486328125</ele>
        <time>2026-05-09T05:58:37.000Z</time>
        <extensions>
          <ns3:TrackPointExtension>
            <ns3:atemp>24.0</ns3:atemp>
            <ns3:hr>146</ns3:hr>
            <ns3:cad>81</ns3:cad>
          </ns3:TrackPointExtension>
        </extensions>
      </trkpt>
      <trkpt lat="25.85876832716166973114013671875" lon="119.57079942338168621063232421875">
        <ele>7.80000019073486328125</ele>
        <time>2026-05-09T05:58:38.000Z</time>
        <extensions>
          <ns3:TrackPointExtension>
            <ns3:atemp>24.0</ns3:atemp>
            <ns3:hr>146</ns3:hr>
            <ns3:cad>81</ns3:cad>
          </ns3:TrackPointExtension>
        </extensions>
      </trkpt>
      <trkpt lat="25.85874670185148715972900390625" lon="119.57078701816499233245849609375">
        <ele>7.80000019073486328125</ele>
        <time>2026-05-09T05:58:39.000Z</time>
        <extensions>
          <ns3:TrackPointExtension>
            <ns3:atemp>24.0</ns3:atemp>
            <ns3:hr>146</ns3:hr>
            <ns3:cad>81</ns3:cad>
          </ns3:TrackPointExtension>
        </extensions>
      </trkpt>
      <trkpt lat="25.85872658528387546539306640625" lon="119.57077863626182079315185546875">
        <ele>8</ele>
        <time>2026-05-09T05:58:40.000Z</time>
        <extensions>
          <ns3:TrackPointExtension>
            <ns3:atemp>24.0</ns3:atemp>
            <ns3:hr>145</ns3:hr>
            <ns3:cad>80</ns3:cad>
          </ns3:TrackPointExtension>
        </extensions>
      </trkpt>
      <trkpt lat="25.85870060138404369354248046875" lon="119.57076371647417545318603515625">
        <ele>7.80000019073486328125</ele>
        <time>2026-05-09T05:58:41.000Z</time>
        <extensions>
          <ns3:TrackPointExtension>
            <ns3:atemp>24.0</ns3:atemp>
            <ns3:hr>145</ns3:hr>
            <ns3:cad>81</ns3:cad>
          </ns3:TrackPointExtension>
        </extensions>
      </trkpt>
      <trkpt lat="25.8586804009974002838134765625" lon="119.57074510864913463592529296875">
        <ele>7.80000019073486328125</ele>
        <time>2026-05-09T05:58:42.000Z</time>
        <extensions>
          <ns3:TrackPointExtension>
            <ns3:atemp>24.0</ns3:atemp>
            <ns3:hr>145</ns3:hr>
            <ns3:cad>81</ns3:cad>
          </ns3:TrackPointExtension>
        </extensions>
      </trkpt>
      <trkpt lat="25.858662463724613189697265625" lon="119.5707436837255954742431640625">
        <ele>7.80000019073486328125</ele>
        <time>2026-05-09T05:58:43.000Z</time>
        <extensions>
          <ns3:TrackPointExtension>
            <ns3:atemp>24.0</ns3:atemp>
            <ns3:hr>145</ns3:hr>
            <ns3:cad>81</ns3:cad>
          </ns3:TrackPointExtension>
        </extensions>
      </trkpt>
      <trkpt lat="25.858638323843479156494140625" lon="119.570718370378017425537109375">
        <ele>7.80000019073486328125</ele>
        <time>2026-05-09T05:58:44.000Z</time>
        <extensions>
          <ns3:TrackPointExtension>
            <ns3:atemp>24.0</ns3:atemp>
            <ns3:hr>145</ns3:hr>
            <ns3:cad>81</ns3:cad>
          </ns3:TrackPointExtension>
        </extensions>
      </trkpt>
      <trkpt lat="25.8586210571229457855224609375" lon="119.57070194184780120849609375">
        <ele>7.599999904632568359375</ele>
        <time>2026-05-09T05:58:45.000Z</time>
        <extensions>
          <ns3:TrackPointExtension>
            <ns3:atemp>24.0</ns3:atemp>
            <ns3:hr>145</ns3:hr>
            <ns3:cad>81</ns3:cad>
          </ns3:TrackPointExtension>
        </extensions>
      </trkpt>
      <trkpt lat="25.8586049638688564300537109375" lon="119.57069381140172481536865234375">
        <ele>7.599999904632568359375</ele>
        <time>2026-05-09T05:58:46.000Z</time>
        <extensions>
          <ns3:TrackPointExtension>
            <ns3:atemp>24.0</ns3:atemp>
            <ns3:hr>145</ns3:hr>
            <ns3:cad>81</ns3:cad>
          </ns3:TrackPointExtension>
        </extensions>
      </trkpt>
      <trkpt lat="25.8585811592638492584228515625" lon="119.5706732757389545440673828125">
        <ele>7.599999904632568359375</ele>
        <time>2026-05-09T05:58:47.000Z</time>
        <extensions>
          <ns3:TrackPointExtension>
            <ns3:atemp>24.0</ns3:atemp>
            <ns3:hr>144</ns3:hr>
            <ns3:cad>82</ns3:cad>
          </ns3:TrackPointExtension>
        </extensions>
      </trkpt>
      <trkpt lat="25.85856146179139614105224609375" lon="119.57066481001675128936767578125">
        <ele>7.400000095367431640625</ele>
        <time>2026-05-09T05:58:48.000Z</time>
        <extensions>
          <ns3:TrackPointExtension>
            <ns3:atemp>24.0</ns3:atemp>
            <ns3:hr>144</ns3:hr>
            <ns3:cad>82</ns3:cad>
          </ns3:TrackPointExtension>
        </extensions>
      </trkpt>
      <trkpt lat="25.8585369028151035308837890625" lon="119.5706467889249324798583984375">
        <ele>7.400000095367431640625</ele>
        <time>2026-05-09T05:58:49.000Z</time>
        <extensions>
          <ns3:TrackPointExtension>
            <ns3:atemp>24.0</ns3:atemp>
            <ns3:hr>145</ns3:hr>
            <ns3:cad>82</ns3:cad>
          </ns3:TrackPointExtension>
        </extensions>
      </trkpt>
      <trkpt lat="25.858514606952667236328125" lon="119.57063228823244571685791015625">
        <ele>7.599999904632568359375</ele>
        <time>2026-05-09T05:58:50.000Z</time>
        <extensions>
          <ns3:TrackPointExtension>
            <ns3:atemp>24.0</ns3:atemp>
            <ns3:hr>145</ns3:hr>
            <ns3:cad>81</ns3:cad>
          </ns3:TrackPointExtension>
        </extensions>
      </trkpt>
      <trkpt lat="25.85849516093730926513671875" lon="119.570629186928272247314453125">
        <ele>7.599999904632568359375</ele>
        <time>2026-05-09T05:58:51.000Z</time>
        <extensions>
          <ns3:TrackPointExtension>
            <ns3:atemp>24.0</ns3:atemp>
            <ns3:hr>145</ns3:hr>
            <ns3:cad>81</ns3:cad>
          </ns3:TrackPointExtension>
        </extensions>
      </trkpt>
      <trkpt lat="25.85846758447587490081787109375" lon="119.5706122554838657379150390625">
        <ele>7.599999904632568359375</ele>
        <time>2026-05-09T05:58:52.000Z</time>
        <extensions>
          <ns3:TrackPointExtension>
            <ns3:atemp>24.0</ns3:atemp>
            <ns3:hr>145</ns3:hr>
            <ns3:cad>82</ns3:cad>
          </ns3:TrackPointExtension>
        </extensions>
      </trkpt>
      <trkpt lat="25.858447551727294921875" lon="119.57059892825782299041748046875">
        <ele>7.599999904632568359375</ele>
        <time>2026-05-09T05:58:53.000Z</time>
        <extensions>
          <ns3:TrackPointExtension>
            <ns3:atemp>24.0</ns3:atemp>
            <ns3:hr>145</ns3:hr>
            <ns3:cad>83</ns3:cad>
          </ns3:TrackPointExtension>
        </extensions>
      </trkpt>
      <trkpt lat="25.8584309555590152740478515625" lon="119.570592306554317474365234375">
        <ele>7.599999904632568359375</ele>
        <time>2026-05-09T05:58:54.000Z</time>
        <extensions>
          <ns3:TrackPointExtension>
            <ns3:atemp>24.0</ns3:atemp>
            <ns3:hr>145</ns3:hr>
            <ns3:cad>83</ns3:cad>
          </ns3:TrackPointExtension>
        </extensions>
      </trkpt>
      <trkpt lat="25.8584074862301349639892578125" lon="119.57057378254830837249755859375">
        <ele>7.400000095367431640625</ele>
        <time>2026-05-09T05:58:55.000Z</time>
        <extensions>
          <ns3:TrackPointExtension>
            <ns3:atemp>24.0</ns3:atemp>
            <ns3:hr>145</ns3:hr>
            <ns3:cad>83</ns3:cad>
          </ns3:TrackPointExtension>
        </extensions>
      </trkpt>
      <trkpt lat="25.85839047096669673919677734375" lon="119.5705671608448028564453125">
        <ele>7.400000095367431640625</ele>
        <time>2026-05-09T05:58:56.000Z</time>
        <extensions>
          <ns3:TrackPointExtension>
            <ns3:atemp>24.0</ns3:atemp>
            <ns3:hr>146</ns3:hr>
            <ns3:cad>83</ns3:cad>
          </ns3:TrackPointExtension>
        </extensions>
      </trkpt>
      <trkpt lat="25.85836800746619701385498046875" lon="119.57055601291358470916748046875">
        <ele>7.400000095367431640625</ele>
        <time>2026-05-09T05:58:57.000Z</time>
        <extensions>
          <ns3:TrackPointExtension>
            <ns3:atemp>24.0</ns3:atemp>
            <ns3:hr>145</ns3:hr>
            <ns3:cad>83</ns3:cad>
          </ns3:TrackPointExtension>
        </extensions>
      </trkpt>
      <trkpt lat="25.85834956727921962738037109375" lon="119.5705395005643367767333984375">
        <ele>7.400000095367431640625</ele>
        <time>2026-05-09T05:58:58.000Z</time>
        <extensions>
          <ns3:TrackPointExtension>
            <ns3:atemp>24.0</ns3:atemp>
            <ns3:hr>145</ns3:hr>
            <ns3:cad>81</ns3:cad>
          </ns3:TrackPointExtension>
        </extensions>
      </trkpt>
      <trkpt lat="25.85833347402513027191162109375" lon="119.5705351419746875762939453125">
        <ele>7.19999980926513671875</ele>
        <time>2026-05-09T05:58:59.000Z</time>
        <extensions>
          <ns3:TrackPointExtension>
            <ns3:atemp>24.0</ns3:atemp>
            <ns3:hr>145</ns3:hr>
            <ns3:cad>81</ns3:cad>
          </ns3:TrackPointExtension>
        </extensions>
      </trkpt>
      <trkpt lat="25.85831184871494770050048828125" lon="119.57051930017769336700439453125">
        <ele>7.19999980926513671875</ele>
        <time>2026-05-09T05:59:00.000Z</time>
        <extensions>
          <ns3:TrackPointExtension>
            <ns3:atemp>24.0</ns3:atemp>
            <ns3:hr>145</ns3:hr>
            <ns3:cad>81</ns3:cad>
          </ns3:TrackPointExtension>
        </extensions>
      </trkpt>
      <trkpt lat="25.8582911454141139984130859375" lon="119.57050211727619171142578125">
        <ele>7.400000095367431640625</ele>
        <time>2026-05-09T05:59:01.000Z</time>
        <extensions>
          <ns3:TrackPointExtension>
            <ns3:atemp>24.0</ns3:atemp>
            <ns3:hr>145</ns3:hr>
            <ns3:cad>81</ns3:cad>
          </ns3:TrackPointExtension>
        </extensions>
      </trkpt>
      <trkpt lat="25.85827656090259552001953125" lon="119.57049683667719364166259765625">
        <ele>7.400000095367431640625</ele>
        <time>2026-05-09T05:59:02.000Z</time>
        <extensions>
          <ns3:TrackPointExtension>
            <ns3:atemp>24.0</ns3:atemp>
            <ns3:hr>145</ns3:hr>
            <ns3:cad>81</ns3:cad>
          </ns3:TrackPointExtension>
        </extensions>
      </trkpt>
      <trkpt lat="25.858254767954349517822265625" lon="119.5704811625182628631591796875">
        <ele>7.400000095367431640625</ele>
        <time>2026-05-09T05:59:03.000Z</time>
        <extensions>
          <ns3:TrackPointExtension>
            <ns3:atemp>24.0</ns3:atemp>
            <ns3:hr>145</ns3:hr>
            <ns3:cad>81</ns3:cad>
          </ns3:TrackPointExtension>
        </extensions>
      </trkpt>
      <trkpt lat="25.85824160836637020111083984375" lon="119.57046314142644405364990234375">
        <ele>7.400000095367431640625</ele>
        <time>2026-05-09T05:59:04.000Z</time>
        <extensions>
          <ns3:TrackPointExtension>
            <ns3:atemp>24.0</ns3:atemp>
            <ns3:hr>145</ns3:hr>
            <ns3:cad>81</ns3:cad>
          </ns3:TrackPointExtension>
        </extensions>
      </trkpt>
      <trkpt lat="25.8582224138081073760986328125" lon="119.57045140676200389862060546875">
        <ele>7.400000095367431640625</ele>
        <time>2026-05-09T05:59:05.000Z</time>
        <extensions>
          <ns3:TrackPointExtension>
            <ns3:atemp>24.0</ns3:atemp>
            <ns3:hr>145</ns3:hr>
            <ns3:cad>82</ns3:cad>
          </ns3:TrackPointExtension>
        </extensions>
      </trkpt>
      <trkpt lat="25.85819542407989501953125" lon="119.57043363712728023529052734375">
        <ele>7.599999904632568359375</ele>
        <time>2026-05-09T05:59:06.000Z</time>
        <extensions>
          <ns3:TrackPointExtension>
            <ns3:atemp>24.0</ns3:atemp>
            <ns3:hr>145</ns3:hr>
            <ns3:cad>82</ns3:cad>
          </ns3:TrackPointExtension>
        </extensions>
      </trkpt>
      <trkpt lat="25.85817522369325160980224609375" lon="119.570429027080535888671875">
        <ele>7.599999904632568359375</ele>
        <time>2026-05-09T05:59:07.000Z</time>
        <extensions>
          <ns3:TrackPointExtension>
            <ns3:atemp>24.0</ns3:atemp>
            <ns3:hr>145</ns3:hr>
            <ns3:cad>82</ns3:cad>
          </ns3:TrackPointExtension>
        </extensions>
      </trkpt>
      <trkpt lat="25.85814781486988067626953125" lon="119.5704154483973979949951171875">
        <ele>7.80000019073486328125</ele>
        <time>2026-05-09T05:59:08.000Z</time>
        <extensions>
          <ns3:TrackPointExtension>
            <ns3:atemp>24.0</ns3:atemp>
            <ns3:hr>146</ns3:hr>
            <ns3:cad>82</ns3:cad>
          </ns3:TrackPointExtension>
        </extensions>
      </trkpt>
      <trkpt lat="25.85812509991228580474853515625" lon="119.57040178589522838592529296875">
        <ele>8</ele>
        <time>2026-05-09T05:59:09.000Z</time>
        <extensions>
          <ns3:TrackPointExtension>
            <ns3:atemp>24.0</ns3:atemp>
            <ns3:hr>146</ns3:hr>
            <ns3:cad>82</ns3:cad>
          </ns3:TrackPointExtension>
        </extensions>
      </trkpt>
      <trkpt lat="25.85810699500143527984619140625" lon="119.57039751112461090087890625">
        <ele>8</ele>
        <time>2026-05-09T05:59:10.000Z</time>
        <extensions>
          <ns3:TrackPointExtension>
            <ns3:atemp>24.0</ns3:atemp>
            <ns3:hr>146</ns3:hr>
            <ns3:cad>82</ns3:cad>
          </ns3:TrackPointExtension>
        </extensions>
      </trkpt>
      <trkpt lat="25.85807950235903263092041015625" lon="119.5703789032995700836181640625">
        <ele>8.19999980926513671875</ele>
        <time>2026-05-09T05:59:11.000Z</time>
        <extensions>
          <ns3:TrackPointExtension>
            <ns3:atemp>24.0</ns3:atemp>
            <ns3:hr>146</ns3:hr>
            <ns3:cad>82</ns3:cad>
          </ns3:TrackPointExtension>
        </extensions>
      </trkpt>
      <trkpt lat="25.85806223563849925994873046875" lon="119.5703664980828762054443359375">
        <ele>8.19999980926513671875</ele>
        <time>2026-05-09T05:59:12.000Z</time>
        <extensions>
          <ns3:TrackPointExtension>
            <ns3:atemp>24.0</ns3:atemp>
            <ns3:hr>146</ns3:hr>
            <ns3:cad>82</ns3:cad>
          </ns3:TrackPointExtension>
        </extensions>
      </trkpt>
      <trkpt lat="25.8580416999757289886474609375" lon="119.57036272622644901275634765625">
        <ele>8.19999980926513671875</ele>
        <time>2026-05-09T05:59:13.000Z</time>
        <extensions>
          <ns3:TrackPointExtension>
            <ns3:atemp>24.0</ns3:atemp>
            <ns3:hr>146</ns3:hr>
            <ns3:cad>82</ns3:cad>
          </ns3:TrackPointExtension>
        </extensions>
      </trkpt>
      <trkpt lat="25.85801512934267520904541015625" lon="119.5703470520675182342529296875">
        <ele>8.19999980926513671875</ele>
        <time>2026-05-09T05:59:14.000Z</time>
        <extensions>
          <ns3:TrackPointExtension>
            <ns3:atemp>24.0</ns3:atemp>
            <ns3:hr>147</ns3:hr>
            <ns3:cad>82</ns3:cad>
          </ns3:TrackPointExtension>
        </extensions>
      </trkpt>
      <trkpt lat="25.85799627006053924560546875" lon="119.57033716142177581787109375">
        <ele>8.19999980926513671875</ele>
        <time>2026-05-09T05:59:15.000Z</time>
        <extensions>
          <ns3:TrackPointExtension>
            <ns3:atemp>24.0</ns3:atemp>
            <ns3:hr>147</ns3:hr>
            <ns3:cad>82</ns3:cad>
          </ns3:TrackPointExtension>
        </extensions>
      </trkpt>
      <trkpt lat="25.85797791369259357452392578125" lon="119.5703279413282871246337890625">
        <ele>8.19999980926513671875</ele>
        <time>2026-05-09T05:59:16.000Z</time>
        <extensions>
          <ns3:TrackPointExtension>
            <ns3:atemp>24.0</ns3:atemp>
            <ns3:hr>147</ns3:hr>
            <ns3:cad>82</ns3:cad>
          </ns3:TrackPointExtension>
        </extensions>
      </trkpt>
      <trkpt lat="25.85795310325920581817626953125" lon="119.570320732891559600830078125">
        <ele>8.19999980926513671875</ele>
        <time>2026-05-09T05:59:17.000Z</time>
        <extensions>
          <ns3:TrackPointExtension>
            <ns3:atemp>24.0</ns3:atemp>
            <ns3:hr>147</ns3:hr>
            <ns3:cad>82</ns3:cad>
          </ns3:TrackPointExtension>
        </extensions>
      </trkpt>
      <trkpt lat="25.8579374291002750396728515625" lon="119.5703202299773693084716796875">
        <ele>8.19999980926513671875</ele>
        <time>2026-05-09T05:59:18.000Z</time>
        <extensions>
          <ns3:TrackPointExtension>
            <ns3:atemp>24.0</ns3:atemp>
            <ns3:hr>148</ns3:hr>
            <ns3:cad>81</ns3:cad>
          </ns3:TrackPointExtension>
        </extensions>
      </trkpt>
      <trkpt lat="25.85791647434234619140625" lon="119.57031126134097576141357421875">
        <ele>8.19999980926513671875</ele>
        <time>2026-05-09T05:59:19.000Z</time>
        <extensions>
          <ns3:TrackPointExtension>
            <ns3:atemp>24.0</ns3:atemp>
            <ns3:hr>148</ns3:hr>
            <ns3:cad>81</ns3:cad>
          </ns3:TrackPointExtension>
        </extensions>
      </trkpt>
      <trkpt lat="25.85789845325052738189697265625" lon="119.570304639637470245361328125">
        <ele>8.19999980926513671875</ele>
        <time>2026-05-09T05:59:20.000Z</time>
        <extensions>
          <ns3:TrackPointExtension>
            <ns3:atemp>24.0</ns3:atemp>
            <ns3:hr>148</ns3:hr>
            <ns3:cad>81</ns3:cad>
          </ns3:TrackPointExtension>
        </extensions>
      </trkpt>
      <trkpt lat="25.85788336582481861114501953125" lon="119.5703078247606754302978515625">
        <ele>8.19999980926513671875</ele>
        <time>2026-05-09T05:59:21.000Z</time>
        <extensions>
          <ns3:TrackPointExtension>
            <ns3:atemp>24.0</ns3:atemp>
            <ns3:hr>148</ns3:hr>
            <ns3:cad>81</ns3:cad>
          </ns3:TrackPointExtension>
        </extensions>
      </trkpt>
      <trkpt lat="25.8578599803149700164794921875" lon="119.57029600627720355987548828125">
        <ele>8.3999996185302734375</ele>
        <time>2026-05-09T05:59:22.000Z</time>
        <extensions>
          <ns3:TrackPointExtension>
            <ns3:atemp>24.0</ns3:atemp>
            <ns3:hr>148</ns3:hr>
            <ns3:cad>81</ns3:cad>
          </ns3:TrackPointExtension>
        </extensions>
      </trkpt>
      <trkpt lat="25.85784070193767547607421875" lon="119.57028645090758800506591796875">
        <ele>8.3999996185302734375</ele>
        <time>2026-05-09T05:59:23.000Z</time>
        <extensions>
          <ns3:TrackPointExtension>
            <ns3:atemp>24.0</ns3:atemp>
            <ns3:hr>149</ns3:hr>
            <ns3:cad>81</ns3:cad>
          </ns3:TrackPointExtension>
        </extensions>
      </trkpt>
      <trkpt lat="25.85782192647457122802734375" lon="119.5702863670885562896728515625">
        <ele>8.3999996185302734375</ele>
        <time>2026-05-09T05:59:24.000Z</time>
        <extensions>
          <ns3:TrackPointExtension>
            <ns3:atemp>24.0</ns3:atemp>
            <ns3:hr>148</ns3:hr>
            <ns3:cad>81</ns3:cad>
          </ns3:TrackPointExtension>
        </extensions>
      </trkpt>
      <trkpt lat="25.8577905781567096710205078125" lon="119.57027069292962551116943359375">
        <ele>8.19999980926513671875</ele>
        <time>2026-05-09T05:59:25.000Z</time>
        <extensions>
          <ns3:TrackPointExtension>
            <ns3:atemp>24.0</ns3:atemp>
            <ns3:hr>148</ns3:hr>
            <ns3:cad>81</ns3:cad>
          </ns3:TrackPointExtension>
        </extensions>
      </trkpt>
      <trkpt lat="25.85776953957974910736083984375" lon="119.57026314921677112579345703125">
        <ele>8.19999980926513671875</ele>
        <time>2026-05-09T05:59:26.000Z</time>
        <extensions>
          <ns3:TrackPointExtension>
            <ns3:atemp>24.0</ns3:atemp>
            <ns3:hr>148</ns3:hr>
            <ns3:cad>82</ns3:cad>
          </ns3:TrackPointExtension>
        </extensions>
      </trkpt>
      <trkpt lat="25.85774422623217105865478515625" lon="119.57024889998137950897216796875">
        <ele>8.19999980926513671875</ele>
        <time>2026-05-09T05:59:27.000Z</time>
        <extensions>
          <ns3:TrackPointExtension>
            <ns3:atemp>24.0</ns3:atemp>
            <ns3:hr>148</ns3:hr>
            <ns3:cad>82</ns3:cad>
          </ns3:TrackPointExtension>
        </extensions>
      </trkpt>
      <trkpt lat="25.857724361121654510498046875" lon="119.57023750059306621551513671875">
        <ele>8.19999980926513671875</ele>
        <time>2026-05-09T05:59:28.000Z</time>
        <extensions>
          <ns3:TrackPointExtension>
            <ns3:atemp>24.0</ns3:atemp>
            <ns3:hr>148</ns3:hr>
            <ns3:cad>82</ns3:cad>
          </ns3:TrackPointExtension>
        </extensions>
      </trkpt>
      <trkpt lat="25.85771120153367519378662109375" lon="119.5702317170798778533935546875">
        <ele>8.19999980926513671875</ele>
        <time>2026-05-09T05:59:29.000Z</time>
        <extensions>
          <ns3:TrackPointExtension>
            <ns3:atemp>24.0</ns3:atemp>
            <ns3:hr>148</ns3:hr>
            <ns3:cad>82</ns3:cad>
          </ns3:TrackPointExtension>
        </extensions>
      </trkpt>
      <trkpt lat="25.85768706165254116058349609375" lon="119.57021755166351795196533203125">
        <ele>8.19999980926513671875</ele>
        <time>2026-05-09T05:59:30.000Z</time>
        <extensions>
          <ns3:TrackPointExtension>
            <ns3:atemp>24.0</ns3:atemp>
            <ns3:hr>149</ns3:hr>
            <ns3:cad>81</ns3:cad>
          </ns3:TrackPointExtension>
        </extensions>
      </trkpt>
      <trkpt lat="25.85766091011464595794677734375" lon="119.57020212896168231964111328125">
        <ele>8.3999996185302734375</ele>
        <time>2026-05-09T05:59:31.000Z</time>
        <extensions>
          <ns3:TrackPointExtension>
            <ns3:atemp>24.0</ns3:atemp>
            <ns3:hr>148</ns3:hr>
            <ns3:cad>81</ns3:cad>
          </ns3:TrackPointExtension>
        </extensions>
      </trkpt>
      <trkpt lat="25.8576433919370174407958984375" lon="119.570192657411098480224609375">
        <ele>8.3999996185302734375</ele>
        <time>2026-05-09T05:59:32.000Z</time>
        <extensions>
          <ns3:TrackPointExtension>
            <ns3:atemp>24.0</ns3:atemp>
            <ns3:hr>148</ns3:hr>
            <ns3:cad>81</ns3:cad>
          </ns3:TrackPointExtension>
        </extensions>
      </trkpt>
      <trkpt lat="25.85761749185621738433837890625" lon="119.57017497159540653228759765625">
        <ele>8.3999996185302734375</ele>
        <time>2026-05-09T05:59:33.000Z</time>
        <extensions>
          <ns3:TrackPointExtension>
            <ns3:atemp>24.0</ns3:atemp>
            <ns3:hr>149</ns3:hr>
            <ns3:cad>81</ns3:cad>
          </ns3:TrackPointExtension>
        </extensions>
      </trkpt>
      <trkpt lat="25.85760064423084259033203125" lon="119.57016105763614177703857421875">
        <ele>8.3999996185302734375</ele>
        <time>2026-05-09T05:59:34.000Z</time>
        <extensions>
          <ns3:TrackPointExtension>
            <ns3:atemp>24.0</ns3:atemp>
            <ns3:hr>148</ns3:hr>
            <ns3:cad>81</ns3:cad>
          </ns3:TrackPointExtension>
        </extensions>
      </trkpt>
      <trkpt lat="25.8575863949954509735107421875" lon="119.57015686668455600738525390625">
        <ele>8.3999996185302734375</ele>
        <time>2026-05-09T05:59:35.000Z</time>
        <extensions>
          <ns3:TrackPointExtension>
            <ns3:atemp>24.0</ns3:atemp>
            <ns3:hr>148</ns3:hr>
            <ns3:cad>81</ns3:cad>
          </ns3:TrackPointExtension>
        </extensions>
      </trkpt>
      <trkpt lat="25.85756032727658748626708984375" lon="119.57013876177370548248291015625">
        <ele>8.3999996185302734375</ele>
        <time>2026-05-09T05:59:36.000Z</time>
        <extensions>
          <ns3:TrackPointExtension>
            <ns3:atemp>24.0</ns3:atemp>
            <ns3:hr>149</ns3:hr>
            <ns3:cad>80</ns3:cad>
          </ns3:TrackPointExtension>
        </extensions>
      </trkpt>
      <trkpt lat="25.85754691623151302337646484375" lon="119.57012384198606014251708984375">
        <ele>8.3999996185302734375</ele>
        <time>2026-05-09T05:59:37.000Z</time>
        <extensions>
          <ns3:TrackPointExtension>
            <ns3:atemp>24.0</ns3:atemp>
            <ns3:hr>149</ns3:hr>
            <ns3:cad>80</ns3:cad>
          </ns3:TrackPointExtension>
        </extensions>
      </trkpt>
      <trkpt lat="25.85753149352967739105224609375" lon="119.5701219141483306884765625">
        <ele>8.6000003814697265625</ele>
        <time>2026-05-09T05:59:38.000Z</time>
        <extensions>
          <ns3:TrackPointExtension>
            <ns3:atemp>24.0</ns3:atemp>
            <ns3:hr>149</ns3:hr>
            <ns3:cad>80</ns3:cad>
          </ns3:TrackPointExtension>
        </extensions>
      </trkpt>
      <trkpt lat="25.8575126342475414276123046875" lon="119.5701056532561779022216796875">
        <ele>8.6000003814697265625</ele>
        <time>2026-05-09T05:59:39.000Z</time>
        <extensions>
          <ns3:TrackPointExtension>
            <ns3:atemp>24.0</ns3:atemp>
            <ns3:hr>149</ns3:hr>
            <ns3:cad>81</ns3:cad>
          </ns3:TrackPointExtension>
        </extensions>
      </trkpt>
      <trkpt lat="25.857500396668910980224609375" lon="119.57009308040142059326171875">
        <ele>8.6000003814697265625</ele>
        <time>2026-05-09T05:59:40.000Z</time>
        <extensions>
          <ns3:TrackPointExtension>
            <ns3:atemp>24.0</ns3:atemp>
            <ns3:hr>148</ns3:hr>
            <ns3:cad>81</ns3:cad>
          </ns3:TrackPointExtension>
        </extensions>
      </trkpt>
      <trkpt lat="25.8574831299483776092529296875" lon="119.57008595578372478485107421875">
        <ele>8.6000003814697265625</ele>
        <time>2026-05-09T05:59:41.000Z</time>
        <extensions>
          <ns3:TrackPointExtension>
            <ns3:atemp>24.0</ns3:atemp>
            <ns3:hr>148</ns3:hr>
            <ns3:cad>81</ns3:cad>
          </ns3:TrackPointExtension>
        </extensions>
      </trkpt>
      <trkpt lat="25.85746116936206817626953125" lon="119.570071287453174591064453125">
        <ele>8.6000003814697265625</ele>
        <time>2026-05-09T05:59:42.000Z</time>
        <extensions>
          <ns3:TrackPointExtension>
            <ns3:atemp>24.0</ns3:atemp>
            <ns3:hr>148</ns3:hr>
            <ns3:cad>81</ns3:cad>
          </ns3:TrackPointExtension>
        </extensions>
      </trkpt>
      <trkpt lat="25.8574489317834377288818359375" lon="119.57005418837070465087890625">
        <ele>8.6000003814697265625</ele>
        <time>2026-05-09T05:59:43.000Z</time>
        <extensions>
          <ns3:TrackPointExtension>
            <ns3:atemp>24.0</ns3:atemp>
            <ns3:hr>148</ns3:hr>
            <ns3:cad>81</ns3:cad>
          </ns3:TrackPointExtension>
        </extensions>
      </trkpt>
      <trkpt lat="25.8574351854622364044189453125" lon="119.57003935240209102630615234375">
        <ele>8.6000003814697265625</ele>
        <time>2026-05-09T05:59:44.000Z</time>
        <extensions>
          <ns3:TrackPointExtension>
            <ns3:atemp>24.0</ns3:atemp>
            <ns3:hr>148</ns3:hr>
            <ns3:cad>81</ns3:cad>
          </ns3:TrackPointExtension>
        </extensions>
      </trkpt>
      <trkpt lat="25.8574162423610687255859375" lon="119.5700173079967498779296875">
        <ele>8.80000019073486328125</ele>
        <time>2026-05-09T05:59:45.000Z</time>
        <extensions>
          <ns3:TrackPointExtension>
            <ns3:atemp>24.0</ns3:atemp>
            <ns3:hr>148</ns3:hr>
            <ns3:cad>80</ns3:cad>
          </ns3:TrackPointExtension>
        </extensions>
      </trkpt>
      <trkpt lat="25.8574043400585651397705078125" lon="119.57000448368489742279052734375">
        <ele>8.80000019073486328125</ele>
        <time>2026-05-09T05:59:46.000Z</time>
        <extensions>
          <ns3:TrackPointExtension>
            <ns3:atemp>24.0</ns3:atemp>
            <ns3:hr>148</ns3:hr>
            <ns3:cad>80</ns3:cad>
          </ns3:TrackPointExtension>
        </extensions>
      </trkpt>
      <trkpt lat="25.8573818765580654144287109375" lon="119.56998646259307861328125">
        <ele>9</ele>
        <time>2026-05-09T05:59:47.000Z</time>
        <extensions>
          <ns3:TrackPointExtension>
            <ns3:atemp>24.0</ns3:atemp>
            <ns3:hr>148</ns3:hr>
            <ns3:cad>80</ns3:cad>
          </ns3:TrackPointExtension>
        </extensions>
      </trkpt>
      <trkpt lat="25.85736217908561229705810546875" lon="119.5699702017009258270263671875">
        <ele>9</ele>
        <time>2026-05-09T05:59:48.000Z</time>
        <extensions>
          <ns3:TrackPointExtension>
            <ns3:atemp>24.0</ns3:atemp>
            <ns3:hr>148</ns3:hr>
            <ns3:cad>80</ns3:cad>
          </ns3:TrackPointExtension>
        </extensions>
      </trkpt>
      <trkpt lat="25.85734591819345951080322265625" lon="119.56996567547321319580078125">
        <ele>9.19999980926513671875</ele>
        <time>2026-05-09T05:59:49.000Z</time>
        <extensions>
          <ns3:TrackPointExtension>
            <ns3:atemp>24.0</ns3:atemp>
            <ns3:hr>147</ns3:hr>
            <ns3:cad>80</ns3:cad>
          </ns3:TrackPointExtension>
        </extensions>
      </trkpt>
      <trkpt lat="25.857323370873928070068359375" lon="119.56994363106787204742431640625">
        <ele>9.19999980926513671875</ele>
        <time>2026-05-09T05:59:50.000Z</time>
        <extensions>
          <ns3:TrackPointExtension>
            <ns3:atemp>24.0</ns3:atemp>
            <ns3:hr>148</ns3:hr>
            <ns3:cad>80</ns3:cad>
          </ns3:TrackPointExtension>
        </extensions>
      </trkpt>
      <trkpt lat="25.857304595410823822021484375" lon="119.56992351450026035308837890625">
        <ele>9.3999996185302734375</ele>
        <time>2026-05-09T05:59:51.000Z</time>
        <extensions>
          <ns3:TrackPointExtension>
            <ns3:atemp>24.0</ns3:atemp>
            <ns3:hr>148</ns3:hr>
            <ns3:cad>81</ns3:cad>
          </ns3:TrackPointExtension>
        </extensions>
      </trkpt>
      <trkpt lat="25.85728590376675128936767578125" lon="119.569913707673549652099609375">
        <ele>9.3999996185302734375</ele>
        <time>2026-05-09T05:59:52.000Z</time>
        <extensions>
          <ns3:TrackPointExtension>
            <ns3:atemp>24.0</ns3:atemp>
            <ns3:hr>148</ns3:hr>
            <ns3:cad>81</ns3:cad>
          </ns3:TrackPointExtension>
        </extensions>
      </trkpt>
      <trkpt lat="25.85726126097142696380615234375" lon="119.56989325582981109619140625">
        <ele>9.6000003814697265625</ele>
        <time>2026-05-09T05:59:53.000Z</time>
        <extensions>
          <ns3:TrackPointExtension>
            <ns3:atemp>24.0</ns3:atemp>
            <ns3:hr>148</ns3:hr>
            <ns3:cad>81</ns3:cad>
          </ns3:TrackPointExtension>
        </extensions>
      </trkpt>
      <trkpt lat="25.857241563498973846435546875" lon="119.56987942568957805633544921875">
        <ele>9.6000003814697265625</ele>
        <time>2026-05-09T05:59:54.000Z</time>
        <extensions>
          <ns3:TrackPointExtension>
            <ns3:atemp>24.0</ns3:atemp>
            <ns3:hr>148</ns3:hr>
            <ns3:cad>81</ns3:cad>
          </ns3:TrackPointExtension>
        </extensions>
      </trkpt>
      <trkpt lat="25.8572189323604106903076171875" lon="119.56986266188323497772216796875">
        <ele>9.6000003814697265625</ele>
        <time>2026-05-09T05:59:55.000Z</time>
        <extensions>
          <ns3:TrackPointExtension>
            <ns3:atemp>23.0</ns3:atemp>
            <ns3:hr>149</ns3:hr>
            <ns3:cad>81</ns3:cad>
          </ns3:TrackPointExtension>
        </extensions>
      </trkpt>
      <trkpt lat="25.857200324535369873046875" lon="119.5698414556682109832763671875">
        <ele>9.80000019073486328125</ele>
        <time>2026-05-09T05:59:56.000Z</time>
        <extensions>
          <ns3:TrackPointExtension>
            <ns3:atemp>24.0</ns3:atemp>
            <ns3:hr>150</ns3:hr>
            <ns3:cad>81</ns3:cad>
          </ns3:TrackPointExtension>
        </extensions>
      </trkpt>
      <trkpt lat="25.8571840636432170867919921875" lon="119.569835253059864044189453125">
        <ele>9.80000019073486328125</ele>
        <time>2026-05-09T05:59:57.000Z</time>
        <extensions>
          <ns3:TrackPointExtension>
            <ns3:atemp>24.0</ns3:atemp>
            <ns3:hr>150</ns3:hr>
            <ns3:cad>82</ns3:cad>
          </ns3:TrackPointExtension>
        </extensions>
      </trkpt>
      <trkpt lat="25.85716386325657367706298828125" lon="119.5698213391005992889404296875">
        <ele>10</ele>
        <time>2026-05-09T05:59:58.000Z</time>
        <extensions>
          <ns3:TrackPointExtension>
            <ns3:atemp>24.0</ns3:atemp>
            <ns3:hr>151</ns3:hr>
            <ns3:cad>82</ns3:cad>
          </ns3:TrackPointExtension>
        </extensions>
      </trkpt>
      <trkpt lat="25.857145003974437713623046875" lon="119.569803066551685333251953125">
        <ele>10</ele>
        <time>2026-05-09T05:59:59.000Z</time>
        <extensions>
          <ns3:TrackPointExtension>
            <ns3:atemp>24.0</ns3:atemp>
            <ns3:hr>151</ns3:hr>
            <ns3:cad>82</ns3:cad>
          </ns3:TrackPointExtension>
        </extensions>
      </trkpt>
      <trkpt lat="25.857125557959079742431640625" lon="119.5697898231446743011474609375">
        <ele>10</ele>
        <time>2026-05-09T06:00:00.000Z</time>
        <extensions>
          <ns3:TrackPointExtension>
            <ns3:atemp>24.0</ns3:atemp>
            <ns3:hr>151</ns3:hr>
            <ns3:cad>83</ns3:cad>
          </ns3:TrackPointExtension>
        </extensions>
      </trkpt>
      <trkpt lat="25.857100076973438262939453125" lon="119.56976626999676227569580078125">
        <ele>10</ele>
        <time>2026-05-09T06:00:01.000Z</time>
        <extensions>
          <ns3:TrackPointExtension>
            <ns3:atemp>23.0</ns3:atemp>
            <ns3:hr>151</ns3:hr>
            <ns3:cad>83</ns3:cad>
          </ns3:TrackPointExtension>
        </extensions>
      </trkpt>
      <trkpt lat="25.8570777811110019683837890625" lon="119.56975939683616161346435546875">
        <ele>9.80000019073486328125</ele>
        <time>2026-05-09T06:00:02.000Z</time>
        <extensions>
          <ns3:TrackPointExtension>
            <ns3:atemp>23.0</ns3:atemp>
            <ns3:hr>152</ns3:hr>
            <ns3:cad>83</ns3:cad>
          </ns3:TrackPointExtension>
        </extensions>
      </trkpt>
      <trkpt lat="25.857056491076946258544921875" lon="119.5697445608675479888916015625">
        <ele>9.80000019073486328125</ele>
        <time>2026-05-09T06:00:03.000Z</time>
        <extensions>
          <ns3:TrackPointExtension>
            <ns3:atemp>24.0</ns3:atemp>
            <ns3:hr>152</ns3:hr>
            <ns3:cad>83</ns3:cad>
          </ns3:TrackPointExtension>
        </extensions>
      </trkpt>
      <trkpt lat="25.8570355363190174102783203125" lon="119.56972964107990264892578125">
        <ele>9.80000019073486328125</ele>
        <time>2026-05-09T06:00:04.000Z</time>
        <extensions>
          <ns3:TrackPointExtension>
            <ns3:atemp>24.0</ns3:atemp>
            <ns3:hr>152</ns3:hr>
            <ns3:cad>83</ns3:cad>
          </ns3:TrackPointExtension>
        </extensions>
      </trkpt>
      <trkpt lat="25.85701734758913516998291015625" lon="119.569725953042507171630859375">
        <ele>9.80000019073486328125</ele>
        <time>2026-05-09T06:00:05.000Z</time>
        <extensions>
          <ns3:TrackPointExtension>
            <ns3:atemp>23.0</ns3:atemp>
            <ns3:hr>152</ns3:hr>
            <ns3:cad>83</ns3:cad>
          </ns3:TrackPointExtension>
        </extensions>
      </trkpt>
      <trkpt lat="25.85699446499347686767578125" lon="119.5697137154638767242431640625">
        <ele>10</ele>
        <time>2026-05-09T06:00:06.000Z</time>
        <extensions>
          <ns3:TrackPointExtension>
            <ns3:atemp>24.0</ns3:atemp>
            <ns3:hr>153</ns3:hr>
            <ns3:cad>82</ns3:cad>
          </ns3:TrackPointExtension>
        </extensions>
      </trkpt>
      <trkpt lat="25.856979377567768096923828125" lon="119.5696976222097873687744140625">
        <ele>10</ele>
        <time>2026-05-09T06:00:07.000Z</time>
        <extensions>
          <ns3:TrackPointExtension>
            <ns3:atemp>24.0</ns3:atemp>
            <ns3:hr>153</ns3:hr>
            <ns3:cad>81</ns3:cad>
          </ns3:TrackPointExtension>
        </extensions>
      </trkpt>
      <trkpt lat="25.85696085356175899505615234375" lon="119.56969452090561389923095703125">
        <ele>9.80000019073486328125</ele>
        <time>2026-05-09T06:00:08.000Z</time>
        <extensions>
          <ns3:TrackPointExtension>
            <ns3:atemp>23.0</ns3:atemp>
            <ns3:hr>153</ns3:hr>
            <ns3:cad>81</ns3:cad>
          </ns3:TrackPointExtension>
        </extensions>
      </trkpt>
      <trkpt lat="25.85693537257611751556396484375" lon="119.56967390142381191253662109375">
        <ele>9.80000019073486328125</ele>
        <time>2026-05-09T06:00:09.000Z</time>
        <extensions>
          <ns3:TrackPointExtension>
            <ns3:atemp>23.0</ns3:atemp>
            <ns3:hr>153</ns3:hr>
            <ns3:cad>80</ns3:cad>
          </ns3:TrackPointExtension>
        </extensions>
      </trkpt>
      <trkpt lat="25.856917016208171844482421875" lon="119.56966149620711803436279296875">
        <ele>9.80000019073486328125</ele>
        <time>2026-05-09T06:00:10.000Z</time>
        <extensions>
          <ns3:TrackPointExtension>
            <ns3:atemp>24.0</ns3:atemp>
            <ns3:hr>153</ns3:hr>
            <ns3:cad>81</ns3:cad>
          </ns3:TrackPointExtension>
        </extensions>
      </trkpt>
      <trkpt lat="25.85689815692603588104248046875" lon="119.569657556712627410888671875">
        <ele>9.80000019073486328125</ele>
        <time>2026-05-09T06:00:11.000Z</time>
        <extensions>
          <ns3:TrackPointExtension>
            <ns3:atemp>24.0</ns3:atemp>
            <ns3:hr>153</ns3:hr>
            <ns3:cad>81</ns3:cad>
          </ns3:TrackPointExtension>
        </extensions>
      </trkpt>
      <trkpt lat="25.85687108337879180908203125" lon="119.56964037381112575531005859375">
        <ele>9.80000019073486328125</ele>
        <time>2026-05-09T06:00:12.000Z</time>
        <extensions>
          <ns3:TrackPointExtension>
            <ns3:atemp>23.0</ns3:atemp>
            <ns3:hr>153</ns3:hr>
            <ns3:cad>81</ns3:cad>
          </ns3:TrackPointExtension>
        </extensions>
      </trkpt>
      <trkpt lat="25.8568524755537509918212890625" lon="119.5696355961263179779052734375">
        <ele>9.80000019073486328125</ele>
        <time>2026-05-09T06:00:13.000Z</time>
        <extensions>
          <ns3:TrackPointExtension>
            <ns3:atemp>23.0</ns3:atemp>
            <ns3:hr>153</ns3:hr>
            <ns3:cad>81</ns3:cad>
          </ns3:TrackPointExtension>
        </extensions>
      </trkpt>
      <trkpt lat="25.85683294571936130523681640625" lon="119.56962847150862216949462890625">
        <ele>10</ele>
        <time>2026-05-09T06:00:14.000Z</time>
        <extensions>
          <ns3:TrackPointExtension>
            <ns3:atemp>23.0</ns3:atemp>
            <ns3:hr>153</ns3:hr>
            <ns3:cad>81</ns3:cad>
          </ns3:TrackPointExtension>
        </extensions>
      </trkpt>
      <trkpt lat="25.85680880583822727203369140625" lon="119.56961858086287975311279296875">
        <ele>10</ele>
        <time>2026-05-09T06:00:15.000Z</time>
        <extensions>
          <ns3:TrackPointExtension>
            <ns3:atemp>23.0</ns3:atemp>
            <ns3:hr>153</ns3:hr>
            <ns3:cad>81</ns3:cad>
          </ns3:TrackPointExtension>
        </extensions>
      </trkpt>
      <trkpt lat="25.85679405368864536285400390625" lon="119.5696188323199748992919921875">
        <ele>9.80000019073486328125</ele>
        <time>2026-05-09T06:00:16.000Z</time>
        <extensions>
          <ns3:TrackPointExtension>
            <ns3:atemp>23.0</ns3:atemp>
            <ns3:hr>153</ns3:hr>
            <ns3:cad>81</ns3:cad>
          </ns3:TrackPointExtension>
        </extensions>
      </trkpt>
      <trkpt lat="25.85677527822554111480712890625" lon="119.5696198381483554840087890625">
        <ele>9.80000019073486328125</ele>
        <time>2026-05-09T06:00:17.000Z</time>
        <extensions>
          <ns3:TrackPointExtension>
            <ns3:atemp>23.0</ns3:atemp>
            <ns3:hr>152</ns3:hr>
            <ns3:cad>81</ns3:cad>
          </ns3:TrackPointExtension>
        </extensions>
      </trkpt>
      <trkpt lat="25.85675432346761226654052734375" lon="119.56961908377707004547119140625">
        <ele>9.80000019073486328125</ele>
        <time>2026-05-09T06:00:18.000Z</time>
        <extensions>
          <ns3:TrackPointExtension>
            <ns3:atemp>23.0</ns3:atemp>
            <ns3:hr>153</ns3:hr>
            <ns3:cad>81</ns3:cad>
          </ns3:TrackPointExtension>
        </extensions>
      </trkpt>
      <trkpt lat="25.85674510337412357330322265625" lon="119.56963232718408107757568359375">
        <ele>9.80000019073486328125</ele>
        <time>2026-05-09T06:00:19.000Z</time>
        <extensions>
          <ns3:TrackPointExtension>
            <ns3:atemp>23.0</ns3:atemp>
            <ns3:hr>153</ns3:hr>
            <ns3:cad>81</ns3:cad>
          </ns3:TrackPointExtension>
        </extensions>
      </trkpt>
      <trkpt lat="25.85672347806394100189208984375" lon="119.56964892335236072540283203125">
        <ele>9.80000019073486328125</ele>
        <time>2026-05-09T06:00:20.000Z</time>
        <extensions>
          <ns3:TrackPointExtension>
            <ns3:atemp>23.0</ns3:atemp>
            <ns3:hr>152</ns3:hr>
            <ns3:cad>81</ns3:cad>
          </ns3:TrackPointExtension>
        </extensions>
      </trkpt>
      <trkpt lat="25.85670067928731441497802734375" lon="119.569655545055866241455078125">
        <ele>9.80000019073486328125</ele>
        <time>2026-05-09T06:00:21.000Z</time>
        <extensions>
          <ns3:TrackPointExtension>
            <ns3:atemp>23.0</ns3:atemp>
            <ns3:hr>152</ns3:hr>
            <ns3:cad>81</ns3:cad>
          </ns3:TrackPointExtension>
        </extensions>
      </trkpt>
      <trkpt lat="25.856685340404510498046875" lon="119.5696699619293212890625">
        <ele>10</ele>
        <time>2026-05-09T06:00:22.000Z</time>
        <extensions>
          <ns3:TrackPointExtension>
            <ns3:atemp>23.0</ns3:atemp>
            <ns3:hr>152</ns3:hr>
            <ns3:cad>81</ns3:cad>
          </ns3:TrackPointExtension>
        </extensions>
      </trkpt>
      <trkpt lat="25.85666312836110591888427734375" lon="119.56967926584184169769287109375">
        <ele>10</ele>
        <time>2026-05-09T06:00:23.000Z</time>
        <extensions>
          <ns3:TrackPointExtension>
            <ns3:atemp>23.0</ns3:atemp>
            <ns3:hr>152</ns3:hr>
            <ns3:cad>81</ns3:cad>
          </ns3:TrackPointExtension>
        </extensions>
      </trkpt>
      <trkpt lat="25.85664175450801849365234375" lon="119.5696895755827426910400390625">
        <ele>10.19999980926513671875</ele>
        <time>2026-05-09T06:00:24.000Z</time>
        <extensions>
          <ns3:TrackPointExtension>
            <ns3:atemp>23.0</ns3:atemp>
            <ns3:hr>151</ns3:hr>
            <ns3:cad>81</ns3:cad>
          </ns3:TrackPointExtension>
        </extensions>
      </trkpt>
      <trkpt lat="25.85662968456745147705078125" lon="119.5697039924561977386474609375">
        <ele>10.19999980926513671875</ele>
        <time>2026-05-09T06:00:25.000Z</time>
        <extensions>
          <ns3:TrackPointExtension>
            <ns3:atemp>23.0</ns3:atemp>
            <ns3:hr>151</ns3:hr>
            <ns3:cad>81</ns3:cad>
          </ns3:TrackPointExtension>
        </extensions>
      </trkpt>
      <trkpt lat="25.85660914890468120574951171875" lon="119.569720923900604248046875">
        <ele>10</ele>
        <time>2026-05-09T06:00:26.000Z</time>
        <extensions>
          <ns3:TrackPointExtension>
            <ns3:atemp>23.0</ns3:atemp>
            <ns3:hr>151</ns3:hr>
            <ns3:cad>81</ns3:cad>
          </ns3:TrackPointExtension>
        </extensions>
      </trkpt>
      <trkpt lat="25.8566023595631122589111328125" lon="119.5697361789643764495849609375">
        <ele>10</ele>
        <time>2026-05-09T06:00:27.000Z</time>
        <extensions>
          <ns3:TrackPointExtension>
            <ns3:atemp>23.0</ns3:atemp>
            <ns3:hr>151</ns3:hr>
            <ns3:cad>81</ns3:cad>
          </ns3:TrackPointExtension>
        </extensions>
      </trkpt>
      <trkpt lat="25.85658676922321319580078125" lon="119.5697505958378314971923828125">
        <ele>9.80000019073486328125</ele>
        <time>2026-05-09T06:00:28.000Z</time>
        <extensions>
          <ns3:TrackPointExtension>
            <ns3:atemp>23.0</ns3:atemp>
            <ns3:hr>151</ns3:hr>
            <ns3:cad>81</ns3:cad>
          </ns3:TrackPointExtension>
        </extensions>
      </trkpt>
      <trkpt lat="25.8565695025026798248291015625" lon="119.56976375542581081390380859375">
        <ele>10</ele>
        <time>2026-05-09T06:00:29.000Z</time>
        <extensions>
          <ns3:TrackPointExtension>
            <ns3:atemp>23.0</ns3:atemp>
            <ns3:hr>150</ns3:hr>
            <ns3:cad>81</ns3:cad>
          </ns3:TrackPointExtension>
        </extensions>
      </trkpt>
      <trkpt lat="25.85656506009399890899658203125" lon="119.56977817229926586151123046875">
        <ele>10.19999980926513671875</ele>
        <time>2026-05-09T06:00:30.000Z</time>
        <extensions>
          <ns3:TrackPointExtension>
            <ns3:atemp>24.0</ns3:atemp>
            <ns3:hr>150</ns3:hr>
            <ns3:cad>81</ns3:cad>
          </ns3:TrackPointExtension>
        </extensions>
      </trkpt>
      <trkpt lat="25.85654477588832378387451171875" lon="119.5697968639433383941650390625">
        <ele>10.19999980926513671875</ele>
        <time>2026-05-09T06:00:31.000Z</time>
        <extensions>
          <ns3:TrackPointExtension>
            <ns3:atemp>23.0</ns3:atemp>
            <ns3:hr>150</ns3:hr>
            <ns3:cad>81</ns3:cad>
          </ns3:TrackPointExtension>
        </extensions>
      </trkpt>
      <trkpt lat="25.85652935318648815155029296875" lon="119.56980935297906398773193359375">
        <ele>10.3999996185302734375</ele>
        <time>2026-05-09T06:00:32.000Z</time>
        <extensions>
          <ns3:TrackPointExtension>
            <ns3:atemp>23.0</ns3:atemp>
            <ns3:hr>149</ns3:hr>
            <ns3:cad>81</ns3:cad>
          </ns3:TrackPointExtension>
        </extensions>
      </trkpt>
      <trkpt lat="25.8565242402255535125732421875" lon="119.56982561387121677398681640625">
        <ele>10.3999996185302734375</ele>
        <time>2026-05-09T06:00:33.000Z</time>
        <extensions>
          <ns3:TrackPointExtension>
            <ns3:atemp>23.0</ns3:atemp>
            <ns3:hr>149</ns3:hr>
            <ns3:cad>81</ns3:cad>
          </ns3:TrackPointExtension>
        </extensions>
      </trkpt>
      <trkpt lat="25.85650655440986156463623046875" lon="119.569843970239162445068359375">
        <ele>10.6000003814697265625</ele>
        <time>2026-05-09T06:00:34.000Z</time>
        <extensions>
          <ns3:TrackPointExtension>
            <ns3:atemp>23.0</ns3:atemp>
            <ns3:hr>149</ns3:hr>
            <ns3:cad>81</ns3:cad>
          </ns3:TrackPointExtension>
        </extensions>
      </trkpt>
      <trkpt lat="25.8564883656799793243408203125" lon="119.569851346313953399658203125">
        <ele>10.6000003814697265625</ele>
        <time>2026-05-09T06:00:35.000Z</time>
        <extensions>
          <ns3:TrackPointExtension>
            <ns3:atemp>23.0</ns3:atemp>
            <ns3:hr>148</ns3:hr>
            <ns3:cad>81</ns3:cad>
          </ns3:TrackPointExtension>
        </extensions>
      </trkpt>
      <trkpt lat="25.85647545754909515380859375" lon="119.5698590576648712158203125">
        <ele>10.6000003814697265625</ele>
        <time>2026-05-09T06:00:36.000Z</time>
        <extensions>
          <ns3:TrackPointExtension>
            <ns3:atemp>23.0</ns3:atemp>
            <ns3:hr>148</ns3:hr>
            <ns3:cad>81</ns3:cad>
          </ns3:TrackPointExtension>
        </extensions>
      </trkpt>
      <trkpt lat="25.85646514780819416046142578125" lon="119.569866098463535308837890625">
        <ele>10.6000003814697265625</ele>
        <time>2026-05-09T06:00:37.000Z</time>
        <extensions>
          <ns3:TrackPointExtension>
            <ns3:atemp>23.0</ns3:atemp>
            <ns3:hr>148</ns3:hr>
            <ns3:cad>81</ns3:cad>
          </ns3:TrackPointExtension>
        </extensions>
      </trkpt>
      <trkpt lat="25.8564565144479274749755859375" lon="119.56987171433866024017333984375">
        <ele>10.6000003814697265625</ele>
        <time>2026-05-09T06:00:38.000Z</time>
        <extensions>
          <ns3:TrackPointExtension>
            <ns3:atemp>23.0</ns3:atemp>
            <ns3:hr>149</ns3:hr>
            <ns3:cad>81</ns3:cad>
          </ns3:TrackPointExtension>
        </extensions>
      </trkpt>
      <trkpt lat="25.85644754581153392791748046875" lon="119.56987506709992885589599609375">
        <ele>10.6000003814697265625</ele>
        <time>2026-05-09T06:00:39.000Z</time>
        <extensions>
          <ns3:TrackPointExtension>
            <ns3:atemp>23.0</ns3:atemp>
            <ns3:hr>148</ns3:hr>
            <ns3:cad>81</ns3:cad>
          </ns3:TrackPointExtension>
        </extensions>
      </trkpt>
      <trkpt lat="25.85643715225160121917724609375" lon="119.5698773302137851715087890625">
        <ele>10.6000003814697265625</ele>
        <time>2026-05-09T06:00:40.000Z</time>
        <extensions>
          <ns3:TrackPointExtension>
            <ns3:atemp>23.0</ns3:atemp>
            <ns3:hr>148</ns3:hr>
            <ns3:cad>0</ns3:cad>
          </ns3:TrackPointExtension>
        </extensions>
      </trkpt>
      <trkpt lat="25.8564246632158756256103515625" lon="119.56988227553665637969970703125">
        <ele>10.80000019073486328125</ele>
        <time>2026-05-09T06:00:41.000Z</time>
        <extensions>
          <ns3:TrackPointExtension>
            <ns3:atemp>23.0</ns3:atemp>
            <ns3:hr>149</ns3:hr>
            <ns3:cad>0</ns3:cad>
          </ns3:TrackPointExtension>
        </extensions>
      </trkpt>
      <trkpt lat="25.8564095757901668548583984375" lon="119.5698843710124492645263671875">
        <ele>11</ele>
        <time>2026-05-09T06:00:42.000Z</time>
        <extensions>
          <ns3:TrackPointExtension>
            <ns3:atemp>23.0</ns3:atemp>
            <ns3:hr>148</ns3:hr>
            <ns3:cad>0</ns3:cad>
          </ns3:TrackPointExtension>
        </extensions>
      </trkpt>
      <trkpt lat="25.856392644345760345458984375" lon="119.56988763995468616485595703125">
        <ele>11.19999980926513671875</ele>
        <time>2026-05-09T06:00:43.000Z</time>
        <extensions>
          <ns3:TrackPointExtension>
            <ns3:atemp>23.0</ns3:atemp>
            <ns3:hr>148</ns3:hr>
            <ns3:cad>57</ns3:cad>
          </ns3:TrackPointExtension>
        </extensions>
      </trkpt>
      <trkpt lat="25.85637361742556095123291015625" lon="119.5698890648782253265380859375">
        <ele>11.19999980926513671875</ele>
        <time>2026-05-09T06:00:44.000Z</time>
        <extensions>
          <ns3:TrackPointExtension>
            <ns3:atemp>23.0</ns3:atemp>
            <ns3:hr>148</ns3:hr>
            <ns3:cad>57</ns3:cad>
          </ns3:TrackPointExtension>
        </extensions>
      </trkpt>
      <trkpt lat="25.856365151703357696533203125" lon="119.56989987753331661224365234375">
        <ele>11.19999980926513671875</ele>
        <time>2026-05-09T06:00:45.000Z</time>
        <extensions>
          <ns3:TrackPointExtension>
            <ns3:atemp>23.0</ns3:atemp>
            <ns3:hr>147</ns3:hr>
            <ns3:cad>57</ns3:cad>
          </ns3:TrackPointExtension>
        </extensions>
      </trkpt>
      <trkpt lat="25.8563592843711376190185546875" lon="119.569909013807773590087890625">
        <ele>11.19999980926513671875</ele>
        <time>2026-05-09T06:00:46.000Z</time>
        <extensions>
          <ns3:TrackPointExtension>
            <ns3:atemp>23.0</ns3:atemp>
            <ns3:hr>147</ns3:hr>
            <ns3:cad>57</ns3:cad>
          </ns3:TrackPointExtension>
        </extensions>
      </trkpt>
      <trkpt lat="25.85635450668632984161376953125" lon="119.56991873681545257568359375">
        <ele>11.19999980926513671875</ele>
        <time>2026-05-09T06:00:47.000Z</time>
        <extensions>
          <ns3:TrackPointExtension>
            <ns3:atemp>23.0</ns3:atemp>
            <ns3:hr>147</ns3:hr>
            <ns3:cad>57</ns3:cad>
          </ns3:TrackPointExtension>
        </extensions>
      </trkpt>
      <trkpt lat="25.85634377785027027130126953125" lon="119.56992804072797298431396484375">
        <ele>11.19999980926513671875</ele>
        <time>2026-05-09T06:00:48.000Z</time>
        <extensions>
          <ns3:TrackPointExtension>
            <ns3:atemp>23.0</ns3:atemp>
            <ns3:hr>146</ns3:hr>
            <ns3:cad>57</ns3:cad>
          </ns3:TrackPointExtension>
        </extensions>
      </trkpt>
      <trkpt lat="25.8563353121280670166015625" lon="119.5699356682598590850830078125">
        <ele>11.19999980926513671875</ele>
        <time>2026-05-09T06:00:49.000Z</time>
        <extensions>
          <ns3:TrackPointExtension>
            <ns3:atemp>23.0</ns3:atemp>
            <ns3:hr>146</ns3:hr>
            <ns3:cad>57</ns3:cad>
          </ns3:TrackPointExtension>
        </extensions>
      </trkpt>
      <trkpt lat="25.85632466711103916168212890625" lon="119.569943882524967193603515625">
        <ele>11</ele>
        <time>2026-05-09T06:00:50.000Z</time>
        <extensions>
          <ns3:TrackPointExtension>
            <ns3:atemp>23.0</ns3:atemp>
            <ns3:hr>146</ns3:hr>
            <ns3:cad>0</ns3:cad>
          </ns3:TrackPointExtension>
        </extensions>
      </trkpt>
      <trkpt lat="25.85631276480853557586669921875" lon="119.5699529349803924560546875">
        <ele>11</ele>
        <time>2026-05-09T06:00:51.000Z</time>
        <extensions>
          <ns3:TrackPointExtension>
            <ns3:atemp>23.0</ns3:atemp>
            <ns3:hr>146</ns3:hr>
            <ns3:cad>0</ns3:cad>
          </ns3:TrackPointExtension>
        </extensions>
      </trkpt>
      <trkpt lat="25.8563006110489368438720703125" lon="119.56996156834065914154052734375">
        <ele>11</ele>
        <time>2026-05-09T06:00:52.000Z</time>
        <extensions>
          <ns3:TrackPointExtension>
            <ns3:atemp>23.0</ns3:atemp>
            <ns3:hr>146</ns3:hr>
            <ns3:cad>0</ns3:cad>
          </ns3:TrackPointExtension>
        </extensions>
      </trkpt>
      <trkpt lat="25.85628963075578212738037109375" lon="119.56996944732964038848876953125">
        <ele>10.80000019073486328125</ele>
        <time>2026-05-09T06:00:53.000Z</time>
        <extensions>
          <ns3:TrackPointExtension>
            <ns3:atemp>23.0</ns3:atemp>
            <ns3:hr>145</ns3:hr>
            <ns3:cad>0</ns3:cad>
          </ns3:TrackPointExtension>
        </extensions>
      </trkpt>
      <trkpt lat="25.85628376342356204986572265625" lon="119.56997531466186046600341796875">
        <ele>10.80000019073486328125</ele>
        <time>2026-05-09T06:00:54.000Z</time>
        <extensions>
          <ns3:TrackPointExtension>
            <ns3:atemp>23.0</ns3:atemp>
            <ns3:hr>146</ns3:hr>
            <ns3:cad>0</ns3:cad>
          </ns3:TrackPointExtension>
        </extensions>
      </trkpt>
      <trkpt lat="25.85627722553908824920654296875" lon="119.5699802599847316741943359375">
        <ele>10.6000003814697265625</ele>
        <time>2026-05-09T06:00:55.000Z</time>
        <extensions>
          <ns3:TrackPointExtension>
            <ns3:atemp>23.0</ns3:atemp>
            <ns3:hr>146</ns3:hr>
            <ns3:cad>0</ns3:cad>
          </ns3:TrackPointExtension>
        </extensions>
      </trkpt>
      <trkpt lat="25.8562711067497730255126953125" lon="119.56998704932630062103271484375">
        <ele>10.6000003814697265625</ele>
        <time>2026-05-09T06:00:56.000Z</time>
        <extensions>
          <ns3:TrackPointExtension>
            <ns3:atemp>23.0</ns3:atemp>
            <ns3:hr>146</ns3:hr>
            <ns3:cad>0</ns3:cad>
          </ns3:TrackPointExtension>
        </extensions>
      </trkpt>
      <trkpt lat="25.85626197047531604766845703125" lon="119.56999593414366245269775390625">
        <ele>10.3999996185302734375</ele>
        <time>2026-05-09T06:00:57.000Z</time>
        <extensions>
          <ns3:TrackPointExtension>
            <ns3:atemp>23.0</ns3:atemp>
            <ns3:hr>146</ns3:hr>
            <ns3:cad>0</ns3:cad>
          </ns3:TrackPointExtension>
        </extensions>
      </trkpt>
      <trkpt lat="25.85625291801989078521728515625" lon="119.5700020529329776763916015625">
        <ele>10.3999996185302734375</ele>
        <time>2026-05-09T06:00:58.000Z</time>
        <extensions>
          <ns3:TrackPointExtension>
            <ns3:atemp>23.0</ns3:atemp>
            <ns3:hr>146</ns3:hr>
            <ns3:cad>0</ns3:cad>
          </ns3:TrackPointExtension>
        </extensions>
      </trkpt>
    </trkseg>
  </trk>
</gpx>
